序號,縣市別代碼,機關代碼,市話,傳真,年,月,日,時,分,縣市,區,死亡數量,受傷數量,2-30,天候,道路照明設備,道路類別,道路速限,道路型態,事故位置,路面鋪裝,路面狀態,路面缺陷,障礙物,視距,號誌種類,號誌動作,分向設施,快車道或一般車道間,快慢車道間,路面邊線,事故類型及型態,受傷程度,主要傷處,保護裝備,行動電話或功能裝置,當事者區分(類別),車輛用途,當事者行動狀態,駕照狀態,駕照種類,飲酒情形,車輛撞擊部位最初,車輛撞擊部位其他,肇事因素個別,肇事因素主要,肇事逃逸,職業,共享經濟或外送平台,GPS座標X,GPS座標Y,事故類別
339,66000,387130000C,(04)23274275,(04)23288582,2025,5,2,6,18,臺中市,太平區,0,1,0,7,2,6,30,13,9,1,5,4,6,6,4,4,10,5,5,2,9,3,10,3,1,B03,7,2,1,7,2,3,,49,49,1,6,4,120.718333,24.150192,2
340,66000,387130000C,(04)23274275,(04)23288582,2025,5,2,6,29,臺中市,神岡區,0,2,0,7,3,6,30,4,1,1,5,4,6,6,1,1,9,5,5,1,17,3,10,1,1,C03,7,9,1,10,2,16,,21,21,1,13,4,120.684189,24.243005,2
341,66000,387130000C,(04)23274275,(04)23288582,2025,5,2,6,40,臺中市,大里區,0,1,0,7,2,6,50,3,2,1,5,4,6,6,1,1,5,5,5,2,13,2,8,1,1,C03,7,9,1,10,2,11,,59,59,1,13,4,120.723903,24.086517,2
342,66000,387130000C,(04)23274275,(04)23288582,2025,5,2,6,40,臺中市,大肚區,0,0,0,7,,,30,,,,,,,,,,,,,,14,,,,,B12,,,1,,2,,,49,49,1,6,4,120.576032,24.171912,3
343,66000,387130000C,(04)23274275,(04)23288582,2025,5,2,6,52,臺中市,沙鹿區,0,0,0,7,,,60,,,,,,,,,,,,,,,,,,,B03,,,1,,2,,,56,56,1,6,4,120.581951,24.249622,3
344,66000,387130000C,(04)23274275,(04)23288582,2025,5,2,6,58,臺中市,東區,0,2,0,7,3,6,30,4,1,1,5,4,6,6,4,4,10,5,5,2,15,2,9,2,1,C03,7,9,3,19,2,15,,15,15,1,12,4,120.692715,24.147014,2
345,66000,387130000C,(04)23274275,(04)23288582,2025,5,2,7,1,臺中市,豐原區,0,2,0,7,2,6,60,3,1,1,5,4,6,6,1,1,10,5,5,2,16,3,10,2,1,C03,7,9,1,10,9,11,,21,21,1,13,4,120.715341,24.263247,2
346,66000,387130000C,(04)23274275,(04)23288582,2025,5,2,7,12,臺中市,大雅區,0,1,0,7,2,6,60,4,2,1,5,4,6,6,2,1,1,4,5,1,13,3,10,2,1,C03,7,9,1,10,2,11,,83,83,1,13,4,120.660616,24.232013,2
347,66000,387130000C,(04)23274275,(04)23288582,2025,5,2,7,12,臺中市,大里區,0,1,0,7,3,6,40,13,8,1,5,4,6,6,1,1,1,5,5,2,18,2,9,1,1,C03,7,9,1,10,2,12,,59,59,1,12,4,120.66497,24.083208,2
348,66000,387130000C,(04)23274275,(04)23288582,2025,5,2,7,15,臺中市,大雅區,0,1,0,7,3,6,30,4,2,1,5,4,6,6,4,4,10,5,5,2,17,3,10,3,1,B03,7,9,1,8,2,4,,84,84,1,12,4,120.666998,24.217048,2
349,66000,387130000C,(04)23274275,(04)23288582,2025,5,2,7,16,臺中市,梧棲區,0,1,0,7,3,6,50,4,1,1,5,4,6,6,1,1,10,5,5,2,16,3,10,3,1,B03,7,5,1,8,2,2,,47,47,1,6,4,120.52492,24.223062,2
350,66000,387130000C,(04)23274275,(04)23288582,2025,5,2,7,19,臺中市,烏日區,0,2,0,7,2,6,70,3,1,1,5,4,6,6,1,1,10,5,5,2,16,2,9,2,1,C03,7,6,1,10,2,11,,23,23,1,6,4,120.59435,24.112775,2
351,66000,387130000C,(04)23274275,(04)23288582,2025,5,2,7,20,臺中市,南屯區,0,1,0,7,2,6,50,4,1,1,5,4,6,6,2,1,5,4,5,2,12,3,10,3,1,B03,7,5,1,8,2,5,,84,84,1,12,4,120.638399,24.147198,2
352,66000,387130000C,(04)23274275,(04)23288582,2025,5,2,7,22,臺中市,北屯區,0,1,0,7,3,6,50,3,2,1,5,4,6,6,1,1,1,2,5,2,12,2,9,1,1,C03,7,8,1,10,1,14,,40,40,1,12,4,120.699283,24.175828,2
353,66000,387130000C,(04)23274275,(04)23288582,2025,5,2,7,22,臺中市,太平區,0,2,0,7,2,6,50,13,9,1,5,4,6,6,4,4,5,2,5,1,17,2,8,1,1,C03,7,1,1,10,2,11,14,51,51,1,12,4,120.744126,24.158117,2
354,66000,387130000C,(04)23274275,(04)23288582,2025,5,2,7,22,臺中市,梧棲區,0,0,0,7,,,50,,,,,,,,,,,,,,15,,,,,B12,,,1,,2,,,21,21,1,6,4,120.534774,24.257705,3
355,66000,387130000C,(04)23274275,(04)23288582,2025,5,2,7,26,臺中市,烏日區,0,1,0,7,3,6,30,11,9,1,5,4,6,6,4,4,10,5,5,2,13,2,9,1,1,C03,7,9,1,10,1,11,,88,88,1,6,4,120.640831,24.103802,2
356,66000,387130000C,(04)23274275,(04)23288582,2025,5,2,7,27,臺中市,南區,0,0,0,7,,,30,,,,,,,,,,,,,,,,,,,B03,,,1,,1,,,8,8,1,12,4,120.670723,24.113675,3
357,66000,387130000C,(04)23274275,(04)23288582,2025,5,2,7,29,臺中市,龍井區,0,0,0,7,,,50,,,,,,,,,,,,,,3,,,,,B03,,,1,,1,,,20,20,1,12,4,120.575814,24.182886,4
358,66000,387130000C,(04)23274275,(04)23288582,2025,5,2,7,29,臺中市,大甲區,0,0,0,7,,,50,,,,,,,,,,,,,,,,,,,B03,,,1,,2,,,6,6,1,6,4,120.618059,24.340789,3
359,66000,387130000C,(04)23274275,(04)23288582,2025,5,2,7,30,臺中市,大雅區,0,1,0,7,3,6,50,13,9,1,5,4,6,6,4,4,5,2,5,1,17,3,10,3,1,B03,7,9,1,8,2,2,,8,8,1,12,4,120.673039,24.230798,2
360,66000,387130000C,(04)23274275,(04)23288582,2025,5,2,7,30,臺中市,大雅區,0,0,0,7,,,70,,,,,,,,,,,,,,13,,,,,C03,,,1,,1,,,84,84,1,13,4,120.630826,24.240473,3
361,66000,387130000C,(04)23274275,(04)23288582,2025,5,2,7,32,臺中市,北屯區,0,0,0,7,,,50,,,,,,,,,,,,,,,,,,,C03,,,1,,9,,,84,84,1,12,4,120.690011,24.163163,3
362,66000,387130000C,(04)23274275,(04)23288582,2025,5,2,7,33,臺中市,北屯區,0,1,0,7,2,6,50,4,1,1,5,4,6,6,1,1,10,5,5,2,15,3,10,1,1,C03,7,9,1,10,9,11,,21,21,1,6,4,120.677078,24.185883,2
363,66000,387130000C,(04)23274275,(04)23288582,2025,5,2,7,33,臺中市,太平區,0,1,0,7,2,6,50,13,9,1,5,4,6,6,4,4,5,4,5,1,17,3,10,5,4,B03,7,1,1,8,2,5,,84,84,1,6,4,120.703517,24.111397,2
364,66000,387130000C,(04)23274275,(04)23288582,2025,5,2,7,38,臺中市,龍井區,0,0,0,7,,,30,,,,,,,,,,,,,,6,,,,,C03,,,1,,1,,,20,20,1,5,4,120.586332,24.180422,3
365,66000,387130000C,(04)23274275,(04)23288582,2025,5,2,7,39,臺中市,太平區,0,0,0,7,2,6,30,,,,,,,,,,,,,,,,,,,B03,,,1,,2,8,,58,58,1,12,4,120.704066,24.154136,3
366,66000,387130000C,(04)23274275,(04)23288582,2025,5,2,7,40,臺中市,北屯區,0,1,0,7,2,6,50,13,7,1,5,4,6,6,4,4,5,5,4,2,13,2,8,1,1,C03,7,9,1,10,2,11,,7,7,1,12,4,120.685747,24.193487,2
367,66000,387130000C,(04)23274275,(04)23288582,2025,5,2,7,40,臺中市,沙鹿區,0,0,0,7,,,50,,,,,,,,,,,,,,17,,,,,B03,,,1,,2,,,84,84,1,6,4,120.560992,24.206635,3
368,66000,387130000C,(04)23274275,(04)23288582,2025,5,2,7,40,臺中市,豐原區,0,1,0,7,2,9,50,13,9,1,5,4,6,6,4,4,1,4,5,1,13,2,9,2,4,C03,7,9,1,10,2,11,,59,59,1,12,4,120.72183,24.274099,2
369,66000,387130000C,(04)23274275,(04)23288582,2025,5,2,7,41,臺中市,西屯區,0,1,0,7,2,6,30,4,1,1,5,4,6,6,4,4,10,5,5,2,17,2,9,2,1,C03,7,15,1,10,2,14,,42,42,1,12,4,120.612089,24.185346,2
370,66000,387130000C,(04)23274275,(04)23288582,2025,5,2,7,41,臺中市,西屯區,0,2,0,7,1,6,50,13,5,1,5,4,6,6,4,4,3,4,5,2,13,2,7,1,1,C03,7,9,1,10,2,11,,7,7,1,12,4,120.644813,24.170455,2
371,66000,387130000C,(04)23274275,(04)23288582,2025,5,2,7,42,臺中市,烏日區,0,2,0,7,2,6,50,13,14,1,5,4,6,6,4,4,5,5,5,1,17,2,9,2,1,C03,7,9,1,10,2,11,,84,84,1,6,4,120.607157,24.108671,2
372,66000,387130000C,(04)23274275,(04)23288582,2025,5,2,7,45,臺中市,西區,0,1,0,7,2,6,50,4,1,1,5,4,6,6,1,1,10,5,5,2,17,3,10,3,1,B03,7,6,1,8,2,8,,84,84,1,12,4,120.672471,24.149506,2
373,66000,387130000C,(04)23274275,(04)23288582,2025,5,2,7,50,臺中市,西屯區,0,0,0,7,,,50,,,,,,,,,,,,,,12,,,,,C02,,,1,,1,,,7,7,1,12,4,120.606473,24.192739,3
374,66000,387130000C,(04)23274275,(04)23288582,2025,5,2,7,52,臺中市,西屯區,0,0,0,7,,,80,,,,,,,,,,,,,,13,,,,,B03,,,1,,1,,,7,7,1,12,4,120.651352,24.197891,3
375,66000,387130000C,(04)23274275,(04)23288582,2025,5,2,7,53,臺中市,南區,0,0,0,7,,,50,,,,,,,,,,,,,,,,,,,B03,,,1,,1,,,14,14,1,6,4,120.668778,24.1127,3
376,66000,387130000C,(04)23274275,(04)23288582,2025,5,2,7,53,臺中市,北屯區,0,1,0,7,2,6,30,3,1,1,5,4,6,6,4,4,10,5,5,2,16,2,9,5,4,C03,7,6,1,10,2,12,,14,14,1,12,4,120.70369,24.167708,2
377,66000,387130000C,(04)23274275,(04)23288582,2025,5,2,7,55,臺中市,大里區,0,0,0,7,,,40,,,,,,,,,,,,,,,,,,,C03,,,1,,2,,,84,84,1,12,4,120.686612,24.10239,3
378,66000,387130000C,(04)23274275,(04)23288582,2025,5,2,7,55,臺中市,大里區,0,1,0,7,2,6,50,3,1,1,5,4,6,6,3,1,5,2,5,2,13,2,8,1,1,C03,7,9,1,10,2,11,,7,7,1,13,4,120.687113,24.115299,2
379,66000,387130000C,(04)23274275,(04)23288582,2025,5,2,7,57,臺中市,北屯區,0,1,0,7,2,6,50,4,4,1,5,4,6,6,1,1,1,2,5,2,12,2,9,1,1,C03,7,9,1,10,2,12,,7,7,1,6,4,120.685652,24.172188,2
380,66000,387130000C,(04)23274275,(04)23288582,2025,5,2,7,58,臺中市,北區,0,0,0,7,,,50,,,,,,,,,,,,,,12,,,,,B03,,,1,,1,,,2,2,1,12,4,120.682527,24.15336,3
381,66000,387130000C,(04)23274275,(04)23288582,2025,5,2,8,0,臺中市,南區,0,3,0,7,1,6,50,13,9,1,5,4,6,6,4,4,9,4,5,2,12,2,9,1,1,C03,7,9,1,10,2,11,12,7,7,1,12,4,120.679425,24.126964,2
382,66000,387130000C,(04)23274275,(04)23288582,2025,5,2,8,0,臺中市,清水區,0,0,0,7,,,60,,,,,,,,,,,,,,,,,,,B03,,,1,,2,,,49,49,1,12,4,120.581002,24.301469,3
383,66000,387130000C,(04)23274275,(04)23288582,2025,5,2,8,0,臺中市,豐原區,0,2,0,7,2,6,50,11,7,1,5,4,6,6,4,4,9,4,4,2,16,2,8,1,1,C03,7,11,3,19,3,13,,45,45,1,12,4,120.738607,24.264372,2
384,66000,387130000C,(04)23274275,(04)23288582,2025,5,2,8,1,臺中市,北屯區,0,1,0,7,2,6,50,4,2,1,5,4,6,6,2,1,1,1,5,2,13,3,10,1,1,C03,7,9,1,10,2,11,,7,7,1,6,4,120.686482,24.196581,2
385,66000,387130000C,(04)23274275,(04)23288582,2025,5,2,8,4,臺中市,太平區,0,0,0,7,,,50,,,,,,,,,,,,,,,,,,,B03,,,1,,2,,,59,59,1,6,4,120.724239,24.130454,3
386,66000,387130000C,(04)23274275,(04)23288582,2025,5,2,8,5,臺中市,南屯區,0,0,0,7,,,50,,,,,,,,,,,,,,,,,,,B03,,,1,,1,,,8,8,1,6,4,120.610117,24.155085,3
387,66000,387130000C,(04)23274275,(04)23288582,2025,5,2,8,8,臺中市,南區,0,0,0,7,,,50,,,,,,,,,,,,,,,,,,,C03,,,5,,9,,,59,59,1,13,4,120.670633,24.124429,3
388,66000,387130000C,(04)23274275,(04)23288582,2025,5,2,8,9,臺中市,大雅區,0,0,0,7,,,30,,,,,,,,,,,,,,11,,,,,B03,,,1,,2,,,8,8,1,13,4,120.6361,24.206717,3
389,66000,387130000C,(04)23274275,(04)23288582,2025,5,2,8,10,臺中市,清水區,0,1,0,7,2,6,50,4,2,1,5,4,6,6,4,4,9,3,4,2,17,3,10,3,1,B03,7,9,1,8,2,1,,12,12,1,12,4,120.566449,24.260683,2
390,66000,387130000C,(04)23274275,(04)23288582,2025,5,2,8,10,臺中市,梧棲區,0,0,0,7,,,40,,,,,,,,,,,,,,13,,,,,B03,,,1,,1,,,7,7,1,6,4,120.537051,24.251329,3
391,66000,387130000C,(04)23274275,(04)23288582,2025,5,2,8,10,臺中市,外埔區,0,0,0,7,2,6,40,13,9,1,5,4,6,6,4,4,9,5,5,1,12,3,10,1,1,C03,7,9,1,10,2,11,,7,7,1,12,4,120.655565,24.343271,3
392,66000,387130000C,(04)23274275,(04)23288582,2025,5,2,8,12,臺中市,西屯區,0,1,0,7,2,6,40,4,1,1,5,4,6,6,1,1,10,5,5,2,16,3,10,1,4,C03,7,5,1,10,2,12,,11,11,1,12,4,120.641962,24.157603,2
393,66000,387130000C,(04)23274275,(04)23288582,2025,5,2,8,13,臺中市,北屯區,0,2,0,7,3,6,80,13,9,1,5,4,6,6,4,4,1,4,5,1,13,3,10,3,1,B03,7,9,1,8,2,1,,7,7,1,12,4,120.677787,24.201092,2
394,66000,387130000C,(04)23274275,(04)23288582,2025,5,2,8,15,臺中市,南屯區,0,0,0,7,,,50,,,,,,,,,,,,,,13,,,,,B03,,,1,,1,,,7,7,1,6,4,120.636698,24.132626,3
395,66000,387130000C,(04)23274275,(04)23288582,2025,5,2,8,16,臺中市,南屯區,0,1,0,7,2,6,50,3,1,1,5,4,6,6,4,4,9,5,5,2,17,2,9,1,1,C03,7,9,1,10,2,12,,6,6,1,12,4,120.641644,24.153689,2
396,66000,387130000C,(04)23274275,(04)23288582,2025,5,2,8,20,臺中市,西屯區,0,0,0,7,,,40,,,,,,,,,,,,,,17,,,,,B03,,,1,,2,,,8,8,1,13,4,120.631841,24.158294,3
397,66000,387130000C,(04)23274275,(04)23288582,2025,5,2,8,23,臺中市,后里區,0,0,0,7,2,6,40,13,9,1,5,,6,6,1,1,10,5,5,1,17,3,10,3,1,A12,7,5,1,7,1,6,,8,8,1,6,4,120.72295,24.287164,3
398,66000,387130000C,(04)23274275,(04)23288582,2025,5,2,8,24,臺中市,北屯區,0,1,0,7,3,6,50,4,1,1,5,4,6,6,4,4,10,5,5,2,16,3,10,2,1,C03,7,6,1,10,2,12,,14,14,1,12,4,120.670154,24.174577,2
399,66000,387130000C,(04)23274275,(04)23288582,2025,5,2,8,24,臺中市,北屯區,0,1,0,7,3,6,50,13,9,1,5,4,6,6,2,1,5,4,5,2,12,2,7,2,1,C03,7,15,1,10,2,13,,8,8,1,12,4,120.664202,24.185758,2
400,66000,387130000C,(04)23274275,(04)23288582,2025,5,2,8,25,臺中市,烏日區,0,1,0,7,2,6,50,13,9,1,5,4,6,6,4,4,5,4,5,1,13,2,9,2,1,C03,7,8,1,10,2,11,,7,7,1,6,4,120.643233,24.078487,2
401,66000,387130000C,(04)23274275,(04)23288582,2025,5,2,8,26,臺中市,烏日區,0,0,0,7,,,30,,,,,,,,,,,,,,,,,,,B03,,,1,,1,,,8,8,1,6,4,120.610749,24.117437,3
402,66000,387130000C,(04)23274275,(04)23288582,2025,5,2,8,27,臺中市,西屯區,0,1,0,7,2,6,50,13,9,1,5,4,6,6,4,4,1,4,5,2,12,3,10,3,1,B03,7,9,1,8,2,2,,8,8,1,12,4,120.656073,24.169059,2
403,66000,387130000C,(04)23274275,(04)23288582,2025,5,2,8,32,臺中市,東區,0,0,0,7,,,50,,,,,,,,,,,,,,13,,,,,B03,,,1,,1,,,84,84,1,12,4,120.702471,24.142807,3
404,66000,387130000C,(04)23274275,(04)23288582,2025,5,2,8,33,臺中市,神岡區,0,1,0,7,1,6,50,3,1,1,5,4,6,6,1,1,10,5,5,1,12,2,9,1,1,C03,7,5,1,10,2,12,,47,47,1,12,4,120.682539,24.246123,2
405,66000,387130000C,(04)23274275,(04)23288582,2025,5,2,8,34,臺中市,北區,0,3,0,7,2,6,50,3,1,1,5,4,6,6,4,4,10,5,5,2,17,2,9,1,1,C03,7,6,1,15,2,12,,14,14,1,13,4,120.674872,24.159343,2
406,66000,387130000C,(04)23274275,(04)23288582,2025,5,2,8,34,臺中市,南屯區,0,2,0,7,2,6,50,3,1,1,5,4,6,6,2,1,1,2,3,2,12,2,8,2,1,C03,7,9,1,10,2,12,,21,21,1,12,4,120.585223,24.166661,2
407,66000,387130000C,(04)23274275,(04)23288582,2025,5,2,8,35,臺中市,沙鹿區,0,0,0,7,,,50,,,,,,,,,,,,,,14,,,,,A12,,,1,,2,,,49,49,1,6,4,120.571933,24.217606,3
408,66000,387130000C,(04)23274275,(04)23288582,2025,5,2,8,35,臺中市,大甲區,0,1,0,7,1,6,40,13,9,1,5,4,6,6,4,4,8,3,5,1,12,3,10,3,1,B03,7,11,1,8,2,5,,45,45,1,12,4,120.628518,24.355587,2
409,66000,387130000C,(04)23274275,(04)23288582,2025,5,2,8,37,臺中市,北屯區,0,1,0,7,2,6,50,13,9,1,5,4,6,6,4,4,1,4,5,2,28,3,10,1,1,C03,7,9,1,10,2,11,,84,84,1,12,4,120.727634,24.179168,2
410,66000,387130000C,(04)23274275,(04)23288582,2025,5,2,8,37,臺中市,豐原區,0,0,0,7,,,50,,,,,,,,,,,,,,13,,,,,B03,,,1,,2,,,59,59,1,13,4,120.704971,24.249723,3
411,66000,387130000C,(04)23274275,(04)23288582,2025,5,2,8,38,臺中市,北區,0,2,0,7,2,6,50,4,1,1,5,4,6,6,2,1,1,4,5,2,17,2,9,1,1,C03,7,5,1,10,2,12,,47,47,1,12,4,120.684948,24.165276,2
412,66000,387130000C,(04)23274275,(04)23288582,2025,5,2,8,39,臺中市,西屯區,0,1,0,7,1,6,50,4,1,1,5,4,6,6,2,1,10,5,5,2,18,2,9,1,1,C03,7,5,1,10,2,16,,84,84,1,12,4,120.645096,24.178816,2
413,66000,387130000C,(04)23274275,(04)23288582,2025,5,2,8,42,臺中市,北屯區,0,0,0,7,,,50,,,,,,,,,,,,,,13,,,,,C03,,,1,10,1,,,7,7,1,12,4,120.721141,24.17633,3
414,66000,387130000C,(04)23274275,(04)23288582,2025,5,2,8,43,臺中市,西屯區,0,1,0,7,2,6,50,4,19,1,5,4,6,6,1,1,5,4,5,2,3,3,10,3,1,B03,7,6,1,8,2,1,,20,20,1,12,4,120.655372,24.158057,2
415,66000,387130000C,(04)23274275,(04)23288582,2025,5,2,8,47,臺中市,西區,0,1,0,7,2,6,50,13,9,1,5,4,6,6,4,4,5,4,5,2,17,2,9,1,1,C03,7,1,1,10,2,11,,51,51,1,12,4,120.672161,24.151784,2
416,66000,387130000C,(04)23274275,(04)23288582,2025,5,2,8,48,臺中市,大里區,0,0,0,7,,,50,,,,,,,,,,,,,,17,,,,,B12,,,1,,1,,,7,7,1,6,4,120.70189,24.08599,3
417,66000,387130000C,(04)23274275,(04)23288582,2025,5,2,8,49,臺中市,北屯區,0,1,0,7,2,6,50,3,1,1,5,4,1,6,1,1,10,5,5,2,13,3,10,3,1,B03,7,6,1,8,2,5,,7,7,1,12,4,120.67686,24.192111,2
418,66000,387130000C,(04)23274275,(04)23288582,2025,5,2,8,50,臺中市,潭子區,0,1,0,7,3,6,50,3,2,1,5,4,6,6,4,4,5,4,4,2,17,3,10,3,1,B03,7,7,1,8,2,2,,40,40,1,13,4,120.708417,24.231035,2
419,66000,387130000C,(04)23274275,(04)23288582,2025,5,2,8,51,臺中市,太平區,0,2,0,7,2,6,50,4,1,1,5,4,6,6,4,4,10,5,5,2,15,2,9,1,1,C03,7,9,1,10,2,12,,12,12,1,12,4,120.72101,24.15158,2
420,66000,387130000C,(04)23274275,(04)23288582,2025,5,2,8,53,臺中市,大里區,0,2,0,7,2,6,50,5,2,1,5,4,6,6,1,1,1,4,5,2,17,2,8,1,1,C03,7,4,1,10,2,11,,1,1,1,13,4,120.681016,24.104955,2
421,66000,387130000C,(04)23274275,(04)23288582,2025,5,2,8,53,臺中市,太平區,0,2,0,7,2,6,50,13,9,1,5,4,6,6,4,4,5,4,5,1,17,2,9,5,4,C03,7,9,1,10,2,11,,84,84,1,6,4,120.729425,24.135037,2
422,66000,387130000C,(04)23274275,(04)23288582,2025,5,2,8,54,臺中市,太平區,0,0,0,7,2,6,30,,,,,,,,,,,,,,,,,,,B03,,,1,,2,8,,84,84,1,12,4,120.70187,24.112114,3
423,66000,387130000C,(04)23274275,(04)23288582,2025,5,2,8,55,臺中市,沙鹿區,0,0,0,7,,,30,,,,,,,,,,,,,,,,,,,B12,,,1,,2,,,49,49,1,6,4,120.575912,24.231437,3
424,66000,387130000C,(04)23274275,(04)23288582,2025,5,2,8,57,臺中市,豐原區,0,2,0,7,2,6,50,13,8,1,5,4,6,6,4,4,5,4,4,2,17,2,9,1,1,C04,7,6,1,11,2,11,,4,4,1,12,4,120.732776,24.255309,2
425,66000,387130000C,(04)23274275,(04)23288582,2025,5,2,8,58,臺中市,西區,0,1,0,7,2,6,50,4,2,1,5,4,6,6,1,1,5,5,5,2,17,2,8,1,1,C03,7,2,1,10,2,13,11,49,49,1,12,4,120.656751,24.147783,2
426,66000,387130000C,(04)23274275,(04)23288582,2025,5,2,8,58,臺中市,神岡區,0,0,0,7,,,50,,,,,,,,,,,,,,12,,,,,B03,,,1,,1,,,7,7,1,13,4,120.704297,24.261769,3
427,66000,387130000C,(04)23274275,(04)23288582,2025,5,2,8,59,臺中市,南屯區,0,1,0,7,2,6,50,4,2,1,5,4,6,6,2,1,5,4,4,2,13,3,10,1,1,C03,7,9,1,10,2,12,,84,84,1,6,4,120.634419,24.155771,2
428,66000,387130000C,(04)23274275,(04)23288582,2025,5,2,9,0,臺中市,太平區,0,2,0,7,2,6,40,4,1,1,5,4,6,6,1,1,10,5,5,2,17,2,9,5,4,F01,7,9,7,21,2,14,,21,21,1,6,1,120.717699,24.158471,2
429,66000,387130000C,(04)23274275,(04)23288582,2025,5,2,9,7,臺中市,北屯區,0,2,0,7,3,6,50,4,1,1,5,4,6,6,1,1,10,5,5,2,15,3,10,3,1,B03,7,9,1,8,2,4,,21,21,1,12,4,120.704567,24.186493,2
430,66000,387130000C,(04)23274275,(04)23288582,2025,5,2,9,9,臺中市,西屯區,0,0,0,7,,,50,,,,,,,,,,,,,,13,,,,,B03,,,1,,1,,,7,7,1,12,4,120.610145,24.187037,3
431,66000,387130000C,(04)23274275,(04)23288582,2025,5,2,9,11,臺中市,北屯區,0,0,0,7,,,50,,,,,,,,,,,,,,16,,,,,B03,,,1,,1,,,11,11,1,6,4,120.720724,24.172608,3
432,66000,387130000C,(04)23274275,(04)23288582,2025,5,2,9,12,臺中市,南區,0,1,0,7,2,6,50,3,1,1,5,4,6,6,1,3,5,5,5,2,17,3,10,3,1,B12,7,5,1,8,2,16,,14,14,1,12,4,120.655244,24.123978,2
433,66000,387130000C,(04)23274275,(04)23288582,2025,5,2,9,20,臺中市,南區,0,1,0,7,3,6,50,3,9,1,5,4,6,6,4,4,3,5,5,2,12,3,10,3,1,B12,7,5,1,8,2,2,,47,47,1,6,4,120.662594,24.121112,2
434,66000,387130000C,(04)23274275,(04)23288582,2025,5,2,9,23,臺中市,北區,0,0,0,7,,,50,,,,,,,,,,,,,,17,,,,,B03,,,1,,2,,,12,12,1,13,4,120.667548,24.166124,3
435,66000,387130000C,(04)23274275,(04)23288582,2025,5,2,9,24,臺中市,東勢區,0,2,0,7,2,6,50,4,1,1,5,4,6,6,1,1,10,5,5,1,17,2,8,5,4,C03,7,6,1,10,2,11,,11,11,1,13,4,120.828313,24.257157,2
436,66000,387130000C,(04)23274275,(04)23288582,2025,5,2,9,29,臺中市,西屯區,0,0,0,7,,,50,,,,,,,,,,,,,,16,,,,,C03,,,1,,1,,,7,7,1,12,4,120.637556,24.163686,4
437,66000,387130000C,(04)23274275,(04)23288582,2025,5,2,9,30,臺中市,西屯區,0,0,0,7,,,30,,,,,,,,,,,,,,17,,,,,A41,,,1,,1,,,49,49,1,13,4,120.653927,24.202176,3
438,66000,387130000C,(04)23274275,(04)23288582,2025,5,2,9,30,臺中市,太平區,0,1,0,7,2,6,50,13,12,1,5,4,6,6,4,4,5,2,4,1,16,3,10,3,1,B01,7,7,1,4,2,6,,40,40,1,12,4,120.726206,24.149842,2
439,66000,387130000C,(04)23274275,(04)23288582,2025,5,2,9,32,臺中市,東區,0,1,0,7,1,6,50,4,1,1,5,4,6,6,1,1,9,4,5,2,12,3,10,3,1,B03,7,5,1,8,2,2,,47,47,1,12,4,120.698239,24.150434,2
440,66000,387130000C,(04)23274275,(04)23288582,2025,5,2,9,32,臺中市,北屯區,0,1,0,7,2,6,50,3,1,1,5,4,6,6,4,4,10,5,5,2,16,3,10,3,1,B12,7,5,1,8,2,2,,85,85,1,12,4,120.733443,24.165292,2
441,66000,387130000C,(04)23274275,(04)23288582,2025,5,2,9,32,臺中市,東勢區,0,1,0,7,2,6,50,4,1,1,5,4,6,6,1,1,10,5,5,1,3,3,10,5,4,B12,7,6,1,7,2,8,,10,10,1,13,4,120.829687,24.253504,2
442,66000,387130000C,(04)23274275,(04)23288582,2025,5,2,9,34,臺中市,霧峰區,0,0,0,7,,,80,,,,,,,,,,,,,,16,,,,,B03,,,1,,2,,,40,40,1,12,4,120.68481,24.055373,3
443,66000,387130000C,(04)23274275,(04)23288582,2025,5,2,9,37,臺中市,大甲區,0,1,0,7,3,6,50,13,9,1,5,4,6,6,4,4,5,5,5,1,17,3,10,3,1,B03,7,13,1,8,2,4,,76,76,1,6,4,120.620004,24.347436,2
444,66000,387130000C,(04)23274275,(04)23288582,2025,5,2,9,41,臺中市,北區,0,0,0,7,,,0,,,,,,,,,,,,,,17,,,,,C03,,,1,,9,,,84,84,1,13,4,120.684856,24.15783,3
445,66000,387130000C,(04)23274275,(04)23288582,2025,5,2,9,45,臺中市,西屯區,0,0,0,7,,,50,,,,,,,,,,,,,,14,,,,,B03,,,1,,2,,,49,49,1,12,4,120.601718,24.171781,3
446,66000,387130000C,(04)23274275,(04)23288582,2025,5,2,9,46,臺中市,北區,0,0,0,7,,,50,,,,,,,,,,,,,,12,,,,,B03,,,1,,1,,,8,8,1,13,4,120.685248,24.164568,3
447,66000,387130000C,(04)23274275,(04)23288582,2025,5,2,9,46,臺中市,龍井區,0,1,0,7,2,6,50,11,9,1,5,4,6,6,4,4,9,5,5,1,12,3,10,3,1,B03,7,9,1,8,2,5,,84,84,1,6,4,120.570603,24.188967,2
448,66000,387130000C,(04)23274275,(04)23288582,2025,5,2,9,56,臺中市,西屯區,0,1,0,7,2,6,30,3,2,1,5,4,6,6,4,4,9,5,5,2,15,3,10,3,1,B03,7,9,1,8,2,1,,13,13,1,12,4,120.649511,24.172805,2
449,66000,387130000C,(04)23274275,(04)23288582,2025,5,2,10,1,臺中市,大里區,0,0,0,7,,,50,,,,,,,,,,,,,,,,,,,B03,,,1,,1,,,59,59,1,12,4,120.702775,24.081826,3
450,66000,387130000C,(04)23274275,(04)23288582,2025,5,2,10,3,臺中市,南區,0,1,0,7,2,6,50,4,19,1,5,4,6,6,2,1,10,5,5,2,3,3,10,3,1,A12,7,6,1,3,2,1,,10,10,1,12,4,120.661803,24.130933,2