序號,縣市別代碼,機關代碼,市話,傳真,年,月,日,時,分,縣市,區,死亡數量,受傷數量,2-30,天候,道路照明設備,道路類別,道路速限,道路型態,事故位置,路面鋪裝,路面狀態,路面缺陷,障礙物,視距,號誌種類,號誌動作,分向設施,快車道或一般車道間,快慢車道間,路面邊線,事故類型及型態,受傷程度,主要傷處,保護裝備,行動電話或功能裝置,當事者區分(類別),車輛用途,當事者行動狀態,駕照狀態,駕照種類,飲酒情形,車輛撞擊部位最初,車輛撞擊部位其他,肇事因素個別,肇事因素主要,肇事逃逸,職業,共享經濟或外送平台,GPS座標X,GPS座標Y,事故類別
563,66000,387130000C,(04)23274275,(04)23288582,2025,5,2,14,24,臺中市,北區,0,0,0,7,,,50,,,,,,,,,,,,,,30,,,,,B03,,,1,,2,,,84,84,1,13,4,120.684129,24.149967,3
564,66000,387130000C,(04)23274275,(04)23288582,2025,5,2,14,27,臺中市,北屯區,0,0,0,7,,,50,,,,,,,,,,,,,,,,,,,B03,,,1,,9,,,7,7,1,12,4,120.737074,24.175844,3
565,66000,387130000C,(04)23274275,(04)23288582,2025,5,2,14,30,臺中市,南區,0,1,0,7,2,6,50,13,9,1,5,4,6,6,1,1,1,4,4,2,13,2,9,2,1,C03,7,9,1,8,2,11,14,7,7,1,12,4,120.676851,24.131578,2
566,66000,387130000C,(04)23274275,(04)23288582,2025,5,2,14,32,臺中市,南區,0,2,0,7,1,6,50,13,9,1,5,4,6,6,4,4,9,4,5,2,12,2,3,3,1,B03,7,7,1,8,2,2,,40,40,1,12,4,120.661401,24.126437,2
567,66000,387130000C,(04)23274275,(04)23288582,2025,5,2,14,34,臺中市,西屯區,0,0,0,7,,,50,,,,,,,,,,,,,,17,,,,,B03,,,1,,9,,,77,77,1,12,4,120.636707,24.164113,3
568,66000,387130000C,(04)23274275,(04)23288582,2025,5,2,14,37,臺中市,西屯區,0,0,0,7,,,50,,,,,,,,,,,,,,12,,,,,B03,,,1,,1,,,7,7,1,12,4,120.614483,24.186648,3
569,66000,387130000C,(04)23274275,(04)23288582,2025,5,2,14,37,臺中市,西屯區,0,0,0,7,,,50,,,,,,,,,,,,,,13,,,,,B01,,,1,,1,,,7,7,1,12,4,120.651159,24.160405,4
570,66000,387130000C,(04)23274275,(04)23288582,2025,5,2,14,38,臺中市,中區,0,2,0,7,3,6,50,3,1,1,5,4,6,6,4,4,10,5,5,2,17,2,9,1,1,C03,7,5,1,10,2,12,,39,39,1,13,4,120.685904,24.139815,2
571,66000,387130000C,(04)23274275,(04)23288582,2025,5,2,14,38,臺中市,沙鹿區,0,2,0,7,2,6,50,4,1,1,5,4,6,6,1,1,10,5,5,2,17,2,7,1,1,C03,7,6,1,10,2,11,,4,4,1,12,4,120.559812,24.237985,2
572,66000,387130000C,(04)23274275,(04)23288582,2025,5,2,14,42,臺中市,大里區,0,1,0,7,2,6,50,4,4,1,5,4,6,6,1,1,5,2,5,2,13,3,10,3,1,B03,7,9,1,8,2,5,,7,7,1,13,4,120.681063,24.115072,2
573,66000,387130000C,(04)23274275,(04)23288582,2025,5,2,14,43,臺中市,大雅區,0,2,0,7,2,6,50,3,9,1,5,4,6,6,4,4,5,5,5,1,16,2,9,1,1,C03,7,1,1,10,2,11,,20,20,1,13,4,120.625653,24.236792,2
574,66000,387130000C,(04)23274275,(04)23288582,2025,5,2,14,43,臺中市,北區,0,0,0,7,,,40,,,,,,,,,,,,,,13,,,,,C03,,,1,,1,,,7,7,1,12,4,120.664386,24.162057,4
575,66000,387130000C,(04)23274275,(04)23288582,2025,5,2,14,45,臺中市,西屯區,0,1,0,7,2,6,50,4,1,1,5,4,6,6,1,1,5,4,5,2,3,3,10,6,5,H01,8,16,7,21,2,17,,98,98,1,12,5,120.621615,24.186271,2
576,66000,387130000C,(04)23274275,(04)23288582,2025,5,2,14,45,臺中市,沙鹿區,0,1,0,7,2,6,40,4,8,1,5,4,6,6,1,1,1,3,1,1,12,3,10,3,1,B12,7,7,1,8,2,2,,40,40,1,12,4,120.580738,24.201606,2
577,66000,387130000C,(04)23274275,(04)23288582,2025,5,2,14,50,臺中市,大雅區,0,2,0,7,1,6,50,4,2,1,5,4,6,6,1,1,5,5,5,1,17,2,9,1,1,C03,7,9,1,10,2,12,,21,21,1,13,4,120.656393,24.226054,2
578,66000,387130000C,(04)23274275,(04)23288582,2025,5,2,14,51,臺中市,南屯區,0,0,0,7,,,50,,,,,,,,,,,,,,,,,,,A11,,,1,,1,,,40,40,1,13,4,120.585375,24.166733,3
579,66000,387130000C,(04)23274275,(04)23288582,2025,5,2,14,51,臺中市,龍井區,0,0,0,7,,,60,,,,,,,,,,,,,,,,,,,B03,,,1,,1,,,7,7,1,12,4,120.575632,24.177897,3
580,66000,387130000C,(04)23274275,(04)23288582,2025,5,2,14,53,臺中市,南屯區,0,1,0,7,3,6,50,4,2,1,5,4,6,6,2,1,9,2,5,2,12,2,9,2,1,C03,7,1,1,10,2,11,,84,84,1,12,4,120.649958,24.132086,2
581,66000,387130000C,(04)23274275,(04)23288582,2025,5,2,14,54,臺中市,豐原區,0,0,0,7,,,50,,,,,,,,,,,,,,17,,,,,C03,,,1,,2,,,45,45,1,13,4,120.710279,24.250619,3
582,66000,387130000C,(04)23274275,(04)23288582,2025,5,2,15,0,臺中市,清水區,0,0,0,7,,,50,,,,,,,,,,,,,,,,,,,B03,,,1,,2,,,50,50,1,12,4,120.573744,24.267568,3
583,66000,387130000C,(04)23274275,(04)23288582,2025,5,2,15,2,臺中市,北屯區,0,0,0,7,,,50,,,,,,,,,,,,,,13,,,,,B03,,,1,,1,,,59,59,1,12,4,120.692794,24.162343,4
584,66000,387130000C,(04)23274275,(04)23288582,2025,5,2,15,5,臺中市,西區,0,1,0,7,3,6,50,4,1,1,5,4,6,6,2,1,10,5,5,2,17,3,10,3,1,B03,7,6,1,8,2,5,,11,11,1,13,4,120.662988,24.150849,2
585,66000,387130000C,(04)23274275,(04)23288582,2025,5,2,15,5,臺中市,梧棲區,0,0,0,7,,,50,,,,,,,,,,,,,,14,,,,,B03,,,1,,2,,,49,49,1,6,4,120.540016,24.252774,4
586,66000,387130000C,(04)23274275,(04)23288582,2025,5,2,15,10,臺中市,西區,0,0,0,7,,,50,,,,,,,,,,,,,,,,,,,C03,,,1,,1,,,7,7,1,12,4,120.661825,24.146663,3
587,66000,387130000C,(04)23274275,(04)23288582,2025,5,2,15,10,臺中市,南區,0,2,0,7,2,6,50,4,2,1,5,4,6,6,2,1,1,4,5,2,13,2,9,2,1,C03,7,9,1,10,2,11,,59,59,1,6,4,120.655204,24.114926,2
588,66000,387130000C,(04)23274275,(04)23288582,2025,5,2,15,10,臺中市,神岡區,0,0,0,7,,,50,,,,,,,,,,,,,,15,,,,,,,,,,,,,6,6,1,,,120.653353,24.278556,3
589,66000,387130000C,(04)23274275,(04)23288582,2025,5,2,15,12,臺中市,北屯區,0,0,0,7,,,50,,,,,,,,,,,,,,,,,,,A41,,,1,,1,,,40,40,1,6,4,120.720624,24.18196,3
590,66000,387130000C,(04)23274275,(04)23288582,2025,5,2,15,12,臺中市,豐原區,0,1,0,7,2,6,50,13,7,1,5,4,6,6,4,4,5,4,4,2,3,3,10,1,1,C03,7,4,1,10,2,11,,26,26,1,12,4,120.719431,24.249652,2
591,66000,387130000C,(04)23274275,(04)23288582,2025,5,2,15,13,臺中市,西區,0,2,0,7,2,6,50,13,9,1,5,4,6,6,4,4,1,4,5,2,1,2,9,1,1,C03,7,9,1,10,2,12,,84,84,1,13,4,120.655768,24.140256,2
592,66000,387130000C,(04)23274275,(04)23288582,2025,5,2,15,13,臺中市,東區,0,1,0,7,3,6,50,13,9,1,5,4,6,6,4,4,9,5,5,2,16,3,10,3,1,B12,7,6,1,8,2,1,,20,20,1,13,4,120.703191,24.134,2
593,66000,387130000C,(04)23274275,(04)23288582,2025,5,2,15,13,臺中市,南屯區,0,0,0,7,,,30,,,,,,,,,,,,,,14,,,,,B03,,,1,,2,,,49,49,1,6,4,120.648481,24.155153,3
594,66000,387130000C,(04)23274275,(04)23288582,2025,5,2,15,13,臺中市,北屯區,0,1,0,7,2,6,30,4,1,1,5,4,6,6,4,4,10,5,5,2,15,2,7,2,1,C03,7,9,1,10,2,12,,15,15,1,12,4,120.701159,24.184557,2
595,66000,387130000C,(04)23274275,(04)23288582,2025,5,2,15,18,臺中市,后里區,0,1,0,7,3,6,50,13,9,1,5,4,6,6,4,4,5,4,5,1,12,3,10,3,1,B03,7,9,1,8,2,5,,84,84,1,6,4,120.70946,24.305354,2
596,66000,387130000C,(04)23274275,(04)23288582,2025,5,2,15,18,臺中市,新社區,0,1,0,7,3,6,50,13,9,1,5,4,6,6,4,4,9,5,5,1,11,3,10,5,4,B03,7,6,1,8,2,1,,26,26,1,12,4,120.785302,24.233055,2
597,66000,387130000C,(04)23274275,(04)23288582,2025,5,2,15,20,臺中市,潭子區,0,1,0,7,2,6,50,3,2,1,5,4,6,6,1,1,5,4,4,2,13,3,10,3,1,B03,7,9,1,8,2,5,,84,84,1,12,4,120.692386,24.22379,2
598,66000,387130000C,(04)23274275,(04)23288582,2025,5,2,15,23,臺中市,中區,0,1,0,7,2,6,50,4,1,1,5,4,6,6,2,1,10,5,5,2,18,2,9,1,1,C03,7,9,1,10,2,12,,6,6,1,12,4,120.671994,24.135147,2
599,66000,387130000C,(04)23274275,(04)23288582,2025,5,2,15,30,臺中市,南區,0,0,0,7,,,50,,,,,,,,,,,,,,,,,,,B03,,,1,,9,,,85,85,1,13,4,120.658551,24.128186,3
600,66000,387130000C,(04)23274275,(04)23288582,2025,5,2,15,30,臺中市,南屯區,0,0,0,7,,,50,,,,,,,,,,,,,,14,,,,,B02,,,1,,9,,,50,50,1,12,4,120.653384,24.137883,3
601,66000,387130000C,(04)23274275,(04)23288582,2025,5,2,15,30,臺中市,太平區,0,0,0,7,,,50,,,,,,,,,,,,,,,,,,,C03,,,1,,2,,,59,59,1,12,4,120.720315,24.120751,3
602,66000,387130000C,(04)23274275,(04)23288582,2025,5,2,15,33,臺中市,北屯區,0,0,0,7,,,50,,,,,,,,,,,,,,14,,,,,B12,,,1,,2,,,49,49,1,6,4,120.706874,24.169777,3
603,66000,387130000C,(04)23274275,(04)23288582,2025,5,2,15,35,臺中市,烏日區,0,0,0,7,,,30,,,,,,,,,,,,,,11,,,,,B03,,,1,,2,,,41,41,1,6,4,120.646471,24.078141,3
604,66000,387130000C,(04)23274275,(04)23288582,2025,5,2,15,37,臺中市,南屯區,0,0,0,7,,,50,,,,,,,,,,,,,,,,,,,C03,,,1,,1,,,84,84,1,13,4,120.646681,24.153613,3
605,66000,387130000C,(04)23274275,(04)23288582,2025,5,2,15,39,臺中市,大雅區,0,2,0,7,1,6,30,4,2,1,5,4,6,6,4,4,10,5,5,1,17,2,9,1,1,C03,7,9,1,10,2,11,,6,6,1,13,4,120.66625,24.238059,2
606,66000,387130000C,(04)23274275,(04)23288582,2025,5,2,15,39,臺中市,西區,0,0,0,7,,,50,,,,,,,,,,,,,,,,,,,B03,,,1,,1,,,21,21,1,13,4,120.665275,24.147883,3
607,66000,387130000C,(04)23274275,(04)23288582,2025,5,2,15,39,臺中市,烏日區,0,1,0,7,2,6,30,5,1,1,5,4,6,6,4,4,10,5,5,2,17,3,10,5,4,B03,7,9,1,8,2,4,,12,12,1,6,4,120.650952,24.049617,2
608,66000,387130000C,(04)23274275,(04)23288582,2025,5,2,15,41,臺中市,霧峰區,0,2,0,7,3,6,30,4,1,1,5,4,6,6,4,4,10,5,5,2,15,2,1,2,1,C03,7,9,1,10,2,12,,15,15,1,13,4,120.700611,24.07084,2
609,66000,387130000C,(04)23274275,(04)23288582,2025,5,2,15,50,臺中市,北屯區,0,0,0,7,,,50,,,,,,,,,,,,,,,,,,,B12,,,1,,1,,,6,6,1,13,4,120.711637,24.16953,3
610,66000,387130000C,(04)23274275,(04)23288582,2025,5,2,15,50,臺中市,西屯區,0,1,0,7,2,6,50,3,1,1,5,4,6,6,2,1,10,5,5,2,15,3,10,3,4,B03,7,9,1,8,2,2,,21,21,1,12,4,120.645191,24.162759,2
611,66000,387130000C,(04)23274275,(04)23288582,2025,5,2,15,50,臺中市,西屯區,0,0,0,7,,,30,,,,,,,,,,,,,,15,,,,,C03,,,1,,2,,,14,14,1,13,4,120.646297,24.182818,3
612,66000,387130000C,(04)23274275,(04)23288582,2025,5,2,15,51,臺中市,西屯區,0,0,0,7,,,30,,,,,,,,,,,,,,11,,,,,B03,,,1,,2,,,8,8,1,12,4,120.613167,24.176844,3
613,66000,387130000C,(04)23274275,(04)23288582,2025,5,2,15,54,臺中市,北區,0,0,0,7,,,50,,,,,,,,,,,,,,13,,,,,B03,,,1,,1,,,84,84,1,12,4,120.684986,24.161489,3
614,66000,387130000C,(04)23274275,(04)23288582,2025,5,2,15,55,臺中市,西區,0,0,0,7,,,50,,,,,,,,,,,,,,,,,,,C03,,,1,,1,,,84,84,1,12,4,120.661488,24.147443,3
615,66000,387130000C,(04)23274275,(04)23288582,2025,5,2,15,58,臺中市,北屯區,0,0,0,7,,,50,,,,,,,,,,,,,,13,,,,,B03,,,1,,1,,,84,84,1,6,4,120.664775,24.183861,3
616,66000,387130000C,(04)23274275,(04)23288582,2025,5,2,15,58,臺中市,豐原區,0,0,0,7,,,50,,,,,,,,,,,,,,12,,,,,B03,,,1,,2,,,84,84,1,12,4,120.749853,24.268327,3
617,66000,387130000C,(04)23274275,(04)23288582,2025,5,2,15,59,臺中市,西屯區,0,1,0,7,3,6,50,13,9,1,5,4,6,6,4,4,5,4,5,2,13,3,10,2,4,C03,7,9,1,10,1,11,,7,7,1,12,4,120.630011,24.183267,2
618,66000,387130000C,(04)23274275,(04)23288582,2025,5,2,16,0,臺中市,西區,0,0,0,7,,,,,,,,,,,,,,,,,17,,,,,,,,,,,,,119,119,1,,,120.67564,24.13377,3
619,66000,387130000C,(04)23274275,(04)23288582,2025,5,2,16,1,臺中市,東區,0,1,0,7,3,6,50,4,1,1,5,4,6,6,2,1,10,5,5,2,16,3,10,2,1,C03,7,6,1,10,2,14,,48,48,1,13,4,120.708154,24.140633,2
620,66000,387130000C,(04)23274275,(04)23288582,2025,5,2,16,4,臺中市,北屯區,0,0,0,7,,,50,,,,,,,,,,,,,,13,,,,,B03,,,1,,1,,,59,59,1,12,4,120.697883,24.177131,3
621,66000,387130000C,(04)23274275,(04)23288582,2025,5,2,16,6,臺中市,西區,0,1,0,7,2,6,50,13,11,1,5,4,6,6,4,4,5,5,5,2,17,3,10,3,1,B03,7,5,1,8,1,2,,47,47,1,13,4,120.665369,24.13203,2
622,66000,387130000C,(04)23274275,(04)23288582,2025,5,2,16,8,臺中市,大里區,0,0,0,7,,,50,,,,,,,,,,,,,,12,,,,,F01,,,7,,9,,,8,8,1,13,4,120.70337,24.107391,3
623,66000,387130000C,(04)23274275,(04)23288582,2025,5,2,16,9,臺中市,梧棲區,0,2,0,7,3,6,70,3,1,1,5,4,6,6,4,4,10,5,5,2,16,3,10,3,1,B03,7,5,1,8,2,5,,20,20,1,6,4,120.550417,24.240722,2
624,66000,387130000C,(04)23274275,(04)23288582,2025,5,2,16,12,臺中市,東區,0,2,0,7,2,6,50,3,1,1,5,4,6,6,4,4,10,5,5,2,16,3,10,3,1,B12,7,11,1,7,2,1,,45,45,1,6,4,120.70018,24.132935,2
625,66000,387130000C,(04)23274275,(04)23288582,2025,5,2,16,13,臺中市,大肚區,0,0,0,7,,,30,,,,,,,,,,,,,,14,,,,,C03,,,1,,1,,,49,49,1,6,4,120.536392,24.151633,3
626,66000,387130000C,(04)23274275,(04)23288582,2025,5,2,16,14,臺中市,西屯區,0,0,0,7,,,50,,,,,,,,,,,,,,17,,,,,B03,,,1,,9,,,49,49,1,12,4,120.656695,24.168639,3
627,66000,387130000C,(04)23274275,(04)23288582,2025,5,2,16,20,臺中市,南區,0,1,0,7,3,6,50,4,1,1,5,4,6,6,2,1,1,2,4,2,12,2,9,2,1,C03,7,4,1,10,2,12,,1,1,1,5,4,120.668546,24.129366,2
628,66000,387130000C,(04)23274275,(04)23288582,2025,5,2,16,26,臺中市,北屯區,0,0,0,7,,,80,,,,,,,,,,,,,,,,,,,B12,,,1,,1,,,84,84,1,6,4,120.721956,24.184662,3
629,66000,387130000C,(04)23274275,(04)23288582,2025,5,2,16,29,臺中市,大甲區,0,0,0,7,,,40,,,,,,,,,,,,,,,,,,,B03,,,1,,1,,,49,49,1,12,4,120.626314,24.3551,3
630,66000,387130000C,(04)23274275,(04)23288582,2025,5,2,16,30,臺中市,烏日區,0,1,0,7,3,6,60,5,1,1,5,4,6,6,2,1,1,4,5,1,16,3,10,3,1,B03,7,5,1,8,2,5,2,47,47,1,6,4,120.62734,24.10404,2
631,66000,387130000C,(04)23274275,(04)23288582,2025,5,2,16,31,臺中市,沙鹿區,0,0,0,7,,,50,,,,,,,,,,,,,,,,,,,B03,,,1,,1,,,84,84,1,12,4,120.560893,24.237841,3
632,66000,387130000C,(04)23274275,(04)23288582,2025,5,2,16,31,臺中市,梧棲區,0,0,0,7,3,6,50,13,7,1,5,4,6,6,4,4,1,4,1,1,12,,,,,B03,,,1,,2,,,8,8,1,12,4,120.534673,24.259276,3
633,66000,387130000C,(04)23274275,(04)23288582,2025,5,2,16,32,臺中市,西屯區,0,0,0,7,,,40,,,,,,,,,,,,,,,,,,,A12,,,1,,2,,,7,7,1,12,4,120.619174,24.18134,3
634,66000,387130000C,(04)23274275,(04)23288582,2025,5,2,16,32,臺中市,大里區,0,2,0,7,2,6,50,3,1,1,5,4,6,6,1,1,10,5,5,2,13,2,9,1,1,C03,7,9,1,10,2,11,,7,7,1,12,4,120.674885,24.096882,2
635,66000,387130000C,(04)23274275,(04)23288582,2025,5,2,16,33,臺中市,大里區,0,0,0,7,,,50,,,,,,,,,,,,,,,,,,,B03,,,1,,1,,,7,7,1,6,4,120.694265,24.089446,3
636,66000,387130000C,(04)23274275,(04)23288582,2025,5,2,16,34,臺中市,太平區,0,0,0,7,,,30,,,,,,,,,,,,,,14,,,,,B11,,,1,,9,,,49,49,1,12,4,120.718036,24.147552,3
637,66000,387130000C,(04)23274275,(04)23288582,2025,5,2,16,35,臺中市,東勢區,0,0,0,7,,,50,,,,,,,,,,,,,,,,,,,B12,,,3,,9,,,51,51,1,13,4,120.830456,24.249985,3
638,66000,387130000C,(04)23274275,(04)23288582,2025,5,2,16,36,臺中市,豐原區,0,0,0,7,,,50,,,,,,,,,,,,,,12,,,,,C03,,,1,,2,,,48,48,1,13,4,120.714234,24.259594,3
639,66000,387130000C,(04)23274275,(04)23288582,2025,5,2,16,37,臺中市,中區,0,0,0,7,,,50,,,,,,,,,,,,,,,,,,,B03,,,1,,1,,,84,84,1,13,4,120.680994,24.14383,3
640,66000,387130000C,(04)23274275,(04)23288582,2025,5,2,16,38,臺中市,太平區,0,0,0,7,2,6,30,,,,,,,,,,,,,,,,,,,B03,,,1,,2,5,,84,84,1,12,4,120.729954,24.153301,3
641,66000,387130000C,(04)23274275,(04)23288582,2025,5,2,16,40,臺中市,西屯區,0,2,0,7,2,6,40,4,1,1,5,4,6,6,4,4,10,5,5,2,15,2,9,2,1,C03,7,9,1,10,2,11,,15,15,1,12,4,120.61845,24.17617,2
642,66000,387130000C,(04)23274275,(04)23288582,2025,5,2,16,41,臺中市,豐原區,0,1,0,7,2,6,50,13,9,1,5,4,6,6,1,1,1,5,5,1,13,2,9,2,1,C03,7,9,1,10,2,14,,59,59,1,13,4,120.736829,24.273104,2
643,66000,387130000C,(04)23274275,(04)23288582,2025,5,2,16,44,臺中市,潭子區,0,0,0,7,,,30,,,,,,,,,,,,,,,,,,,B03,,,1,,2,,,85,85,1,13,4,120.710761,24.202987,3
644,66000,387130000C,(04)23274275,(04)23288582,2025,5,2,16,46,臺中市,西屯區,0,1,0,7,2,6,50,4,2,1,5,4,6,6,1,1,10,5,5,2,12,2,9,2,1,C03,7,9,1,10,2,14,,7,7,1,12,4,120.645505,24.192401,2
645,66000,387130000C,(04)23274275,(04)23288582,2025,5,2,16,48,臺中市,大肚區,0,1,0,7,2,6,30,3,2,1,5,4,6,6,4,4,10,5,5,1,17,2,8,5,4,C03,7,6,1,10,2,14,,58,58,1,6,4,120.579542,24.166053,2
646,66000,387130000C,(04)23274275,(04)23288582,2025,5,2,16,49,臺中市,烏日區,0,1,0,7,2,6,70,13,9,1,5,4,6,6,1,1,1,4,5,1,13,3,10,5,4,B12,7,9,3,19,2,1,,7,7,1,6,4,120.603634,24.109602,2
647,66000,387130000C,(04)23274275,(04)23288582,2025,5,2,16,52,臺中市,大肚區,0,1,0,7,3,6,30,3,1,1,5,4,6,6,4,4,10,5,5,1,16,2,7,2,1,C03,7,6,1,10,2,11,,14,14,1,6,4,120.540228,24.149607,2
648,66000,387130000C,(04)23274275,(04)23288582,2025,5,2,16,53,臺中市,北屯區,0,0,0,7,,,50,,,,,,,,,,,,,,12,,,,,B03,,,1,,9,,,40,40,1,12,4,120.714541,24.163253,3
649,66000,387130000C,(04)23274275,(04)23288582,2025,5,2,16,53,臺中市,大里區,0,2,0,7,2,6,50,13,9,1,5,4,6,6,4,4,9,5,5,1,17,2,9,1,1,C03,7,11,1,10,2,13,,45,45,1,12,4,120.678602,24.105223,2
650,66000,387130000C,(04)23274275,(04)23288582,2025,5,2,16,55,臺中市,北屯區,0,0,0,7,,,80,,,,,,,,,,,,,,13,,,,,B12,,,1,,2,,,84,84,1,6,4,120.720726,24.174585,3
651,66000,387130000C,(04)23274275,(04)23288582,2025,5,2,16,56,臺中市,西屯區,0,1,0,7,2,6,50,4,1,1,5,4,6,6,4,4,10,5,5,2,15,2,9,2,1,C03,7,9,1,10,2,11,,59,59,1,12,4,120.650366,24.166691,2
652,66000,387130000C,(04)23274275,(04)23288582,2025,5,2,16,59,臺中市,東區,0,2,0,7,3,6,50,13,9,1,5,4,6,5,4,4,5,5,5,2,13,2,9,2,1,C03,7,9,1,10,2,11,,7,7,1,12,4,120.69599,24.147823,2
653,66000,387130000C,(04)23274275,(04)23288582,2025,5,2,16,59,臺中市,北屯區,0,0,0,7,,,50,,,,,,,,,,,,,,,,,,,B03,,,1,,1,,,12,12,1,13,4,120.66209,24.19126,3
654,66000,387130000C,(04)23274275,(04)23288582,2025,5,2,17,0,臺中市,北區,0,0,0,7,,,50,,,,,,,,,,,,,,17,,,,,B03,,,1,,2,,,40,40,1,13,4,120.676764,24.163126,3
655,66000,387130000C,(04)23274275,(04)23288582,2025,5,2,17,0,臺中市,太平區,0,1,0,7,2,6,30,11,9,1,5,4,6,6,4,4,10,5,5,2,11,3,10,3,1,B03,7,9,1,8,2,8,,41,41,1,6,4,120.751111,24.12957,2
656,66000,387130000C,(04)23274275,(04)23288582,2025,5,2,17,0,臺中市,烏日區,0,0,0,7,,,70,,,,,,,,,,,,,,13,,,,,C03,,,1,,2,,,7,7,1,6,4,120.60373,24.109552,3
657,66000,387130000C,(04)23274275,(04)23288582,2025,5,2,17,0,臺中市,沙鹿區,0,0,0,6,,,50,,,,,,,,,,,,,,13,,,,,B12,,,1,,2,,,59,59,1,12,4,120.566511,24.229407,3
658,66000,387130000C,(04)23274275,(04)23288582,2025,5,2,17,1,臺中市,西屯區,0,0,0,7,,,50,,,,,,,,,,,,,,16,,,,,C03,,,1,,1,,,12,12,1,12,4,120.620711,24.174673,3
659,66000,387130000C,(04)23274275,(04)23288582,2025,5,2,17,2,臺中市,霧峰區,0,0,0,7,,,50,,,,,,,,,,,,,,,,,,,C03,,,1,,2,,,11,11,1,13,4,120.698686,24.064478,3
660,66000,387130000C,(04)23274275,(04)23288582,2025,5,2,17,2,臺中市,梧棲區,0,0,0,7,,,30,,,,,,,,,,,,,,14,,,,,B12,,,1,,1,,,49,49,1,6,4,120.538349,24.248465,3
661,66000,387130000C,(04)23274275,(04)23288582,2025,5,2,17,2,臺中市,后里區,0,1,0,7,3,6,50,13,14,1,5,4,6,5,4,4,9,4,5,1,16,3,10,3,1,B03,7,6,1,8,2,6,,20,20,1,10,4,120.688186,24.31447,2
662,66000,387130000C,(04)23274275,(04)23288582,2025,5,2,17,4,臺中市,潭子區,0,1,0,7,2,6,30,3,1,1,5,4,6,6,4,4,10,5,5,1,16,3,10,3,1,B03,7,6,1,8,2,8,,14,14,1,12,4,120.725478,24.200972,2
663,66000,387130000C,(04)23274275,(04)23288582,2025,5,2,17,5,臺中市,外埔區,0,0,0,7,,,50,,,,,,,,,,,,,,,,,,,C03,,,1,,2,,,7,7,1,12,4,120.65555,24.33409,3
664,66000,387130000C,(04)23274275,(04)23288582,2025,5,2,17,7,臺中市,大里區,0,0,0,7,,,50,,,,,,,,,,,,,,13,,,,,B03,,,1,,2,,,7,7,1,12,4,120.666925,24.083337,3
665,66000,387130000C,(04)23274275,(04)23288582,2025,5,2,17,8,臺中市,西屯區,0,1,0,7,3,6,50,3,1,1,5,4,6,6,1,1,1,4,5,1,16,3,10,2,1,C01,7,11,4,19,2,12,14,23,23,1,12,4,120.59745,24.191535,2
666,66000,387130000C,(04)23274275,(04)23288582,2025,5,2,17,9,臺中市,后里區,0,1,0,6,3,6,50,13,9,1,5,4,6,6,4,4,5,4,5,2,17,3,10,6,1,F01,7,6,7,21,2,14,,20,20,1,12,4,120.720879,24.305915,2
667,66000,387130000C,(04)23274275,(04)23288582,2025,5,2,17,10,臺中市,北屯區,0,1,0,7,2,6,50,13,9,1,5,4,6,6,4,4,10,5,5,2,8,3,10,3,1,B03,7,9,1,8,2,2,,59,59,1,12,4,120.697902,24.176918,2
668,66000,387130000C,(04)23274275,(04)23288582,2025,5,2,17,10,臺中市,太平區,0,1,0,7,2,6,50,5,4,1,5,4,6,6,2,1,1,4,5,2,13,3,10,2,1,C03,7,9,1,10,2,11,,7,7,1,12,4,120.710557,24.139459,2
669,66000,387130000C,(04)23274275,(04)23288582,2025,5,2,17,10,臺中市,大甲區,0,0,0,7,,,,,,,,,,,,,,,,,,,,,,,,,,,,,,119,119,1,,,120.625075,24.343163,4
670,66000,387130000C,(04)23274275,(04)23288582,2025,5,2,17,13,臺中市,北屯區,0,1,0,7,2,6,50,3,1,1,5,4,6,6,4,4,10,5,5,2,17,2,9,2,1,C03,7,9,1,10,2,11,,7,7,1,6,4,120.715584,24.174566,2
671,66000,387130000C,(04)23274275,(04)23288582,2025,5,2,17,14,臺中市,大里區,0,1,0,7,2,6,40,4,1,1,5,4,6,6,1,1,10,5,5,2,17,2,7,1,1,C03,7,9,1,10,2,11,,84,84,1,6,4,120.70272,24.088351,2
672,66000,387130000C,(04)23274275,(04)23288582,2025,5,2,17,14,臺中市,大甲區,0,0,0,7,,,60,,,,,,,,,,,,,,,,,,,A11,,,1,,9,,,8,8,1,12,4,120.60815,24.356763,3
673,66000,387130000C,(04)23274275,(04)23288582,2025,5,2,17,15,臺中市,北屯區,0,0,0,7,,,50,,,,,,,,,,,,,,17,,,,,B12,,,1,,9,,,59,59,1,12,4,120.673159,24.174277,3
674,66000,387130000C,(04)23274275,(04)23288582,2025,5,2,17,18,臺中市,北屯區,0,0,0,7,,,50,,,,,,,,,,,,,,,,,,,C03,,,1,,2,,,8,8,1,12,4,120.685297,24.171068,3
675,66000,387130000C,(04)23274275,(04)23288582,2025,5,2,17,20,臺中市,沙鹿區,0,0,0,7,2,6,50,13,9,1,5,4,6,6,4,4,4,5,5,2,12,,,,,B03,,,1,,1,,,40,40,1,12,4,120.573171,24.221921,3
676,66000,387130000C,(04)23274275,(04)23288582,2025,5,2,17,23,臺中市,北屯區,0,1,0,7,2,6,50,4,1,1,5,4,6,6,1,1,10,5,5,2,16,3,10,3,1,B03,7,9,1,8,2,8,,21,21,1,6,4,120.696212,24.162322,2