序號,縣市別代碼,機關代碼,市話,傳真,年,月,日,時,分,縣市,區,死亡數量,受傷數量,2-30,天候,道路照明設備,道路類別,道路速限,道路型態,事故位置,路面鋪裝,路面狀態,路面缺陷,障礙物,視距,號誌種類,號誌動作,分向設施,快車道或一般車道間,快慢車道間,路面邊線,事故類型及型態,受傷程度,主要傷處,保護裝備,行動電話或功能裝置,當事者區分(類別),車輛用途,當事者行動狀態,駕照狀態,駕照種類,飲酒情形,車輛撞擊部位最初,車輛撞擊部位其他,肇事因素個別,肇事因素主要,肇事逃逸,職業,共享經濟或外送平台,GPS座標X,GPS座標Y,事故類別
677,66000,387130000C,(04)23274275,(04)23288582,2025,5,2,17,25,臺中市,西屯區,0,0,0,7,,,50,,,,,,,,,,,,,,,,,,,B03,,,1,,1,,,49,49,1,12,4,120.620789,24.177923,3
678,66000,387130000C,(04)23274275,(04)23288582,2025,5,2,17,26,臺中市,南區,0,1,0,7,3,6,50,13,8,1,5,4,6,6,4,4,5,5,4,2,16,3,10,3,1,B03,7,7,1,8,2,5,,40,40,1,6,4,120.656858,24.124061,2
679,66000,387130000C,(04)23274275,(04)23288582,2025,5,2,17,28,臺中市,北屯區,0,0,0,7,,,50,,,,,,,,,,,,,,,,,,,B03,,,1,,9,,,84,84,1,13,4,120.686607,24.197844,3
680,66000,387130000C,(04)23274275,(04)23288582,2025,5,2,17,30,臺中市,北區,0,0,0,7,,,50,,,,,,,,,,,,,,17,,,,,C03,,,1,,1,,,8,8,1,13,4,120.669007,24.164321,3
681,66000,387130000C,(04)23274275,(04)23288582,2025,5,2,17,30,臺中市,南屯區,0,1,0,6,2,6,40,13,8,1,5,4,6,6,4,4,9,4,4,2,13,2,9,1,1,C03,7,9,1,10,2,11,,7,7,1,12,4,120.63384,24.150796,2
682,66000,387130000C,(04)23274275,(04)23288582,2025,5,2,17,30,臺中市,太平區,0,0,0,7,,,30,,,,,,,,,,,,,,14,,,,,B03,,,3,,2,,,49,49,1,6,4,120.75054,24.121154,3
683,66000,387130000C,(04)23274275,(04)23288582,2025,5,2,17,30,臺中市,大肚區,0,0,0,7,,,50,,,,,,,,,,,,,,12,,,,,B03,,,1,,2,,,40,40,1,6,4,120.548514,24.1465,3
684,66000,387130000C,(04)23274275,(04)23288582,2025,5,2,17,31,臺中市,沙鹿區,0,0,0,7,,,60,,,,,,,,,,,,,,,,,,,C03,,,1,,1,,,4,4,1,4,4,120.564656,24.239347,3
685,66000,387130000C,(04)23274275,(04)23288582,2025,5,2,17,32,臺中市,烏日區,0,1,0,7,3,6,50,13,9,1,5,4,6,6,4,4,1,4,5,1,13,2,9,3,1,B03,7,12,1,8,2,1,,7,7,1,6,4,120.650749,24.096877,2
686,66000,387130000C,(04)23274275,(04)23288582,2025,5,2,17,33,臺中市,北區,0,2,0,7,2,6,50,13,9,1,5,4,6,6,4,4,1,4,5,2,13,2,9,1,1,C03,7,9,1,10,2,11,,59,59,1,12,4,120.685209,24.152007,2
687,66000,387130000C,(04)23274275,(04)23288582,2025,5,2,17,33,臺中市,南屯區,0,1,0,7,2,6,50,13,7,1,5,4,6,6,4,4,8,3,4,1,17,3,10,3,1,B03,7,11,1,8,1,8,,45,45,1,12,4,120.644671,24.148954,2
688,66000,387130000C,(04)23274275,(04)23288582,2025,5,2,17,34,臺中市,北屯區,0,1,0,7,2,6,50,4,1,1,5,4,6,6,1,1,10,5,5,2,13,2,9,1,1,C03,7,9,1,10,2,11,,7,7,1,12,4,120.698333,24.172948,2
689,66000,387130000C,(04)23274275,(04)23288582,2025,5,2,17,34,臺中市,西屯區,0,1,0,7,2,6,15,13,9,1,5,4,6,6,4,4,9,5,5,2,14,3,10,3,1,B03,7,2,1,8,2,3,,49,49,1,12,4,120.599319,24.176068,2
690,66000,387130000C,(04)23274275,(04)23288582,2025,5,2,17,35,臺中市,東區,0,1,0,7,2,6,50,4,1,1,5,4,6,6,1,1,10,5,5,2,16,3,10,3,1,B03,7,6,1,8,2,2,,48,48,1,6,4,120.701446,24.125332,2
691,66000,387130000C,(04)23274275,(04)23288582,2025,5,2,17,39,臺中市,東區,0,1,0,7,3,6,50,3,1,1,5,4,6,6,4,4,10,5,5,2,16,3,10,3,1,B03,7,6,1,8,2,1,,14,14,1,13,4,120.701229,24.126177,2
692,66000,387130000C,(04)23274275,(04)23288582,2025,5,2,17,40,臺中市,沙鹿區,0,1,0,6,1,6,50,4,2,1,5,4,6,6,2,1,1,4,4,2,13,2,9,1,1,C01,7,9,1,9,2,11,,7,7,1,12,4,120.559885,24.238182,2
693,66000,387130000C,(04)23274275,(04)23288582,2025,5,2,17,41,臺中市,神岡區,0,0,0,7,,,50,,,,,,,,,,,,,,17,,,,,B03,,,1,,1,,,59,59,1,6,4,120.695688,24.249746,3
694,66000,387130000C,(04)23274275,(04)23288582,2025,5,2,17,42,臺中市,東區,0,1,0,7,3,6,50,13,9,1,5,4,6,6,4,4,5,4,4,2,13,3,10,3,1,B03,7,9,1,8,2,1,,84,84,1,6,4,120.706057,24.142564,2
695,66000,387130000C,(04)23274275,(04)23288582,2025,5,2,17,44,臺中市,大里區,0,2,0,7,2,6,50,13,9,1,5,4,6,6,4,4,1,4,5,1,17,2,9,1,1,C03,7,9,1,10,2,11,,7,7,1,12,4,120.685965,24.096273,2
696,66000,387130000C,(04)23274275,(04)23288582,2025,5,2,17,44,臺中市,太平區,0,0,0,7,,,30,,,,,,,,,,,,,,14,,,,,B03,,,1,,2,,,49,49,1,12,4,120.713801,24.106214,3
697,66000,387130000C,(04)23274275,(04)23288582,2025,5,2,17,45,臺中市,東區,0,1,0,7,3,6,50,4,1,1,5,4,6,6,1,1,10,5,5,2,16,3,10,3,1,B03,7,5,1,8,7,5,,11,11,1,6,4,120.682929,24.134431,2
698,66000,387130000C,(04)23274275,(04)23288582,2025,5,2,17,45,臺中市,神岡區,0,0,0,7,,,30,,,,,,,,,,,,,,11,,,,,B03,,,1,,1,,,6,6,1,12,4,120.669507,24.245739,3
699,66000,387130000C,(04)23274275,(04)23288582,2025,5,2,17,49,臺中市,西屯區,0,1,0,7,2,6,50,13,9,1,5,4,6,6,4,4,1,3,5,2,12,3,10,3,4,B03,7,7,1,8,2,2,,8,8,1,12,4,120.644164,24.201417,2
700,66000,387130000C,(04)23274275,(04)23288582,2025,5,2,17,50,臺中市,南區,0,0,0,7,,,50,,,,,,,,,,,,,,13,,,,,B12,,,1,,1,,,7,7,1,6,4,120.666731,24.114148,3
701,66000,387130000C,(04)23274275,(04)23288582,2025,5,2,17,51,臺中市,烏日區,0,1,0,7,2,6,50,3,1,1,5,4,6,6,1,1,10,5,5,2,17,3,10,5,4,B12,7,5,1,8,2,5,,11,11,1,6,4,120.626055,24.108802,2
702,66000,387130000C,(04)23274275,(04)23288582,2025,5,2,17,53,臺中市,南屯區,0,0,0,7,,,50,,,,,,,,,,,,,,14,,,,,B03,,,1,,1,,,49,49,1,6,4,120.616494,24.152519,3
703,66000,387130000C,(04)23274275,(04)23288582,2025,5,2,17,54,臺中市,潭子區,0,0,0,7,,,80,,,,,,,,,,,,,,,,,,,B03,,,1,,2,,,59,59,1,13,4,120.718751,24.197191,3
704,66000,387130000C,(04)23274275,(04)23288582,2025,5,2,17,54,臺中市,后里區,0,1,0,7,2,6,50,3,2,1,5,4,6,6,1,1,1,4,5,1,17,3,10,1,1,C03,7,7,1,10,2,12,,40,40,1,6,4,120.722508,24.302937,2
705,66000,387130000C,(04)23274275,(04)23288582,2025,5,2,17,54,臺中市,豐原區,0,0,0,7,2,6,50,3,2,1,5,4,6,6,4,4,1,4,5,1,17,3,10,1,1,C03,7,9,1,10,9,11,,84,84,1,12,4,120.709196,24.249487,3
706,66000,387130000C,(04)23274275,(04)23288582,2025,5,2,17,55,臺中市,南屯區,0,2,0,7,2,6,50,4,2,1,5,4,6,6,4,4,9,5,5,2,17,2,7,2,1,C03,7,5,1,10,2,12,,14,14,1,13,4,120.64371,24.135506,2
707,66000,387130000C,(04)23274275,(04)23288582,2025,5,2,17,55,臺中市,西屯區,0,1,0,7,2,6,50,13,9,1,5,4,6,6,4,4,5,4,4,2,16,3,10,5,4,A06,7,5,1,2,2,5,,84,84,1,13,4,120.606445,24.192275,2
708,66000,387130000C,(04)23274275,(04)23288582,2025,5,2,18,0,臺中市,南屯區,0,1,0,7,1,6,50,3,2,1,5,4,6,6,4,4,5,5,5,2,12,3,10,5,4,C03,7,4,1,10,2,12,,39,39,1,13,4,120.651354,24.135497,2
709,66000,387130000C,(04)23274275,(04)23288582,2025,5,2,18,1,臺中市,南屯區,0,2,0,7,2,6,50,3,1,1,5,4,6,6,4,4,10,5,5,2,16,2,9,2,4,C03,7,11,1,10,2,13,14,65,65,1,13,4,120.652671,24.143857,2
710,66000,387130000C,(04)23274275,(04)23288582,2025,5,2,18,1,臺中市,梧棲區,0,1,0,7,3,6,50,13,9,1,5,4,6,6,4,4,5,5,5,1,28,2,9,1,1,C03,7,9,1,10,2,11,,87,87,1,6,4,120.542625,24.25968,2
711,66000,387130000C,(04)23274275,(04)23288582,2025,5,2,18,3,臺中市,東區,0,2,0,7,3,6,50,5,1,1,5,4,6,6,2,1,10,5,5,2,12,2,9,2,1,C03,7,9,1,10,2,11,,7,7,1,13,4,120.69315,24.132824,2
712,66000,387130000C,(04)23274275,(04)23288582,2025,5,2,18,4,臺中市,龍井區,0,1,0,7,3,6,50,4,1,1,5,4,6,6,4,4,10,5,5,2,15,2,9,2,1,C03,7,9,1,10,2,11,,20,20,1,6,4,120.525017,24.204588,2
713,66000,387130000C,(04)23274275,(04)23288582,2025,5,2,18,6,臺中市,大雅區,0,1,0,7,1,6,30,4,2,1,5,4,6,6,4,4,10,5,5,1,17,3,10,3,1,B03,7,9,1,8,2,2,4,15,15,1,13,4,120.666164,24.238147,2
714,66000,387130000C,(04)23274275,(04)23288582,2025,5,2,18,6,臺中市,南屯區,0,1,0,7,1,9,40,3,9,1,5,4,6,6,4,4,8,3,5,1,17,3,10,3,1,B03,7,5,1,8,1,2,,14,14,1,12,4,120.606466,24.135143,2
715,66000,387130000C,(04)23274275,(04)23288582,2025,5,2,18,10,臺中市,南屯區,0,0,0,7,,,50,,,,,,,,,,,,,,17,,,,,C03,,,1,,1,,,8,8,1,12,4,120.648953,24.150011,3
716,66000,387130000C,(04)23274275,(04)23288582,2025,5,2,18,16,臺中市,南屯區,0,0,0,7,,,50,,,,,,,,,,,,,,13,,,,,B01,,,1,,1,,,59,59,1,6,4,120.615853,24.151246,3
717,66000,387130000C,(04)23274275,(04)23288582,2025,5,2,18,18,臺中市,豐原區,0,1,0,7,1,6,50,3,1,1,5,4,6,6,3,1,5,5,4,2,16,3,10,5,4,B03,7,11,1,8,2,4,,45,45,1,13,4,120.716657,24.239003,2
718,66000,387130000C,(04)23274275,(04)23288582,2025,5,2,18,20,臺中市,北區,0,1,0,7,2,6,50,5,1,1,5,4,6,6,2,1,10,5,5,2,16,3,10,4,1,B03,7,6,1,8,2,8,,65,65,1,12,4,120.673757,24.173869,2
719,66000,387130000C,(04)23274275,(04)23288582,2025,5,2,18,21,臺中市,北屯區,0,0,0,7,,,50,,,,,,,,,,,,,,17,,,,,A12,,,1,,1,,,84,84,1,12,4,120.73404,24.178966,3
720,66000,387130000C,(04)23274275,(04)23288582,2025,5,2,18,22,臺中市,潭子區,0,1,0,7,2,6,50,3,1,1,5,4,6,6,1,1,10,5,5,2,3,3,10,2,1,C03,7,5,3,19,2,11,,10,10,1,12,4,120.697944,24.194648,2
721,66000,387130000C,(04)23274275,(04)23288582,2025,5,2,18,22,臺中市,霧峰區,0,0,0,7,,,50,,,,,,,,,,,,,,13,,,,,C03,,,1,,2,,,7,7,1,13,4,120.709306,24.07919,4
722,66000,387130000C,(04)23274275,(04)23288582,2025,5,2,18,24,臺中市,太平區,0,1,0,7,1,6,50,13,7,1,5,4,6,6,4,4,9,4,4,2,17,3,10,2,1,C03,7,8,1,10,2,14,12,40,40,1,6,4,120.733841,24.147627,2
723,66000,387130000C,(04)23274275,(04)23288582,2025,5,2,18,25,臺中市,東區,0,1,0,7,1,6,50,13,9,1,5,4,6,6,2,1,5,5,5,2,12,3,10,3,1,B03,7,9,1,8,2,5,,84,84,1,6,4,120.700069,24.132711,2
724,66000,387130000C,(04)23274275,(04)23288582,2025,5,2,18,31,臺中市,北屯區,0,0,0,7,,,50,,,,,,,,,,,,,,14,,,,,B12,,,1,,1,,,49,49,1,6,4,120.72569,24.164114,3
725,66000,387130000C,(04)23274275,(04)23288582,2025,5,2,18,32,臺中市,西區,0,1,0,7,1,6,50,13,9,1,5,4,6,6,4,4,5,4,5,2,13,2,9,1,1,C03,7,9,1,10,2,11,,7,7,1,12,4,120.661469,24.150503,2
726,66000,387130000C,(04)23274275,(04)23288582,2025,5,2,18,37,臺中市,北屯區,0,1,0,7,1,6,50,13,9,1,5,4,6,6,4,4,3,4,5,2,12,3,10,3,1,B03,7,9,1,8,2,2,,84,84,1,13,4,120.686498,24.202074,2
727,66000,387130000C,(04)23274275,(04)23288582,2025,5,2,18,39,臺中市,南區,0,1,0,7,3,6,50,4,1,1,5,4,6,6,1,1,10,5,5,2,16,3,10,1,1,C03,7,6,1,10,2,14,,11,11,1,6,4,120.659936,24.126374,2
728,66000,387130000C,(04)23274275,(04)23288582,2025,5,2,18,39,臺中市,霧峰區,0,0,0,7,,,40,,,,,,,,,,,,,,,,,,,A04,,,1,,2,,,51,51,1,13,4,120.676697,24.064089,3
729,66000,387130000C,(04)23274275,(04)23288582,2025,5,2,18,40,臺中市,太平區,0,0,0,7,,,50,,,,,,,,,,,,,,17,,,,,B03,,,1,,2,,,84,84,1,12,4,120.738025,24.131455,3
730,66000,387130000C,(04)23274275,(04)23288582,2025,5,2,18,41,臺中市,太平區,0,0,0,7,,,40,,,,,,,,,,,,,,,,,,,C03,,,1,,2,,,40,40,1,12,4,120.720066,24.148892,3
731,66000,387130000C,(04)23274275,(04)23288582,2025,5,2,18,41,臺中市,豐原區,0,0,0,7,,,30,,,,,,,,,,,,,,11,,,,,B03,,,1,,2,,,7,7,1,6,4,120.732337,24.2732,3
732,66000,387130000C,(04)23274275,(04)23288582,2025,5,2,18,44,臺中市,南區,0,0,0,7,,,50,,,,,,,,,,,,,,12,,,,,B03,,,1,,2,,,40,40,1,6,4,120.665136,24.126439,3
733,66000,387130000C,(04)23274275,(04)23288582,2025,5,2,18,45,臺中市,東區,0,0,0,7,,,50,,,,,,,,,,,,,,,,,,,C03,,,1,,2,,,7,7,1,13,4,120.699357,24.14797,3
734,66000,387130000C,(04)23274275,(04)23288582,2025,5,2,18,46,臺中市,西屯區,0,1,0,7,1,6,50,3,9,1,5,4,6,6,4,4,5,5,5,2,16,3,10,5,4,B03,7,6,1,8,2,6,,14,14,1,12,4,120.63051,24.195765,2
735,66000,387130000C,(04)23274275,(04)23288582,2025,5,2,18,50,臺中市,南屯區,0,0,0,7,,,50,,,,,,,,,,,,,,12,,,,,B03,,,1,,1,,,85,85,1,12,4,120.62267,24.140394,3
736,66000,387130000C,(04)23274275,(04)23288582,2025,5,2,18,50,臺中市,沙鹿區,0,1,0,7,1,6,30,4,9,1,5,4,6,6,1,1,4,3,4,2,16,2,8,5,1,F01,7,5,7,21,2,14,,22,22,1,12,4,120.571835,24.238635,2
737,66000,387130000C,(04)23274275,(04)23288582,2025,5,2,18,51,臺中市,大里區,0,0,0,7,,,50,,,,,,,,,,,,,,13,,,,,B03,,,1,,2,,,77,77,1,12,4,120.680396,24.115118,3
738,66000,387130000C,(04)23274275,(04)23288582,2025,5,2,18,54,臺中市,大安區,0,1,0,7,1,6,40,3,9,1,5,4,6,6,4,4,8,3,5,2,12,2,9,1,1,C03,7,4,1,10,2,11,,1,1,1,12,4,120.615284,24.38331,2
739,66000,387130000C,(04)23274275,(04)23288582,2025,5,2,18,57,臺中市,北屯區,0,0,0,7,,,50,,,,,,,,,,,,,,14,,,,,B03,,,1,,1,,,49,49,1,12,4,120.708498,24.178215,4
740,66000,387130000C,(04)23274275,(04)23288582,2025,5,2,18,59,臺中市,西區,0,0,0,7,1,6,50,3,1,1,5,4,6,6,1,1,10,5,5,2,12,,,,,B01,,,1,,2,,,84,84,1,13,4,120.665757,24.140083,3
741,66000,387130000C,(04)23274275,(04)23288582,2025,5,2,19,0,臺中市,西屯區,0,2,0,7,2,6,50,13,9,1,5,4,6,6,4,4,7,4,5,2,13,3,10,3,1,B03,7,9,1,8,2,5,,7,7,1,12,4,120.640362,24.164538,2
742,66000,387130000C,(04)23274275,(04)23288582,2025,5,2,19,1,臺中市,北區,0,1,0,7,1,6,30,4,1,1,5,4,6,6,4,4,10,5,5,2,17,2,9,5,4,C03,7,6,1,10,2,12,,14,14,1,12,4,120.685203,24.158566,2
743,66000,387130000C,(04)23274275,(04)23288582,2025,5,2,19,1,臺中市,北屯區,0,1,0,7,1,6,50,4,1,1,5,4,6,6,2,1,10,5,5,2,13,2,9,2,1,C03,7,9,1,10,2,11,,7,7,1,12,4,120.679374,24.171214,2
744,66000,387130000C,(04)23274275,(04)23288582,2025,5,2,19,3,臺中市,東區,0,1,0,7,1,6,50,4,1,1,5,4,6,6,2,1,5,5,5,2,15,3,10,3,1,B03,7,9,1,8,2,8,,21,21,1,13,4,120.697165,24.136996,2
745,66000,387130000C,(04)23274275,(04)23288582,2025,5,2,19,4,臺中市,霧峰區,0,2,0,7,1,6,50,3,1,1,5,4,6,6,4,4,10,5,5,2,17,3,10,3,1,B03,7,6,1,8,2,2,,84,84,1,12,4,120.710847,24.08049,2
746,66000,387130000C,(04)23274275,(04)23288582,2025,5,2,19,4,臺中市,大甲區,0,0,0,7,,,60,,,,,,,,,,,,,,35,,,,,B03,,,1,,2,,,49,49,1,13,4,120.629641,24.353036,3
747,66000,387130000C,(04)23274275,(04)23288582,2025,5,2,19,9,臺中市,西區,0,0,0,7,,,50,,,,,,,,,,,,,,,,,,,B03,,,1,,1,,,84,84,1,13,4,120.674655,24.137515,3
748,66000,387130000C,(04)23274275,(04)23288582,2025,5,2,19,12,臺中市,后里區,0,0,0,7,1,6,30,3,8,1,5,4,6,6,4,4,9,5,4,1,17,3,10,3,1,B03,7,5,1,2,1,5,,84,84,1,12,4,120.720472,24.3091,3
749,66000,387130000C,(04)23274275,(04)23288582,2025,5,2,19,15,臺中市,西屯區,0,1,0,7,1,6,50,4,2,1,5,4,6,6,1,1,5,4,5,2,16,2,7,2,4,C03,7,6,1,10,1,12,,11,11,1,12,4,120.646826,24.174742,2
750,66000,387130000C,(04)23274275,(04)23288582,2025,5,2,19,18,臺中市,西屯區,0,0,0,7,,,50,,,,,,,,,,,,,,17,,,,,C03,,,3,,1,,,11,11,1,13,4,120.617498,24.185346,3
751,66000,387130000C,(04)23274275,(04)23288582,2025,5,2,19,20,臺中市,南區,0,0,0,7,,,50,,,,,,,,,,,,,,13,,,,,B03,,,1,,2,,,59,59,1,6,4,120.669051,24.128577,3
752,66000,387130000C,(04)23274275,(04)23288582,2025,5,2,19,26,臺中市,東勢區,0,0,0,7,,,50,,,,,,,,,,,,,,,,,,,B03,,,5,,2,,,11,11,1,12,4,120.833426,24.246736,3
753,66000,387130000C,(04)23274275,(04)23288582,2025,5,2,19,27,臺中市,南區,0,0,0,7,,,50,,,,,,,,,,,,,,17,,,,,B12,,,1,,1,,,50,50,1,6,4,120.677974,24.126258,3
754,66000,387130000C,(04)23274275,(04)23288582,2025,5,2,19,27,臺中市,西屯區,0,0,0,7,,,60,,,,,,,,,,,,,,,,,,,B03,,,1,,1,,,7,7,1,12,4,120.636003,24.171251,3
755,66000,387130000C,(04)23274275,(04)23288582,2025,5,2,19,29,臺中市,中區,0,0,0,7,1,6,40,13,8,1,5,4,6,6,4,4,5,4,4,2,17,,,,,B03,,,1,,1,,,50,50,1,13,4,120.68145,24.145297,3
756,66000,387130000C,(04)23274275,(04)23288582,2025,5,2,19,40,臺中市,西區,0,0,0,7,,,50,,,,,,,,,,,,,,,,,,,B03,,,1,,1,,,84,84,1,13,4,120.66072,24.142913,3
757,66000,387130000C,(04)23274275,(04)23288582,2025,5,2,19,45,臺中市,大雅區,0,0,0,7,,,50,,,,,,,,,,,,,,,,,,,C03,,,1,,1,,,11,11,1,13,4,120.63023,24.210022,4
758,66000,387130000C,(04)23274275,(04)23288582,2025,5,2,19,49,臺中市,北屯區,0,0,0,7,,,50,,,,,,,,,,,,,,,,,,,B03,,,1,,1,,,84,82,1,12,4,120.68624,24.188258,3
759,66000,387130000C,(04)23274275,(04)23288582,2025,5,2,19,52,臺中市,西屯區,0,1,0,7,2,6,40,3,2,1,5,4,6,6,4,4,10,5,5,2,12,3,10,3,1,B03,7,1,1,8,2,8,,51,51,1,12,4,120.658139,24.168093,2
760,66000,387130000C,(04)23274275,(04)23288582,2025,5,2,19,53,臺中市,太平區,0,1,0,7,1,6,50,13,9,1,5,4,6,6,4,4,5,4,5,1,17,2,9,1,1,F02,7,9,7,21,8,11,,84,84,1,12,4,120.715498,24.136736,2
761,66000,387130000C,(04)23274275,(04)23288582,2025,5,2,19,55,臺中市,大安區,0,0,0,7,,,90,,,,,,,,,,,,,,,,,,,A31,,,1,,2,,,40,40,1,6,4,120.585762,24.364999,3
762,66000,387130000C,(04)23274275,(04)23288582,2025,5,2,19,56,臺中市,北區,0,1,0,7,2,6,50,3,2,1,5,4,6,6,4,4,5,5,5,2,17,2,9,1,1,C03,7,9,1,10,2,11,,84,84,1,13,4,120.697456,24.155957,2
763,66000,387130000C,(04)23274275,(04)23288582,2025,5,2,20,2,臺中市,北屯區,0,0,0,7,,,50,,,,,,,,,,,,,,9,,,,,B03,,,1,,2,,,51,51,1,6,4,120.718288,24.175561,3
764,66000,387130000C,(04)23274275,(04)23288582,2025,5,2,20,4,臺中市,南區,0,0,0,7,,,50,,,,,,,,,,,,,,,,,,,B03,,,6,,2,,,85,85,1,13,4,120.653912,24.111127,3
765,66000,387130000C,(04)23274275,(04)23288582,2025,5,2,20,4,臺中市,龍井區,0,0,0,7,,,50,,,,,,,,,,,,,,,,,,,B03,,,1,,1,,,8,8,1,12,4,120.588783,24.187885,3
766,66000,387130000C,(04)23274275,(04)23288582,2025,5,2,20,7,臺中市,清水區,0,1,0,7,3,6,50,4,1,1,5,4,6,6,4,4,9,4,5,1,17,3,10,3,1,B03,7,11,1,8,2,8,,45,45,1,12,4,120.568008,24.27537,2
767,66000,387130000C,(04)23274275,(04)23288582,2025,5,2,20,7,臺中市,神岡區,0,2,0,7,1,6,50,5,1,1,5,4,6,6,1,1,10,5,5,2,17,2,9,2,1,C03,7,9,3,19,2,12,,84,84,1,6,4,120.683126,24.246604,2
768,66000,387130000C,(04)23274275,(04)23288582,2025,5,2,20,10,臺中市,西區,0,1,0,7,1,6,50,4,1,1,5,4,6,6,2,1,10,5,5,2,13,2,9,1,1,C03,7,9,2,19,2,11,,84,84,1,13,4,120.653906,24.15572,2
769,66000,387130000C,(04)23274275,(04)23288582,2025,5,2,20,10,臺中市,西屯區,0,0,0,7,,,50,,,,,,,,,,,,,,12,,,,,B02,,,1,,2,,,8,8,1,12,4,120.641671,24.177512,3
770,66000,387130000C,(04)23274275,(04)23288582,2025,5,2,20,12,臺中市,中區,0,0,0,7,,,30,,,,,,,,,,,,,,,,,,,B03,,,1,,1,,,49,49,1,12,4,120.680278,24.146621,3
771,66000,387130000C,(04)23274275,(04)23288582,2025,5,2,20,15,臺中市,大里區,0,0,0,7,,,50,,,,,,,,,,,,,,13,,,,,B03,,,1,,2,,,84,84,1,12,4,120.70205,24.110888,3
772,66000,387130000C,(04)23274275,(04)23288582,2025,5,2,20,16,臺中市,霧峰區,0,2,0,6,1,6,40,5,1,1,5,4,6,6,1,1,10,5,5,2,16,3,10,3,1,B03,7,6,1,8,2,1,,11,11,1,13,4,120.678829,24.0648,2
773,66000,387130000C,(04)23274275,(04)23288582,2025,5,2,20,18,臺中市,西區,0,0,0,7,1,6,50,13,9,1,5,4,6,6,4,4,5,5,5,2,12,,,,,B03,,,1,,1,,,8,8,1,13,4,120.660147,24.161471,3
774,66000,387130000C,(04)23274275,(04)23288582,2025,5,2,20,20,臺中市,西屯區,0,2,0,7,1,6,40,3,1,1,5,4,6,6,4,4,10,5,5,2,16,2,9,5,4,F03,7,6,7,21,1,14,,48,48,1,12,4,120.588554,24.16984,2
775,66000,387130000C,(04)23274275,(04)23288582,2025,5,2,20,21,臺中市,太平區,0,0,0,7,,,80,,,,,,,,,,,,,,13,,,,,B12,,,3,,2,,,84,84,1,6,4,120.710725,24.141557,3
776,66000,387130000C,(04)23274275,(04)23288582,2025,5,2,20,27,臺中市,西區,0,0,0,7,,,50,,,,,,,,,,,,,,,,,,,C03,,,1,,1,,,84,84,1,13,4,120.666839,24.141113,3
777,66000,387130000C,(04)23274275,(04)23288582,2025,5,2,20,31,臺中市,大安區,0,1,0,7,1,6,50,11,9,1,5,4,6,6,4,4,9,5,5,2,11,2,9,2,1,C03,7,9,1,10,2,11,,84,84,1,6,4,120.612327,24.386008,2
778,66000,387130000C,(04)23274275,(04)23288582,2025,5,2,20,35,臺中市,大里區,0,4,0,7,3,6,50,4,2,1,5,4,6,6,1,1,5,4,4,1,17,3,10,5,4,B03,7,9,5,19,2,1,,84,84,1,13,4,120.700146,24.104263,2
779,66000,387130000C,(04)23274275,(04)23288582,2025,5,2,20,37,臺中市,大里區,0,0,0,7,,,30,,,,,,,,,,,,,,,,,,,C03,,,1,,2,,,15,15,1,13,4,120.706193,24.084123,3
780,66000,387130000C,(04)23274275,(04)23288582,2025,5,2,20,40,臺中市,北區,0,2,0,7,1,6,50,4,1,1,5,4,6,6,1,1,10,5,5,2,16,2,7,1,1,C03,7,15,2,19,2,12,,84,84,1,12,4,120.682571,24.167041,2
781,66000,387130000C,(04)23274275,(04)23288582,2025,5,2,20,53,臺中市,太平區,0,0,0,7,,,30,,,,,,,,,,,,,,17,,,,,B03,,,1,,2,,,50,50,1,12,4,120.734145,24.146557,3
782,66000,387130000C,(04)23274275,(04)23288582,2025,5,2,21,0,臺中市,中區,0,2,0,7,1,6,50,4,1,1,5,4,6,6,1,1,10,5,5,2,9,3,10,3,1,B01,7,6,1,4,2,1,,10,10,1,12,4,120.685804,24.140133,2
783,66000,387130000C,(04)23274275,(04)23288582,2025,5,2,21,0,臺中市,西屯區,0,2,0,7,2,6,40,13,8,1,5,4,6,6,3,1,1,5,4,2,13,2,9,2,1,C03,7,9,1,10,2,12,,7,7,1,13,4,120.615268,24.182938,2
784,66000,387130000C,(04)23274275,(04)23288582,2025,5,2,21,1,臺中市,南屯區,0,0,0,7,,,50,,,,,,,,,,,,,,,,,,,B03,,,1,,1,,,84,84,1,12,4,120.646099,24.154107,3
785,66000,387130000C,(04)23274275,(04)23288582,2025,5,2,21,2,臺中市,北屯區,0,0,0,7,,,50,,,,,,,,,,,,,,17,,,,,B03,,,1,,2,,,59,59,1,12,4,120.695872,24.182513,4
786,66000,387130000C,(04)23274275,(04)23288582,2025,5,2,21,11,臺中市,西屯區,0,0,0,7,,,50,,,,,,,,,,,,,,14,,,,,B03,,,1,,9,,,50,50,2,13,4,120.636836,24.179424,3
787,66000,387130000C,(04)23274275,(04)23288582,2025,5,2,21,19,臺中市,西屯區,0,1,0,7,1,6,30,13,9,1,5,4,6,6,4,4,10,5,5,2,11,3,10,5,4,B03,7,9,1,8,2,5,4,8,8,1,12,4,120.617088,24.188179,2
788,66000,387130000C,(04)23274275,(04)23288582,2025,5,2,21,20,臺中市,沙鹿區,0,0,0,6,,,70,,,,,,,,,,,,,,13,,,,,B03,,,1,,2,,,7,7,1,12,4,120.617819,24.243104,3