序號,縣市別代碼,機關代碼,市話,傳真,年,月,日,時,分,縣市,區,死亡數量,受傷數量,2-30,天候,道路照明設備,道路類別,道路速限,道路型態,事故位置,路面鋪裝,路面狀態,路面缺陷,障礙物,視距,號誌種類,號誌動作,分向設施,快車道或一般車道間,快慢車道間,路面邊線,事故類型及型態,受傷程度,主要傷處,保護裝備,行動電話或功能裝置,當事者區分(類別),車輛用途,當事者行動狀態,駕照狀態,駕照種類,飲酒情形,車輛撞擊部位最初,車輛撞擊部位其他,肇事因素個別,肇事因素主要,肇事逃逸,職業,共享經濟或外送平台,GPS座標X,GPS座標Y,事故類別
901,66000,387130000C,(04)23274275,(04)23288582,2025,5,3,11,16,臺中市,北屯區,0,0,0,7,,,50,,,,,,,,,,,,,,14,,,,,B03,,,1,,1,,,49,49,1,13,4,120.729929,24.173616,3
902,66000,387130000C,(04)23274275,(04)23288582,2025,5,3,11,23,臺中市,北屯區,0,1,0,7,2,6,50,13,9,1,5,4,6,6,4,4,3,3,5,2,13,3,10,2,1,C03,7,9,1,10,2,11,,84,84,1,13,4,120.685494,24.173358,2
903,66000,387130000C,(04)23274275,(04)23288582,2025,5,3,11,25,臺中市,豐原區,0,1,0,7,2,9,30,11,9,1,5,4,6,6,4,4,10,5,5,1,25,2,9,5,4,B03,7,9,1,8,2,5,,59,59,1,12,4,120.744829,24.274976,2
904,66000,387130000C,(04)23274275,(04)23288582,2025,5,3,11,28,臺中市,北區,0,0,0,7,,,50,,,,,,,,,,,,,,17,,,,,B03,,,1,,1,,,40,40,1,12,4,120.671934,24.163333,3
905,66000,387130000C,(04)23274275,(04)23288582,2025,5,3,11,30,臺中市,霧峰區,0,1,0,7,2,6,80,13,9,1,5,4,6,6,4,4,1,3,5,1,13,2,7,3,1,B03,7,9,1,8,2,1,,7,7,1,13,4,120.686706,24.057269,2
906,66000,387130000C,(04)23274275,(04)23288582,2025,5,3,11,30,臺中市,沙鹿區,0,1,0,7,2,6,50,13,9,1,5,4,6,6,4,4,8,3,5,1,17,3,10,5,4,B03,7,2,1,8,2,3,,49,49,1,13,4,120.57156,24.244413,2
907,66000,387130000C,(04)23274275,(04)23288582,2025,5,3,11,35,臺中市,清水區,0,2,0,7,3,6,30,4,1,1,5,4,6,6,3,1,5,5,5,1,17,2,9,2,1,C03,7,9,1,10,2,11,,12,12,1,12,4,120.57181,24.279281,2
908,66000,387130000C,(04)23274275,(04)23288582,2025,5,3,11,41,臺中市,豐原區,0,0,0,7,,,50,,,,,,,,,,,,,,13,,,,,B03,,,1,,1,,,82,82,1,13,4,120.745112,24.265071,3
909,66000,387130000C,(04)23274275,(04)23288582,2025,5,3,11,43,臺中市,清水區,0,1,0,6,3,6,50,13,7,1,5,4,6,6,4,4,1,4,4,2,12,2,9,2,1,C03,7,9,3,19,2,14,,8,8,1,12,4,120.574835,24.267969,2
910,66000,387130000C,(04)23274275,(04)23288582,2025,5,3,11,47,臺中市,西屯區,0,1,0,7,1,6,30,3,1,1,5,4,6,6,1,1,10,5,5,1,16,2,9,1,1,C04,7,6,1,11,2,12,,12,12,1,12,4,120.650691,24.175853,2
911,66000,387130000C,(04)23274275,(04)23288582,2025,5,3,11,47,臺中市,梧棲區,0,0,0,7,,,60,,,,,,,,,,,,,,13,,,,,B03,,,1,,2,,,7,7,1,6,4,120.536061,24.249967,3
912,66000,387130000C,(04)23274275,(04)23288582,2025,5,3,11,50,臺中市,烏日區,0,0,0,7,,,40,,,,,,,,,,,,,,14,,,,,B03,,,1,,1,,,49,49,1,6,4,120.606593,24.108915,3
913,66000,387130000C,(04)23274275,(04)23288582,2025,5,3,11,52,臺中市,龍井區,0,0,0,7,,,30,,,,,,,,,,,,,,,,,,,B12,,,1,,2,,,49,49,1,6,4,120.547379,24.190855,3
914,66000,387130000C,(04)23274275,(04)23288582,2025,5,3,11,52,臺中市,東勢區,0,0,0,7,,,50,,,,,,,,,,,,,,,,,,,B03,,,1,,1,,,7,7,1,12,4,120.822864,24.261468,3
915,66000,387130000C,(04)23274275,(04)23288582,2025,5,3,11,53,臺中市,南屯區,0,0,0,7,,,50,,,,,,,,,,,,,,,,,,,B03,,,1,,9,,,59,59,1,6,4,120.640859,24.15044,3
916,66000,387130000C,(04)23274275,(04)23288582,2025,5,3,11,59,臺中市,北屯區,0,1,0,7,2,6,50,13,9,1,5,4,6,6,4,4,5,5,5,1,30,2,9,1,1,C03,7,15,1,10,2,12,,82,82,1,5,4,120.765775,24.175489,2
917,66000,387130000C,(04)23274275,(04)23288582,2025,5,3,12,2,臺中市,南區,0,1,0,7,2,6,50,4,2,1,5,4,6,6,2,1,2,4,5,2,13,2,9,2,1,C03,7,9,1,10,2,11,,84,84,1,13,4,120.679399,24.12407,2
918,66000,387130000C,(04)23274275,(04)23288582,2025,5,3,12,3,臺中市,豐原區,0,2,0,7,2,6,50,3,1,1,5,4,6,6,4,4,10,5,5,2,16,2,9,1,1,C03,7,6,1,10,2,11,,48,48,1,12,4,120.718004,24.253312,2
919,66000,387130000C,(04)23274275,(04)23288582,2025,5,3,12,6,臺中市,南屯區,0,0,0,7,,,40,,,,,,,,,,,,,,12,,,,,B02,,,1,,1,,,50,50,1,12,4,120.651992,24.15656,3
920,66000,387130000C,(04)23274275,(04)23288582,2025,5,3,12,8,臺中市,大肚區,0,1,0,7,2,6,50,3,1,1,5,4,6,6,2,1,10,5,5,2,14,3,10,3,1,B03,7,2,1,8,2,3,,49,49,1,6,4,120.545346,24.151159,2
921,66000,387130000C,(04)23274275,(04)23288582,2025,5,3,12,10,臺中市,南屯區,0,2,0,7,2,6,50,4,2,1,5,4,6,6,2,1,1,4,5,2,12,2,9,2,1,C03,7,9,1,10,2,11,,7,7,1,12,2,120.646357,24.13352,2
922,66000,387130000C,(04)23274275,(04)23288582,2025,5,3,12,11,臺中市,南區,0,1,0,7,2,6,50,13,9,1,5,4,6,6,4,4,10,5,5,2,13,3,10,1,1,C03,7,9,1,10,2,14,,7,7,1,12,4,120.654382,24.108057,2
923,66000,387130000C,(04)23274275,(04)23288582,2025,5,3,12,13,臺中市,神岡區,0,1,0,7,2,6,30,3,1,1,5,4,6,6,4,4,10,5,5,1,10,3,10,1,1,C03,7,9,1,10,2,11,,41,41,1,12,4,120.710494,24.256724,2
924,66000,387130000C,(04)23274275,(04)23288582,2025,5,3,12,20,臺中市,東區,0,0,0,7,,,50,,,,,,,,,,,,,,,,,,,B03,,,1,,1,,,40,40,1,6,4,120.6915,24.142768,3
925,66000,387130000C,(04)23274275,(04)23288582,2025,5,3,12,23,臺中市,中區,0,1,0,7,3,6,50,4,1,1,5,4,6,6,2,1,10,5,5,2,17,2,9,1,1,C03,7,6,1,10,2,11,,11,11,1,13,4,120.678698,24.147179,2
926,66000,387130000C,(04)23274275,(04)23288582,2025,5,3,12,29,臺中市,西屯區,0,2,0,7,2,6,50,4,1,1,5,4,6,6,4,4,10,5,5,2,16,2,7,1,4,C03,7,6,1,10,2,14,12,13,13,1,12,4,120.661037,24.167649,2
927,66000,387130000C,(04)23274275,(04)23288582,2025,5,3,12,30,臺中市,太平區,0,1,0,7,3,6,40,13,8,1,5,4,6,6,4,4,5,4,5,2,13,2,9,4,1,F01,7,9,7,21,2,11,,59,59,1,6,4,120.721048,24.151066,2
928,66000,387130000C,(04)23274275,(04)23288582,2025,5,3,12,32,臺中市,南屯區,0,0,0,7,,,50,,,,,,,,,,,,,,12,,,,,B03,,,1,,1,,,84,84,1,12,4,120.622249,24.140265,3
929,66000,387130000C,(04)23274275,(04)23288582,2025,5,3,12,35,臺中市,西屯區,0,0,0,7,,,50,,,,,,,,,,,,,,13,,,,,B12,,,1,,2,,,7,7,1,12,4,120.634845,24.160867,3
930,66000,387130000C,(04)23274275,(04)23288582,2025,5,3,12,36,臺中市,東區,0,0,0,7,,,50,,,,,,,,,,,,,,,,,,,C03,,,1,,1,,,36,36,1,12,4,120.696485,24.138879,3
931,66000,387130000C,(04)23274275,(04)23288582,2025,5,3,12,38,臺中市,西區,0,0,0,7,,,50,,,,,,,,,,,,,,,,,,,C03,,,3,,9,,,84,84,1,13,4,120.670133,24.146631,3
932,66000,387130000C,(04)23274275,(04)23288582,2025,5,3,12,40,臺中市,西屯區,0,0,0,7,,,60,,,,,,,,,,,,,,13,,,,,B12,,,1,,1,,,59,59,1,13,4,120.639069,24.168932,3
933,66000,387130000C,(04)23274275,(04)23288582,2025,5,3,12,40,臺中市,西屯區,0,1,0,7,1,6,40,13,8,1,5,4,6,6,4,4,1,5,5,2,12,3,10,3,1,B03,7,9,1,8,2,2,,8,8,1,12,4,120.610349,24.184832,2
934,66000,387130000C,(04)23274275,(04)23288582,2025,5,3,12,40,臺中市,東勢區,0,1,0,7,2,6,50,13,9,1,5,4,6,6,4,4,9,5,5,1,17,2,8,5,4,C03,7,9,1,10,2,11,,7,7,1,13,4,120.830372,24.250398,2
935,66000,387130000C,(04)23274275,(04)23288582,2025,5,3,12,43,臺中市,西區,0,0,0,7,,,50,,,,,,,,,,,,,,13,,,,,B03,,,1,,1,,,7,7,1,12,4,120.66171,24.150722,3
936,66000,387130000C,(04)23274275,(04)23288582,2025,5,3,12,45,臺中市,東區,0,0,0,7,,,50,,,,,,,,,,,,,,12,,,,,B11,,,1,,1,,,51,51,1,13,4,120.702041,24.140474,3
937,66000,387130000C,(04)23274275,(04)23288582,2025,5,3,12,53,臺中市,北屯區,0,1,0,7,3,6,50,4,1,1,5,4,6,6,2,1,10,5,5,2,15,2,9,3,1,B03,7,9,1,10,2,8,,21,21,1,12,4,120.676832,24.180556,2
938,66000,387130000C,(04)23274275,(04)23288582,2025,5,3,12,56,臺中市,南屯區,0,0,0,7,,,50,,,,,,,,,,,,,,12,,,,,B03,,,1,,2,,,26,26,1,12,4,120.646993,24.148644,3
939,66000,387130000C,(04)23274275,(04)23288582,2025,5,3,13,2,臺中市,南屯區,0,0,0,7,,,50,,,,,,,,,,,,,,,,,,,B03,,,1,,1,,,8,8,1,12,4,120.63363,24.148275,3
940,66000,387130000C,(04)23274275,(04)23288582,2025,5,3,13,2,臺中市,北屯區,0,0,0,6,,,40,,,,,,,,,,,,,,13,,,,,B03,,,1,,2,,,55,55,1,6,4,120.688915,24.20122,3
941,66000,387130000C,(04)23274275,(04)23288582,2025,5,3,13,3,臺中市,北屯區,0,1,0,7,3,6,50,13,9,1,5,4,6,6,4,4,1,4,5,2,13,2,9,2,1,C03,7,9,1,10,2,14,,84,84,1,12,4,120.721773,24.178628,2
942,66000,387130000C,(04)23274275,(04)23288582,2025,5,3,13,5,臺中市,東區,0,1,0,7,2,6,50,13,9,1,5,4,6,6,4,4,5,4,5,2,12,3,10,3,1,B03,7,9,1,8,2,2,,84,84,1,12,4,120.708099,24.133837,2
943,66000,387130000C,(04)23274275,(04)23288582,2025,5,3,13,10,臺中市,南屯區,0,0,0,7,,,50,,,,,,,,,,,,,,17,,,,,C03,,,1,,1,,,51,51,1,12,2,120.637929,24.142614,3
944,66000,387130000C,(04)23274275,(04)23288582,2025,5,3,13,12,臺中市,西區,0,0,0,7,,,50,,,,,,,,,,,,,,,,,,,B01,,,1,,2,,,84,84,1,13,4,120.665757,24.140083,3
945,66000,387130000C,(04)23274275,(04)23288582,2025,5,3,13,13,臺中市,西區,0,1,0,7,3,6,40,4,1,1,5,4,6,6,2,1,10,5,5,2,13,3,10,1,1,C03,7,9,1,10,2,11,,7,7,1,13,4,120.657946,24.158287,2
946,66000,387130000C,(04)23274275,(04)23288582,2025,5,3,13,14,臺中市,西區,0,1,0,7,3,6,40,13,8,1,5,4,6,6,4,4,5,5,4,2,12,3,10,5,1,B03,7,13,1,8,1,4,,76,76,1,13,4,120.663814,24.157226,2
947,66000,387130000C,(04)23274275,(04)23288582,2025,5,3,13,15,臺中市,大雅區,0,0,0,7,,,30,,,,,,,,,,,,,,,,,,,C03,,,1,,2,,,41,41,1,13,4,120.646283,24.234932,3
948,66000,387130000C,(04)23274275,(04)23288582,2025,5,3,13,17,臺中市,北屯區,0,0,0,7,,,50,,,,,,,,,,,,,,13,,,,,A11,,,1,,2,,,82,82,1,6,4,120.657805,24.188429,3
949,66000,387130000C,(04)23274275,(04)23288582,2025,5,3,13,19,臺中市,北屯區,0,0,0,7,,,50,,,,,,,,,,,,,,14,,,,,B03,,,1,,1,,,49,49,1,13,4,120.733569,24.176258,3
950,66000,387130000C,(04)23274275,(04)23288582,2025,5,3,13,22,臺中市,南區,0,0,0,7,,,30,,,,,,,,,,,,,,,,,,,B12,,,1,,1,,,49,49,1,6,4,120.683866,24.127669,3
951,66000,387130000C,(04)23274275,(04)23288582,2025,5,3,13,22,臺中市,豐原區,0,1,0,7,2,6,60,13,14,1,5,4,6,6,4,4,1,3,4,1,17,2,9,2,1,C03,7,9,1,10,2,12,,84,84,1,13,4,120.725812,24.236352,2
952,66000,387130000C,(04)23274275,(04)23288582,2025,5,3,13,24,臺中市,西區,0,1,0,7,2,6,50,4,1,1,5,4,6,6,1,1,10,5,5,2,17,2,9,1,1,C03,7,9,1,10,2,11,,21,21,1,12,4,120.673792,24.134974,2
953,66000,387130000C,(04)23274275,(04)23288582,2025,5,3,13,26,臺中市,大里區,0,0,0,7,,,50,,,,,,,,,,,,,,17,,,,,A11,,,1,,1,,,45,45,1,12,4,120.68715,24.103694,3
954,66000,387130000C,(04)23274275,(04)23288582,2025,5,3,13,27,臺中市,東區,0,1,0,7,2,6,50,3,1,1,5,4,6,6,4,4,10,5,5,2,18,2,9,2,1,C03,7,5,1,10,2,12,,84,84,1,13,4,120.692402,24.132408,2
955,66000,387130000C,(04)23274275,(04)23288582,2025,5,3,13,32,臺中市,南屯區,0,0,0,7,,,50,,,,,,,,,,,,,,,,,,,B03,,,1,,1,,,59,59,1,13,4,120.635711,24.143383,3
956,66000,387130000C,(04)23274275,(04)23288582,2025,5,3,13,33,臺中市,東區,0,1,0,7,2,6,50,4,1,1,5,4,6,6,1,1,5,5,5,2,17,3,10,3,1,B03,7,5,1,8,2,2,,11,11,1,12,4,120.699655,24.144697,2
957,66000,387130000C,(04)23274275,(04)23288582,2025,5,3,13,33,臺中市,豐原區,0,1,0,7,2,6,30,13,9,1,5,4,6,6,4,4,10,5,5,2,17,3,10,5,4,B03,7,1,1,8,2,5,,51,51,1,12,4,120.732809,24.248289,2
958,66000,387130000C,(04)23274275,(04)23288582,2025,5,3,13,35,臺中市,北區,0,1,0,7,3,6,50,4,1,1,5,4,6,6,1,1,5,5,4,2,15,2,8,6,1,F01,7,9,7,21,2,11,,21,21,1,3,4,120.679073,24.171236,2
959,66000,387130000C,(04)23274275,(04)23288582,2025,5,3,13,39,臺中市,西區,0,1,0,7,2,6,50,13,9,1,5,4,6,6,4,4,5,4,5,2,9,3,10,3,1,B03,7,9,1,4,2,2,,84,84,1,12,4,120.661447,24.142109,2
960,66000,387130000C,(04)23274275,(04)23288582,2025,5,3,13,41,臺中市,霧峰區,0,0,0,7,,,50,,,,,,,,,,,,,,17,,,,,B03,,,1,8,1,,,15,15,1,13,4,120.697647,24.063365,3
961,66000,387130000C,(04)23274275,(04)23288582,2025,5,3,13,44,臺中市,大里區,0,0,0,7,2,6,30,13,9,1,5,4,6,6,4,4,10,5,5,2,14,,,,,B03,,,1,,2,,,50,50,1,13,4,120.690017,24.104271,3
962,66000,387130000C,(04)23274275,(04)23288582,2025,5,3,13,45,臺中市,北區,0,0,0,7,,,50,,,,,,,,,,,,,,17,,,,,C03,,,1,,1,,,50,50,1,13,4,120.686121,24.147644,3
963,66000,387130000C,(04)23274275,(04)23288582,2025,5,3,13,46,臺中市,北屯區,0,1,0,7,3,6,50,4,1,1,5,4,6,6,4,4,10,5,5,2,17,2,9,1,1,C03,7,6,3,19,2,12,,34,34,1,12,4,120.687273,24.180156,2
964,66000,387130000C,(04)23274275,(04)23288582,2025,5,3,13,49,臺中市,烏日區,0,1,0,7,2,6,50,4,1,1,5,4,6,6,1,1,10,5,5,2,17,3,10,5,4,B12,7,9,1,8,2,6,,21,21,1,6,4,120.586668,24.11325,2
965,66000,387130000C,(04)23274275,(04)23288582,2025,5,3,13,51,臺中市,東區,0,0,0,7,,,50,,,,,,,,,,,,,,,,,,,B03,,,1,,1,,,8,8,1,6,4,120.692708,24.142719,4
966,66000,387130000C,(04)23274275,(04)23288582,2025,5,3,13,55,臺中市,西屯區,0,0,0,7,,,,,,,,,,,,,,,,,12,,,,,,,,,,,,,119,119,1,,,120.646454,24.164454,3
967,66000,387130000C,(04)23274275,(04)23288582,2025,5,3,13,56,臺中市,北屯區,0,1,0,7,3,6,50,4,1,1,5,4,6,6,2,1,10,5,5,2,12,3,10,1,1,C03,7,9,1,10,2,14,,85,85,1,12,4,120.682168,24.185554,2
968,66000,387130000C,(04)23274275,(04)23288582,2025,5,3,13,59,臺中市,北屯區,0,0,0,7,,,50,,,,,,,,,,,,,,,,,,,B12,,,1,,9,,,7,7,1,12,4,120.741406,24.179711,3
969,66000,387130000C,(04)23274275,(04)23288582,2025,5,3,14,0,臺中市,烏日區,0,1,0,7,2,6,40,13,8,1,5,4,6,6,4,4,1,4,4,2,18,2,9,1,1,C03,7,9,1,10,2,12,,84,84,1,6,4,120.632742,24.110091,2
970,66000,387130000C,(04)23274275,(04)23288582,2025,5,3,14,1,臺中市,西屯區,0,1,0,7,2,6,50,5,1,1,5,4,6,6,1,1,10,5,5,2,16,2,7,1,4,C03,7,9,1,10,2,11,,21,21,1,12,4,120.661908,24.17617,2
971,66000,387130000C,(04)23274275,(04)23288582,2025,5,3,14,4,臺中市,北區,0,1,0,7,3,6,50,3,2,1,5,4,6,6,4,4,5,4,5,2,13,2,9,1,1,C03,7,9,1,10,2,11,,59,59,1,12,4,120.687743,24.149768,2
972,66000,387130000C,(04)23274275,(04)23288582,2025,5,3,14,8,臺中市,南屯區,0,0,0,7,,,50,,,,,,,,,,,,,,,,,,,B03,,,1,,1,,,82,82,1,12,4,120.636553,24.146343,3
973,66000,387130000C,(04)23274275,(04)23288582,2025,5,3,14,12,臺中市,南屯區,0,2,0,7,1,6,50,3,2,1,5,4,6,6,2,1,1,2,1,2,13,2,9,5,4,C03,7,9,1,10,2,11,,59,59,1,13,4,120.634658,24.122407,2
974,66000,387130000C,(04)23274275,(04)23288582,2025,5,3,14,13,臺中市,大甲區,0,1,0,7,3,6,50,4,9,1,5,4,6,6,3,1,5,4,5,1,17,3,10,3,1,B03,7,9,1,8,2,7,,24,24,2,12,4,120.620659,24.345609,2
975,66000,387130000C,(04)23274275,(04)23288582,2025,5,3,14,15,臺中市,北屯區,0,1,0,7,2,6,50,3,1,1,5,4,6,6,2,1,1,3,5,2,18,2,9,2,1,C03,7,6,1,10,2,12,14,59,59,1,13,4,120.678248,24.200795,2
976,66000,387130000C,(04)23274275,(04)23288582,2025,5,3,14,17,臺中市,豐原區,0,1,0,7,2,6,50,13,9,1,5,4,6,6,4,4,5,4,5,1,12,3,10,5,4,B03,7,11,1,8,2,1,,39,39,1,13,4,120.721542,24.271445,2
977,66000,387130000C,(04)23274275,(04)23288582,2025,5,3,14,20,臺中市,南屯區,0,1,0,7,2,6,60,4,1,1,5,4,6,6,2,1,1,2,3,2,17,3,10,3,1,B03,7,9,1,8,2,16,,21,21,1,12,4,120.633248,24.124221,2
978,66000,387130000C,(04)23274275,(04)23288582,2025,5,3,14,30,臺中市,沙鹿區,0,0,0,7,,,30,,,,,,,,,,,,,,16,,,,,B03,,,1,,2,,,48,48,1,12,4,120.564003,24.248465,4
979,66000,387130000C,(04)23274275,(04)23288582,2025,5,3,14,31,臺中市,北屯區,0,0,0,7,,,50,,,,,,,,,,,,,,12,,,,,B03,,,1,,1,,,1,1,1,6,4,120.678618,24.173178,3
980,66000,387130000C,(04)23274275,(04)23288582,2025,5,3,14,32,臺中市,北屯區,0,0,0,7,,,50,,,,,,,,,,,,,,17,,,,,B03,,,1,,1,,,50,50,1,6,4,120.678341,24.173229,3
981,66000,387130000C,(04)23274275,(04)23288582,2025,5,3,14,33,臺中市,南屯區,0,0,0,7,,,50,,,,,,,,,,,,,,13,,,,,B03,,,1,,1,,,7,7,1,6,4,120.651395,24.149933,3
982,66000,387130000C,(04)23274275,(04)23288582,2025,5,3,14,37,臺中市,北區,0,0,0,7,,,50,,,,,,,,,,,,,,17,,,,,B01,,,1,,1,,,84,84,1,12,4,120.683357,24.148311,3
983,66000,387130000C,(04)23274275,(04)23288582,2025,5,3,14,40,臺中市,太平區,0,0,0,7,,,50,,,,,,,,,,,,,,,,,,,B03,,,1,,2,,,58,58,1,6,4,120.723188,24.131929,3
984,66000,387130000C,(04)23274275,(04)23288582,2025,5,3,14,41,臺中市,東區,0,1,0,7,2,6,50,4,1,1,5,4,6,6,1,1,10,5,5,2,8,3,10,3,1,B03,7,2,1,4,1,3,,49,49,1,12,4,120.689091,24.142991,2
985,66000,387130000C,(04)23274275,(04)23288582,2025,5,3,14,41,臺中市,南區,0,0,0,7,,,50,,,,,,,,,,,,,,,,,,,B03,,,1,,2,,,40,40,1,12,4,120.650118,24.120638,3
986,66000,387130000C,(04)23274275,(04)23288582,2025,5,3,14,42,臺中市,西區,0,1,0,7,2,6,50,3,1,1,5,4,6,6,4,4,10,5,5,2,18,2,9,1,1,C03,7,9,6,20,2,14,,84,84,1,12,4,120.657579,24.145784,2
987,66000,387130000C,(04)23274275,(04)23288582,2025,5,3,14,49,臺中市,太平區,0,0,0,7,3,3,80,13,9,1,5,4,6,6,4,4,1,4,5,1,13,3,10,3,1,B03,7,9,1,8,5,1,,53,53,1,12,4,120.716522,24.153574,3
988,66000,387130000C,(04)23274275,(04)23288582,2025,5,3,14,50,臺中市,南屯區,0,0,0,7,,,50,,,,,,,,,,,,,,,,,,,B03,,,1,,1,,,7,7,1,13,4,120.634792,24.143695,3
989,66000,387130000C,(04)23274275,(04)23288582,2025,5,3,14,52,臺中市,東區,0,0,0,7,,,50,,,,,,,,,,,,,,12,,,,,B03,,,1,,1,,,84,84,1,13,4,120.701604,24.141925,3
990,66000,387130000C,(04)23274275,(04)23288582,2025,5,3,14,52,臺中市,沙鹿區,0,0,0,7,,,60,,,,,,,,,,,,,,13,,,,,B03,,,1,,1,,,84,84,1,6,4,120.580211,24.216194,3
991,66000,387130000C,(04)23274275,(04)23288582,2025,5,3,14,53,臺中市,北屯區,0,0,0,7,,,50,,,,,,,,,,,,,,12,,,,,C03,,,1,,1,,,59,59,1,12,4,120.693141,24.162912,3
992,66000,387130000C,(04)23274275,(04)23288582,2025,5,3,14,59,臺中市,太平區,0,0,0,7,,,50,,,,,,,,,,,,,,13,,,,,C01,,,1,,1,,,7,7,1,6,4,120.711492,24.149869,3
993,66000,387130000C,(04)23274275,(04)23288582,2025,5,3,14,59,臺中市,豐原區,0,0,0,7,,,50,,,,,,,,,,,,,,16,,,,,B03,,,1,,2,,,51,51,1,13,4,120.726871,24.245399,3
994,66000,387130000C,(04)23274275,(04)23288582,2025,5,3,15,0,臺中市,北區,0,0,0,7,,,50,,,,,,,,,,,,,,13,,,,,B03,,,1,,1,,,8,8,1,13,4,120.664943,24.165071,3
995,66000,387130000C,(04)23274275,(04)23288582,2025,5,3,15,2,臺中市,太平區,0,1,0,7,2,6,30,3,1,1,5,4,6,6,4,4,10,5,5,2,18,2,9,5,4,C03,7,6,1,10,2,14,,59,59,1,6,4,120.717272,24.112125,2
996,66000,387130000C,(04)23274275,(04)23288582,2025,5,3,15,12,臺中市,太平區,0,0,0,7,,,40,,,,,,,,,,,,,,17,,,,,,,,,,,,,86,86,1,,,120.715578,24.150776,3
997,66000,387130000C,(04)23274275,(04)23288582,2025,5,3,15,12,臺中市,梧棲區,0,1,0,7,3,6,50,13,12,1,5,4,6,6,4,4,1,4,4,1,17,3,10,3,1,B02,7,1,1,16,2,4,,51,51,1,6,4,120.53189,24.260432,2
998,66000,387130000C,(04)23274275,(04)23288582,2025,5,3,15,14,臺中市,西屯區,0,0,0,7,,,40,,,,,,,,,,,,,,13,,,,,B03,,,1,,2,,,7,7,1,13,4,120.635967,24.182038,3
999,66000,387130000C,(04)23274275,(04)23288582,2025,5,3,15,14,臺中市,后里區,0,0,0,7,,,50,,,,,,,,,,,,,,14,,,,,B03,,,1,,2,,,49,49,1,12,4,120.720487,24.29104,3
1000,66000,387130000C,(04)23274275,(04)23288582,2025,5,3,15,21,臺中市,霧峰區,0,0,0,7,,,30,,,,,,,,,,,,,,,,,,,B03,,,1,,2,,,8,8,1,12,4,120.687842,24.043982,3
1001,66000,387130000C,(04)23274275,(04)23288582,2025,5,3,15,24,臺中市,龍井區,0,1,0,7,2,6,50,3,1,1,5,4,6,6,4,4,5,5,5,1,14,3,10,5,4,B03,7,2,1,8,2,7,,49,49,1,12,4,120.587157,24.189661,2
1002,66000,387130000C,(04)23274275,(04)23288582,2025,5,3,15,27,臺中市,烏日區,0,0,0,7,,,50,,,,,,,,,,,,,,,,,,,B03,,,1,,1,,,7,7,1,13,4,120.6167,24.113795,3
1003,66000,387130000C,(04)23274275,(04)23288582,2025,5,3,15,29,臺中市,清水區,0,0,0,7,,,50,,,,,,,,,,,,,,,,,,,B03,,,1,,2,,,49,49,1,12,4,120.560225,24.277402,3
1004,66000,387130000C,(04)23274275,(04)23288582,2025,5,3,15,30,臺中市,南區,0,1,0,7,2,6,50,4,1,1,5,4,6,6,4,4,10,5,5,2,17,3,10,1,1,C03,7,1,1,10,2,11,,51,51,1,12,4,120.673584,24.12602,2
1005,66000,387130000C,(04)23274275,(04)23288582,2025,5,3,15,34,臺中市,西屯區,0,0,0,7,,,40,,,,,,,,,,,,,,11,,,,,C03,,,1,,1,,,8,8,1,12,4,120.646396,24.182259,3
1006,66000,387130000C,(04)23274275,(04)23288582,2025,5,3,15,37,臺中市,北區,0,0,0,7,,,50,,,,,,,,,,,,,,13,,,,,C03,,,1,,2,,,59,59,1,12,4,120.677067,24.153095,3
1007,66000,387130000C,(04)23274275,(04)23288582,2025,5,3,15,41,臺中市,北屯區,0,0,0,7,,,50,,,,,,,,,,,,,,,,,,,C03,,,1,,1,,,7,7,1,12,4,120.713043,24.182528,3
1008,66000,387130000C,(04)23274275,(04)23288582,2025,5,3,15,42,臺中市,西屯區,0,0,0,7,,,50,,,,,,,,,,,,,,14,,,,,A11,,,1,,2,,,50,50,1,12,4,120.652995,24.156501,4
1009,66000,387130000C,(04)23274275,(04)23288582,2025,5,3,15,43,臺中市,神岡區,0,0,0,7,,,30,,,,,,,,,,,,,,17,,,,,B03,,,1,,2,,,49,49,1,6,4,120.698048,24.27481,3
1010,66000,387130000C,(04)23274275,(04)23288582,2025,5,3,15,50,臺中市,東區,0,0,0,7,,,50,,,,,,,,,,,,,,12,,,,,C03,,,5,,7,,,8,8,1,12,4,120.700919,24.145006,3
1011,66000,387130000C,(04)23274275,(04)23288582,2025,5,3,15,52,臺中市,西區,0,0,0,7,,,50,,,,,,,,,,,,,,,,,,,C03,,,1,,1,,,49,49,1,12,4,120.660236,24.146537,3
1012,66000,387130000C,(04)23274275,(04)23288582,2025,5,3,15,53,臺中市,西屯區,0,1,0,7,2,6,50,13,9,1,5,4,6,6,4,4,5,4,5,2,16,3,10,5,4,B03,7,11,1,8,2,8,,45,45,1,13,4,120.618357,24.187048,2
1013,66000,387130000C,(04)23274275,(04)23288582,2025,5,3,15,56,臺中市,潭子區,0,1,0,7,2,6,80,13,7,1,5,4,6,6,4,4,1,3,5,1,13,3,10,3,1,B03,7,9,1,8,2,1,,84,84,1,12,4,120.708092,24.200653,2