序號,縣市別代碼,機關代碼,市話,傳真,年,月,日,時,分,縣市,區,死亡數量,受傷數量,2-30,天候,道路照明設備,道路類別,道路速限,道路型態,事故位置,路面鋪裝,路面狀態,路面缺陷,障礙物,視距,號誌種類,號誌動作,分向設施,快車道或一般車道間,快慢車道間,路面邊線,事故類型及型態,受傷程度,主要傷處,保護裝備,行動電話或功能裝置,當事者區分(類別),車輛用途,當事者行動狀態,駕照狀態,駕照種類,飲酒情形,車輛撞擊部位最初,車輛撞擊部位其他,肇事因素個別,肇事因素主要,肇事逃逸,職業,共享經濟或外送平台,GPS座標X,GPS座標Y,事故類別
1238,66000,387130000C,(04)23274275,(04)23288582,2025,5,4,13,20,臺中市,沙鹿區,0,1,0,7,2,6,50,3,2,1,5,4,6,6,4,4,5,5,5,2,30,,,,,,,,,,,,,119,119,1,,,120.572432,24.229611,2
1239,66000,387130000C,(04)23274275,(04)23288582,2025,5,4,13,28,臺中市,潭子區,0,0,0,7,,,50,,,,,,,,,,,,,,14,,,,,B03,,,1,,2,,,49,49,1,12,4,120.692494,24.218252,3
1240,66000,387130000C,(04)23274275,(04)23288582,2025,5,4,13,30,臺中市,豐原區,0,1,0,7,2,6,30,13,9,1,5,4,6,6,4,4,10,5,5,2,30,2,9,2,1,C03,7,9,1,10,2,12,,84,84,1,13,4,120.717066,24.252843,2
1241,66000,387130000C,(04)23274275,(04)23288582,2025,5,4,13,35,臺中市,大里區,0,1,0,7,2,6,30,4,1,1,5,4,6,6,4,4,10,5,5,2,15,2,9,1,1,C03,7,9,1,10,2,12,,15,15,1,12,4,120.693682,24.1078,2
1242,66000,387130000C,(04)23274275,(04)23288582,2025,5,4,13,44,臺中市,南區,0,1,0,7,3,6,50,4,1,1,5,4,6,6,1,1,10,5,5,2,16,3,10,5,4,B12,7,5,1,8,2,2,,11,11,1,12,4,120.666731,24.114148,2
1243,66000,387130000C,(04)23274275,(04)23288582,2025,5,4,13,44,臺中市,太平區,0,0,0,7,,,50,,,,,,,,,,,,,,12,,,,,B03,,,1,,2,,,8,8,1,6,4,120.700083,24.151529,3
1244,66000,387130000C,(04)23274275,(04)23288582,2025,5,4,13,48,臺中市,東勢區,0,2,0,7,2,6,50,3,1,1,5,4,6,6,4,4,10,5,5,2,17,3,10,3,1,B03,7,5,1,8,2,6,,20,20,1,12,4,120.830256,24.250795,2
1245,66000,387130000C,(04)23274275,(04)23288582,2025,5,4,13,50,臺中市,南屯區,0,0,0,7,,,50,,,,,,,,,,,,,,,,,,,B03,,,1,,1,,,59,59,1,13,4,120.639411,24.142065,3
1246,66000,387130000C,(04)23274275,(04)23288582,2025,5,4,13,57,臺中市,西屯區,0,2,0,7,1,6,50,3,1,1,5,4,6,6,1,1,10,5,5,1,13,2,3,3,1,B03,7,9,1,8,2,1,,59,59,1,12,4,120.657326,24.196679,2
1247,66000,387130000C,(04)23274275,(04)23288582,2025,5,4,14,4,臺中市,西屯區,0,0,0,7,,,50,,,,,,,,,,,,,,13,,,,,B03,,,1,,1,,,58,58,1,13,4,120.645252,24.162866,3
1248,66000,387130000C,(04)23274275,(04)23288582,2025,5,4,14,7,臺中市,中區,0,1,0,7,2,6,50,4,1,1,5,4,6,6,1,1,10,5,5,2,18,2,9,2,1,C03,7,9,1,10,2,14,,84,84,1,12,4,120.679805,24.146183,2
1249,66000,387130000C,(04)23274275,(04)23288582,2025,5,4,14,12,臺中市,霧峰區,0,0,0,7,,,80,,,,,,,,,,,,,,,,,,,B03,,,1,,2,,,7,7,1,6,4,120.684995,24.075295,3
1250,66000,387130000C,(04)23274275,(04)23288582,2025,5,4,14,15,臺中市,北屯區,0,1,0,7,2,6,50,4,1,1,5,4,6,6,1,1,10,5,5,2,18,2,9,1,1,C03,7,12,1,10,2,12,,85,85,1,6,4,120.705774,24.19258,2
1251,66000,387130000C,(04)23274275,(04)23288582,2025,5,4,14,17,臺中市,太平區,0,1,0,7,2,6,30,3,1,1,5,4,6,6,4,4,10,5,5,2,16,3,10,3,1,B03,7,6,1,8,2,1,,84,84,1,12,4,120.729215,24.108959,2
1252,66000,387130000C,(04)23274275,(04)23288582,2025,5,4,14,23,臺中市,北屯區,0,0,0,7,,,50,,,,,,,,,,,,,,,,,,,B03,,,1,,1,,,50,50,1,12,4,120.730344,24.176761,3
1253,66000,387130000C,(04)23274275,(04)23288582,2025,5,4,14,24,臺中市,龍井區,0,0,0,7,,,50,,,,,,,,,,,,,,,,,,,B03,,,1,,2,,,20,20,1,6,4,120.546154,24.194032,3
1254,66000,387130000C,(04)23274275,(04)23288582,2025,5,4,14,28,臺中市,龍井區,0,2,0,7,3,6,60,13,9,1,5,4,6,6,4,4,2,5,5,1,13,3,10,3,1,B03,7,9,1,8,2,1,,7,7,1,6,4,120.525418,24.224955,2
1255,66000,387130000C,(04)23274275,(04)23288582,2025,5,4,14,30,臺中市,西區,0,1,0,7,3,6,50,4,1,1,5,4,6,6,2,1,10,5,5,2,1,3,10,3,1,B01,7,5,1,4,9,2,,84,84,1,13,4,120.655131,24.15079,2
1256,66000,387130000C,(04)23274275,(04)23288582,2025,5,4,14,32,臺中市,西屯區,0,0,0,7,,,50,,,,,,,,,,,,,,17,,,,,B13,,,1,,1,,,76,76,1,12,4,120.637023,24.172144,3
1257,66000,387130000C,(04)23274275,(04)23288582,2025,5,4,14,33,臺中市,大里區,0,4,0,7,3,6,30,3,1,1,5,4,6,6,4,4,10,5,5,2,16,2,9,1,1,C03,7,6,1,10,2,11,,14,14,1,6,4,120.658476,24.09994,2
1258,66000,387130000C,(04)23274275,(04)23288582,2025,5,4,14,34,臺中市,西區,0,0,0,7,,,50,,,,,,,,,,,,,,,,,,,,,,,,,,,85,85,1,,,120.660272,24.153501,3
1259,66000,387130000C,(04)23274275,(04)23288582,2025,5,4,14,34,臺中市,北屯區,0,1,0,7,2,6,50,4,1,1,5,4,6,6,4,4,10,5,5,2,15,3,10,1,1,C03,7,9,1,10,2,11,,15,15,1,12,4,120.694094,24.178054,2
1260,66000,387130000C,(04)23274275,(04)23288582,2025,5,4,14,35,臺中市,太平區,0,0,0,7,,,30,,,,,,,,,,,,,,1,,,,,B03,,,1,,2,,,7,7,1,12,4,120.717254,24.122938,3
1261,66000,387130000C,(04)23274275,(04)23288582,2025,5,4,14,36,臺中市,北屯區,0,1,0,7,3,6,50,4,2,1,5,4,6,6,1,1,5,5,5,2,13,2,7,1,1,C03,7,9,1,10,1,11,,7,7,1,12,4,120.70521,24.168253,2
1262,66000,387130000C,(04)23274275,(04)23288582,2025,5,4,14,38,臺中市,東勢區,0,0,0,7,,,60,,,,,,,,,,,,,,13,,,,,B03,,,1,,2,,,84,84,1,13,4,120.83709,24.219349,3
1263,66000,387130000C,(04)23274275,(04)23288582,2025,5,4,14,50,臺中市,南區,0,2,0,7,3,6,0,18,21,1,5,4,6,6,4,4,10,5,5,2,9,2,9,5,4,C03,7,9,1,10,2,11,,29,29,1,6,4,120.657468,24.133669,2
1264,66000,387130000C,(04)23274275,(04)23288582,2025,5,4,14,56,臺中市,大里區,0,0,0,7,,,50,,,,,,,,,,,,,,17,,,,,B03,,,1,8,2,,,84,84,1,13,4,120.694404,24.095435,3
1265,66000,387130000C,(04)23274275,(04)23288582,2025,5,4,14,58,臺中市,北屯區,0,0,0,7,,,50,,,,,,,,,,,,,,,,,,,B03,,,1,,1,,,84,84,1,12,4,120.659981,24.192768,3
1266,66000,387130000C,(04)23274275,(04)23288582,2025,5,4,15,0,臺中市,南屯區,0,1,0,7,1,6,60,4,1,1,5,4,6,6,2,1,10,5,5,2,13,3,10,3,1,B03,7,9,1,8,1,1,,7,7,1,6,4,120.631748,24.125647,2
1267,66000,387130000C,(04)23274275,(04)23288582,2025,5,4,15,2,臺中市,大里區,0,2,0,7,3,6,50,4,1,1,5,4,6,6,1,1,5,5,5,1,17,2,9,1,1,C03,7,1,1,10,2,14,,51,51,1,13,4,120.703553,24.111115,2
1268,66000,387130000C,(04)23274275,(04)23288582,2025,5,4,15,3,臺中市,太平區,0,3,0,7,3,6,40,13,9,1,5,4,6,6,4,4,4,4,5,1,18,2,9,1,1,C03,7,9,1,10,2,12,,84,84,1,5,4,120.816187,24.090379,2
1269,66000,387130000C,(04)23274275,(04)23288582,2025,5,4,15,5,臺中市,南屯區,0,0,0,7,,,50,,,,,,,,,,,,,,,,,,,C03,,,1,,1,,,84,84,1,12,4,120.628798,24.121738,3
1270,66000,387130000C,(04)23274275,(04)23288582,2025,5,4,15,6,臺中市,南屯區,0,1,0,7,2,6,40,4,2,1,5,4,6,6,2,1,5,5,4,2,17,2,9,1,1,C03,7,9,1,10,2,16,,59,59,1,6,4,120.63311,24.127978,2
1271,66000,387130000C,(04)23274275,(04)23288582,2025,5,4,15,8,臺中市,清水區,0,1,0,7,3,6,30,18,9,1,5,4,6,6,4,4,10,5,5,2,17,2,9,4,1,F01,7,5,7,21,2,11,,20,20,1,12,4,120.545592,24.263329,2
1272,66000,387130000C,(04)23274275,(04)23288582,2025,5,4,15,10,臺中市,北屯區,0,2,0,7,2,6,50,3,1,1,5,4,6,6,3,1,10,5,5,2,12,3,10,3,1,B03,7,9,1,8,2,5,,56,56,1,12,4,120.704034,24.169715,2
1273,66000,387130000C,(04)23274275,(04)23288582,2025,5,4,15,10,臺中市,豐原區,0,1,0,7,1,6,50,3,2,1,5,4,6,6,1,1,1,4,5,1,17,2,9,1,1,C02,7,9,1,9,2,14,,84,84,1,6,4,120.722438,24.27744,2
1274,66000,387130000C,(04)23274275,(04)23288582,2025,5,4,15,12,臺中市,大里區,0,0,0,7,,,50,,,,,,,,,,,,,,12,,,,,B03,,,1,,2,,,40,40,1,13,4,120.688808,24.119805,3
1275,66000,387130000C,(04)23274275,(04)23288582,2025,5,4,15,15,臺中市,潭子區,0,0,0,7,,,50,,,,,,,,,,,,,,,,,,,B12,,,1,,2,,,40,40,1,13,4,120.72113,24.222743,3
1276,66000,387130000C,(04)23274275,(04)23288582,2025,5,4,15,25,臺中市,北區,0,0,0,7,,,50,,,,,,,,,,,,,,17,,,,,C03,,,1,,1,,,87,87,1,13,4,120.670498,24.172726,3
1277,66000,387130000C,(04)23274275,(04)23288582,2025,5,4,15,25,臺中市,神岡區,0,1,0,7,3,6,50,13,9,1,5,4,6,6,4,4,9,4,4,1,16,3,10,3,1,B12,7,11,1,8,2,7,,45,45,1,13,4,120.666157,24.257906,2
1278,66000,387130000C,(04)23274275,(04)23288582,2025,5,4,15,30,臺中市,石岡區,0,4,0,7,2,6,50,3,1,1,5,4,6,6,4,4,10,5,5,2,17,2,9,2,1,C03,7,6,1,10,2,14,,65,65,1,12,4,120.815852,24.259472,2
1279,66000,387130000C,(04)23274275,(04)23288582,2025,5,4,15,32,臺中市,南屯區,0,0,0,7,,,50,,,,,,,,,,,,,,,,,,,C03,,,1,,1,,,8,8,1,13,4,120.653258,24.128767,3
1280,66000,387130000C,(04)23274275,(04)23288582,2025,5,4,15,34,臺中市,大里區,0,0,0,7,,,30,,,,,,,,,,,,,,11,,,,,C03,,,3,,2,,,8,8,1,13,4,120.686867,24.114408,3
1281,66000,387130000C,(04)23274275,(04)23288582,2025,5,4,15,35,臺中市,烏日區,0,0,0,7,,,50,,,,,,,,,,,,,,,,,,,B03,,,3,,2,,,20,20,1,13,4,120.63906,24.096508,3
1282,66000,387130000C,(04)23274275,(04)23288582,2025,5,4,15,41,臺中市,豐原區,0,2,0,7,2,6,60,5,4,1,5,4,6,6,1,1,1,4,5,1,13,2,8,2,1,C03,7,9,1,10,2,11,,58,58,1,13,4,120.710351,24.237475,2
1283,66000,387130000C,(04)23274275,(04)23288582,2025,5,4,15,42,臺中市,東區,0,0,0,7,,,40,,,,,,,,,,,,,,18,,,,,,,,,,,,,119,119,1,,,120.701722,24.138754,3
1284,66000,387130000C,(04)23274275,(04)23288582,2025,5,4,15,43,臺中市,西屯區,0,0,0,7,,,60,,,,,,,,,,,,,,13,,,,,B03,,,1,,1,,,7,7,1,13,4,120.648776,24.163152,3
1285,66000,387130000C,(04)23274275,(04)23288582,2025,5,4,15,45,臺中市,烏日區,0,1,0,7,2,6,40,3,8,1,5,4,6,6,4,4,1,4,4,1,13,2,9,1,1,C03,7,9,1,10,2,11,,7,7,1,6,4,120.612448,24.10732,2
1286,66000,387130000C,(04)23274275,(04)23288582,2025,5,4,15,46,臺中市,大里區,0,2,0,7,2,6,50,11,9,1,5,4,6,6,4,4,4,3,5,1,17,2,9,2,1,C03,7,9,1,10,2,11,,59,59,1,6,4,120.690397,24.089521,2
1287,66000,387130000C,(04)23274275,(04)23288582,2025,5,4,15,47,臺中市,石岡區,0,2,0,7,2,6,70,3,1,1,5,4,6,6,3,1,1,4,4,1,16,3,10,5,4,B03,7,5,1,8,2,2,,11,11,1,13,4,120.767405,24.275976,2
1288,66000,387130000C,(04)23274275,(04)23288582,2025,5,4,15,56,臺中市,北屯區,0,1,0,7,2,6,50,4,1,1,5,4,6,6,1,1,1,5,5,2,17,3,10,3,1,B03,7,5,1,8,2,6,,11,11,1,12,4,120.677514,24.183423,2
1289,66000,387130000C,(04)23274275,(04)23288582,2025,5,4,15,57,臺中市,北屯區,0,1,0,7,2,6,50,13,9,1,5,4,6,6,4,4,1,4,5,2,12,3,10,3,1,B03,7,7,1,8,2,5,,84,84,1,6,4,120.685383,24.174411,2
1290,66000,387130000C,(04)23274275,(04)23288582,2025,5,4,16,4,臺中市,西屯區,0,3,0,7,2,6,50,4,1,1,5,4,6,6,1,1,8,3,4,1,16,2,9,5,4,C03,7,6,1,10,2,14,,84,84,1,13,4,120.635324,24.167208,2
1291,66000,387130000C,(04)23274275,(04)23288582,2025,5,4,16,8,臺中市,南區,0,0,0,7,,,50,,,,,,,,,,,,,,16,,,,,B03,,,1,,2,,,11,11,1,12,4,120.67029,24.114849,3
1292,66000,387130000C,(04)23274275,(04)23288582,2025,5,4,16,9,臺中市,西屯區,0,0,0,7,,,40,,,,,,,,,,,,,,17,,,,,B03,,,1,,2,,,84,84,1,12,4,120.656858,24.163993,3
1293,66000,387130000C,(04)23274275,(04)23288582,2025,5,4,16,10,臺中市,南屯區,0,0,0,7,,,50,,,,,,,,,,,,,,,,,,,B03,,,1,,1,,,51,51,1,6,4,120.653018,24.131277,3
1294,66000,387130000C,(04)23274275,(04)23288582,2025,5,4,16,20,臺中市,南屯區,0,0,0,7,,,50,,,,,,,,,,,,,,,,,,,B03,,,1,,1,,,7,7,1,12,4,120.646808,24.148836,3
1295,66000,387130000C,(04)23274275,(04)23288582,2025,5,4,16,28,臺中市,烏日區,0,1,0,7,2,6,60,13,9,1,5,4,6,6,4,4,1,4,5,1,12,3,10,3,1,B03,7,1,1,8,2,5,,51,51,1,6,4,120.641899,24.109132,2
1296,66000,387130000C,(04)23274275,(04)23288582,2025,5,4,16,37,臺中市,大肚區,0,0,0,6,,,30,,,,,,,,,,,,,,,,,,,B03,,,1,,2,,,49,49,1,6,4,120.562461,24.124632,3
1297,66000,387130000C,(04)23274275,(04)23288582,2025,5,4,16,38,臺中市,大里區,0,1,0,7,2,6,30,4,1,1,5,4,6,6,4,4,10,5,5,2,13,3,10,1,1,C03,7,9,1,10,2,11,,7,7,1,6,4,120.701842,24.091866,2
1298,66000,387130000C,(04)23274275,(04)23288582,2025,5,4,16,38,臺中市,神岡區,0,0,0,7,,,50,,,,,,,,,,,,,,17,,,,,B03,,,1,,1,,,8,8,1,6,4,120.698916,24.249015,3
1299,66000,387130000C,(04)23274275,(04)23288582,2025,5,4,16,40,臺中市,沙鹿區,0,1,0,7,2,6,50,4,1,1,5,4,6,6,4,4,5,5,5,2,15,3,10,3,1,B03,7,9,5,19,2,1,,12,12,1,12,4,120.563786,24.242905,2
1300,66000,387130000C,(04)23274275,(04)23288582,2025,5,4,16,40,臺中市,豐原區,0,0,0,7,,,50,,,,,,,,,,,,,,17,,,,,B03,,,1,,2,,,50,50,1,6,4,120.728146,24.250642,3
1301,66000,387130000C,(04)23274275,(04)23288582,2025,5,4,16,43,臺中市,豐原區,0,3,0,7,2,6,50,5,1,1,5,4,6,6,1,1,1,4,5,1,16,2,7,5,4,B03,7,6,1,8,2,2,,25,25,1,13,4,120.728571,24.276494,2
1302,66000,387130000C,(04)23274275,(04)23288582,2025,5,4,16,46,臺中市,西屯區,0,0,0,7,,,50,,,,,,,,,,,,,,13,,,,,B03,,,1,,2,,,59,59,1,12,4,120.659684,24.192971,3
1303,66000,387130000C,(04)23274275,(04)23288582,2025,5,4,16,46,臺中市,烏日區,0,1,0,7,2,6,50,4,1,1,5,4,6,6,1,1,10,5,5,2,17,3,10,5,4,B03,7,5,1,8,2,2,,11,11,1,12,4,120.627608,24.110178,2
1304,66000,387130000C,(04)23274275,(04)23288582,2025,5,4,16,54,臺中市,北屯區,0,0,0,7,,,50,,,,,,,,,,,,,,17,,,,,B03,,,1,,2,,,39,39,1,12,4,120.68624,24.188258,3
1305,66000,387130000C,(04)23274275,(04)23288582,2025,5,4,16,55,臺中市,中區,0,0,0,7,,,50,,,,,,,,,,,,,,,,,,,C03,,,1,,2,,,84,84,1,12,4,120.676053,24.141313,3
1306,66000,387130000C,(04)23274275,(04)23288582,2025,5,4,16,56,臺中市,南區,0,0,0,7,,,50,,,,,,,,,,,,,,13,,,,,B03,,,1,,2,,,7,7,1,6,4,120.664484,24.127724,3
1307,66000,387130000C,(04)23274275,(04)23288582,2025,5,4,16,56,臺中市,南屯區,0,0,0,7,,,50,,,,,,,,,,,,,,17,,,,,B03,,,1,,2,,,51,51,1,6,4,120.647673,24.133528,3
1308,66000,387130000C,(04)23274275,(04)23288582,2025,5,4,16,56,臺中市,沙鹿區,0,0,0,7,,,50,,,,,,,,,,,,,,13,,,,,B03,,,1,,2,,,7,7,1,12,4,120.569623,24.219607,3
1309,66000,387130000C,(04)23274275,(04)23288582,2025,5,4,16,57,臺中市,大雅區,0,0,0,7,,,50,,,,,,,,,,,,,,,,,,,B03,,,1,,1,,,59,59,1,13,4,120.669589,24.22252,3
1310,66000,387130000C,(04)23274275,(04)23288582,2025,5,4,17,0,臺中市,烏日區,0,0,0,7,,,30,,,,,,,,,,,,,,13,,,,,B03,,,1,,1,,,7,7,1,6,4,120.616684,24.113986,3
1311,66000,387130000C,(04)23274275,(04)23288582,2025,5,4,17,7,臺中市,東區,0,0,0,7,,,50,,,,,,,,,,,,,,13,,,,,B02,,,1,,1,,,7,7,1,12,4,120.683223,24.134586,3
1312,66000,387130000C,(04)23274275,(04)23288582,2025,5,4,17,12,臺中市,大里區,0,1,0,7,3,6,50,13,9,1,5,4,6,6,4,4,5,4,5,1,13,2,9,5,4,C03,7,9,3,19,2,11,,7,7,1,13,4,120.690803,24.109874,2
1313,66000,387130000C,(04)23274275,(04)23288582,2025,5,4,17,15,臺中市,新社區,0,0,0,7,,,50,,,,,,,,,,,,,,,,,,,B12,,,1,,9,,,8,8,1,12,4,120.804265,24.195884,3
1314,66000,387130000C,(04)23274275,(04)23288582,2025,5,4,17,18,臺中市,南區,0,0,0,7,,,50,,,,,,,,,,,,,,17,,,,,C03,,,1,,2,,,50,50,1,13,4,120.666677,24.116921,3
1315,66000,387130000C,(04)23274275,(04)23288582,2025,5,4,17,20,臺中市,西屯區,0,0,0,7,,,50,,,,,,,,,,,,,,12,,,,,C03,,,3,,1,,,8,8,1,12,4,120.636528,24.170784,3
1316,66000,387130000C,(04)23274275,(04)23288582,2025,5,4,17,20,臺中市,太平區,0,3,0,7,3,6,30,3,1,1,5,4,6,6,4,4,10,5,5,2,16,2,9,1,1,C03,7,6,1,10,2,11,,12,12,1,6,4,120.703644,24.112422,2
1317,66000,387130000C,(04)23274275,(04)23288582,2025,5,4,17,25,臺中市,東區,0,0,0,7,,,50,,,,,,,,,,,,,,12,,,,,B03,,,1,,2,,,84,84,1,12,4,120.704562,24.142751,3
1318,66000,387130000C,(04)23274275,(04)23288582,2025,5,4,17,29,臺中市,大里區,0,0,0,7,,,50,,,,,,,,,,,,,,13,,,,,B03,,,3,,2,,,59,59,1,13,4,120.696884,24.111747,3
1319,66000,387130000C,(04)23274275,(04)23288582,2025,5,4,17,34,臺中市,外埔區,0,2,0,7,2,6,40,3,9,1,5,4,6,6,4,4,4,3,4,1,11,2,9,1,1,C03,7,6,1,10,2,11,,14,14,1,12,4,120.637898,24.342259,2
1320,66000,387130000C,(04)23274275,(04)23288582,2025,5,4,17,42,臺中市,大里區,0,1,0,7,3,6,50,4,1,1,5,4,6,6,1,1,3,4,4,1,16,2,8,5,4,C03,7,6,1,10,2,11,,11,11,1,13,4,120.682412,24.100469,2
1321,66000,387130000C,(04)23274275,(04)23288582,2025,5,4,17,44,臺中市,清水區,0,2,0,7,3,6,40,13,8,1,5,4,6,6,4,4,1,4,3,1,23,2,9,1,1,C03,7,9,1,10,2,14,,59,59,1,12,4,120.577094,24.300361,2
1322,66000,387130000C,(04)23274275,(04)23288582,2025,5,4,17,44,臺中市,外埔區,0,0,0,6,,,50,,,,,,,,,,,,,,,,,,,B03,,,1,,2,,,20,20,1,12,4,120.658145,24.327193,3
1323,66000,387130000C,(04)23274275,(04)23288582,2025,5,4,17,46,臺中市,北區,0,0,0,7,,,40,,,,,,,,,,,,,,17,,,,,B03,,,1,,9,,,8,8,2,13,4,120.673323,24.16745,3
1324,66000,387130000C,(04)23274275,(04)23288582,2025,5,4,17,47,臺中市,大里區,0,1,0,7,3,6,50,13,9,1,5,4,6,6,4,4,5,4,5,1,17,3,10,3,1,B03,7,12,1,8,2,7,,84,84,1,13,4,120.673348,24.114658,2
1325,66000,387130000C,(04)23274275,(04)23288582,2025,5,4,17,48,臺中市,西區,0,0,0,7,,,50,,,,,,,,,,,,,,,,,,,C03,,,1,,9,,,84,84,1,13,4,120.662162,24.155201,3
1326,66000,387130000C,(04)23274275,(04)23288582,2025,5,4,17,50,臺中市,西區,0,1,0,7,2,6,50,4,1,1,5,4,6,6,1,1,10,5,5,2,16,3,10,5,4,B02,7,6,1,8,2,2,,11,11,1,13,4,120.656751,24.146718,2
1327,66000,387130000C,(04)23274275,(04)23288582,2025,5,4,17,51,臺中市,北區,0,2,0,7,2,6,30,13,9,1,5,4,6,6,4,4,10,5,5,2,17,2,7,5,4,C03,7,15,1,9,2,12,,84,84,1,12,4,120.68473,24.154704,2
1328,66000,387130000C,(04)23274275,(04)23288582,2025,5,4,17,55,臺中市,霧峰區,0,0,0,7,,,50,,,,,,,,,,,,,,17,,,,,B03,,,1,,1,,,8,8,1,6,4,120.697664,24.06372,3
1329,66000,387130000C,(04)23274275,(04)23288582,2025,5,4,18,0,臺中市,中區,0,0,0,7,,,50,,,,,,,,,,,,,,,,,,,B03,,,1,,1,,,51,51,1,13,4,120.683635,24.139473,3
1330,66000,387130000C,(04)23274275,(04)23288582,2025,5,4,18,2,臺中市,大里區,0,1,0,7,2,6,40,3,1,1,5,4,6,6,4,4,10,5,5,2,17,3,10,3,1,B03,7,5,1,8,2,8,,84,84,1,12,4,120.702512,24.081382,2
1331,66000,387130000C,(04)23274275,(04)23288582,2025,5,4,18,3,臺中市,豐原區,0,2,0,7,3,6,50,4,1,1,5,4,6,6,3,1,5,2,5,1,15,2,9,1,1,C03,7,9,1,10,2,14,,24,24,1,12,4,120.713187,24.255209,2
1332,66000,387130000C,(04)23274275,(04)23288582,2025,5,4,18,6,臺中市,烏日區,0,0,0,7,,,50,,,,,,,,,,,,,,9,,,,,B03,,,1,,2,,,50,50,1,6,4,120.621519,24.106595,3
1333,66000,387130000C,(04)23274275,(04)23288582,2025,5,4,18,7,臺中市,南區,0,0,0,7,,,50,,,,,,,,,,,,,,16,,,,,B03,,,1,,1,,,47,47,1,6,4,120.651735,24.119174,3
1334,66000,387130000C,(04)23274275,(04)23288582,2025,5,4,18,10,臺中市,梧棲區,0,0,0,7,,,50,,,,,,,,,,,,,,14,,,,,B12,,,1,,2,,,49,49,1,6,4,120.529455,24.254199,3
1335,66000,387130000C,(04)23274275,(04)23288582,2025,5,4,18,12,臺中市,豐原區,0,1,0,7,2,6,50,4,1,1,5,4,6,6,4,4,5,5,5,1,13,2,9,5,4,C03,7,9,1,10,2,11,,7,7,1,13,4,120.714529,24.258563,2
1336,66000,387130000C,(04)23274275,(04)23288582,2025,5,4,18,24,臺中市,潭子區,0,1,0,7,1,6,50,4,1,1,5,4,6,6,3,1,5,4,4,2,17,2,7,2,1,C03,7,9,5,10,2,12,,84,84,1,13,4,120.701319,24.20841,2
1337,66000,387130000C,(04)23274275,(04)23288582,2025,5,4,18,31,臺中市,太平區,0,1,0,7,1,6,40,3,1,1,5,4,6,6,4,4,5,5,5,2,16,3,10,3,1,B03,7,5,1,8,2,8,,14,14,1,12,4,120.725187,24.150408,2
1338,66000,387130000C,(04)23274275,(04)23288582,2025,5,4,18,33,臺中市,北區,0,1,0,7,1,6,50,4,1,1,5,4,6,6,4,4,10,5,5,2,15,3,10,3,1,B03,7,9,1,8,2,5,,12,12,1,12,4,120.670593,24.168774,2
1339,66000,387130000C,(04)23274275,(04)23288582,2025,5,4,18,33,臺中市,梧棲區,0,1,0,7,1,6,30,3,1,1,5,4,6,6,4,4,10,5,5,2,15,2,9,1,1,C03,7,9,1,10,2,11,,20,20,1,6,4,120.53886,24.247142,2
1340,66000,387130000C,(04)23274275,(04)23288582,2025,5,4,18,40,臺中市,梧棲區,0,0,0,7,,,50,,,,,,,,,,,,,,17,,,,,B03,,,1,,2,,,84,84,1,12,4,120.53076,24.253411,3
1341,66000,387130000C,(04)23274275,(04)23288582,2025,5,4,18,45,臺中市,大雅區,0,0,0,7,1,6,70,4,2,1,5,4,6,6,1,1,1,4,5,1,17,,,,,B03,,,1,,2,,,84,84,1,13,4,120.6408,24.230612,3
1342,66000,387130000C,(04)23274275,(04)23288582,2025,5,4,18,56,臺中市,北區,0,2,0,7,1,6,50,3,1,1,5,4,6,6,4,4,10,5,5,2,13,2,9,1,1,C03,7,9,1,10,2,11,,59,59,1,12,4,120.68485,24.166094,2
1343,66000,387130000C,(04)23274275,(04)23288582,2025,5,4,18,56,臺中市,大里區,0,2,0,7,1,6,50,3,1,1,5,4,6,6,3,1,5,4,4,1,16,2,8,5,4,C03,7,14,1,10,2,11,,24,24,1,13,4,120.679611,24.095471,2
1344,66000,387130000C,(04)23274275,(04)23288582,2025,5,4,19,2,臺中市,西屯區,0,0,0,7,,,50,,,,,,,,,,,,,,16,,,,,B03,,,1,,1,,,39,39,1,13,4,120.628898,24.162887,3
1345,66000,387130000C,(04)23274275,(04)23288582,2025,5,4,19,4,臺中市,大肚區,0,2,0,7,1,6,50,3,2,1,5,4,6,6,4,4,5,5,5,1,16,2,7,5,4,F03,7,9,7,21,2,12,,7,7,1,4,4,120.579159,24.169455,2
1346,66000,387130000C,(04)23274275,(04)23288582,2025,5,4,19,10,臺中市,南屯區,0,1,0,7,1,6,40,4,1,1,5,4,6,6,2,1,10,5,5,2,15,2,9,4,1,F01,7,9,7,21,2,12,,21,21,1,4,4,120.632356,24.145477,2
1347,66000,387130000C,(04)23274275,(04)23288582,2025,5,4,19,11,臺中市,太平區,0,2,0,7,1,6,50,5,2,1,5,4,6,6,1,1,5,5,5,1,13,2,8,1,1,C03,7,9,1,10,2,11,,59,59,1,6,4,120.731637,24.139768,2
1348,66000,387130000C,(04)23274275,(04)23288582,2025,5,4,19,15,臺中市,后里區,0,0,0,7,1,6,50,4,2,1,5,4,6,6,1,1,5,4,5,2,13,3,10,3,1,B03,7,9,1,8,1,1,,84,84,1,12,4,120.706369,24.311497,3
1349,66000,387130000C,(04)23274275,(04)23288582,2025,5,4,19,16,臺中市,東區,0,0,0,7,,,50,,,,,,,,,,,,,,,,,,,C03,,,1,,2,,,7,7,1,13,4,120.709939,24.147481,3