序號,縣市別代碼,機關代碼,市話,傳真,年,月,日,時,分,縣市,區,死亡數量,受傷數量,2-30,天候,道路照明設備,道路類別,道路速限,道路型態,事故位置,路面鋪裝,路面狀態,路面缺陷,障礙物,視距,號誌種類,號誌動作,分向設施,快車道或一般車道間,快慢車道間,路面邊線,事故類型及型態,受傷程度,主要傷處,保護裝備,行動電話或功能裝置,當事者區分(類別),車輛用途,當事者行動狀態,駕照狀態,駕照種類,飲酒情形,車輛撞擊部位最初,車輛撞擊部位其他,肇事因素個別,肇事因素主要,肇事逃逸,職業,共享經濟或外送平台,GPS座標X,GPS座標Y,事故類別
1463,66000,387130000C,(04)23274275,(04)23288582,2025,5,5,8,27,臺中市,南屯區,0,1,0,7,3,9,50,13,9,1,5,4,6,6,4,4,5,4,5,2,16,2,9,2,4,C03,7,9,1,10,2,14,,58,58,1,6,4,120.629258,24.139879,2
1464,66000,387130000C,(04)23274275,(04)23288582,2025,5,5,8,28,臺中市,大雅區,0,1,0,7,2,6,30,4,1,1,5,4,6,6,4,4,10,4,5,1,17,2,9,1,1,C03,7,9,1,10,2,11,,12,12,1,12,4,120.668181,24.225108,2
1465,66000,387130000C,(04)23274275,(04)23288582,2025,5,5,8,28,臺中市,西屯區,0,2,0,7,2,6,50,4,1,1,5,4,6,6,4,4,10,5,5,2,15,2,9,1,1,C03,7,9,1,10,2,11,,15,15,1,13,4,120.60613,24.186035,2
1466,66000,387130000C,(04)23274275,(04)23288582,2025,5,5,8,28,臺中市,神岡區,0,1,0,7,1,6,30,4,2,1,5,4,6,6,4,4,10,5,5,2,16,3,10,1,4,C03,7,6,1,10,2,11,,20,20,1,12,4,120.684107,24.244396,2
1467,66000,387130000C,(04)23274275,(04)23288582,2025,5,5,8,34,臺中市,大雅區,0,1,0,7,3,6,0,4,2,1,5,4,6,6,4,4,5,2,4,1,17,3,10,1,1,C03,7,6,5,19,2,11,,23,23,1,12,4,120.646897,24.222924,2
1468,66000,387130000C,(04)23274275,(04)23288582,2025,5,5,8,38,臺中市,北屯區,0,1,0,7,2,6,40,13,8,1,5,4,6,6,4,4,1,4,4,2,18,2,9,1,1,C03,7,15,1,10,2,12,,85,85,1,12,4,120.68631,24.191798,2
1469,66000,387130000C,(04)23274275,(04)23288582,2025,5,5,8,38,臺中市,太平區,0,1,0,7,3,6,50,13,9,1,5,4,6,6,4,4,5,5,5,1,18,2,9,2,1,C03,7,9,1,10,2,16,,84,84,1,12,4,120.706818,24.11843,2
1470,66000,387130000C,(04)23274275,(04)23288582,2025,5,5,8,40,臺中市,潭子區,0,0,0,7,,,40,,,,,,,,,,,,,,,,,,,B03,,,1,,2,,,40,40,1,12,4,120.688175,24.216847,3
1471,66000,387130000C,(04)23274275,(04)23288582,2025,5,5,8,40,臺中市,北屯區,0,0,0,7,,,50,,,,,,,,,,,,,,15,,,,,C03,,,1,10,2,,,20,20,1,13,4,120.689421,24.17616,3
1472,66000,387130000C,(04)23274275,(04)23288582,2025,5,5,8,40,臺中市,北屯區,0,1,0,7,2,6,50,13,9,1,5,4,6,6,4,4,1,5,5,2,12,2,9,3,1,B03,7,9,1,8,1,2,,84,84,1,12,4,120.722159,24.184343,2
1473,66000,387130000C,(04)23274275,(04)23288582,2025,5,5,8,41,臺中市,西屯區,0,1,0,7,1,6,50,3,1,1,5,4,6,6,4,4,10,5,5,1,16,3,10,3,1,B13,7,5,1,8,2,2,,84,84,1,12,4,120.656781,24.198355,2
1474,66000,387130000C,(04)23274275,(04)23288582,2025,5,5,8,43,臺中市,西區,0,0,0,7,,,50,,,,,,,,,,,,,,17,,,,,B03,,,1,,11,,,51,51,2,13,4,120.664743,24.139167,3
1475,66000,387130000C,(04)23274275,(04)23288582,2025,5,5,8,44,臺中市,豐原區,0,2,0,7,2,6,50,4,1,1,5,4,6,6,2,1,4,4,5,1,16,2,7,1,1,C03,7,6,1,10,2,12,,11,11,1,13,4,120.724408,24.22902,2
1476,66000,387130000C,(04)23274275,(04)23288582,2025,5,5,8,50,臺中市,北區,0,1,0,7,2,6,50,3,2,1,5,4,6,6,1,1,5,5,5,2,17,3,10,5,1,C03,7,9,3,19,1,14,,8,8,1,13,4,120.679298,24.165404,2
1477,66000,387130000C,(04)23274275,(04)23288582,2025,5,5,8,54,臺中市,大肚區,0,1,0,7,2,6,50,13,9,1,5,4,6,6,4,4,9,5,5,1,16,3,10,2,1,C03,7,6,1,10,2,12,,58,58,1,12,4,120.57913,24.169522,2
1478,66000,387130000C,(04)23274275,(04)23288582,2025,5,5,8,54,臺中市,后里區,0,1,0,7,2,6,50,4,7,1,5,4,6,6,1,1,1,4,4,1,12,3,10,3,1,B12,7,9,1,3,2,4,,84,84,1,12,4,120.72384,24.2952,2
1479,66000,387130000C,(04)23274275,(04)23288582,2025,5,5,8,59,臺中市,西屯區,0,1,0,7,2,6,40,4,1,1,5,4,6,6,4,4,10,5,5,2,12,3,10,3,4,B03,7,5,1,8,2,2,,20,20,1,13,4,120.619111,24.181355,2
1480,66000,387130000C,(04)23274275,(04)23288582,2025,5,5,9,0,臺中市,東區,0,0,0,7,,,50,,,,,,,,,,,,,,13,,,,,B03,,,1,,2,,,78,78,1,12,4,120.697451,24.13907,4
1481,66000,387130000C,(04)23274275,(04)23288582,2025,5,5,9,5,臺中市,西屯區,0,0,0,7,,,50,,,,,,,,,,,,,,12,,,,,C03,,,1,,1,,,8,8,1,13,4,120.624943,24.196689,4
1482,66000,387130000C,(04)23274275,(04)23288582,2025,5,5,9,7,臺中市,南區,0,3,0,7,3,6,50,13,11,1,5,4,6,6,4,4,1,5,5,2,18,2,9,2,1,C03,7,9,1,10,2,16,,84,84,1,6,4,120.660169,24.124546,2
1483,66000,387130000C,(04)23274275,(04)23288582,2025,5,5,9,9,臺中市,南屯區,0,0,0,7,,,50,,,,,,,,,,,,,,14,,,,,B11,,,1,,1,,,49,49,1,12,4,120.651311,24.143818,3
1484,66000,387130000C,(04)23274275,(04)23288582,2025,5,5,9,9,臺中市,大里區,0,0,0,7,,,50,,,,,,,,,,,,,,12,,,,,B03,,,1,,2,,,43,43,1,13,4,120.68427,24.091233,3
1485,66000,387130000C,(04)23274275,(04)23288582,2025,5,5,9,11,臺中市,潭子區,0,2,0,7,2,6,50,4,1,1,5,4,6,6,2,1,10,5,5,2,15,2,9,1,1,C03,7,9,1,10,5,11,,21,21,1,13,4,120.705293,24.211549,2
1486,66000,387130000C,(04)23274275,(04)23288582,2025,5,5,9,13,臺中市,北屯區,0,1,0,7,3,6,30,4,1,1,5,4,6,6,4,4,10,5,5,2,15,3,10,3,1,B03,7,9,1,4,2,1,,12,12,1,12,4,120.71588,24.172927,2
1487,66000,387130000C,(04)23274275,(04)23288582,2025,5,5,9,15,臺中市,沙鹿區,0,2,0,7,2,6,60,4,8,1,5,4,6,6,1,1,1,3,1,2,12,3,10,3,1,B03,7,5,1,8,2,2,,38,38,1,12,4,120.579565,24.221673,2
1488,66000,387130000C,(04)23274275,(04)23288582,2025,5,5,9,16,臺中市,西屯區,0,0,0,7,,,50,,,,,,,,,,,,,,13,,,,,B03,,,1,,1,,,7,7,1,12,4,120.636554,24.157859,3
1489,66000,387130000C,(04)23274275,(04)23288582,2025,5,5,9,19,臺中市,北區,0,3,0,7,2,6,30,4,1,1,5,4,6,6,4,4,10,5,5,2,17,2,9,5,1,C03,7,9,1,15,2,12,,15,15,1,13,4,120.695763,24.152462,2
1490,66000,387130000C,(04)23274275,(04)23288582,2025,5,5,9,20,臺中市,潭子區,0,2,0,7,3,6,60,3,4,1,5,4,6,6,1,1,1,4,4,1,13,2,9,2,1,C03,7,9,3,19,2,11,,7,7,1,13,4,120.708154,24.228973,2
1491,66000,387130000C,(04)23274275,(04)23288582,2025,5,5,9,22,臺中市,北區,0,0,0,7,,,50,,,,,,,,,,,,,,24,,,,,B03,,,1,,9,,,84,84,2,13,4,120.674003,24.172877,3
1492,66000,387130000C,(04)23274275,(04)23288582,2025,5,5,9,24,臺中市,西區,0,1,0,7,2,6,50,13,9,1,5,4,6,6,4,4,5,5,5,2,13,2,9,2,1,C03,7,9,1,10,2,11,14,84,84,1,12,4,120.666488,24.144247,2
1493,66000,387130000C,(04)23274275,(04)23288582,2025,5,5,9,24,臺中市,西屯區,0,0,0,7,,,30,,,,,,,,,,,,,,14,,,,,B03,,,1,,1,,,49,49,1,13,4,120.648309,24.17487,3
1494,66000,387130000C,(04)23274275,(04)23288582,2025,5,5,9,27,臺中市,北屯區,0,1,0,7,3,6,50,13,8,1,5,4,6,6,4,4,1,4,1,2,12,2,9,2,1,C03,7,7,1,10,2,14,,84,84,1,12,4,120.721067,24.173483,2
1495,66000,387130000C,(04)23274275,(04)23288582,2025,5,5,9,29,臺中市,北區,0,0,0,7,,,50,,,,,,,,,,,,,,13,,,,,C02,,,1,,2,,,7,7,1,13,4,120.684841,24.166251,3
1496,66000,387130000C,(04)23274275,(04)23288582,2025,5,5,9,30,臺中市,西屯區,0,0,0,7,,,50,,,,,,,,,,,,,,,,,,,B03,,,1,,1,,,47,47,1,13,4,120.63698,24.184628,4
1497,66000,387130000C,(04)23274275,(04)23288582,2025,5,5,9,32,臺中市,大甲區,0,0,0,7,,,50,,,,,,,,,,,,,,,,,,,C03,,,1,,2,,,84,84,1,6,4,120.626606,24.345679,3
1498,66000,387130000C,(04)23274275,(04)23288582,2025,5,5,9,34,臺中市,東區,0,0,0,7,,,50,,,,,,,,,,,,,,,,,,,B03,,,1,,1,,,7,7,1,6,4,120.691192,24.132024,3
1499,66000,387130000C,(04)23274275,(04)23288582,2025,5,5,9,34,臺中市,沙鹿區,0,1,0,7,2,6,50,3,1,1,5,4,6,6,4,4,10,5,5,2,14,3,10,3,1,B03,7,2,1,7,2,3,,49,49,1,12,4,120.578078,24.218529,2
1500,66000,387130000C,(04)23274275,(04)23288582,2025,5,5,9,35,臺中市,沙鹿區,0,0,0,7,,,1,,,,,,,,,,,,,,17,,,,,C03,,,5,,11,,,59,59,1,6,4,120.563083,24.20587,3
1501,66000,387130000C,(04)23274275,(04)23288582,2025,5,5,9,36,臺中市,大里區,0,0,0,7,,,40,,,,,,,,,,,,,,,,,,,B03,,,1,,1,,,20,20,1,6,4,120.687287,24.088802,3
1502,66000,387130000C,(04)23274275,(04)23288582,2025,5,5,9,40,臺中市,南屯區,0,0,0,7,,,50,,,,,,,,,,,,,,,,,,,B03,,,1,,1,,,59,59,1,12,4,120.632396,24.145371,3
1503,66000,387130000C,(04)23274275,(04)23288582,2025,5,5,9,42,臺中市,西區,0,0,0,7,,,50,,,,,,,,,,,,,,17,,,,,B03,,,1,,1,,,47,47,1,13,4,120.670561,24.139205,3
1504,66000,387130000C,(04)23274275,(04)23288582,2025,5,5,9,45,臺中市,大里區,0,0,0,7,,,50,,,,,,,,,,,,,,,,,,,B03,,,1,,2,,,59,59,1,12,4,120.654867,24.088812,3
1505,66000,387130000C,(04)23274275,(04)23288582,2025,5,5,9,45,臺中市,烏日區,0,1,0,7,2,6,50,13,9,1,5,4,6,6,4,4,5,4,5,1,13,2,9,1,1,C03,7,9,1,10,2,11,,7,7,1,6,4,120.644218,24.088491,2
1506,66000,387130000C,(04)23274275,(04)23288582,2025,5,5,9,49,臺中市,霧峰區,0,2,0,7,3,6,40,13,9,1,5,4,6,6,4,4,5,5,5,1,13,2,8,1,1,C03,7,9,1,10,2,11,,7,7,1,12,4,120.690104,24.065998,2
1507,66000,387130000C,(04)23274275,(04)23288582,2025,5,5,9,55,臺中市,西屯區,0,1,0,7,1,6,40,3,1,1,5,4,6,6,4,4,10,5,5,1,16,3,10,3,1,B03,7,5,1,8,2,2,,47,47,1,12,4,120.617469,24.182191,2
1508,66000,387130000C,(04)23274275,(04)23288582,2025,5,5,9,58,臺中市,西區,0,1,0,7,3,6,30,3,1,1,5,4,6,6,4,4,10,5,5,2,17,3,10,3,1,B03,7,5,1,8,2,4,,14,14,1,13,4,120.659409,24.135396,2
1509,66000,387130000C,(04)23274275,(04)23288582,2025,5,5,10,0,臺中市,大里區,0,1,0,7,2,6,50,4,2,1,5,4,6,6,1,1,3,4,4,2,17,2,9,1,1,C03,7,15,1,10,2,13,,84,84,1,12,4,120.671025,24.102328,2
1510,66000,387130000C,(04)23274275,(04)23288582,2025,5,5,10,0,臺中市,清水區,0,0,0,7,,,70,,,,,,,,,,,,,,17,,,,,A31,,,1,,2,,,84,84,1,12,4,120.552357,24.29385,3
1511,66000,387130000C,(04)23274275,(04)23288582,2025,5,5,10,3,臺中市,南區,0,1,0,7,2,6,40,13,12,1,5,4,6,6,4,4,5,4,5,2,13,2,9,1,1,C03,7,9,1,10,2,11,,7,7,1,12,4,120.659907,24.12476,2
1512,66000,387130000C,(04)23274275,(04)23288582,2025,5,5,10,3,臺中市,東區,0,0,0,7,,,50,,,,,,,,,,,,,,,,,,,B03,,,1,,1,,,7,7,1,12,4,120.692441,24.140098,3
1513,66000,387130000C,(04)23274275,(04)23288582,2025,5,5,10,3,臺中市,南屯區,0,0,0,7,,,50,,,,,,,,,,,,,,12,,,,,B03,,,3,,1,,,40,40,1,6,4,120.608132,24.138837,3
1514,66000,387130000C,(04)23274275,(04)23288582,2025,5,5,10,5,臺中市,大肚區,0,0,0,7,,,50,,,,,,,,,,,,,,15,,,,,B11,,,1,,2,,,15,15,1,6,4,120.540494,24.154479,3
1515,66000,387130000C,(04)23274275,(04)23288582,2025,5,5,10,12,臺中市,西屯區,0,1,0,7,3,6,50,4,1,1,5,4,6,6,1,1,1,4,5,2,16,2,9,5,4,C04,7,9,1,10,2,12,,21,21,1,12,4,120.611539,24.187199,2
1516,66000,387130000C,(04)23274275,(04)23288582,2025,5,5,10,20,臺中市,太平區,0,1,0,7,3,6,50,3,1,1,5,4,6,6,4,4,10,5,5,2,16,3,10,3,1,B03,7,11,1,8,2,4,,45,45,1,12,4,120.732955,24.117388,2
1517,66000,387130000C,(04)23274275,(04)23288582,2025,5,5,10,22,臺中市,大雅區,0,1,0,7,2,6,50,4,2,1,5,4,6,6,1,1,5,4,5,1,16,3,10,1,1,C03,7,6,1,10,2,12,,11,11,1,13,4,120.646704,24.226083,2
1518,66000,387130000C,(04)23274275,(04)23288582,2025,5,5,10,24,臺中市,東區,0,0,0,7,,,50,,,,,,,,,,,,,,13,,,,,B03,,,1,,1,,,7,7,1,6,4,120.699357,24.14797,3
1519,66000,387130000C,(04)23274275,(04)23288582,2025,5,5,10,27,臺中市,大雅區,0,0,0,7,,,30,,,,,,,,,,,,,,,,,,,B03,,,1,,1,,,8,8,1,13,4,120.663002,24.221257,3
1520,66000,387130000C,(04)23274275,(04)23288582,2025,5,5,10,30,臺中市,大甲區,0,1,0,7,3,6,50,3,1,1,5,4,6,6,4,4,4,5,4,1,30,2,9,1,1,C03,7,9,1,8,2,11,,87,87,1,6,4,120.627748,24.346823,2
1521,66000,387130000C,(04)23274275,(04)23288582,2025,5,5,10,32,臺中市,北屯區,0,1,0,7,2,6,50,13,7,1,5,4,6,6,4,4,5,4,4,2,14,2,9,1,1,C03,7,2,1,10,2,13,,49,49,1,6,4,120.694837,24.176167,2
1522,66000,387130000C,(04)23274275,(04)23288582,2025,5,5,10,33,臺中市,西屯區,0,0,0,7,,,50,,,,,,,,,,,,,,14,,,,,A12,,,1,,2,,,49,49,1,13,4,120.604544,24.164028,3
1523,66000,387130000C,(04)23274275,(04)23288582,2025,5,5,10,34,臺中市,大肚區,0,1,0,7,2,6,50,13,9,1,5,4,6,6,4,4,9,5,5,2,17,3,10,3,1,B12,7,11,1,8,2,5,,20,20,1,6,4,120.574131,24.160205,2
1524,66000,387130000C,(04)23274275,(04)23288582,2025,5,5,10,37,臺中市,大雅區,0,0,0,7,,,30,,,,,,,,,,,,,,,,,,,B03,,,1,,2,,,7,7,1,12,4,120.650296,24.210078,3
1525,66000,387130000C,(04)23274275,(04)23288582,2025,5,5,10,39,臺中市,北區,0,0,0,7,,,50,,,,,,,,,,,,,,13,,,,,B03,,,1,,1,,,7,7,1,13,4,120.676784,24.151377,3
1526,66000,387130000C,(04)23274275,(04)23288582,2025,5,5,10,40,臺中市,潭子區,0,2,0,7,2,6,60,3,1,1,5,4,6,6,2,1,1,3,4,1,13,3,10,3,1,B12,7,9,1,8,2,1,,84,84,1,13,4,120.707178,24.223839,2
1527,66000,387130000C,(04)23274275,(04)23288582,2025,5,5,10,45,臺中市,南屯區,0,2,0,7,2,6,50,4,2,1,5,2,6,6,2,1,5,4,4,2,13,2,9,2,1,C03,7,9,1,10,2,11,,59,59,1,12,4,120.613491,24.14121,2
1528,66000,387130000C,(04)23274275,(04)23288582,2025,5,5,10,45,臺中市,北屯區,0,0,0,7,,,50,,,,,,,,,,,,,,,,,,,A12,,,1,,1,,,49,49,1,12,4,120.690496,24.193486,3
1529,66000,387130000C,(04)23274275,(04)23288582,2025,5,5,10,45,臺中市,西屯區,0,0,0,7,,,50,,,,,,,,,,,,,,13,,,,,B03,,,1,,1,,,7,7,1,12,4,120.661247,24.16382,3
1530,66000,387130000C,(04)23274275,(04)23288582,2025,5,5,10,46,臺中市,北區,0,1,0,7,3,6,50,5,1,1,5,4,6,6,2,1,10,5,5,2,17,3,10,5,4,B12,7,9,1,8,2,2,,8,8,1,13,4,120.683595,24.148102,2
1531,66000,387130000C,(04)23274275,(04)23288582,2025,5,5,10,46,臺中市,大里區,0,1,0,7,2,6,50,13,9,1,5,4,6,6,4,4,5,5,5,2,17,2,9,2,1,C03,7,9,1,10,2,14,,84,84,1,6,4,120.70611,24.095917,2
1532,66000,387130000C,(04)23274275,(04)23288582,2025,5,5,11,0,臺中市,沙鹿區,0,1,0,7,3,6,60,13,7,1,5,4,6,6,4,4,1,4,4,2,13,3,10,3,1,B03,7,9,5,19,2,1,,7,7,1,13,4,120.588578,24.250035,2
1533,66000,387130000C,(04)23274275,(04)23288582,2025,5,5,11,8,臺中市,北屯區,0,0,0,6,,,50,,,,,,,,,,,,,,14,,,,,B12,,,1,8,2,,,49,49,1,12,4,120.725943,24.175877,3
1534,66000,387130000C,(04)23274275,(04)23288582,2025,5,5,11,11,臺中市,霧峰區,0,0,0,7,,,40,,,,,,,,,,,,,,,,,,,B03,,,1,,1,,,87,87,1,6,4,120.705799,24.042757,3
1535,66000,387130000C,(04)23274275,(04)23288582,2025,5,5,11,12,臺中市,北區,0,1,0,7,2,6,50,4,2,1,5,4,6,6,1,1,5,5,5,2,30,2,9,5,1,C03,7,15,1,10,2,11,,84,84,1,13,4,120.67721,24.153921,2
1536,66000,387130000C,(04)23274275,(04)23288582,2025,5,5,11,13,臺中市,北屯區,0,0,0,7,,,50,,,,,,,,,,,,,,13,,,,,B03,,,1,,1,,,84,84,1,12,4,120.696208,24.183281,3
1537,66000,387130000C,(04)23274275,(04)23288582,2025,5,5,11,20,臺中市,北屯區,0,1,0,7,3,6,50,13,9,1,5,4,6,6,4,4,5,4,5,2,12,3,10,3,1,B03,7,9,1,8,2,5,,84,84,1,12,4,120.707758,24.18387,2
1538,66000,387130000C,(04)23274275,(04)23288582,2025,5,5,11,27,臺中市,大里區,0,2,0,7,3,6,50,4,2,1,5,4,6,6,4,4,5,5,5,1,16,2,7,6,1,F01,7,1,7,21,2,14,,51,51,1,12,4,120.710857,24.086031,2
1539,66000,387130000C,(04)23274275,(04)23288582,2025,5,5,11,29,臺中市,南屯區,0,1,0,7,2,6,50,4,1,1,5,4,6,6,4,4,5,5,5,2,15,3,10,3,1,B03,7,9,3,19,2,4,,12,12,1,12,4,120.65398,24.141846,2
1540,66000,387130000C,(04)23274275,(04)23288582,2025,5,5,11,31,臺中市,南屯區,0,0,0,7,,,50,,,,,,,,,,,,,,13,,,,,C03,,,1,,1,,,7,7,1,6,4,120.630544,24.123789,4
1541,66000,387130000C,(04)23274275,(04)23288582,2025,5,5,11,33,臺中市,豐原區,0,1,0,7,2,6,50,13,7,1,5,4,6,6,4,4,9,4,4,2,13,2,9,2,1,C03,7,9,1,10,2,11,,7,7,1,13,4,120.732535,24.250667,2
1542,66000,387130000C,(04)23274275,(04)23288582,2025,5,5,11,35,臺中市,西屯區,0,1,0,7,2,6,30,13,9,1,5,4,6,6,4,4,10,5,5,2,17,2,9,1,1,C04,7,9,1,8,2,11,,59,59,1,13,4,120.641542,24.156092,2
1543,66000,387130000C,(04)23274275,(04)23288582,2025,5,5,11,38,臺中市,大里區,0,0,0,7,,,50,,,,,,,,,,,,,,13,,,,,A02,,,1,,2,,,84,84,1,6,4,120.699072,24.089344,3
1544,66000,387130000C,(04)23274275,(04)23288582,2025,5,5,11,40,臺中市,太平區,0,1,0,7,3,6,50,3,1,1,5,4,6,6,4,4,5,5,5,1,16,3,10,3,1,A12,7,6,1,3,2,8,,14,14,1,12,4,120.720615,24.120658,2
1545,66000,387130000C,(04)23274275,(04)23288582,2025,5,5,11,40,臺中市,沙鹿區,0,0,0,7,,,50,,,,,,,,,,,,,,12,,,,,C03,,,1,,2,,,2,2,1,12,4,120.561301,24.242652,4
1546,66000,387130000C,(04)23274275,(04)23288582,2025,5,5,11,42,臺中市,霧峰區,0,2,0,7,3,6,50,13,9,1,5,4,6,6,4,4,9,5,4,1,17,2,8,1,1,C03,7,1,1,10,2,11,,51,51,1,6,4,120.698706,24.063552,2
1547,66000,387130000C,(04)23274275,(04)23288582,2025,5,5,11,44,臺中市,霧峰區,0,0,0,7,,,50,,,,,,,,,,,,,,14,,,,,B12,,,5,,2,,,78,78,1,12,4,120.695648,24.071435,3
1548,66000,387130000C,(04)23274275,(04)23288582,2025,5,5,11,45,臺中市,太平區,0,0,0,7,,,50,,,,,,,,,,,,,,17,,,,,A12,,,1,,1,,,84,84,1,12,4,120.718884,24.13962,3
1549,66000,387130000C,(04)23274275,(04)23288582,2025,5,5,11,48,臺中市,西區,0,1,0,7,3,6,50,13,7,1,5,4,6,6,4,4,5,4,4,2,17,3,10,3,1,B03,7,9,1,8,2,5,,85,85,1,12,4,120.65485,24.151941,2
1550,66000,387130000C,(04)23274275,(04)23288582,2025,5,5,11,48,臺中市,沙鹿區,0,0,0,7,,,50,,,,,,,,,,,,,,,,,,,C03,,,1,,1,,,78,78,1,12,4,120.559841,24.236268,3
1551,66000,387130000C,(04)23274275,(04)23288582,2025,5,5,11,53,臺中市,沙鹿區,0,1,0,7,3,6,50,13,8,1,5,4,6,6,4,4,1,4,4,2,12,3,10,3,1,B03,7,5,1,8,2,2,,47,47,1,13,4,120.570534,24.217416,2
1552,66000,387130000C,(04)23274275,(04)23288582,2025,5,5,11,54,臺中市,大里區,0,1,0,7,2,6,30,3,9,1,5,4,6,6,4,4,9,5,5,2,17,3,10,2,1,C03,7,6,4,10,2,11,,39,39,1,6,4,120.703464,24.089104,2
1553,66000,387130000C,(04)23274275,(04)23288582,2025,5,5,11,55,臺中市,北屯區,0,1,0,7,2,6,50,13,9,1,5,4,6,6,4,4,9,4,5,2,14,3,10,3,1,B03,7,2,1,8,2,3,,49,49,1,12,4,120.686851,24.172481,2
1554,66000,387130000C,(04)23274275,(04)23288582,2025,5,5,11,56,臺中市,南區,0,3,0,7,3,6,50,13,9,1,5,4,6,6,2,1,5,5,5,2,17,2,9,5,4,C03,7,6,1,10,2,13,,48,48,1,6,4,120.653335,24.126223,2
1555,66000,387130000C,(04)23274275,(04)23288582,2025,5,5,11,57,臺中市,大雅區,0,0,0,7,1,6,30,3,2,1,5,,6,6,4,4,10,5,,2,17,,,,,B03,,,1,,1,,,49,49,1,13,4,120.653097,24.220562,3
1556,66000,387130000C,(04)23274275,(04)23288582,2025,5,5,11,57,臺中市,太平區,0,0,0,7,,,50,,,,,,,,,,,,,,13,,,,,B03,,,1,,2,,,7,7,1,12,4,120.723655,24.105408,3
1557,66000,387130000C,(04)23274275,(04)23288582,2025,5,5,12,5,臺中市,東區,0,1,0,7,2,6,50,4,1,1,5,4,6,6,4,4,10,5,5,2,14,3,10,3,1,B03,7,2,1,8,2,3,,49,49,1,12,4,120.692373,24.148807,2
1558,66000,387130000C,(04)23274275,(04)23288582,2025,5,5,12,5,臺中市,東區,0,2,0,7,2,6,50,13,7,1,5,4,6,6,4,4,9,5,4,2,13,2,9,1,1,C03,7,9,1,10,2,11,,7,7,1,12,4,120.707969,24.136119,2
1559,66000,387130000C,(04)23274275,(04)23288582,2025,5,5,12,6,臺中市,北區,0,0,0,7,,,50,,,,,,,,,,,,,,17,,,,,B03,,,1,,1,,,84,84,1,13,4,120.686032,24.1466,3
1560,66000,387130000C,(04)23274275,(04)23288582,2025,5,5,12,7,臺中市,大雅區,0,1,0,7,2,6,50,13,9,1,5,4,6,6,4,4,5,4,5,1,17,2,9,1,1,C03,7,9,2,19,2,14,,84,84,1,12,4,120.644658,24.204652,2
1561,66000,387130000C,(04)23274275,(04)23288582,2025,5,5,12,10,臺中市,大肚區,0,0,0,7,,,50,,,,,,,,,,,,,,,,,,,B12,,,1,,2,,,51,51,1,6,4,120.54565,24.149997,3
1562,66000,387130000C,(04)23274275,(04)23288582,2025,5,5,12,10,臺中市,沙鹿區,0,1,0,7,2,6,50,3,9,1,5,4,6,6,4,4,4,4,5,1,11,3,10,3,1,B03,7,11,1,8,2,5,,45,45,1,12,4,120.596179,24.260406,2
1563,66000,387130000C,(04)23274275,(04)23288582,2025,5,5,12,14,臺中市,南屯區,0,0,0,7,,,50,,,,,,,,,,,,,,14,,,,,B03,,,1,,1,,,49,49,1,6,4,120.6517,24.136799,3
1564,66000,387130000C,(04)23274275,(04)23288582,2025,5,5,12,15,臺中市,西屯區,0,0,0,7,,,50,,,,,,,,,,,,,,14,,,,,B12,,,1,,1,,,49,49,1,12,4,120.623732,24.194055,3
1565,66000,387130000C,(04)23274275,(04)23288582,2025,5,5,12,17,臺中市,中區,0,0,0,7,,,50,,,,,,,,,,,,,,15,,,,,C03,,,1,,11,,,84,84,2,13,4,120.681385,24.144793,3
1566,66000,387130000C,(04)23274275,(04)23288582,2025,5,5,12,23,臺中市,西區,0,1,0,7,3,6,50,13,7,1,5,4,6,6,4,4,3,4,4,2,17,2,8,2,1,C03,7,15,3,19,9,14,,7,7,1,12,4,120.658264,24.155196,2
1567,66000,387130000C,(04)23274275,(04)23288582,2025,5,5,12,23,臺中市,南屯區,0,0,0,7,,,50,,,,,,,,,,,,,,,,,,,B03,,,1,,1,,,39,39,1,12,4,120.646358,24.140013,3
1568,66000,387130000C,(04)23274275,(04)23288582,2025,5,5,12,24,臺中市,烏日區,0,0,0,7,,,50,,,,,,,,,,,,,,12,,,,,B03,,,1,,1,,,8,8,1,6,4,120.622138,24.106093,3
1569,66000,387130000C,(04)23274275,(04)23288582,2025,5,5,12,25,臺中市,北區,0,0,0,7,,,50,,,,,,,,,,,,,,17,,,,,C03,,,6,,2,,,85,85,1,13,4,120.688382,24.152498,4
1570,66000,387130000C,(04)23274275,(04)23288582,2025,5,5,12,26,臺中市,西區,0,1,0,7,2,6,50,4,2,1,5,4,6,6,4,4,10,5,5,2,17,2,9,2,1,C03,7,6,1,10,2,12,,14,14,1,12,4,120.659756,24.15546,2
1571,66000,387130000C,(04)23274275,(04)23288582,2025,5,5,12,26,臺中市,北區,0,0,0,7,3,6,50,13,24,1,5,4,6,6,4,4,9,5,5,2,17,,,,,B12,,,1,,9,,,49,49,1,13,4,120.671892,24.159986,3
1572,66000,387130000C,(04)23274275,(04)23288582,2025,5,5,12,28,臺中市,大雅區,0,0,0,7,,,30,,,,,,,,,,,,,,,,,,,B03,,,1,,1,,,49,49,1,12,4,120.652465,24.221131,3
1573,66000,387130000C,(04)23274275,(04)23288582,2025,5,5,12,28,臺中市,北屯區,0,2,0,7,3,6,30,4,1,1,5,4,6,6,4,4,10,5,5,2,15,2,9,1,1,C03,7,9,1,10,2,14,,12,12,1,12,4,120.666463,24.185968,2