序號,縣市別代碼,機關代碼,市話,傳真,年,月,日,時,分,縣市,區,死亡數量,受傷數量,2-30,天候,道路照明設備,道路類別,道路速限,道路型態,事故位置,路面鋪裝,路面狀態,路面缺陷,障礙物,視距,號誌種類,號誌動作,分向設施,快車道或一般車道間,快慢車道間,路面邊線,事故類型及型態,受傷程度,主要傷處,保護裝備,行動電話或功能裝置,當事者區分(類別),車輛用途,當事者行動狀態,駕照狀態,駕照種類,飲酒情形,車輛撞擊部位最初,車輛撞擊部位其他,肇事因素個別,肇事因素主要,肇事逃逸,職業,共享經濟或外送平台,GPS座標X,GPS座標Y,事故類別
1574,66000,387130000C,(04)23274275,(04)23288582,2025,5,5,12,28,臺中市,西屯區,0,0,0,7,,,50,,,,,,,,,,,,,,13,,,,,B03,,,1,,1,,,7,7,1,13,4,120.635804,24.168998,3
1575,66000,387130000C,(04)23274275,(04)23288582,2025,5,5,12,29,臺中市,南區,0,0,0,7,,,50,,,,,,,,,,,,,,14,,,,,B03,,,1,8,1,,,49,49,1,12,4,120.679544,24.122648,3
1576,66000,387130000C,(04)23274275,(04)23288582,2025,5,5,12,30,臺中市,西區,0,0,0,7,,,50,,,,,,,,,,,,,,,,,,,B01,,,1,2,1,,,84,84,1,13,4,120.667027,24.140201,3
1577,66000,387130000C,(04)23274275,(04)23288582,2025,5,5,12,30,臺中市,西區,0,1,0,7,3,6,50,4,1,1,5,4,6,6,4,4,10,5,5,2,15,2,9,1,1,C04,7,9,1,10,2,12,,15,15,1,13,4,120.658813,24.141573,2
1578,66000,387130000C,(04)23274275,(04)23288582,2025,5,5,12,30,臺中市,豐原區,0,0,0,7,,,60,,,,,,,,,,,,,,13,,,,,B12,,,1,,2,,,84,84,1,13,4,120.716822,24.236613,3
1579,66000,387130000C,(04)23274275,(04)23288582,2025,5,5,12,38,臺中市,北區,0,0,0,7,,,50,,,,,,,,,,,,,,13,,,,,C03,,,3,,1,,,59,59,1,12,4,120.68722,24.156002,3
1580,66000,387130000C,(04)23274275,(04)23288582,2025,5,5,12,41,臺中市,北屯區,0,0,0,7,,,50,,,,,,,,,,,,,,,,,,,B03,,,1,,9,,,40,40,1,12,4,120.68627,24.185439,3
1581,66000,387130000C,(04)23274275,(04)23288582,2025,5,5,12,47,臺中市,大里區,0,2,0,7,3,6,60,13,9,1,5,4,6,6,4,4,1,4,4,1,13,2,9,1,1,C03,7,9,1,10,2,12,,8,8,1,6,4,120.68822,24.084186,2
1582,66000,387130000C,(04)23274275,(04)23288582,2025,5,5,12,54,臺中市,大雅區,0,0,0,7,1,6,50,4,2,1,5,4,6,6,1,1,5,5,5,1,17,,,,,B03,,,1,,2,,,7,7,1,13,4,120.655118,24.235165,3
1583,66000,387130000C,(04)23274275,(04)23288582,2025,5,5,12,55,臺中市,沙鹿區,0,1,0,7,2,6,30,3,1,1,5,4,6,6,4,4,10,5,5,2,16,3,10,1,1,C03,7,6,1,10,2,14,,14,14,1,5,4,120.576224,24.231449,2
1584,66000,387130000C,(04)23274275,(04)23288582,2025,5,5,13,0,臺中市,太平區,0,0,0,7,2,6,50,,,,,,,,,,,,,,,,,,,B03,,,1,,2,6,,49,49,1,12,4,120.723964,24.108321,3
1585,66000,387130000C,(04)23274275,(04)23288582,2025,5,5,13,4,臺中市,南區,0,0,0,7,,,50,,,,,,,,,,,,,,17,,,,,B12,,,1,,1,,,93,93,1,6,4,120.661797,24.13045,3
1586,66000,387130000C,(04)23274275,(04)23288582,2025,5,5,13,16,臺中市,北區,0,0,0,7,,,50,,,,,,,,,,,,,,9,,,,,C03,,,7,,10,,,87,87,1,13,4,120.67575,24.145727,3
1587,66000,387130000C,(04)23274275,(04)23288582,2025,5,5,13,16,臺中市,大肚區,0,0,0,7,,,30,,,,,,,,,,,,,,14,,,,,B03,,,1,,2,,,94,94,1,6,4,120.5728,24.168129,3
1588,66000,387130000C,(04)23274275,(04)23288582,2025,5,5,13,22,臺中市,大里區,0,1,0,7,3,6,30,11,9,1,5,2,6,6,4,4,10,5,5,2,18,2,9,1,1,C03,7,9,1,10,2,14,,84,84,1,12,4,120.676088,24.087235,2
1589,66000,387130000C,(04)23274275,(04)23288582,2025,5,5,13,30,臺中市,南區,0,0,0,7,,,50,,,,,,,,,,,,,,13,,,,,B12,,,1,,1,,,7,7,1,12,4,120.650118,24.120638,3
1590,66000,387130000C,(04)23274275,(04)23288582,2025,5,5,13,30,臺中市,大肚區,0,1,0,7,2,6,50,13,9,1,5,4,4,6,4,4,5,4,5,1,20,2,9,1,1,C03,7,9,1,10,2,12,,84,84,1,6,4,120.542649,24.159525,2
1591,66000,387130000C,(04)23274275,(04)23288582,2025,5,5,13,30,臺中市,龍井區,0,0,0,7,,,60,,,,,,,,,,,,,,12,,,,,B12,,,1,,1,,,59,59,1,12,4,120.519331,24.211224,3
1592,66000,387130000C,(04)23274275,(04)23288582,2025,5,5,13,39,臺中市,西屯區,0,0,0,7,,,50,,,,,,,,,,,,,,12,,,,,A12,,,1,,2,,,47,47,1,13,4,120.63244,24.182865,3
1593,66000,387130000C,(04)23274275,(04)23288582,2025,5,5,13,42,臺中市,西屯區,0,1,0,7,1,6,50,4,1,1,5,4,6,6,2,1,10,5,5,2,16,2,9,1,1,C03,7,9,1,11,2,11,,21,21,1,12,4,120.621921,24.186405,2
1594,66000,387130000C,(04)23274275,(04)23288582,2025,5,5,13,46,臺中市,西區,0,1,0,7,2,6,50,4,1,1,5,4,6,6,2,1,10,5,5,2,30,2,8,2,1,C03,7,9,1,10,2,11,14,84,84,1,12,4,120.657167,24.150927,2
1595,66000,387130000C,(04)23274275,(04)23288582,2025,5,5,13,51,臺中市,太平區,0,1,0,7,2,6,50,4,1,1,5,4,6,6,4,4,5,5,4,2,16,3,10,2,1,C03,7,6,1,10,2,12,,14,14,1,12,4,120.712607,24.125769,2
1596,66000,387130000C,(04)23274275,(04)23288582,2025,5,5,13,52,臺中市,大甲區,0,0,0,7,,,50,,,,,,,,,,,,,,,,,,,B12,,,1,,2,,,40,40,1,12,4,120.617183,24.347965,3
1597,66000,387130000C,(04)23274275,(04)23288582,2025,5,5,13,52,臺中市,豐原區,0,0,0,7,,,40,,,,,,,,,,,,,,14,,,,,C03,,,1,,1,,,49,49,1,12,4,120.715211,24.248466,3
1598,66000,387130000C,(04)23274275,(04)23288582,2025,5,5,13,55,臺中市,北區,0,1,0,7,3,6,50,4,1,1,5,4,6,6,4,4,10,5,5,2,17,2,9,5,4,C03,7,9,1,10,2,12,,15,15,1,13,4,120.679043,24.158136,2
1599,66000,387130000C,(04)23274275,(04)23288582,2025,5,5,13,55,臺中市,沙鹿區,0,1,0,7,2,6,50,4,1,1,5,4,1,6,1,1,1,4,5,1,16,3,10,3,1,B12,7,5,1,8,2,5,,47,47,1,12,4,120.552443,24.231592,2
1600,66000,387130000C,(04)23274275,(04)23288582,2025,5,5,13,56,臺中市,北屯區,0,0,0,7,,,50,,,,,,,,,,,,,,,,,,,C03,,,1,,2,,,7,7,1,12,4,120.731252,24.177292,3
1601,66000,387130000C,(04)23274275,(04)23288582,2025,5,5,13,57,臺中市,西屯區,0,0,0,7,,,60,,,,,,,,,,,,,,13,,,,,B03,,,1,,1,,,7,7,1,13,4,120.649501,24.162779,3
1602,66000,387130000C,(04)23274275,(04)23288582,2025,5,5,13,59,臺中市,北屯區,0,0,0,7,,,50,,,,,,,,,,,,,,14,,,,,B03,,,1,,2,,,49,49,1,12,4,120.703077,24.17481,3
1603,66000,387130000C,(04)23274275,(04)23288582,2025,5,5,14,0,臺中市,潭子區,0,0,0,7,,,80,,,,,,,,,,,,,,,,,,,A12,,,1,,2,,,68,68,1,13,4,120.722231,24.193321,3
1604,66000,387130000C,(04)23274275,(04)23288582,2025,5,5,14,0,臺中市,沙鹿區,0,0,0,7,,,40,,,,,,,,,,,,,,14,,,,,B12,,,1,,2,,,49,49,1,6,4,120.567189,24.206095,3
1605,66000,387130000C,(04)23274275,(04)23288582,2025,5,5,14,6,臺中市,大里區,0,0,0,7,,,50,,,,,,,,,,,,,,27,,,,,B03,,,1,,2,,,84,84,1,6,4,120.685046,24.088326,3
1606,66000,387130000C,(04)23274275,(04)23288582,2025,5,5,14,8,臺中市,大里區,0,0,0,7,,,50,,,,,,,,,,,,,,16,,,,,A12,,,1,,2,,,84,84,1,12,4,120.675714,24.085813,3
1607,66000,387130000C,(04)23274275,(04)23288582,2025,5,5,14,10,臺中市,北屯區,0,0,0,7,,,50,,,,,,,,,,,,,,11,,,,,B03,,,5,19,9,,,8,8,1,12,4,120.690366,24.183472,3
1608,66000,387130000C,(04)23274275,(04)23288582,2025,5,5,14,10,臺中市,西屯區,0,0,0,7,,,60,,,,,,,,,,,,,,,,,,,B03,,,1,,2,,,59,59,1,13,4,120.616508,24.182689,3
1609,66000,387130000C,(04)23274275,(04)23288582,2025,5,5,14,25,臺中市,沙鹿區,0,1,0,7,2,6,50,13,9,1,5,4,6,6,1,1,4,3,4,2,12,3,10,3,1,B03,7,1,1,8,2,8,,51,51,1,12,4,120.570593,24.223101,2
1610,66000,387130000C,(04)23274275,(04)23288582,2025,5,5,14,27,臺中市,北屯區,0,1,0,7,3,6,50,3,2,1,5,4,6,6,4,4,1,4,5,2,12,3,10,3,1,B03,7,1,1,8,2,8,,51,51,1,12,4,120.66891,24.173531,2
1611,66000,387130000C,(04)23274275,(04)23288582,2025,5,5,14,30,臺中市,沙鹿區,0,1,0,7,2,6,50,13,9,1,5,4,6,6,4,4,5,5,5,2,12,3,10,3,1,B13,7,4,1,8,2,2,6,8,8,1,12,4,120.558235,24.236111,2
1612,66000,387130000C,(04)23274275,(04)23288582,2025,5,5,14,41,臺中市,龍井區,0,0,0,7,,,60,,,,,,,,,,,,,,13,,,,,B03,,,1,,1,,,85,85,1,6,4,120.58401,24.186828,3
1613,66000,387130000C,(04)23274275,(04)23288582,2025,5,5,14,42,臺中市,大里區,0,0,0,7,3,6,50,13,4,1,5,4,6,6,1,1,5,4,4,2,13,,,,,B03,,,1,,2,,,59,59,1,12,4,120.675214,24.103419,3
1614,66000,387130000C,(04)23274275,(04)23288582,2025,5,5,14,46,臺中市,大里區,0,0,0,7,,,30,,,,,,,,,,,,,,,,,,,B03,,,1,,3,,,15,15,1,6,4,120.706772,24.083594,3
1615,66000,387130000C,(04)23274275,(04)23288582,2025,5,5,14,48,臺中市,東勢區,0,2,0,7,2,6,50,13,9,1,5,4,6,6,4,4,8,5,5,2,11,3,10,3,1,B03,7,11,1,8,2,1,,32,32,1,12,4,120.826667,24.263,2
1616,66000,387130000C,(04)23274275,(04)23288582,2025,5,5,14,52,臺中市,大甲區,0,1,0,7,3,6,50,4,9,1,5,4,6,6,4,4,5,4,5,1,17,2,9,1,1,C03,7,9,2,19,2,12,,15,15,1,12,4,120.619597,24.345994,2
1617,66000,387130000C,(04)23274275,(04)23288582,2025,5,5,14,55,臺中市,南屯區,0,0,0,7,,,50,,,,,,,,,,,,,,,,,,,B03,,,1,,1,,,59,59,1,12,4,120.64302,24.137616,3
1618,66000,387130000C,(04)23274275,(04)23288582,2025,5,5,14,55,臺中市,北屯區,0,1,0,7,2,6,50,13,9,1,5,4,6,6,4,4,1,4,5,2,13,2,9,1,1,C02,7,9,1,9,2,11,,84,84,1,6,4,120.681067,24.172861,2
1619,66000,387130000C,(04)23274275,(04)23288582,2025,5,5,14,55,臺中市,西屯區,0,0,0,7,,,50,,,,,,,,,,,,,,13,,,,,B03,,,1,,2,,,7,7,1,12,4,120.635703,24.168931,3
1620,66000,387130000C,(04)23274275,(04)23288582,2025,5,5,14,56,臺中市,北屯區,0,1,0,7,3,6,50,4,2,1,5,4,6,6,4,4,5,4,4,2,17,3,10,1,1,C03,7,5,1,10,2,13,,84,84,1,12,4,120.684589,24.170913,2
1621,66000,387130000C,(04)23274275,(04)23288582,2025,5,5,14,57,臺中市,龍井區,0,2,0,7,3,6,30,4,1,1,5,4,6,6,4,4,10,5,5,2,15,2,2,3,1,B03,7,9,1,8,2,5,,20,20,1,6,4,120.542356,24.216051,2
1622,66000,387130000C,(04)23274275,(04)23288582,2025,5,5,15,8,臺中市,西區,0,0,0,7,,,50,,,,,,,,,,,,,,,,,,,B03,,,1,8,1,,,8,8,1,13,4,120.659687,24.157317,3
1623,66000,387130000C,(04)23274275,(04)23288582,2025,5,5,15,9,臺中市,豐原區,0,1,0,7,2,6,50,11,9,1,5,4,6,6,4,4,10,5,5,2,11,2,9,1,1,C03,7,9,1,10,2,11,,41,41,1,12,4,120.721078,24.248584,2
1624,66000,387130000C,(04)23274275,(04)23288582,2025,5,5,15,10,臺中市,北屯區,0,0,0,7,,,50,,,,,,,,,,,,,,14,,,,,B03,,,1,,2,,,50,50,1,6,4,120.673008,24.174173,3
1625,66000,387130000C,(04)23274275,(04)23288582,2025,5,5,15,12,臺中市,大里區,0,0,0,7,,,50,,,,,,,,,,,,,,12,,,,,B03,,,1,,2,,,8,8,1,13,4,120.689043,24.119941,3
1626,66000,387130000C,(04)23274275,(04)23288582,2025,5,5,15,13,臺中市,東區,0,1,0,7,2,6,50,4,1,1,5,4,6,6,1,1,9,4,5,2,17,3,10,1,1,C03,7,7,1,10,2,12,,8,8,1,12,4,120.687747,24.135772,2
1627,66000,387130000C,(04)23274275,(04)23288582,2025,5,5,15,17,臺中市,霧峰區,0,0,0,7,,,50,,,,,,,,,,,,,,,,,,,B03,,,1,,2,,,7,7,1,12,4,120.700026,24.074599,4
1628,66000,387130000C,(04)23274275,(04)23288582,2025,5,5,15,20,臺中市,西屯區,0,0,0,7,,,50,,,,,,,,,,,,,,13,,,,,B03,,,1,,1,,,7,7,1,12,4,120.641612,24.173353,3
1629,66000,387130000C,(04)23274275,(04)23288582,2025,5,5,15,21,臺中市,太平區,0,0,0,7,,,50,,,,,,,,,,,,,,,,,,,A12,,,1,,9,,,84,84,1,12,4,120.713615,24.104707,3
1630,66000,387130000C,(04)23274275,(04)23288582,2025,5,5,15,24,臺中市,南屯區,0,0,0,7,,,50,,,,,,,,,,,,,,14,,,,,B03,,,1,,1,,,49,49,1,6,4,120.650197,24.14102,3
1631,66000,387130000C,(04)23274275,(04)23288582,2025,5,5,15,25,臺中市,豐原區,0,0,0,7,,,50,,,,,,,,,,,,,,17,,,,,B03,,,1,,2,,,50,50,1,13,4,120.730811,24.249161,3
1632,66000,387130000C,(04)23274275,(04)23288582,2025,5,5,15,29,臺中市,東區,0,0,0,7,,,30,,,,,,,,,,,,,,12,,,,,B13,,,1,,9,,,51,51,1,12,4,120.69469,24.14739,3
1633,66000,387130000C,(04)23274275,(04)23288582,2025,5,5,15,30,臺中市,烏日區,0,1,0,7,2,6,30,4,1,1,5,4,6,6,4,4,5,5,5,2,15,3,10,3,1,B03,7,9,1,8,2,2,,15,15,1,6,4,120.652057,24.052733,2
1634,66000,387130000C,(04)23274275,(04)23288582,2025,5,5,15,33,臺中市,北區,0,1,0,7,3,6,50,18,9,1,5,4,6,6,4,4,5,4,5,2,17,3,10,3,1,B03,7,15,1,8,2,8,,40,40,1,12,4,120.680973,24.162061,2
1635,66000,387130000C,(04)23274275,(04)23288582,2025,5,5,15,36,臺中市,大雅區,0,0,0,7,,,30,,,,,,,,,,,,,,,,,,,B12,,,1,,1,,,14,14,1,13,4,120.651738,24.213157,3
1636,66000,387130000C,(04)23274275,(04)23288582,2025,5,5,15,36,臺中市,北屯區,0,0,0,7,,,50,,,,,,,,,,,,,,,,,,,B03,,,1,,2,,,84,84,1,12,4,120.730431,24.176859,3
1637,66000,387130000C,(04)23274275,(04)23288582,2025,5,5,15,38,臺中市,后里區,0,0,0,7,,,40,,,,,,,,,,,,,,,,,,,B03,,,1,,2,,,49,49,1,12,4,120.717043,24.308101,3
1638,66000,387130000C,(04)23274275,(04)23288582,2025,5,5,15,39,臺中市,豐原區,0,1,0,6,2,6,50,13,9,1,5,4,6,6,4,4,5,5,5,1,16,2,8,2,1,C03,7,4,1,10,2,14,,84,84,1,6,4,120.702702,24.251459,2
1639,66000,387130000C,(04)23274275,(04)23288582,2025,5,5,15,40,臺中市,南屯區,0,0,0,7,,,50,,,,,,,,,,,,,,13,,,,,C03,,,1,,1,,,84,84,1,13,4,120.646619,24.152222,3
1640,66000,387130000C,(04)23274275,(04)23288582,2025,5,5,15,40,臺中市,沙鹿區,0,3,0,7,2,6,50,13,8,1,5,4,6,6,3,1,1,3,4,2,12,2,8,2,1,C03,7,9,1,10,2,11,,7,7,1,12,4,120.562975,24.246666,2
1641,66000,387130000C,(04)23274275,(04)23288582,2025,5,5,15,40,臺中市,豐原區,0,0,0,7,,,50,,,,,,,,,,,,,,17,,,,,B12,,,1,,2,,,51,51,1,12,4,120.711534,24.236443,3
1642,66000,387130000C,(04)23274275,(04)23288582,2025,5,5,15,40,臺中市,豐原區,0,0,0,7,,,30,,,,,,,,,,,,,,19,,,,,B03,,,1,,2,,,59,59,1,12,4,120.748459,24.252727,3
1643,66000,387130000C,(04)23274275,(04)23288582,2025,5,5,15,49,臺中市,大雅區,0,2,0,7,1,6,50,13,9,1,5,4,6,6,4,4,5,5,5,2,17,2,9,1,1,C03,7,15,1,10,2,11,,39,39,1,13,4,120.651813,24.223638,2
1644,66000,387130000C,(04)23274275,(04)23288582,2025,5,5,15,49,臺中市,梧棲區,0,0,0,7,,,50,,,,,,,,,,,,,,16,,,,,B03,,,1,,2,,,14,14,1,6,4,120.556008,24.241137,3
1645,66000,387130000C,(04)23274275,(04)23288582,2025,5,5,15,50,臺中市,北屯區,0,0,0,7,,,50,,,,,,,,,,,,,,13,,,,,B03,,,1,,1,,,84,84,1,12,4,120.695864,24.16465,3
1646,66000,387130000C,(04)23274275,(04)23288582,2025,5,5,15,54,臺中市,西屯區,0,2,0,7,2,6,50,3,1,1,5,4,6,6,4,4,8,5,5,1,17,2,9,5,4,C03,7,6,1,10,2,12,,14,14,1,13,4,120.661386,24.1726,2
1647,66000,387130000C,(04)23274275,(04)23288582,2025,5,5,15,57,臺中市,中區,0,0,0,7,,,50,,,,,,,,,,,,,,30,,,,,B03,,,1,,2,,,84,84,1,13,4,120.684867,24.139558,3
1648,66000,387130000C,(04)23274275,(04)23288582,2025,5,5,15,58,臺中市,大里區,0,2,0,7,2,6,50,3,1,1,5,4,6,6,4,4,5,5,5,2,16,3,10,1,1,C03,7,9,1,9,2,16,,58,58,1,6,4,120.681519,24.114957,2
1649,66000,387130000C,(04)23274275,(04)23288582,2025,5,5,16,5,臺中市,東區,0,0,0,7,,,40,,,,,,,,,,,,,,14,,,,,A12,,,1,,1,,,49,49,1,6,4,120.69513,24.127141,3
1650,66000,387130000C,(04)23274275,(04)23288582,2025,5,5,16,8,臺中市,西屯區,0,1,0,7,2,6,50,13,9,1,5,4,6,6,4,4,5,4,5,2,16,3,10,5,4,C03,7,1,1,10,2,11,,51,51,1,13,4,120.658118,24.16352,2
1651,66000,387130000C,(04)23274275,(04)23288582,2025,5,5,16,11,臺中市,北區,0,0,0,7,,,50,,,,,,,,,,,,,,14,,,,,B03,,,1,,1,,,49,49,1,12,4,120.674049,24.172563,3
1652,66000,387130000C,(04)23274275,(04)23288582,2025,5,5,16,11,臺中市,北屯區,0,1,0,7,2,6,50,5,1,1,5,4,6,6,2,1,10,5,5,2,13,2,9,2,1,C03,7,9,1,10,2,11,,7,7,1,6,4,120.686251,24.188697,2
1653,66000,387130000C,(04)23274275,(04)23288582,2025,5,5,16,11,臺中市,沙鹿區,0,0,0,7,,,50,,,,,,,,,,,,,,18,,,,,C03,,,1,,2,,,59,59,1,13,4,120.562556,24.233605,3
1654,66000,387130000C,(04)23274275,(04)23288582,2025,5,5,16,13,臺中市,北屯區,0,1,0,7,2,6,50,3,7,1,5,4,6,6,4,4,3,4,4,2,23,2,9,1,1,C04,7,9,5,19,2,11,,37,37,1,12,4,120.666539,24.181033,2
1655,66000,387130000C,(04)23274275,(04)23288582,2025,5,5,16,13,臺中市,西屯區,0,2,0,7,2,6,50,4,1,1,5,4,6,6,1,1,10,5,5,2,16,3,10,5,4,B03,7,5,1,8,2,2,5,38,38,1,12,4,120.629147,24.20572,2
1656,66000,387130000C,(04)23274275,(04)23288582,2025,5,5,16,14,臺中市,西屯區,0,0,0,7,,,50,,,,,,,,,,,,,,13,,,,,C03,,,1,,1,,,7,7,1,12,4,120.618449,24.178339,3
1657,66000,387130000C,(04)23274275,(04)23288582,2025,5,5,16,15,臺中市,梧棲區,0,0,0,7,,,50,,,,,,,,,,,,,,13,,,,,B03,,,1,,2,,,84,84,1,6,4,120.540505,24.261161,3
1658,66000,387130000C,(04)23274275,(04)23288582,2025,5,5,16,16,臺中市,西屯區,0,0,0,7,,,50,,,,,,,,,,,,,,13,,,,,C03,,,1,,1,,,7,7,1,12,4,120.643211,24.176775,3
1659,66000,387130000C,(04)23274275,(04)23288582,2025,5,5,16,18,臺中市,東區,0,0,0,7,,,50,,,,,,,,,,,,,,16,,,,,B12,,,1,,2,,,11,11,1,12,4,120.69808,24.147991,3
1660,66000,387130000C,(04)23274275,(04)23288582,2025,5,5,16,24,臺中市,南屯區,0,0,0,7,,,50,,,,,,,,,,,,,,9,,,,,C03,,,1,,9,,,59,59,1,6,4,120.610077,24.135195,4
1661,66000,387130000C,(04)23274275,(04)23288582,2025,5,5,16,25,臺中市,大肚區,0,1,0,7,3,6,50,8,9,1,5,4,6,6,4,4,2,4,5,1,17,2,7,2,1,C03,7,9,1,10,2,11,,84,84,1,6,4,120.541948,24.159486,2
1662,66000,387130000C,(04)23274275,(04)23288582,2025,5,5,16,27,臺中市,沙鹿區,0,0,0,7,,,50,,,,,,,,,,,,,,13,,,,,B03,,,1,,2,,,59,59,1,12,4,120.567049,24.203336,3
1663,66000,387130000C,(04)23274275,(04)23288582,2025,5,5,16,30,臺中市,南屯區,0,0,0,7,1,6,50,13,9,1,5,4,6,6,4,4,1,4,5,2,17,,,,,B12,,,1,,1,,,78,78,1,6,4,120.630193,24.146756,3
1664,66000,387130000C,(04)23274275,(04)23288582,2025,5,5,16,34,臺中市,沙鹿區,0,1,0,7,2,6,20,3,1,1,5,4,6,6,4,4,10,5,5,2,16,2,7,2,1,C03,7,6,1,10,2,12,,14,14,1,6,4,120.584429,24.217002,2
1665,66000,387130000C,(04)23274275,(04)23288582,2025,5,5,16,37,臺中市,豐原區,0,1,0,7,3,6,50,13,9,1,5,4,6,6,4,4,5,5,5,1,17,3,10,5,4,B03,7,2,1,8,2,7,,49,49,1,12,4,120.702171,24.251557,2
1666,66000,387130000C,(04)23274275,(04)23288582,2025,5,5,16,39,臺中市,北區,0,1,0,7,3,6,50,4,9,1,5,4,6,6,1,1,5,5,5,2,17,3,10,1,1,C03,7,1,1,9,2,12,,84,84,1,12,4,120.685988,24.14626,2
1667,66000,387130000C,(04)23274275,(04)23288582,2025,5,5,16,40,臺中市,和平區,0,0,0,7,,,40,,,,,,,,,,,,,,13,,,,,B03,,,1,,2,,,7,7,1,12,4,120.882593,24.174819,3
1668,66000,387130000C,(04)23274275,(04)23288582,2025,5,5,16,41,臺中市,南屯區,0,1,0,6,3,6,50,4,1,1,5,4,6,6,2,1,10,5,5,2,17,3,10,5,4,C03,7,6,1,10,2,16,,48,48,1,6,4,120.653003,24.14497,2
1669,66000,387130000C,(04)23274275,(04)23288582,2025,5,5,16,42,臺中市,南區,0,1,0,7,2,6,50,13,9,1,5,4,6,6,4,4,1,4,5,2,18,2,9,2,1,C03,7,9,1,10,2,14,,54,54,1,6,4,120.679253,24.118218,2
1670,66000,387130000C,(04)23274275,(04)23288582,2025,5,5,16,44,臺中市,南區,0,1,0,7,2,6,50,13,9,1,5,4,6,6,4,4,7,4,5,2,13,3,10,1,1,C03,7,6,1,10,2,14,,20,20,1,12,4,120.660151,24.122894,2
1671,66000,387130000C,(04)23274275,(04)23288582,2025,5,5,16,44,臺中市,西屯區,0,0,0,7,,,30,,,,,,,,,,,,,,16,,,,,B03,,,1,,1,,,14,14,1,13,4,120.620195,24.183342,3
1672,66000,387130000C,(04)23274275,(04)23288582,2025,5,5,16,47,臺中市,豐原區,0,1,0,7,2,6,50,3,7,1,5,4,6,6,4,4,5,5,4,2,12,3,10,3,1,B03,7,9,1,8,2,2,,8,8,1,12,4,120.718095,24.253338,2
1673,66000,387130000C,(04)23274275,(04)23288582,2025,5,5,16,48,臺中市,北區,0,1,0,7,2,6,50,4,2,1,5,4,6,6,2,1,10,5,5,2,13,2,9,2,1,C03,7,9,1,10,2,11,,84,84,1,13,4,120.687627,24.155719,2
1674,66000,387130000C,(04)23274275,(04)23288582,2025,5,5,16,48,臺中市,龍井區,0,1,0,7,2,6,30,13,9,1,5,4,6,6,4,4,10,5,5,2,13,3,10,1,1,C03,7,15,1,10,2,13,,68,68,1,6,4,120.586091,24.179594,2
1675,66000,387130000C,(04)23274275,(04)23288582,2025,5,5,16,49,臺中市,南區,0,0,0,7,,,50,,,,,,,,,,,,,,13,,,,,B03,,,1,,1,,,59,59,1,13,4,120.679906,24.127398,3
1676,66000,387130000C,(04)23274275,(04)23288582,2025,5,5,16,49,臺中市,東區,0,1,0,7,2,6,50,4,1,1,5,4,6,6,4,4,9,5,5,2,17,2,9,1,1,C03,7,9,1,10,2,14,,12,12,1,12,4,120.704022,24.135703,2
1677,66000,387130000C,(04)23274275,(04)23288582,2025,5,5,16,49,臺中市,北屯區,0,0,0,7,,,50,,,,,,,,,,,,,,,,,,,C03,,,1,,1,,,7,7,1,12,4,120.685462,24.169283,3
1678,66000,387130000C,(04)23274275,(04)23288582,2025,5,5,16,51,臺中市,霧峰區,0,2,0,7,2,6,50,3,2,1,5,4,6,6,4,4,4,3,5,1,17,2,9,2,1,C03,7,9,1,10,2,11,,7,7,1,6,4,120.688607,24.04389,2
1679,66000,387130000C,(04)23274275,(04)23288582,2025,5,5,16,51,臺中市,太平區,0,0,0,7,2,6,40,4,2,1,5,4,6,6,4,4,5,2,5,1,17,3,10,5,4,B03,7,1,1,8,2,5,,84,84,1,12,4,120.71104,24.151782,3
1680,66000,387130000C,(04)23274275,(04)23288582,2025,5,5,16,53,臺中市,南屯區,0,1,0,7,1,6,50,4,2,1,5,4,6,6,2,1,5,4,4,2,17,2,9,2,1,F03,7,9,7,21,2,11,,21,21,1,12,4,120.625884,24.140528,2
1681,66000,387130000C,(04)23274275,(04)23288582,2025,5,5,16,53,臺中市,北屯區,0,2,0,7,3,6,50,4,1,1,5,4,6,6,4,4,10,5,5,2,15,3,10,2,1,C03,7,9,1,10,2,11,,15,15,1,6,4,120.676925,24.196635,2
1682,66000,387130000C,(04)23274275,(04)23288582,2025,5,5,16,56,臺中市,西屯區,0,0,0,7,,,50,,,,,,,,,,,,,,13,,,,,B03,,,1,,1,,,59,59,1,13,4,120.617498,24.185346,3
1683,66000,387130000C,(04)23274275,(04)23288582,2025,5,5,17,0,臺中市,后里區,0,1,0,7,3,6,50,4,1,1,5,4,6,6,1,1,10,5,5,2,11,3,10,3,1,B03,7,9,3,19,9,8,2,39,39,2,12,4,120.713454,24.303811,2
1684,66000,387130000C,(04)23274275,(04)23288582,2025,5,5,17,6,臺中市,北區,0,0,0,7,,,50,,,,,,,,,,,,,,17,,,,,B03,,,1,,1,,,87,87,1,13,4,120.670204,24.163116,3
1685,66000,387130000C,(04)23274275,(04)23288582,2025,5,5,17,6,臺中市,神岡區,0,1,0,7,1,6,30,3,1,1,5,4,6,6,3,1,10,5,5,1,16,3,10,3,1,B03,7,6,1,8,2,1,,24,24,1,12,4,120.705715,24.261141,2
1686,66000,387130000C,(04)23274275,(04)23288582,2025,5,5,17,7,臺中市,北區,0,1,0,7,2,6,50,4,1,1,5,4,6,6,1,1,10,5,5,2,17,3,10,1,1,C03,7,5,1,10,2,11,,84,84,1,12,4,120.692251,24.161431,2