序號,縣市別代碼,機關代碼,市話,傳真,年,月,日,時,分,縣市,區,死亡數量,受傷數量,2-30,天候,道路照明設備,道路類別,道路速限,道路型態,事故位置,路面鋪裝,路面狀態,路面缺陷,障礙物,視距,號誌種類,號誌動作,分向設施,快車道或一般車道間,快慢車道間,路面邊線,事故類型及型態,受傷程度,主要傷處,保護裝備,行動電話或功能裝置,當事者區分(類別),車輛用途,當事者行動狀態,駕照狀態,駕照種類,飲酒情形,車輛撞擊部位最初,車輛撞擊部位其他,肇事因素個別,肇事因素主要,肇事逃逸,職業,共享經濟或外送平台,GPS座標X,GPS座標Y,事故類別
1687,66000,387130000C,(04)23274275,(04)23288582,2025,5,5,17,9,臺中市,大里區,0,0,0,7,,,50,,,,,,,,,,,,,,17,,,,,B12,,,1,,2,,,82,82,1,13,4,120.680585,24.094341,3
1688,66000,387130000C,(04)23274275,(04)23288582,2025,5,5,17,10,臺中市,龍井區,0,0,0,6,,,60,,,,,,,,,,,,,,14,,,,,B03,,,1,,1,,,78,78,1,6,4,120.573461,24.186856,3
1689,66000,387130000C,(04)23274275,(04)23288582,2025,5,5,17,10,臺中市,神岡區,0,0,0,7,,,50,,,,,,,,,,,,,,14,,,,,B03,,,1,,1,,,49,49,1,13,4,120.701142,24.251515,3
1690,66000,387130000C,(04)23274275,(04)23288582,2025,5,5,17,13,臺中市,北屯區,0,3,0,7,2,6,50,4,1,1,5,4,6,6,4,4,10,5,5,2,15,3,10,3,1,B03,7,9,1,8,2,8,,15,15,1,12,4,120.685773,24.195212,2
1691,66000,387130000C,(04)23274275,(04)23288582,2025,5,5,17,14,臺中市,太平區,0,1,0,7,2,6,30,11,9,1,5,4,6,6,4,4,10,5,5,2,10,3,10,2,1,C03,7,9,1,10,2,11,,41,41,1,12,4,120.732814,24.11211,2
1692,66000,387130000C,(04)23274275,(04)23288582,2025,5,5,17,16,臺中市,神岡區,0,1,0,7,1,6,50,3,2,1,5,4,6,6,1,1,1,4,4,1,13,3,10,1,1,C03,7,9,1,10,2,11,,7,7,1,12,4,120.690387,24.247749,2
1693,66000,387130000C,(04)23274275,(04)23288582,2025,5,5,17,17,臺中市,西區,0,0,0,7,,,50,,,,,,,,,,,,,,13,,,,,B03,,,1,,2,,,59,59,1,12,4,120.670177,24.133777,3
1694,66000,387130000C,(04)23274275,(04)23288582,2025,5,5,17,17,臺中市,西區,0,1,0,7,2,6,50,3,1,1,5,4,6,6,1,1,10,5,5,2,16,3,10,5,4,B03,7,5,1,8,2,5,,11,11,1,13,4,120.657378,24.149477,2
1695,66000,387130000C,(04)23274275,(04)23288582,2025,5,5,17,20,臺中市,西屯區,0,1,0,7,2,6,50,13,9,1,5,4,6,6,4,4,1,5,5,2,12,3,10,2,1,C03,7,10,1,10,1,12,,20,20,1,12,4,120.638202,24.175261,2
1696,66000,387130000C,(04)23274275,(04)23288582,2025,5,5,17,20,臺中市,西屯區,0,2,0,7,2,6,50,4,2,1,5,4,6,6,4,4,9,5,4,2,16,2,9,5,4,C03,7,11,3,19,2,12,,46,46,1,13,4,120.60685,24.164117,2
1697,66000,387130000C,(04)23274275,(04)23288582,2025,5,5,17,20,臺中市,豐原區,0,0,0,7,,,60,,,,,,,,,,,,,,17,,,,,B03,,,1,,1,,,84,84,1,6,4,120.717339,24.236718,3
1698,66000,387130000C,(04)23274275,(04)23288582,2025,5,5,17,23,臺中市,霧峰區,0,0,0,7,,,30,,,,,,,,,,,,,,,,,,,,,,,,,,,86,86,1,,,120.699198,24.087123,3
1699,66000,387130000C,(04)23274275,(04)23288582,2025,5,5,17,28,臺中市,大里區,0,2,0,7,2,6,50,4,2,1,5,4,6,6,4,4,10,5,5,2,17,3,10,1,1,C03,7,9,1,10,2,12,,15,15,1,6,4,120.701292,24.088112,2
1700,66000,387130000C,(04)23274275,(04)23288582,2025,5,5,17,30,臺中市,中區,0,0,0,7,,,50,,,,,,,,,,,,,,,,,,,B03,,,1,,2,,,40,40,1,13,4,120.680781,24.143755,3
1701,66000,387130000C,(04)23274275,(04)23288582,2025,5,5,17,30,臺中市,北屯區,0,0,0,7,,,50,,,,,,,,,,,,,,13,,,,,C03,,,1,,1,,,59,59,1,12,4,120.719208,24.175849,4
1702,66000,387130000C,(04)23274275,(04)23288582,2025,5,5,17,31,臺中市,北屯區,0,1,0,7,2,6,50,13,7,1,5,4,6,6,4,4,5,5,4,2,17,3,10,3,1,B03,7,2,1,8,2,3,,49,49,1,6,4,120.694955,24.185206,2
1703,66000,387130000C,(04)23274275,(04)23288582,2025,5,5,17,32,臺中市,豐原區,0,1,0,7,2,6,30,11,9,1,5,4,6,6,4,4,10,5,5,1,17,2,9,5,4,C03,7,9,1,10,2,16,,85,85,1,12,4,120.747626,24.252207,2
1704,66000,387130000C,(04)23274275,(04)23288582,2025,5,5,17,33,臺中市,北屯區,0,2,0,7,2,6,50,4,1,1,5,4,6,6,2,1,10,5,5,2,16,3,10,2,1,C03,7,6,1,10,2,12,,48,48,1,12,4,120.670127,24.177907,2
1705,66000,387130000C,(04)23274275,(04)23288582,2025,5,5,17,36,臺中市,北屯區,0,1,0,7,2,6,50,4,1,1,5,4,6,6,2,1,10,5,5,2,16,3,10,1,1,C03,7,6,1,10,2,12,,11,11,1,12,4,120.69083,24.182327,2
1706,66000,387130000C,(04)23274275,(04)23288582,2025,5,5,17,36,臺中市,霧峰區,0,1,0,7,2,6,50,3,1,1,5,4,5,6,4,4,10,5,5,2,16,3,10,1,1,C03,7,9,1,10,2,12,,84,84,1,12,4,120.690307,24.03789,2
1707,66000,387130000C,(04)23274275,(04)23288582,2025,5,5,17,37,臺中市,西屯區,0,0,0,7,,,50,,,,,,,,,,,,,,13,,,,,B03,,,1,,1,,,56,56,1,12,4,120.643753,24.191553,3
1708,66000,387130000C,(04)23274275,(04)23288582,2025,5,5,17,37,臺中市,大甲區,0,1,0,7,3,6,40,3,9,1,5,4,6,6,1,1,5,4,5,1,17,2,9,1,1,C03,7,1,1,10,2,14,,51,51,1,12,4,120.627694,24.347551,2
1709,66000,387130000C,(04)23274275,(04)23288582,2025,5,5,17,40,臺中市,大雅區,0,1,0,7,3,6,50,13,9,1,5,4,6,6,4,4,8,5,5,2,17,2,9,4,1,C03,7,15,1,10,2,14,,84,84,1,13,4,120.633304,24.227492,2
1710,66000,387130000C,(04)23274275,(04)23288582,2025,5,5,17,40,臺中市,霧峰區,0,1,0,7,2,6,50,3,2,1,5,4,6,6,4,4,10,5,5,1,17,2,9,2,1,C03,7,9,1,10,2,11,,7,7,1,6,4,120.680739,24.055694,2
1711,66000,387130000C,(04)23274275,(04)23288582,2025,5,5,17,40,臺中市,烏日區,0,1,0,7,2,6,50,4,1,1,5,4,6,6,2,1,5,4,5,1,15,3,10,3,1,B12,7,9,1,8,2,1,,21,21,1,6,4,120.62734,24.10404,2
1712,66000,387130000C,(04)23274275,(04)23288582,2025,5,5,17,42,臺中市,清水區,0,1,0,7,3,6,70,4,1,1,5,4,6,6,2,1,1,4,4,1,17,3,10,3,1,B03,7,5,1,8,2,2,,11,11,1,12,4,120.571383,24.275531,2
1713,66000,387130000C,(04)23274275,(04)23288582,2025,5,5,17,47,臺中市,后里區,0,0,0,7,,,40,,,,,,,,,,,,,,,,,,,B03,,,1,,2,,,7,7,1,12,4,120.722759,24.286471,3
1714,66000,387130000C,(04)23274275,(04)23288582,2025,5,5,17,48,臺中市,潭子區,0,2,0,6,3,6,50,4,4,1,5,4,6,6,2,1,5,2,5,2,13,2,9,2,1,C03,7,9,1,11,2,11,,84,84,1,13,4,120.705472,24.211539,2
1715,66000,387130000C,(04)23274275,(04)23288582,2025,5,5,17,52,臺中市,西屯區,0,1,0,7,2,6,50,4,1,1,5,4,6,6,1,1,5,4,5,2,12,3,10,1,1,C03,7,9,1,10,1,12,,8,8,1,12,4,120.651816,24.165933,2
1716,66000,387130000C,(04)23274275,(04)23288582,2025,5,5,17,53,臺中市,大里區,0,1,0,7,2,6,30,4,2,1,5,4,6,6,4,4,5,5,5,2,10,3,10,3,1,B03,7,9,5,19,9,1,,84,84,1,13,4,120.707575,24.09725,2
1717,66000,387130000C,(04)23274275,(04)23288582,2025,5,5,17,57,臺中市,北區,0,0,0,7,,,50,,,,,,,,,,,,,,,,,,,B03,,,1,,2,,,7,7,1,12,4,120.684107,24.149936,3
1718,66000,387130000C,(04)23274275,(04)23288582,2025,5,5,17,57,臺中市,西屯區,0,0,0,7,,,50,,,,,,,,,,,,,,13,,,,,B03,,,1,,1,,,7,7,1,12,4,120.659032,24.163672,3
1719,66000,387130000C,(04)23274275,(04)23288582,2025,5,5,17,57,臺中市,西屯區,0,0,0,7,,,50,,,,,,,,,,,,,,14,,,,,B03,,,1,,1,,,49,49,1,13,4,120.635484,24.176908,3
1720,66000,387130000C,(04)23274275,(04)23288582,2025,5,5,17,58,臺中市,北屯區,0,0,0,7,,,50,,,,,,,,,,,,,,17,,,,,B03,,,1,,1,,,8,8,1,12,4,120.703731,24.160616,3
1721,66000,387130000C,(04)23274275,(04)23288582,2025,5,5,17,59,臺中市,南屯區,0,0,0,7,,,50,,,,,,,,,,,,,,16,,,,,A12,,,1,,2,,,84,84,1,13,4,120.637476,24.143127,3
1722,66000,387130000C,(04)23274275,(04)23288582,2025,5,5,18,0,臺中市,西區,0,1,0,7,2,6,50,4,1,1,5,4,6,6,1,1,10,5,5,2,13,2,9,1,1,C03,7,9,1,10,1,11,,7,7,1,13,4,120.675422,24.133556,2
1723,66000,387130000C,(04)23274275,(04)23288582,2025,5,5,18,0,臺中市,南屯區,0,0,0,7,,,50,,,,,,,,,,,,,,13,,,,,B03,,,1,,1,,,7,7,1,12,4,120.623074,24.149938,4
1724,66000,387130000C,(04)23274275,(04)23288582,2025,5,5,18,2,臺中市,沙鹿區,0,0,0,7,,,50,,,,,,,,,,,,,,14,,,,,B12,,,1,,2,,,49,49,1,6,4,120.576259,24.241514,3
1725,66000,387130000C,(04)23274275,(04)23288582,2025,5,5,18,2,臺中市,后里區,0,1,0,7,1,6,60,4,1,1,5,4,6,6,1,1,10,5,5,2,16,3,10,3,1,B03,7,6,1,8,2,1,,11,11,1,12,4,120.722201,24.304441,2
1726,66000,387130000C,(04)23274275,(04)23288582,2025,5,5,18,2,臺中市,神岡區,0,1,0,7,3,6,50,3,1,1,5,4,6,6,4,4,5,5,5,1,12,3,10,3,1,B12,7,9,1,8,2,5,,4,4,2,13,4,120.705923,24.261044,2
1727,66000,387130000C,(04)23274275,(04)23288582,2025,5,5,18,3,臺中市,北屯區,0,1,0,7,1,6,50,13,8,1,5,4,6,3,4,4,10,5,5,2,12,3,10,3,1,B03,7,5,1,8,2,5,,20,20,1,12,4,120.687018,24.175754,2
1728,66000,387130000C,(04)23274275,(04)23288582,2025,5,5,18,5,臺中市,西屯區,0,1,0,7,1,6,50,3,1,1,5,4,6,6,4,4,8,4,5,1,17,3,10,5,4,F03,7,9,7,21,2,12,,59,59,1,13,4,120.646048,24.172829,2
1729,66000,387130000C,(04)23274275,(04)23288582,2025,5,5,18,7,臺中市,南區,0,1,0,7,1,6,50,13,9,1,5,4,6,6,4,4,1,4,5,2,17,3,10,3,1,B03,7,14,1,8,2,4,,76,76,1,12,4,120.658781,24.121127,2
1730,66000,387130000C,(04)23274275,(04)23288582,2025,5,5,18,10,臺中市,北屯區,0,1,0,7,1,6,50,5,19,1,5,4,6,6,2,1,10,5,5,2,3,3,10,3,1,B03,7,6,1,8,2,1,,10,10,1,11,4,120.66149,24.187975,2
1731,66000,387130000C,(04)23274275,(04)23288582,2025,5,5,18,10,臺中市,沙鹿區,0,1,0,6,1,6,50,4,2,1,5,4,6,6,2,1,1,4,4,2,16,2,7,1,1,C03,7,11,1,10,2,14,,45,45,1,12,4,120.558896,24.234967,2
1732,66000,387130000C,(04)23274275,(04)23288582,2025,5,5,18,12,臺中市,霧峰區,0,0,0,7,,,,,,,,,,,,,,,,,,,,,,,,,,,,,,86,86,1,,,120.716016,24.073449,3
1733,66000,387130000C,(04)23274275,(04)23288582,2025,5,5,18,14,臺中市,東區,0,1,0,7,1,6,50,4,1,1,5,4,6,6,1,1,10,5,5,2,16,3,10,3,1,A01,7,6,1,8,2,1,,48,48,1,6,4,120.711255,24.144423,2
1734,66000,387130000C,(04)23274275,(04)23288582,2025,5,5,18,15,臺中市,大甲區,0,0,0,7,,,30,,,,,,,,,,,,,,14,,,,,B12,,,1,,1,,,82,82,1,12,4,120.635122,24.354916,3
1735,66000,387130000C,(04)23274275,(04)23288582,2025,5,5,18,15,臺中市,豐原區,0,0,0,7,,,50,,,,,,,,,,,,,,17,,,,,B03,,,1,,1,,,84,84,1,12,4,120.72116,24.257135,3
1736,66000,387130000C,(04)23274275,(04)23288582,2025,5,5,18,19,臺中市,豐原區,0,1,0,7,1,6,50,13,9,1,5,4,6,6,4,4,1,5,5,1,18,2,9,1,1,C03,7,9,1,10,2,16,,84,84,1,12,4,120.758794,24.276343,2
1737,66000,387130000C,(04)23274275,(04)23288582,2025,5,5,18,20,臺中市,南屯區,0,1,0,7,2,6,50,3,1,1,5,4,6,6,4,4,10,5,5,2,16,3,10,3,1,B03,7,6,1,8,2,2,,14,14,1,6,4,120.612338,24.151423,2
1738,66000,387130000C,(04)23274275,(04)23288582,2025,5,5,18,20,臺中市,南屯區,0,0,0,7,,,10,,,,,,,,,,,,,,12,,,,,B03,,,1,,1,,,51,51,1,12,4,120.643271,24.152576,3
1739,66000,387130000C,(04)23274275,(04)23288582,2025,5,5,18,20,臺中市,南屯區,0,1,0,7,1,6,50,4,1,1,5,4,6,6,2,1,10,5,5,2,17,3,10,3,1,B03,7,5,1,8,2,2,,11,11,1,6,4,120.625884,24.140528,2
1740,66000,387130000C,(04)23274275,(04)23288582,2025,5,5,18,22,臺中市,西屯區,0,0,0,7,,,50,,,,,,,,,,,,,,14,,,,,B03,,,1,,2,,,49,49,1,12,4,120.638905,24.158797,3
1741,66000,387130000C,(04)23274275,(04)23288582,2025,5,5,18,22,臺中市,太平區,0,0,0,7,,,40,,,,,,,,,,,,,,27,,,,,B03,,,3,,3,,,84,84,1,12,4,120.757717,24.117715,3
1742,66000,387130000C,(04)23274275,(04)23288582,2025,5,5,18,25,臺中市,西屯區,0,0,0,7,,,30,,,,,,,,,,,,,,12,,,,,B03,,,1,,1,,,8,8,1,13,4,120.63339,24.200047,3
1743,66000,387130000C,(04)23274275,(04)23288582,2025,5,5,18,31,臺中市,大里區,1,1,0,7,1,6,50,13,9,1,5,4,6,6,4,4,5,5,5,1,3,1,1,6,5,H01,8,18,7,21,10,17,,95,95,1,13,5,120.701478,24.099721,1
1744,66000,387130000C,(04)23274275,(04)23288582,2025,5,5,18,34,臺中市,后里區,0,1,0,7,1,6,50,13,7,1,5,4,6,6,4,4,9,4,4,2,3,3,10,1,1,C03,7,9,1,10,2,11,,20,20,1,12,4,120.720787,24.309034,2
1745,66000,387130000C,(04)23274275,(04)23288582,2025,5,5,18,36,臺中市,霧峰區,0,0,0,7,,,50,,,,,,,,,,,,,,17,,,,,,,,,,,,,119,119,1,,,120.69417,24.049628,3
1746,66000,387130000C,(04)23274275,(04)23288582,2025,5,5,18,44,臺中市,北屯區,0,0,0,7,,,50,,,,,,,,,,,,,,17,,,,,B03,,,1,,1,,,84,84,1,12,4,120.720795,24.170153,3
1747,66000,387130000C,(04)23274275,(04)23288582,2025,5,5,18,44,臺中市,西屯區,0,1,0,7,1,6,50,4,1,1,5,4,6,6,1,1,10,5,5,2,16,3,10,3,1,B02,7,5,1,8,2,6,,11,11,1,12,4,120.6261,24.184575,2
1748,66000,387130000C,(04)23274275,(04)23288582,2025,5,5,18,48,臺中市,南屯區,0,0,0,7,,,50,,,,,,,,,,,,,,14,,,,,F03,,,1,,1,,,49,49,1,13,4,120.628129,24.119135,4
1749,66000,387130000C,(04)23274275,(04)23288582,2025,5,5,18,50,臺中市,北屯區,0,1,0,7,1,6,50,4,1,1,5,4,6,6,2,1,10,5,5,2,16,3,10,3,1,B02,7,6,1,8,2,6,,11,11,1,12,4,120.690505,24.194141,2
1750,66000,387130000C,(04)23274275,(04)23288582,2025,5,5,18,51,臺中市,北屯區,0,1,0,7,1,6,30,4,1,1,5,4,6,6,4,4,10,5,5,2,15,3,10,3,1,B01,7,9,1,3,2,8,,12,12,1,6,4,120.681837,24.174352,2
1751,66000,387130000C,(04)23274275,(04)23288582,2025,5,5,19,2,臺中市,太平區,0,0,0,7,,,50,,,,,,,,,,,,,,28,,,,,,,,,,,,,118,118,1,,,120.71191,24.140641,3
1752,66000,387130000C,(04)23274275,(04)23288582,2025,5,5,19,2,臺中市,豐原區,0,1,0,6,3,6,50,13,9,1,5,4,6,6,4,4,5,5,5,1,17,3,10,5,4,B03,7,9,1,8,1,1,,84,84,1,12,4,120.727442,24.244907,2
1753,66000,387130000C,(04)23274275,(04)23288582,2025,5,5,19,10,臺中市,東區,0,1,0,7,1,6,50,3,1,1,5,4,6,6,1,1,9,5,4,2,17,3,10,1,1,C03,7,5,1,10,2,12,,47,47,1,13,4,120.692276,24.145514,2
1754,66000,387130000C,(04)23274275,(04)23288582,2025,5,5,19,11,臺中市,梧棲區,0,1,0,7,1,6,50,3,1,1,5,4,6,6,1,1,10,5,5,2,2,3,10,1,1,G01,7,9,7,21,2,17,,59,59,1,6,4,120.543096,24.256241,2
1755,66000,387130000C,(04)23274275,(04)23288582,2025,5,5,19,15,臺中市,南區,0,0,0,7,,,50,,,,,,,,,,,,,,13,,,,,B03,,,1,,1,,,7,7,1,13,4,120.669954,24.118982,3
1756,66000,387130000C,(04)23274275,(04)23288582,2025,5,5,19,21,臺中市,太平區,0,0,0,7,,,50,,,,,,,,,,,,,,13,,,,,C03,,,1,,1,,,84,84,1,12,4,120.721758,24.149034,3
1757,66000,387130000C,(04)23274275,(04)23288582,2025,5,5,19,25,臺中市,南屯區,0,0,0,7,,,50,,,,,,,,,,,,,,13,,,,,B03,,,1,,1,,,7,7,1,12,4,120.621955,24.150289,3
1758,66000,387130000C,(04)23274275,(04)23288582,2025,5,5,19,25,臺中市,北屯區,0,0,0,7,,,50,,,,,,,,,,,,,,17,,,,,B03,,,1,,1,,,51,51,1,12,4,120.66191,24.189716,4
1759,66000,387130000C,(04)23274275,(04)23288582,2025,5,5,19,30,臺中市,南屯區,0,0,0,7,,,50,,,,,,,,,,,,,,,,,,,C03,,,1,,1,,,8,8,1,6,4,120.644912,24.140091,4
1760,66000,387130000C,(04)23274275,(04)23288582,2025,5,5,19,37,臺中市,大雅區,0,0,0,7,,,30,,,,,,,,,,,,,,,,,,,A03,,,1,,1,,,49,49,1,12,4,120.631269,24.211658,3
1761,66000,387130000C,(04)23274275,(04)23288582,2025,5,5,19,40,臺中市,梧棲區,0,1,0,7,1,6,30,3,1,1,5,4,6,6,4,4,10,5,5,2,16,3,10,2,1,C02,7,5,1,9,2,14,,14,14,1,6,4,120.529746,24.255063,2
1762,66000,387130000C,(04)23274275,(04)23288582,2025,5,5,19,44,臺中市,中區,0,0,0,7,,,50,,,,,,,,,,,,,,,,,,,,,,,,,,,86,86,1,,,120.678124,24.142684,3
1763,66000,387130000C,(04)23274275,(04)23288582,2025,5,5,19,45,臺中市,沙鹿區,0,1,0,7,1,6,50,4,1,1,5,4,6,6,2,1,10,5,5,2,16,4,11,1,1,C03,7,9,5,19,2,11,,21,21,1,12,4,120.560722,24.241678,2
1764,66000,387130000C,(04)23274275,(04)23288582,2025,5,5,19,49,臺中市,清水區,0,0,0,7,,,40,,,,,,,,,,,,,,,,,,,B03,,,1,,2,,,49,49,1,12,4,120.568304,24.272179,3
1765,66000,387130000C,(04)23274275,(04)23288582,2025,5,5,19,50,臺中市,西屯區,0,0,0,7,,,50,,,,,,,,,,,,,,13,,,,,B03,,,1,,1,,,11,11,1,13,4,120.645539,24.172433,3
1766,66000,387130000C,(04)23274275,(04)23288582,2025,5,5,19,52,臺中市,西屯區,0,1,0,7,1,6,50,4,1,1,5,4,6,6,1,1,10,5,5,2,16,3,10,5,4,B03,7,5,1,8,2,2,,22,22,1,13,4,120.621582,24.17664,2
1767,66000,387130000C,(04)23274275,(04)23288582,2025,5,5,19,55,臺中市,烏日區,0,1,0,7,1,6,50,4,1,1,5,4,6,6,4,4,10,5,5,2,15,2,9,1,1,F03,7,9,7,21,2,11,,15,15,1,6,4,120.625775,24.102769,2
1768,66000,387130000C,(04)23274275,(04)23288582,2025,5,5,19,57,臺中市,西屯區,0,0,0,7,,,,,,,,,,,,,,,,,17,,,,,,,,,,,,,86,86,1,,,120.643194,24.195986,3
1769,66000,387130000C,(04)23274275,(04)23288582,2025,5,5,20,5,臺中市,大肚區,0,0,0,7,,,50,,,,,,,,,,,,,,,,,,,B03,,,1,,2,,,45,45,1,6,4,120.540806,24.15361,3
1770,66000,387130000C,(04)23274275,(04)23288582,2025,5,5,20,15,臺中市,大雅區,0,1,0,7,1,6,50,4,2,1,5,4,6,6,1,1,1,3,4,1,17,2,9,1,1,C03,7,9,3,19,2,13,,84,84,1,12,4,120.649672,24.221712,2
1771,66000,387130000C,(04)23274275,(04)23288582,2025,5,5,20,17,臺中市,西屯區,0,0,0,7,1,6,50,13,9,1,,4,6,6,4,4,1,5,4,2,17,,,,,B03,,,1,,10,,,87,87,1,13,4,120.644744,24.178818,3
1772,66000,387130000C,(04)23274275,(04)23288582,2025,5,5,20,24,臺中市,西屯區,0,1,0,7,1,6,30,4,1,1,5,4,6,6,4,4,10,5,5,2,15,2,8,1,4,C03,7,9,1,10,2,11,12,15,15,1,12,4,120.643473,24.179827,2
1773,66000,387130000C,(04)23274275,(04)23288582,2025,5,5,20,37,臺中市,霧峰區,0,1,0,7,1,6,50,3,1,1,5,4,6,6,4,4,10,5,5,2,11,2,3,1,1,C03,7,9,5,19,5,11,,4,4,1,12,4,120.696345,24.058893,2
1774,66000,387130000C,(04)23274275,(04)23288582,2025,5,5,20,48,臺中市,西屯區,0,1,0,7,1,6,30,3,1,1,5,4,3,3,4,4,10,5,5,2,16,3,10,3,1,E03,7,6,1,8,2,5,,14,14,1,11,4,120.662064,24.17367,2
1775,66000,387130000C,(04)23274275,(04)23288582,2025,5,5,20,49,臺中市,北屯區,0,0,0,7,,,50,,,,,,,,,,,,,,,,,,,B03,,,1,,2,,,49,49,1,12,4,120.673159,24.174277,3
1776,66000,387130000C,(04)23274275,(04)23288582,2025,5,5,20,50,臺中市,西區,0,0,0,7,,,50,,,,,,,,,,,,,,13,,,,,C03,,,1,,1,,,7,7,1,12,4,120.665093,24.146557,3
1777,66000,387130000C,(04)23274275,(04)23288582,2025,5,5,20,50,臺中市,南區,0,1,0,7,1,6,50,4,2,1,5,4,6,6,2,1,1,2,5,2,13,3,10,1,1,C03,7,9,1,10,2,11,13,7,7,1,12,4,120.66885,24.128676,2
1778,66000,387130000C,(04)23274275,(04)23288582,2025,5,5,20,53,臺中市,西區,0,0,0,7,,,50,,,,,,,,,,,,,,13,,,,,B03,,,1,,2,,,59,59,1,12,4,120.673528,24.147753,3
1779,66000,387130000C,(04)23274275,(04)23288582,2025,5,5,20,56,臺中市,太平區,0,3,0,7,1,6,50,13,9,1,5,4,6,6,1,1,10,5,5,2,3,2,9,1,1,F03,7,9,7,21,2,11,,21,21,1,6,4,120.720992,24.113893,2
1780,66000,387130000C,(04)23274275,(04)23288582,2025,5,5,20,59,臺中市,西屯區,0,2,0,7,1,6,30,3,1,1,5,4,6,6,4,4,10,5,5,2,16,3,10,5,4,C03,7,6,1,10,2,11,,14,14,1,13,4,120.615367,24.183989,2
1781,66000,387130000C,(04)23274275,(04)23288582,2025,5,5,21,6,臺中市,大雅區,0,2,0,7,1,6,60,5,2,1,5,4,6,6,1,1,1,4,5,1,17,2,8,2,1,C03,7,9,1,10,2,11,,7,7,1,12,4,120.63045,24.240983,2
1782,66000,387130000C,(04)23274275,(04)23288582,2025,5,5,21,10,臺中市,北屯區,0,0,0,7,,,80,,,,,,,,,,,,,,,,,,,A12,,,1,,1,,,85,85,1,12,4,120.68847,24.201012,3
1783,66000,387130000C,(04)23274275,(04)23288582,2025,5,5,21,11,臺中市,西區,0,0,0,7,,,30,,,,,,,,,,,,,,13,,,,,B03,,,1,,2,,,84,84,1,12,4,120.66263,24.132222,3
1784,66000,387130000C,(04)23274275,(04)23288582,2025,5,5,21,12,臺中市,南屯區,0,1,0,7,2,6,50,4,4,1,5,4,6,6,2,1,1,4,4,2,13,3,10,3,1,B01,7,9,1,4,2,1,,84,84,1,13,4,120.626993,24.151944,2
1785,66000,387130000C,(04)23274275,(04)23288582,2025,5,5,21,17,臺中市,東區,0,0,0,7,,,50,,,,,,,,,,,,,,17,,,,,B03,,,1,,1,,,84,84,1,6,4,120.705888,24.142009,3
1786,66000,387130000C,(04)23274275,(04)23288582,2025,5,5,21,19,臺中市,太平區,0,1,0,7,1,6,50,4,1,1,5,4,6,6,1,1,10,5,5,2,16,3,10,5,4,B03,7,6,3,19,2,7,,11,11,1,12,4,120.724038,24.111053,2
1787,66000,387130000C,(04)23274275,(04)23288582,2025,5,5,21,20,臺中市,西屯區,0,2,0,7,1,6,30,4,1,1,5,4,6,6,4,4,10,5,5,2,15,2,9,5,4,C03,7,9,1,10,2,12,,6,6,1,13,4,120.640503,24.169092,2
1788,66000,387130000C,(04)23274275,(04)23288582,2025,5,5,21,22,臺中市,西屯區,0,2,0,7,1,6,40,4,12,1,5,4,6,6,1,1,1,5,1,2,13,2,9,2,1,C03,7,9,1,10,2,11,,7,7,1,12,4,120.615369,24.183119,2
1789,66000,387130000C,(04)23274275,(04)23288582,2025,5,5,21,29,臺中市,北區,0,2,0,7,1,6,50,4,2,1,5,4,6,6,2,1,10,5,5,2,17,2,9,2,1,C03,7,6,1,10,2,14,,23,23,1,13,4,120.684981,24.153867,2
1790,66000,387130000C,(04)23274275,(04)23288582,2025,5,5,21,30,臺中市,西屯區,0,0,0,7,,,50,,,,,,,,,,,,,,,,,,,C03,,,1,,1,,,50,50,1,12,4,120.627408,24.180912,3
1791,66000,387130000C,(04)23274275,(04)23288582,2025,5,5,21,39,臺中市,西區,0,2,0,7,1,6,50,4,1,1,5,4,6,6,4,4,10,5,5,2,15,2,9,1,1,C03,7,9,1,10,2,11,,15,15,1,12,4,120.657831,24.145482,2
1792,66000,387130000C,(04)23274275,(04)23288582,2025,5,5,21,40,臺中市,西區,0,1,0,7,1,6,50,4,1,1,5,4,6,6,2,1,4,4,4,2,16,3,10,3,1,B03,7,5,1,8,2,2,,65,65,1,12,4,120.678385,24.136454,2
1793,66000,387130000C,(04)23274275,(04)23288582,2025,5,5,21,50,臺中市,大甲區,0,1,0,7,1,6,50,4,1,1,5,4,6,6,1,1,10,5,5,2,15,2,8,1,1,C03,7,9,1,10,2,11,,21,21,1,6,4,120.622827,24.342395,2
1794,66000,387130000C,(04)23274275,(04)23288582,2025,5,5,21,56,臺中市,南屯區,0,0,0,7,,,50,,,,,,,,,,,,,,,,,,,C03,,,1,,1,,,11,11,1,12,4,120.635522,24.136069,4
1795,66000,387130000C,(04)23274275,(04)23288582,2025,5,5,22,5,臺中市,后里區,0,0,0,7,,,50,,,,,,,,,,,,,,26,,,,,B03,,,1,,1,,,59,59,1,12,4,120.742304,24.29793,3
1796,66000,387130000C,(04)23274275,(04)23288582,2025,5,5,22,22,臺中市,北區,0,3,0,7,3,6,50,4,1,1,5,4,6,6,1,1,5,2,4,2,15,3,10,5,4,C03,7,9,1,10,2,12,,21,21,1,13,4,120.688938,24.158996,2
1797,66000,387130000C,(04)23274275,(04)23288582,2025,5,5,22,26,臺中市,中區,0,1,0,7,1,6,50,18,24,1,5,4,5,5,1,1,10,5,5,2,18,2,9,5,4,C03,7,15,1,10,1,16,,84,84,1,12,4,120.684323,24.137238,2