序號,縣市別代碼,機關代碼,市話,傳真,年,月,日,時,分,縣市,區,死亡數量,受傷數量,2-30,天候,道路照明設備,道路類別,道路速限,道路型態,事故位置,路面鋪裝,路面狀態,路面缺陷,障礙物,視距,號誌種類,號誌動作,分向設施,快車道或一般車道間,快慢車道間,路面邊線,事故類型及型態,受傷程度,主要傷處,保護裝備,行動電話或功能裝置,當事者區分(類別),車輛用途,當事者行動狀態,駕照狀態,駕照種類,飲酒情形,車輛撞擊部位最初,車輛撞擊部位其他,肇事因素個別,肇事因素主要,肇事逃逸,職業,共享經濟或外送平台,GPS座標X,GPS座標Y,事故類別
2247,66000,387130000C,(04)23274275,(04)23288582,2025,5,7,7,18,臺中市,烏日區,0,0,0,5,,,50,,,,,,,,,,,,,,13,,,,,B03,,,1,,1,,,84,84,1,13,4,120.608302,24.112181,3
2248,66000,387130000C,(04)23274275,(04)23288582,2025,5,7,7,18,臺中市,大甲區,0,0,0,5,,,50,,,,,,,,,,,,,,13,,,,,B03,,,1,,2,,,7,7,1,6,4,120.623476,24.341082,3
2249,66000,387130000C,(04)23274275,(04)23288582,2025,5,7,7,20,臺中市,西屯區,0,0,0,5,,,80,,,,,,,,,,,,,,13,,,,,B03,,,1,,1,,,7,7,1,12,4,120.634948,24.179291,3
2250,66000,387130000C,(04)23274275,(04)23288582,2025,5,7,7,20,臺中市,西屯區,0,0,0,5,,,30,,,,,,,,,,,,,,13,,,,,C03,,,1,,1,,,59,59,1,12,4,120.61662,24.174451,3
2251,66000,387130000C,(04)23274275,(04)23288582,2025,5,7,7,20,臺中市,太平區,0,1,0,5,2,6,40,13,8,1,4,4,6,6,4,4,5,5,4,1,18,2,9,1,1,C03,7,9,1,10,2,16,,85,85,1,6,4,120.71922,24.149073,2
2252,66000,387130000C,(04)23274275,(04)23288582,2025,5,7,7,22,臺中市,西屯區,0,1,0,5,3,6,50,3,2,1,4,4,6,6,4,4,1,4,5,2,18,2,1,1,1,C03,7,9,1,10,2,14,,84,84,1,12,4,120.658904,24.17134,2
2253,66000,387130000C,(04)23274275,(04)23288582,2025,5,7,7,22,臺中市,神岡區,0,0,0,5,,,50,,,,,,,,,,,,,,13,,,,,B03,,,1,,1,,,59,59,1,13,4,120.695999,24.248069,3
2254,66000,387130000C,(04)23274275,(04)23288582,2025,5,7,7,23,臺中市,北屯區,0,0,0,5,,,40,,,,,,,,,,,,,,13,,,,,B12,,,1,8,1,,,7,7,1,12,4,120.720909,24.175273,3
2255,66000,387130000C,(04)23274275,(04)23288582,2025,5,7,7,23,臺中市,北屯區,0,1,0,5,2,6,50,13,9,1,4,4,6,6,4,4,5,4,5,2,12,3,10,3,1,B03,7,7,1,8,2,4,,40,40,1,12,4,120.719578,24.175957,2
2256,66000,387130000C,(04)23274275,(04)23288582,2025,5,7,7,23,臺中市,西屯區,0,0,0,5,,,50,,,,,,,,,,,,,,13,,,,,B03,,,1,,1,,,58,58,1,13,4,120.61462,24.187196,3
2257,66000,387130000C,(04)23274275,(04)23288582,2025,5,7,7,23,臺中市,東勢區,0,1,0,5,2,6,50,3,1,1,4,4,6,6,4,4,10,5,5,2,12,3,10,3,1,B03,7,5,1,8,2,2,,14,14,1,12,4,120.833328,24.247257,2
2258,66000,387130000C,(04)23274275,(04)23288582,2025,5,7,7,24,臺中市,南屯區,0,0,0,5,,,30,,,,,,,,,,,,,,17,,,,,B03,,,1,,2,,,76,76,1,12,4,120.648214,24.14603,3
2259,66000,387130000C,(04)23274275,(04)23288582,2025,5,7,7,24,臺中市,北屯區,0,1,0,5,3,6,50,13,8,1,4,4,6,6,4,4,9,5,4,2,9,3,10,3,1,B12,7,5,1,8,2,1,,84,84,1,12,4,120.683088,24.179237,2
2260,66000,387130000C,(04)23274275,(04)23288582,2025,5,7,7,24,臺中市,大里區,0,1,0,5,3,6,30,4,1,1,4,4,6,6,4,4,10,5,5,2,15,3,10,3,1,B03,7,9,1,6,2,1,,15,15,1,6,4,120.698678,24.107962,2
2261,66000,387130000C,(04)23274275,(04)23288582,2025,5,7,7,24,臺中市,大肚區,0,0,0,5,2,6,70,4,1,1,4,4,6,6,1,1,10,5,5,2,16,,,,,B03,,,1,,2,,,11,11,1,6,4,120.54945,24.14854,3
2262,66000,387130000C,(04)23274275,(04)23288582,2025,5,7,7,25,臺中市,豐原區,0,1,0,5,2,6,60,4,1,1,4,4,6,6,1,1,10,5,5,2,13,2,8,1,1,C03,7,9,1,10,2,13,,42,42,1,6,4,120.720227,24.236722,2
2263,66000,387130000C,(04)23274275,(04)23288582,2025,5,7,7,26,臺中市,南屯區,0,2,0,5,2,6,60,13,11,1,4,4,6,6,4,4,8,4,5,1,12,3,10,3,1,B03,7,15,1,8,2,2,,7,7,1,6,4,120.618736,24.139654,2
2264,66000,387130000C,(04)23274275,(04)23288582,2025,5,7,7,29,臺中市,梧棲區,0,1,0,5,3,6,50,13,9,1,4,4,6,6,4,4,5,5,5,1,17,3,10,4,1,B03,7,13,1,8,3,4,,76,76,1,6,4,120.53702,24.243572,2
2265,66000,387130000C,(04)23274275,(04)23288582,2025,5,7,7,30,臺中市,大雅區,0,1,0,5,3,6,50,3,2,1,4,4,6,6,1,1,4,5,5,2,17,3,10,5,4,B03,7,5,1,8,2,2,,85,85,1,13,4,120.668336,24.218562,2
2266,66000,387130000C,(04)23274275,(04)23288582,2025,5,7,7,30,臺中市,北屯區,0,1,0,5,2,6,50,13,9,1,4,4,6,6,4,4,1,4,5,1,13,,,,,,,9,,,,,,86,86,2,,,120.667861,24.179516,2
2267,66000,387130000C,(04)23274275,(04)23288582,2025,5,7,7,30,臺中市,西屯區,0,0,0,5,,,50,,,,,,,,,,,,,,13,,,,,B03,,,1,,1,,,7,7,1,12,4,120.653295,24.19557,3
2268,66000,387130000C,(04)23274275,(04)23288582,2025,5,7,7,30,臺中市,龍井區,0,0,0,5,,,50,,,,,,,,,,,,,,16,,,,,B03,,,1,,1,,,40,40,1,6,4,120.54654,24.195664,3
2269,66000,387130000C,(04)23274275,(04)23288582,2025,5,7,7,30,臺中市,清水區,0,1,0,5,2,6,50,5,2,1,3,4,5,6,1,1,8,3,5,1,18,2,9,1,1,C03,7,9,1,10,2,11,,87,87,1,12,4,120.567497,24.269899,2
2270,66000,387130000C,(04)23274275,(04)23288582,2025,5,7,7,31,臺中市,西區,0,0,0,5,,,50,,,,,,,,,,,,,,,,,,,B03,,,1,,1,,,84,84,1,6,4,120.661817,24.139458,3
2271,66000,387130000C,(04)23274275,(04)23288582,2025,5,7,7,35,臺中市,大雅區,0,2,0,5,1,6,30,3,2,1,4,4,6,6,4,4,9,5,5,2,17,2,7,1,1,C03,7,6,1,10,2,14,,14,14,1,13,4,120.632579,24.225244,2
2272,66000,387130000C,(04)23274275,(04)23288582,2025,5,7,7,35,臺中市,北屯區,0,0,0,5,,,50,,,,,,,,,,,,,,13,,,,,B03,,,1,,1,,,7,7,1,6,4,120.686075,24.182076,3
2273,66000,387130000C,(04)23274275,(04)23288582,2025,5,7,7,35,臺中市,大里區,0,0,0,5,,,50,,,,,,,,,,,,,,13,,,,,B12,,,1,,2,,,7,7,1,13,4,120.696884,24.111747,3
2274,66000,387130000C,(04)23274275,(04)23288582,2025,5,7,7,35,臺中市,豐原區,0,1,0,7,2,6,50,3,7,1,4,4,6,6,4,4,5,5,4,2,17,3,10,3,1,B03,7,11,1,8,2,4,,45,45,1,12,4,120.71034,24.245101,2
2275,66000,387130000C,(04)23274275,(04)23288582,2025,5,7,7,36,臺中市,大里區,0,0,0,5,,,50,,,,,,,,,,,,,,17,,,,,C03,,,1,,2,,,84,84,1,13,4,120.68057,24.094822,3
2276,66000,387130000C,(04)23274275,(04)23288582,2025,5,7,7,37,臺中市,北區,0,1,0,5,2,6,40,4,2,1,4,4,6,6,1,1,5,4,4,2,17,3,10,5,1,C03,7,6,1,10,2,14,,48,48,1,13,4,120.682201,24.158964,2
2277,66000,387130000C,(04)23274275,(04)23288582,2025,5,7,7,38,臺中市,烏日區,0,0,0,5,,,70,,,,,,,,,,,,,,13,,,,,B03,,,1,,1,,,59,59,1,12,4,120.600736,24.1109,3
2278,66000,387130000C,(04)23274275,(04)23288582,2025,5,7,7,40,臺中市,西區,0,0,0,5,,,50,,,,,,,,,,,,,,,,,,,B03,,,1,,1,,,20,20,1,12,4,120.65766,24.135103,3
2279,66000,387130000C,(04)23274275,(04)23288582,2025,5,7,7,40,臺中市,神岡區,0,0,0,5,,,50,,,,,,,,,,,,,,15,,,,,B03,,,1,,2,,,20,20,1,12,4,120.699541,24.25103,3
2280,66000,387130000C,(04)23274275,(04)23288582,2025,5,7,7,41,臺中市,潭子區,0,0,0,5,,,50,,,,,,,,,,,,,,,,,,,B03,,,1,,2,,,40,40,1,13,4,120.698445,24.216674,3
2281,66000,387130000C,(04)23274275,(04)23288582,2025,5,7,7,41,臺中市,潭子區,0,2,0,5,2,6,50,3,1,1,4,4,6,6,4,4,10,5,5,2,12,2,9,1,1,C03,7,9,1,10,2,12,,8,8,1,13,4,120.706526,24.2049,2
2282,66000,387130000C,(04)23274275,(04)23288582,2025,5,7,7,41,臺中市,北屯區,0,0,0,7,,,50,,,,,,,,,,,,,,,,,,,B01,,,1,,9,,,49,49,1,12,4,120.679197,24.192554,3
2283,66000,387130000C,(04)23274275,(04)23288582,2025,5,7,7,43,臺中市,梧棲區,0,0,0,5,,,30,,,,,,,,,,,,,,15,,,,,B03,,,1,,1,,,15,15,1,6,4,120.553204,24.259502,3
2284,66000,387130000C,(04)23274275,(04)23288582,2025,5,7,7,43,臺中市,清水區,0,0,0,7,2,6,50,4,2,1,5,4,6,6,1,1,8,3,4,1,12,,,,,A22,,,1,,5,,,7,7,1,12,4,120.585594,24.287694,3
2285,66000,387130000C,(04)23274275,(04)23288582,2025,5,7,7,44,臺中市,北屯區,0,1,0,5,2,6,50,3,2,1,4,4,6,6,4,4,4,3,5,2,17,3,10,1,1,C03,7,6,1,9,2,16,,14,14,1,12,4,120.715355,24.174514,2
2286,66000,387130000C,(04)23274275,(04)23288582,2025,5,7,7,44,臺中市,西屯區,0,1,0,5,2,6,50,3,1,1,4,4,6,6,1,1,10,5,5,2,18,2,9,5,4,C03,7,9,1,10,1,14,,59,59,1,12,4,120.603248,24.175286,2
2287,66000,387130000C,(04)23274275,(04)23288582,2025,5,7,7,44,臺中市,豐原區,0,1,0,5,2,6,50,11,9,1,4,4,6,6,4,4,1,4,4,1,16,3,10,3,1,B03,7,5,1,8,2,2,,20,20,1,6,4,120.702928,24.238031,2
2288,66000,387130000C,(04)23274275,(04)23288582,2025,5,7,7,45,臺中市,南區,0,1,0,5,1,6,50,13,7,1,4,4,6,6,4,4,1,4,4,2,17,3,10,1,1,C03,7,15,1,10,2,11,,84,84,1,12,4,120.674302,24.126648,2
2289,66000,387130000C,(04)23274275,(04)23288582,2025,5,7,7,45,臺中市,南區,0,1,0,5,1,6,50,13,8,1,4,4,6,6,4,4,1,4,4,2,18,2,9,1,1,C03,7,9,1,10,2,11,,84,84,1,12,4,120.674302,24.126648,2
2290,66000,387130000C,(04)23274275,(04)23288582,2025,5,7,7,45,臺中市,南屯區,0,0,0,5,,,50,,,,,,,,,,,,,,13,,,,,B03,,,1,,1,,,7,7,1,6,4,120.647597,24.124399,3
2291,66000,387130000C,(04)23274275,(04)23288582,2025,5,7,7,46,臺中市,大雅區,0,1,0,5,3,6,40,3,1,1,4,4,6,6,4,4,4,3,4,1,17,2,9,1,4,C04,7,9,1,11,2,12,,84,84,1,12,4,120.644529,24.205071,2
2292,66000,387130000C,(04)23274275,(04)23288582,2025,5,7,7,46,臺中市,烏日區,0,0,0,7,,,50,,,,,,,,,,,,,,12,,,,,B03,,,1,,4,,,59,59,1,13,4,120.639785,24.109701,3
2293,66000,387130000C,(04)23274275,(04)23288582,2025,5,7,7,47,臺中市,潭子區,0,1,0,5,3,6,60,3,2,1,4,4,6,6,1,1,1,4,5,1,18,2,9,2,1,C03,7,9,1,10,2,12,,84,84,1,13,4,120.708649,24.231206,2
2294,66000,387130000C,(04)23274275,(04)23288582,2025,5,7,7,48,臺中市,北屯區,0,1,0,5,1,6,50,3,1,1,4,4,6,6,4,4,10,5,5,2,17,3,10,5,4,B03,7,6,1,4,2,1,,14,14,1,13,4,120.734519,24.16655,2
2295,66000,387130000C,(04)23274275,(04)23288582,2025,5,7,7,50,臺中市,大雅區,0,2,0,5,1,6,50,13,9,1,4,4,6,6,4,4,5,5,5,2,2,2,8,1,1,C03,7,9,1,10,2,12,,84,84,1,13,4,120.670108,24.223564,2
2296,66000,387130000C,(04)23274275,(04)23288582,2025,5,7,7,50,臺中市,西屯區,0,1,0,5,2,6,50,13,8,1,4,4,6,6,4,4,5,4,1,1,3,3,10,6,5,H01,8,16,7,21,10,17,,98,98,1,12,5,120.646954,24.173659,2
2297,66000,387130000C,(04)23274275,(04)23288582,2025,5,7,7,50,臺中市,西屯區,0,0,0,5,,,50,,,,,,,,,,,,,,13,,,,,F03,,,7,,2,,,7,7,1,13,4,120.603488,24.17317,3
2298,66000,387130000C,(04)23274275,(04)23288582,2025,5,7,7,50,臺中市,霧峰區,0,0,0,5,,,50,,,,,,,,,,,,,,,,,,,B03,,,1,,2,,,59,59,1,12,4,120.691702,24.04696,3
2299,66000,387130000C,(04)23274275,(04)23288582,2025,5,7,7,50,臺中市,大里區,0,0,0,7,,,50,,,,,,,,,,,,,,,,,,,B03,,,1,,1,,,40,40,1,12,4,120.691779,24.091522,3
2300,66000,387130000C,(04)23274275,(04)23288582,2025,5,7,7,50,臺中市,太平區,0,1,0,5,3,6,50,13,9,1,4,4,6,6,4,4,5,5,5,2,18,2,9,2,1,C03,7,9,1,10,2,12,,84,84,1,12,4,120.71646,24.103274,2
2301,66000,387130000C,(04)23274275,(04)23288582,2025,5,7,7,51,臺中市,南屯區,0,1,0,5,1,6,50,3,2,1,4,4,6,6,4,4,1,4,1,2,12,3,10,5,4,B03,7,13,1,8,2,8,,76,76,1,13,4,120.629655,24.127824,2
2302,66000,387130000C,(04)23274275,(04)23288582,2025,5,7,7,52,臺中市,北屯區,0,1,0,7,2,6,50,3,1,1,5,4,6,6,1,1,10,5,5,2,15,3,10,5,4,B03,7,9,1,8,2,1,,25,25,1,12,4,120.721333,24.178204,2
2303,66000,387130000C,(04)23274275,(04)23288582,2025,5,7,7,52,臺中市,大里區,0,1,0,5,3,6,50,4,1,1,4,4,6,6,1,1,10,5,5,2,16,3,10,3,1,B03,7,6,3,19,2,2,,11,11,1,6,4,120.689015,24.104684,2
2304,66000,387130000C,(04)23274275,(04)23288582,2025,5,7,7,52,臺中市,太平區,0,1,0,5,2,6,50,13,9,1,4,4,6,6,4,4,5,4,5,2,17,3,10,3,1,B03,7,7,1,3,2,2,,40,40,1,6,4,120.715296,24.148852,2
2305,66000,387130000C,(04)23274275,(04)23288582,2025,5,7,7,52,臺中市,大甲區,0,1,0,5,2,6,50,5,1,1,4,4,6,6,4,4,10,5,5,2,16,2,9,2,1,C03,7,5,3,19,2,12,,47,47,1,6,4,120.622336,24.345568,2
2306,66000,387130000C,(04)23274275,(04)23288582,2025,5,7,7,52,臺中市,神岡區,0,0,0,7,,,40,,,,,,,,,,,,,,16,,,,,B03,,,1,,2,,,48,48,1,13,4,120.658626,24.258922,3
2307,66000,387130000C,(04)23274275,(04)23288582,2025,5,7,7,53,臺中市,大里區,0,0,0,5,,,50,,,,,,,,,,,,,,17,,,,,C03,,,1,,1,,,7,7,1,13,4,120.711213,24.086723,3
2308,66000,387130000C,(04)23274275,(04)23288582,2025,5,7,7,54,臺中市,大里區,0,0,0,5,,,50,,,,,,,,,,,,,,17,,,,,B03,,,1,,2,,,48,48,1,13,4,120.712621,24.083422,3
2309,66000,387130000C,(04)23274275,(04)23288582,2025,5,7,7,55,臺中市,大里區,0,1,0,5,2,6,50,3,1,1,4,4,6,6,4,4,10,5,5,2,18,2,9,1,1,C03,7,9,1,10,2,12,,1,1,1,12,4,120.688816,24.091339,2
2310,66000,387130000C,(04)23274275,(04)23288582,2025,5,7,7,55,臺中市,龍井區,0,1,0,5,3,6,40,13,8,1,4,4,6,6,4,4,5,4,4,1,18,2,9,1,1,C03,7,9,1,10,2,14,,59,59,1,6,4,120.494532,24.213528,2
2311,66000,387130000C,(04)23274275,(04)23288582,2025,5,7,7,55,臺中市,東勢區,0,0,0,5,,,60,,,,,,,,,,,,,,,,,,,B03,,,1,,1,,,84,84,1,12,4,120.818775,24.275641,3
2312,66000,387130000C,(04)23274275,(04)23288582,2025,5,7,7,56,臺中市,西區,0,0,0,7,,,50,,,,,,,,,,,,,,,,,,,B03,,,1,,1,,,51,51,1,12,4,120.668848,24.138816,3
2313,66000,387130000C,(04)23274275,(04)23288582,2025,5,7,7,56,臺中市,東區,0,0,0,7,,,50,,,,,,,,,,,,,,,,,,,B03,,,1,,1,,,8,8,1,13,4,120.689286,24.143589,3
2314,66000,387130000C,(04)23274275,(04)23288582,2025,5,7,7,56,臺中市,烏日區,0,0,0,5,,,50,,,,,,,,,,,,,,,,,,,B03,,,1,,2,,,8,8,1,6,4,120.625907,24.106109,3
2315,66000,387130000C,(04)23274275,(04)23288582,2025,5,7,7,56,臺中市,大甲區,0,1,0,5,3,6,50,13,9,1,4,4,6,6,4,4,5,4,5,1,12,2,9,2,1,C03,7,9,1,10,2,14,,84,84,1,6,4,120.621455,24.34916,2
2316,66000,387130000C,(04)23274275,(04)23288582,2025,5,7,7,57,臺中市,北屯區,0,2,0,7,2,6,50,13,9,1,4,4,6,6,4,4,5,2,4,2,12,2,9,1,1,C03,7,1,1,10,1,14,,51,51,1,12,4,120.687876,24.173767,2
2317,66000,387130000C,(04)23274275,(04)23288582,2025,5,7,7,58,臺中市,北區,0,1,0,5,2,6,30,13,9,1,4,4,6,6,4,4,10,5,5,2,18,2,9,5,1,C03,7,15,1,10,2,14,,84,84,1,13,4,120.675073,24.169177,2
2318,66000,387130000C,(04)23274275,(04)23288582,2025,5,7,7,58,臺中市,西屯區,0,0,0,5,,,80,,,,,,,,,,,,,,13,,,,,B12,,,1,,1,,,7,7,1,13,4,120.659407,24.200672,3
2319,66000,387130000C,(04)23274275,(04)23288582,2025,5,7,7,58,臺中市,西屯區,0,0,0,5,,,50,,,,,,,,,,,,,,13,,,,,B03,,,1,,1,,,7,7,1,12,4,120.606937,24.193641,3
2320,66000,387130000C,(04)23274275,(04)23288582,2025,5,7,8,1,臺中市,大里區,0,0,0,5,,,80,,,,,,,,,,,,,,17,,,,,B03,,,1,,2,,,40,40,1,13,4,120.690704,24.098029,3
2321,66000,387130000C,(04)23274275,(04)23288582,2025,5,7,8,1,臺中市,龍井區,0,1,0,5,2,6,30,3,1,1,4,4,6,6,4,4,10,5,5,2,18,2,9,2,1,C03,7,5,1,10,2,12,,6,6,1,12,4,120.595374,24.188005,2
2322,66000,387130000C,(04)23274275,(04)23288582,2025,5,7,8,2,臺中市,太平區,0,0,0,5,2,6,50,13,9,1,4,4,6,6,4,4,4,4,5,2,17,3,10,3,1,B03,7,8,1,2,2,8,,40,40,1,6,4,120.712569,24.126121,3
2323,66000,387130000C,(04)23274275,(04)23288582,2025,5,7,8,2,臺中市,大甲區,0,2,0,5,2,6,70,13,8,1,4,4,6,6,4,4,1,4,4,1,16,3,10,3,1,B03,7,5,1,8,2,6,,65,65,1,6,4,120.639567,24.363282,2
2324,66000,387130000C,(04)23274275,(04)23288582,2025,5,7,8,3,臺中市,西區,0,1,0,5,2,6,50,4,2,1,4,4,6,6,2,1,5,4,4,1,16,3,10,3,1,B03,7,5,1,8,2,2,,11,11,1,13,4,120.67535,24.141731,2
2325,66000,387130000C,(04)23274275,(04)23288582,2025,5,7,8,3,臺中市,太平區,0,1,0,5,3,6,50,13,9,1,4,4,6,6,4,4,3,4,5,2,17,2,9,2,1,C03,7,9,1,8,2,12,,84,84,1,5,4,120.718402,24.137323,2
2326,66000,387130000C,(04)23274275,(04)23288582,2025,5,7,8,4,臺中市,南屯區,0,0,0,5,,,50,,,,,,,,,,,,,,17,,,,,B03,,,1,,1,,,40,40,1,12,4,120.648027,24.153735,3
2327,66000,387130000C,(04)23274275,(04)23288582,2025,5,7,8,4,臺中市,大肚區,0,0,0,5,,,50,,,,,,,,,,,,,,16,,,,,C03,,,1,,1,,,40,40,1,6,4,120.559802,24.126052,4
2328,66000,387130000C,(04)23274275,(04)23288582,2025,5,7,8,5,臺中市,潭子區,0,0,0,5,,,50,,,,,,,,,,,,,,11,,,,,C03,,,1,,2,,,84,84,1,13,4,120.720103,24.213668,3
2329,66000,387130000C,(04)23274275,(04)23288582,2025,5,7,8,5,臺中市,北區,0,1,0,5,2,6,50,5,9,1,4,4,6,6,4,4,10,5,5,2,3,3,10,5,4,C03,7,9,1,10,2,12,,10,10,1,13,4,120.666731,24.15945,2
2330,66000,387130000C,(04)23274275,(04)23288582,2025,5,7,8,6,臺中市,沙鹿區,0,3,0,6,2,6,40,13,12,1,4,4,6,6,1,1,3,4,4,2,17,2,9,1,1,C03,7,3,1,10,2,12,,50,50,1,13,4,120.569956,24.238173,2
2331,66000,387130000C,(04)23274275,(04)23288582,2025,5,7,8,7,臺中市,南區,0,0,0,7,,,50,,,,,,,,,,,,,,,,,,,B03,,,1,,1,,,59,59,1,6,4,120.679289,24.120608,3
2332,66000,387130000C,(04)23274275,(04)23288582,2025,5,7,8,8,臺中市,北區,0,0,0,7,,,50,,,,,,,,,,,,,,12,,,,,B12,,,1,,1,,,84,84,1,13,4,120.683028,24.144643,3
2333,66000,387130000C,(04)23274275,(04)23288582,2025,5,7,8,8,臺中市,大里區,0,0,0,5,,,80,,,,,,,,,,,,,,13,,,,,B03,,,1,,2,,,84,84,1,6,4,120.687993,24.094563,3
2334,66000,387130000C,(04)23274275,(04)23288582,2025,5,7,8,13,臺中市,北區,0,1,0,5,2,6,40,4,1,1,4,4,6,6,1,1,1,4,4,2,17,3,10,1,1,C03,7,9,1,10,2,16,,75,75,1,12,4,120.675441,24.160436,2
2335,66000,387130000C,(04)23274275,(04)23288582,2025,5,7,8,13,臺中市,新社區,0,0,0,5,,,50,,,,,,,,,,,,,,,,,,,B12,,,1,,1,,,51,51,1,12,4,120.808917,24.248891,3
2336,66000,387130000C,(04)23274275,(04)23288582,2025,5,7,8,14,臺中市,霧峰區,0,1,0,7,2,6,50,13,9,1,5,4,6,6,1,1,5,4,5,1,13,2,8,1,1,C03,7,9,1,10,2,11,,7,7,1,13,4,120.699764,24.074124,2
2337,66000,387130000C,(04)23274275,(04)23288582,2025,5,7,8,15,臺中市,東區,0,1,0,5,3,6,50,13,12,1,4,4,6,6,4,4,5,5,4,2,16,3,10,3,1,B03,7,11,1,8,2,5,,34,34,1,6,4,120.709824,24.149569,2
2338,66000,387130000C,(04)23274275,(04)23288582,2025,5,7,8,17,臺中市,南屯區,0,1,0,5,3,6,40,13,9,1,4,4,6,6,4,4,9,5,5,2,16,3,10,2,4,C03,7,6,1,10,2,13,,20,20,1,6,4,120.648696,24.152345,2
2339,66000,387130000C,(04)23274275,(04)23288582,2025,5,7,8,17,臺中市,西屯區,0,1,0,5,2,6,40,13,8,1,4,4,6,6,4,4,3,5,3,2,16,3,10,5,4,B03,7,5,1,8,2,6,,65,65,1,13,4,120.620102,24.180463,2
2340,66000,387130000C,(04)23274275,(04)23288582,2025,5,7,8,18,臺中市,大雅區,0,0,0,5,,,30,,,,,,,,,,,,,,,,,,,C03,,,1,,1,,,7,7,1,13,4,120.601834,24.215576,3
2341,66000,387130000C,(04)23274275,(04)23288582,2025,5,7,8,18,臺中市,北屯區,0,1,0,5,3,6,50,4,2,1,4,4,6,6,2,1,1,2,5,2,18,2,8,1,1,C03,7,9,1,10,2,12,,84,84,1,12,4,120.670929,24.175025,2
2342,66000,387130000C,(04)23274275,(04)23288582,2025,5,7,8,19,臺中市,西屯區,0,1,0,5,2,6,40,4,8,1,4,4,6,6,1,1,5,5,4,1,16,3,10,1,1,C03,7,5,1,10,2,12,,41,41,1,12,4,120.635989,24.169183,2
2343,66000,387130000C,(04)23274275,(04)23288582,2025,5,7,8,20,臺中市,潭子區,0,1,0,5,3,6,50,13,9,1,4,4,6,6,4,4,1,4,5,2,17,2,9,2,1,C03,7,12,1,10,2,12,,84,84,1,13,4,120.704209,24.20118,2
2344,66000,387130000C,(04)23274275,(04)23288582,2025,5,7,8,20,臺中市,大雅區,0,1,0,5,1,6,50,3,1,1,4,4,6,6,1,1,5,5,4,2,17,3,10,3,1,B03,7,6,1,8,2,5,,11,11,1,13,4,120.650942,24.216443,2
2345,66000,387130000C,(04)23274275,(04)23288582,2025,5,7,8,20,臺中市,西屯區,0,0,0,5,,,50,,,,,,,,,,,,,,13,,,,,B12,,,1,,1,,,59,59,1,12,4,120.658339,24.195716,3
2346,66000,387130000C,(04)23274275,(04)23288582,2025,5,7,8,20,臺中市,西屯區,0,1,0,6,2,6,50,4,8,1,5,4,6,6,4,4,9,5,5,2,16,3,10,3,1,B03,7,5,1,8,1,16,,41,41,1,12,4,120.611239,24.199357,2
2347,66000,387130000C,(04)23274275,(04)23288582,2025,5,7,8,20,臺中市,沙鹿區,0,0,0,6,,,60,,,,,,,,,,,,,,13,,,,,B03,,,1,,2,,,7,7,1,12,4,120.55679,24.212767,3
2348,66000,387130000C,(04)23274275,(04)23288582,2025,5,7,8,23,臺中市,北區,0,0,0,6,,,30,,,,,,,,,,,,,,14,,,,,B03,,,1,,1,,,49,49,1,13,4,120.697088,24.153341,3
2349,66000,387130000C,(04)23274275,(04)23288582,2025,5,7,8,23,臺中市,太平區,0,0,0,5,,,50,,,,,,,,,,,,,,16,,,,,B12,,,1,,2,,,39,39,1,12,4,120.708779,24.129137,3
2350,66000,387130000C,(04)23274275,(04)23288582,2025,5,7,8,25,臺中市,北屯區,0,0,0,7,,,30,,,,,,,,,,,,,,,,,,,B03,,,1,,2,,,49,49,1,12,4,120.697819,24.176436,3
2351,66000,387130000C,(04)23274275,(04)23288582,2025,5,7,8,25,臺中市,北屯區,0,1,0,5,2,6,50,13,8,1,4,4,6,6,4,4,4,3,4,2,26,,,,,,,,,,,,,115,115,1,,,120.693605,24.162058,2
2352,66000,387130000C,(04)23274275,(04)23288582,2025,5,7,8,27,臺中市,西屯區,0,1,0,6,2,6,40,3,1,1,4,4,6,6,4,4,10,5,5,2,17,3,10,3,4,B03,7,1,1,8,2,4,,51,51,1,13,4,120.651823,24.16673,2
2353,66000,387130000C,(04)23274275,(04)23288582,2025,5,7,8,27,臺中市,西屯區,0,1,0,6,3,6,50,3,2,1,4,4,6,6,1,1,5,4,4,2,16,2,8,2,4,C03,7,11,1,10,2,11,,7,7,1,12,4,120.587651,24.167274,2
2354,66000,387130000C,(04)23274275,(04)23288582,2025,5,7,8,30,臺中市,大雅區,0,0,0,5,,,50,,,,,,,,,,,,,,,,,,,C03,,,1,,1,,,7,7,1,13,4,120.646901,24.218984,3
2355,66000,387130000C,(04)23274275,(04)23288582,2025,5,7,8,30,臺中市,北屯區,0,0,0,6,,,30,,,,,,,,,,,,,,2,,,,,B03,,,1,8,2,,,8,8,1,12,4,120.665692,24.188821,3
2356,66000,387130000C,(04)23274275,(04)23288582,2025,5,7,8,30,臺中市,北屯區,0,1,0,5,1,6,50,13,9,1,4,4,6,6,4,4,1,4,5,2,13,3,10,5,4,C03,7,9,1,10,2,11,,7,7,1,13,4,120.685142,24.171947,2
2357,66000,387130000C,(04)23274275,(04)23288582,2025,5,7,8,30,臺中市,北屯區,0,0,0,7,,,50,,,,,,,,,,,,,,16,,,,,B03,,,3,,1,,,24,24,1,6,4,120.692407,24.195377,3
2358,66000,387130000C,(04)23274275,(04)23288582,2025,5,7,8,31,臺中市,北區,0,0,0,7,,,50,,,,,,,,,,,,,,17,,,,,B03,,,1,,2,,,8,8,1,13,4,120.692019,24.156732,3
2359,66000,387130000C,(04)23274275,(04)23288582,2025,5,7,8,31,臺中市,龍井區,0,0,0,5,,,50,,,,,,,,,,,,,,14,,,,,B12,,,1,,2,,,49,49,1,12,4,120.592568,24.181551,3