序號,縣市別代碼,機關代碼,市話,傳真,年,月,日,時,分,縣市,區,死亡數量,受傷數量,2-30,天候,道路照明設備,道路類別,道路速限,道路型態,事故位置,路面鋪裝,路面狀態,路面缺陷,障礙物,視距,號誌種類,號誌動作,分向設施,快車道或一般車道間,快慢車道間,路面邊線,事故類型及型態,受傷程度,主要傷處,保護裝備,行動電話或功能裝置,當事者區分(類別),車輛用途,當事者行動狀態,駕照狀態,駕照種類,飲酒情形,車輛撞擊部位最初,車輛撞擊部位其他,肇事因素個別,肇事因素主要,肇事逃逸,職業,共享經濟或外送平台,GPS座標X,GPS座標Y,事故類別
2471,66000,387130000C,(04)23274275,(04)23288582,2025,5,7,13,3,臺中市,大甲區,0,0,0,7,,,50,,,,,,,,,,,,,,14,,,,,B02,,,1,,2,,,49,49,1,6,4,120.620101,24.35196,3
2472,66000,387130000C,(04)23274275,(04)23288582,2025,5,7,13,11,臺中市,西區,0,1,0,7,1,6,50,13,9,1,5,4,6,6,4,4,1,4,5,2,17,3,10,5,4,B03,7,7,1,8,2,16,,85,85,1,12,4,120.659304,24.156055,2
2473,66000,387130000C,(04)23274275,(04)23288582,2025,5,7,13,15,臺中市,北區,0,2,0,6,2,6,50,3,1,1,5,4,6,6,4,4,9,5,5,2,17,2,9,1,1,C03,7,6,1,9,2,13,,48,48,1,12,2,120.685889,24.151695,2
2474,66000,387130000C,(04)23274275,(04)23288582,2025,5,7,13,27,臺中市,北區,0,1,0,7,2,6,50,4,2,1,5,4,6,6,1,1,5,4,5,2,17,3,10,5,1,B01,7,5,1,4,2,5,,84,84,1,13,4,120.676568,24.157254,2
2475,66000,387130000C,(04)23274275,(04)23288582,2025,5,7,13,30,臺中市,大里區,0,0,0,7,,,50,,,,,,,,,,,,,,,,,,,,,,,,,,,119,119,1,,,120.703531,24.088043,3
2476,66000,387130000C,(04)23274275,(04)23288582,2025,5,7,13,33,臺中市,沙鹿區,0,1,0,7,2,6,30,5,2,1,5,4,6,6,2,1,10,5,5,2,17,3,10,3,1,B03,7,5,1,3,2,1,,47,47,1,6,4,120.579507,24.221354,2
2477,66000,387130000C,(04)23274275,(04)23288582,2025,5,7,13,43,臺中市,西屯區,0,1,0,6,2,6,50,13,9,1,5,4,6,6,4,4,5,4,5,2,17,2,9,1,1,C03,7,9,1,10,2,11,,59,59,1,12,4,120.615886,24.188973,2
2478,66000,387130000C,(04)23274275,(04)23288582,2025,5,7,13,44,臺中市,后里區,0,0,0,7,2,6,50,13,14,1,5,4,6,6,4,4,5,5,5,1,17,3,10,3,1,A42,7,5,1,5,2,5,,84,84,1,12,4,120.717819,24.309757,3
2479,66000,387130000C,(04)23274275,(04)23288582,2025,5,7,13,47,臺中市,太平區,0,1,0,7,3,6,50,3,9,1,5,4,6,6,1,1,5,4,5,2,16,3,10,2,1,C03,7,9,1,10,2,14,,4,4,1,12,4,120.727061,24.134049,2
2480,66000,387130000C,(04)23274275,(04)23288582,2025,5,7,13,48,臺中市,大甲區,0,1,0,7,3,6,50,3,2,1,2,4,6,6,2,1,10,5,5,2,17,3,10,5,4,A12,7,5,1,3,9,16,,73,73,1,6,4,120.626845,24.340395,2
2481,66000,387130000C,(04)23274275,(04)23288582,2025,5,7,13,50,臺中市,梧棲區,0,0,0,7,,,40,,,,,,,,,,,,,,17,,,,,A11,,,1,,1,,,76,76,1,6,4,120.530564,24.25545,3
2482,66000,387130000C,(04)23274275,(04)23288582,2025,5,7,13,53,臺中市,北區,0,1,0,6,2,6,40,3,8,1,5,4,6,6,1,1,1,4,4,2,17,3,10,5,4,B03,7,1,1,8,2,8,,51,51,1,13,4,120.694227,24.159688,2
2483,66000,387130000C,(04)23274275,(04)23288582,2025,5,7,13,56,臺中市,西屯區,0,1,0,7,2,6,50,4,1,1,5,4,6,6,1,1,3,4,4,2,16,3,10,5,4,C03,7,5,1,10,2,12,,11,11,1,13,4,120.647674,24.166781,2
2484,66000,387130000C,(04)23274275,(04)23288582,2025,5,7,14,0,臺中市,后里區,0,0,0,7,,,50,,,,,,,,,,,,,,12,,,,,B13,,,1,,2,,,56,56,1,12,4,120.719357,24.309264,3
2485,66000,387130000C,(04)23274275,(04)23288582,2025,5,7,14,3,臺中市,北區,0,0,0,7,,,50,,,,,,,,,,,,,,17,,,,,C03,,,1,,1,,,7,7,1,13,4,120.677758,24.160999,3
2486,66000,387130000C,(04)23274275,(04)23288582,2025,5,7,14,5,臺中市,北區,0,0,0,7,,,50,,,,,,,,,,,,,,17,,,,,B03,,,1,,9,,,58,58,1,13,4,120.684484,24.167195,3
2487,66000,387130000C,(04)23274275,(04)23288582,2025,5,7,14,7,臺中市,潭子區,0,1,0,7,3,6,50,3,2,1,5,4,6,6,4,4,5,4,5,1,13,2,8,1,1,C03,7,9,1,10,2,11,,7,7,1,12,4,120.700941,24.216755,2
2488,66000,387130000C,(04)23274275,(04)23288582,2025,5,7,14,8,臺中市,烏日區,0,0,0,7,,,30,,,,,,,,,,,,,,,,,,,C03,,,3,,3,,,21,21,1,6,4,120.632384,24.078375,3
2489,66000,387130000C,(04)23274275,(04)23288582,2025,5,7,14,10,臺中市,西區,0,0,0,7,,,50,,,,,,,,,,,,,,,,,,,B03,,,1,,1,,,8,8,1,13,4,120.669653,24.151979,3
2490,66000,387130000C,(04)23274275,(04)23288582,2025,5,7,14,10,臺中市,西屯區,0,0,0,6,,,40,,,,,,,,,,,,,,12,,,,,B03,,,1,,1,,,85,85,1,12,4,120.61582,24.190194,3
2491,66000,387130000C,(04)23274275,(04)23288582,2025,5,7,14,10,臺中市,后里區,0,0,0,7,3,6,50,4,1,1,4,4,6,6,4,4,4,5,5,1,15,3,10,3,1,B12,7,6,1,8,2,1,5,14,14,1,13,4,120.722929,24.296318,3
2492,66000,387130000C,(04)23274275,(04)23288582,2025,5,7,14,14,臺中市,大雅區,0,0,0,7,,,50,,,,,,,,,,,,,,,,,,,B03,,,1,,9,,,51,51,2,13,4,120.64702,24.218414,3
2493,66000,387130000C,(04)23274275,(04)23288582,2025,5,7,14,20,臺中市,西屯區,0,1,0,6,3,6,30,13,9,1,5,4,6,6,4,4,5,4,5,2,16,2,8,1,4,C03,7,1,1,10,2,11,,51,51,1,12,4,120.644471,24.171811,2
2494,66000,387130000C,(04)23274275,(04)23288582,2025,5,7,14,22,臺中市,太平區,0,0,0,7,,,50,,,,,,,,,,,,,,17,,,,,C03,,,1,,1,,,51,51,1,12,4,120.734297,24.145119,3
2495,66000,387130000C,(04)23274275,(04)23288582,2025,5,7,14,25,臺中市,烏日區,0,0,0,7,,,50,,,,,,,,,,,,,,9,,,,,B03,,,1,,2,,,84,84,1,6,4,120.600701,24.109595,3
2496,66000,387130000C,(04)23274275,(04)23288582,2025,5,7,14,29,臺中市,西屯區,0,1,0,6,2,6,50,13,9,1,5,4,6,6,4,4,1,4,5,2,17,3,10,5,4,B03,7,15,1,8,2,6,,78,78,1,13,4,120.647056,24.157512,2
2497,66000,387130000C,(04)23274275,(04)23288582,2025,5,7,14,30,臺中市,北區,0,0,0,7,,,30,,,,,,,,,,,,,,,,,,,,,,,,,,,119,119,1,,,120.674899,24.163929,3
2498,66000,387130000C,(04)23274275,(04)23288582,2025,5,7,14,38,臺中市,中區,0,0,0,7,,,50,,,,,,,,,,,,,,,,,,,B03,,,1,,1,,,56,56,1,6,4,120.681997,24.143728,3
2499,66000,387130000C,(04)23274275,(04)23288582,2025,5,7,14,45,臺中市,西屯區,0,1,0,5,2,6,50,3,1,1,4,4,6,6,1,1,10,5,5,2,16,3,10,5,1,B03,7,5,1,8,2,5,,11,11,1,12,4,120.638486,24.161359,2
2500,66000,387130000C,(04)23274275,(04)23288582,2025,5,7,14,45,臺中市,東勢區,0,0,0,6,,,50,,,,,,,,,,,,,,,,,,,B12,,,1,,1,,,84,84,1,12,4,120.827715,24.256994,3
2501,66000,387130000C,(04)23274275,(04)23288582,2025,5,7,14,46,臺中市,西屯區,0,0,0,5,,,50,,,,,,,,,,,,,,14,,,,,B03,,,1,,9,,,49,49,1,12,4,120.6407,24.179533,3
2502,66000,387130000C,(04)23274275,(04)23288582,2025,5,7,14,50,臺中市,東區,0,2,0,5,3,6,50,13,8,1,4,4,6,6,4,4,5,4,4,2,12,2,9,2,1,C03,7,9,1,10,2,11,,84,84,1,13,4,120.708659,24.149288,2
2503,66000,387130000C,(04)23274275,(04)23288582,2025,5,7,14,54,臺中市,北區,0,1,0,5,2,6,50,3,1,1,4,4,6,6,4,4,5,5,5,2,17,2,9,1,1,C03,7,9,1,10,2,14,,84,84,1,13,4,120.682367,24.164514,2
2504,66000,387130000C,(04)23274275,(04)23288582,2025,5,7,14,54,臺中市,南區,0,0,0,6,,,50,,,,,,,,,,,,,,15,,,,,B03,,,1,,1,,,84,84,1,6,4,120.654689,24.119598,3
2505,66000,387130000C,(04)23274275,(04)23288582,2025,5,7,14,56,臺中市,潭子區,0,0,0,5,,,50,,,,,,,,,,,,,,,,,,,B02,,,1,,2,,,84,84,1,13,4,120.702037,24.200944,3
2506,66000,387130000C,(04)23274275,(04)23288582,2025,5,7,14,57,臺中市,大甲區,0,0,0,5,,,50,,,,,,,,,,,,,,12,,,,,B03,,,1,,1,,,50,50,1,6,4,120.626067,24.351389,3
2507,66000,387130000C,(04)23274275,(04)23288582,2025,5,7,15,0,臺中市,北區,0,1,0,5,2,6,50,4,1,1,4,4,6,6,1,1,10,5,5,2,16,3,10,3,1,B03,7,6,1,8,2,2,,11,11,1,12,4,120.694326,24.155623,2
2508,66000,387130000C,(04)23274275,(04)23288582,2025,5,7,15,0,臺中市,龍井區,0,0,0,5,,,60,,,,,,,,,,,,,,13,,,,,A31,,,1,,2,,,7,7,1,6,4,120.509255,24.218511,3
2509,66000,387130000C,(04)23274275,(04)23288582,2025,5,7,15,1,臺中市,北區,0,0,0,5,,,50,,,,,,,,,,,,,,27,,,,,B03,,,1,,2,,,58,58,1,13,4,120.684949,24.166941,3
2510,66000,387130000C,(04)23274275,(04)23288582,2025,5,7,15,2,臺中市,北區,0,1,0,5,3,6,50,4,1,1,4,4,6,6,4,4,5,5,5,2,17,2,9,1,1,C03,7,9,1,10,2,11,,15,15,1,12,4,120.681003,24.153506,2
2511,66000,387130000C,(04)23274275,(04)23288582,2025,5,7,15,3,臺中市,北屯區,0,1,0,5,3,6,40,4,1,1,4,4,6,6,2,1,10,5,5,2,13,3,10,3,1,B03,7,5,1,8,2,1,,7,7,1,6,4,120.721405,24.181413,2
2512,66000,387130000C,(04)23274275,(04)23288582,2025,5,7,15,10,臺中市,北屯區,0,0,0,5,,,50,,,,,,,,,,,,,,13,,,,,B03,,,1,,1,,,7,7,1,6,4,120.710719,24.18224,3
2513,66000,387130000C,(04)23274275,(04)23288582,2025,5,7,15,10,臺中市,大甲區,0,1,0,5,2,6,50,13,9,1,4,4,6,6,4,4,9,5,5,1,16,3,10,2,1,C03,7,6,1,10,2,12,,20,20,1,6,4,120.627095,24.346775,2
2514,66000,387130000C,(04)23274275,(04)23288582,2025,5,7,15,12,臺中市,北區,0,0,0,7,,,50,,,,,,,,,,,,,,,,,,,A02,,,1,,1,,,94,94,1,12,4,120.670505,24.173611,3
2515,66000,387130000C,(04)23274275,(04)23288582,2025,5,7,15,15,臺中市,北區,0,1,0,5,2,6,50,13,7,1,4,4,6,6,4,4,3,4,4,2,18,2,9,1,1,C03,7,9,1,10,2,14,,84,84,1,13,4,120.67168,24.171423,2
2516,66000,387130000C,(04)23274275,(04)23288582,2025,5,7,15,17,臺中市,北屯區,0,1,0,5,2,6,50,3,1,1,4,4,6,6,1,1,10,5,5,2,17,2,9,1,1,C03,7,9,1,10,2,12,,85,85,1,12,4,120.697951,24.164875,2
2517,66000,387130000C,(04)23274275,(04)23288582,2025,5,7,15,18,臺中市,南屯區,0,1,0,5,2,6,50,3,1,1,4,4,6,6,4,4,1,5,5,2,18,2,9,1,1,C03,7,9,1,10,2,16,,6,6,1,13,4,120.621841,24.150757,2
2518,66000,387130000C,(04)23274275,(04)23288582,2025,5,7,15,19,臺中市,北區,0,2,0,5,3,6,50,18,9,1,4,4,6,6,1,1,5,5,5,2,17,2,8,1,1,C03,7,9,1,10,2,11,,7,7,1,12,4,120.668827,24.171677,2
2519,66000,387130000C,(04)23274275,(04)23288582,2025,5,7,15,20,臺中市,大里區,0,0,0,5,,,50,,,,,,,,,,,,,,9,,,,,B03,,,1,,2,,,49,49,1,12,4,120.658598,24.09438,3
2520,66000,387130000C,(04)23274275,(04)23288582,2025,5,7,15,21,臺中市,南區,0,0,0,5,,,30,,,,,,,,,,,,,,22,,,,,B12,,,1,,2,,,84,84,1,12,4,120.656912,24.122865,3
2521,66000,387130000C,(04)23274275,(04)23288582,2025,5,7,15,25,臺中市,北屯區,0,1,0,5,2,6,50,3,1,1,4,4,6,6,4,4,10,5,5,2,18,2,9,1,1,C03,7,9,1,10,2,12,,84,84,1,12,4,120.689686,24.162808,2
2522,66000,387130000C,(04)23274275,(04)23288582,2025,5,7,15,27,臺中市,西區,0,0,0,7,,,50,,,,,,,,,,,,,,,,,,,B03,,,1,,1,,,84,84,1,12,4,120.652997,24.146726,3
2523,66000,387130000C,(04)23274275,(04)23288582,2025,5,7,15,30,臺中市,西區,0,0,0,5,,,30,,,,,,,,,,,,,,14,,,,,A12,,,1,,1,,,49,49,1,12,4,120.652272,24.148043,3
2524,66000,387130000C,(04)23274275,(04)23288582,2025,5,7,15,30,臺中市,北屯區,0,0,0,7,,,50,,,,,,,,,,,,,,17,,,,,B03,,,1,,2,,,50,50,1,13,4,120.690667,24.180294,3
2525,66000,387130000C,(04)23274275,(04)23288582,2025,5,7,15,35,臺中市,沙鹿區,0,0,0,5,,,50,,,,,,,,4,4,,,,,,,,,,F01,,,7,,1,11,,59,59,1,2,4,120.556202,24.232394,3
2526,66000,387130000C,(04)23274275,(04)23288582,2025,5,7,15,46,臺中市,潭子區,0,1,0,7,3,6,50,5,1,1,5,4,6,6,1,1,5,5,5,1,17,2,9,2,1,C03,7,9,1,10,2,12,,21,21,1,13,4,120.710201,24.208245,2
2527,66000,387130000C,(04)23274275,(04)23288582,2025,5,7,15,47,臺中市,西屯區,0,0,0,7,,,60,,,,,,,,,,,,,,,,,,,B03,,,1,,1,,,7,7,1,12,4,120.65089,24.164256,3
2528,66000,387130000C,(04)23274275,(04)23288582,2025,5,7,15,53,臺中市,北區,0,0,0,7,,,50,,,,,,,,,,,,,,,,,,,C03,,,1,,2,,,84,84,1,12,4,120.68666,24.16298,4
2529,66000,387130000C,(04)23274275,(04)23288582,2025,5,7,15,53,臺中市,北屯區,0,1,0,5,2,6,50,13,7,1,4,4,6,6,4,4,7,5,4,2,18,3,10,1,1,C03,7,12,1,10,2,14,,82,82,1,5,4,120.662252,24.1873,2
2530,66000,387130000C,(04)23274275,(04)23288582,2025,5,7,15,56,臺中市,潭子區,0,1,0,5,2,6,30,4,2,1,4,4,6,1,4,4,10,5,5,2,11,3,10,3,1,B02,7,6,1,8,2,4,,84,84,1,13,4,120.695059,24.217994,2
2531,66000,387130000C,(04)23274275,(04)23288582,2025,5,7,15,56,臺中市,西屯區,0,1,0,7,2,6,30,4,1,1,4,4,6,6,4,4,10,5,5,2,17,2,9,1,1,C03,7,9,1,10,1,16,,85,85,1,12,4,120.64273,24.176238,2
2532,66000,387130000C,(04)23274275,(04)23288582,2025,5,7,16,0,臺中市,北屯區,0,0,0,5,,,40,,,,,,,,,,,,,,12,,,,,B11,,,1,4,2,,,50,50,1,6,4,120.694388,24.17479,3
2533,66000,387130000C,(04)23274275,(04)23288582,2025,5,7,16,3,臺中市,梧棲區,0,0,0,6,,,50,,,,,,,,,,,,,,12,,,,,B03,,,1,,1,,,8,8,1,12,4,120.545106,24.2591,3
2534,66000,387130000C,(04)23274275,(04)23288582,2025,5,7,16,6,臺中市,太平區,0,0,0,6,,,40,,,,,,,,,,,,,,14,,,,,B12,,,1,,2,,,49,49,1,6,4,120.708137,24.122435,3
2535,66000,387130000C,(04)23274275,(04)23288582,2025,5,7,16,10,臺中市,南區,0,0,0,7,,,50,,,,,,,,,,,,,,17,,,,,B03,,,1,,1,,,7,7,1,12,4,120.652615,24.112456,3
2536,66000,387130000C,(04)23274275,(04)23288582,2025,5,7,16,10,臺中市,沙鹿區,0,0,0,5,,,50,,,,,,,,,,,,,,14,,,,,B03,,,1,,2,,,49,49,1,12,4,120.569292,24.243558,3
2537,66000,387130000C,(04)23274275,(04)23288582,2025,5,7,16,12,臺中市,西屯區,0,0,0,7,,,,,,,,,,,,,,,,,25,,,,,,,,,,,,,85,85,1,,,120.64581,24.173673,3
2538,66000,387130000C,(04)23274275,(04)23288582,2025,5,7,16,13,臺中市,太平區,0,2,0,7,2,6,40,13,8,1,5,4,6,6,1,1,5,5,4,1,13,2,8,1,1,C03,7,9,1,10,2,11,,59,59,1,6,4,120.728597,24.149974,2
2539,66000,387130000C,(04)23274275,(04)23288582,2025,5,7,16,14,臺中市,西屯區,0,1,0,7,2,6,50,3,1,1,5,4,6,6,4,4,10,5,5,2,16,3,10,5,4,B03,7,5,1,8,2,2,,84,84,1,13,4,120.651812,24.197749,2
2540,66000,387130000C,(04)23274275,(04)23288582,2025,5,7,16,15,臺中市,東區,0,0,0,7,,,50,,,,,,,,,,,,,,,,,,,B12,,,1,,1,,,87,87,1,12,4,120.694423,24.14277,3
2541,66000,387130000C,(04)23274275,(04)23288582,2025,5,7,16,16,臺中市,東區,0,1,0,5,3,6,50,4,1,1,4,4,6,6,1,1,10,5,5,2,18,2,9,2,1,C03,7,9,1,10,2,14,,82,82,1,13,4,120.700821,24.135181,2
2542,66000,387130000C,(04)23274275,(04)23288582,2025,5,7,16,17,臺中市,南區,0,0,0,5,,,50,,,,,,,,,,,,,,17,,,,,B03,,,1,,2,,,84,84,1,12,4,120.659333,24.111112,3
2543,66000,387130000C,(04)23274275,(04)23288582,2025,5,7,16,17,臺中市,北屯區,0,0,0,7,,,50,,,,,,,,,,,,,,9,,,,,B03,,,1,,1,,,40,40,1,6,4,120.707542,24.1857,3
2544,66000,387130000C,(04)23274275,(04)23288582,2025,5,7,16,18,臺中市,龍井區,0,0,0,7,,,30,,,,,,,,,,,,,,13,,,,,B03,,,1,,1,,,84,84,1,6,4,120.581071,24.188374,3
2545,66000,387130000C,(04)23274275,(04)23288582,2025,5,7,16,21,臺中市,大雅區,0,0,0,7,,,50,,,,,,,,,,,,,,,,,,,B03,,,1,,1,,,51,51,1,12,4,120.649851,24.223972,3
2546,66000,387130000C,(04)23274275,(04)23288582,2025,5,7,16,21,臺中市,西屯區,0,0,0,6,,,50,,,,,,,,,,,,,,13,,,,,C03,,,1,,1,,,7,7,1,12,4,120.626205,24.184511,3
2547,66000,387130000C,(04)23274275,(04)23288582,2025,5,7,16,23,臺中市,大雅區,0,2,0,6,3,6,30,3,2,1,5,4,6,6,4,4,10,4,5,1,16,2,8,2,1,C03,7,6,1,10,2,14,,12,12,1,13,4,120.649291,24.226946,2
2548,66000,387130000C,(04)23274275,(04)23288582,2025,5,7,16,27,臺中市,龍井區,0,1,0,7,3,6,70,13,8,1,5,4,6,6,4,4,1,4,4,1,16,3,10,3,1,B03,7,5,1,5,2,2,,47,47,1,6,4,120.542777,24.173888,2
2549,66000,387130000C,(04)23274275,(04)23288582,2025,5,7,16,28,臺中市,北屯區,0,0,0,7,,,50,,,,,,,,,,,,,,13,,,,,B03,,,1,,1,,,59,59,1,12,4,120.721811,24.181854,3
2550,66000,387130000C,(04)23274275,(04)23288582,2025,5,7,16,30,臺中市,西區,0,0,0,5,,,50,,,,,,,,,,,,,,,,,,,B03,,,1,,1,,,7,7,1,12,4,120.658675,24.155292,3
2551,66000,387130000C,(04)23274275,(04)23288582,2025,5,7,16,30,臺中市,北屯區,0,0,0,7,,,50,,,,,,,,,,,,,,17,,,,,B03,,,1,,2,,,51,51,1,13,4,120.697908,24.183811,3
2552,66000,387130000C,(04)23274275,(04)23288582,2025,5,7,16,39,臺中市,中區,0,1,0,7,1,6,50,13,9,1,4,4,6,6,4,4,5,4,5,1,30,2,9,5,4,C03,7,9,1,10,2,11,,84,84,1,12,4,120.681387,24.144224,2
2553,66000,387130000C,(04)23274275,(04)23288582,2025,5,7,16,39,臺中市,西屯區,0,0,0,7,,,50,,,,,,,,,,,,,,,,,,,B03,,,1,,1,,,40,40,1,13,4,120.65094,24.164841,3
2554,66000,387130000C,(04)23274275,(04)23288582,2025,5,7,16,40,臺中市,后里區,0,1,0,5,2,6,40,3,2,1,4,4,6,6,4,4,1,4,4,1,13,3,10,2,1,C03,7,9,1,10,2,11,,84,84,1,12,4,120.723461,24.2924,2
2555,66000,387130000C,(04)23274275,(04)23288582,2025,5,7,16,48,臺中市,北屯區,0,0,0,7,,,50,,,,,,,,,,,,,,13,,,,,C03,,,3,,1,,,59,59,1,6,4,120.676115,24.200068,3
2556,66000,387130000C,(04)23274275,(04)23288582,2025,5,7,16,50,臺中市,大里區,0,1,0,6,2,6,50,3,1,1,5,4,6,6,4,4,5,5,5,1,17,3,10,1,1,C03,7,15,1,10,2,12,,84,84,1,13,4,120.700386,24.110334,2
2557,66000,387130000C,(04)23274275,(04)23288582,2025,5,7,16,52,臺中市,大肚區,0,1,0,7,3,6,30,11,9,1,5,4,6,6,4,4,10,5,5,2,11,3,10,3,1,B03,7,9,1,8,2,4,,8,8,1,6,4,120.542925,24.148125,2
2558,66000,387130000C,(04)23274275,(04)23288582,2025,5,7,16,52,臺中市,大甲區,0,0,0,7,,,30,,,,,,,,,,,,,,,,,,,,,,,,,,,109,109,1,,,120.627989,24.346815,3
2559,66000,387130000C,(04)23274275,(04)23288582,2025,5,7,16,53,臺中市,南屯區,0,0,0,7,,,50,,,,,,,,,,,,,,11,,,,,B03,,,1,,1,,,20,20,1,13,4,120.609877,24.139471,3
2560,66000,387130000C,(04)23274275,(04)23288582,2025,5,7,16,55,臺中市,太平區,0,2,0,6,2,6,40,3,1,1,4,4,6,6,4,4,10,5,5,2,18,2,9,2,1,C03,7,9,3,19,2,12,14,6,6,1,12,4,120.712437,24.149988,2
2561,66000,387130000C,(04)23274275,(04)23288582,2025,5,7,17,0,臺中市,龍井區,0,1,0,6,1,6,30,3,1,1,5,4,6,6,4,4,10,5,5,2,16,2,9,1,1,C03,7,6,1,10,2,11,,14,14,1,6,4,120.575559,24.181477,2
2562,66000,387130000C,(04)23274275,(04)23288582,2025,5,7,17,1,臺中市,南屯區,0,1,0,7,2,6,50,13,9,1,5,4,6,6,4,4,8,5,5,2,16,2,9,2,4,C03,7,6,1,10,2,11,12,39,39,1,13,4,120.63868,24.142804,2
2563,66000,387130000C,(04)23274275,(04)23288582,2025,5,7,17,5,臺中市,北屯區,0,1,0,5,3,6,50,13,9,1,4,4,6,6,4,4,5,4,5,1,13,2,9,2,1,C03,7,9,1,10,2,11,,84,84,1,5,4,120.745964,24.190279,2
2564,66000,387130000C,(04)23274275,(04)23288582,2025,5,7,17,5,臺中市,北屯區,0,0,0,7,,,50,,,,,,,,,,,,,,13,,,,,B03,,,1,,1,,,84,84,1,6,4,120.671483,24.17391,3
2565,66000,387130000C,(04)23274275,(04)23288582,2025,5,7,17,5,臺中市,沙鹿區,0,1,0,6,2,6,50,4,1,1,5,4,6,6,4,4,10,5,5,2,15,2,8,2,1,C03,7,9,1,10,2,12,,12,12,1,6,4,120.569562,24.227153,2
2566,66000,387130000C,(04)23274275,(04)23288582,2025,5,7,17,5,臺中市,梧棲區,0,0,0,6,,,40,,,,,,,,,,,,,,17,,,,,B03,,,1,,1,,,50,50,1,6,4,120.525167,24.235871,3
2567,66000,387130000C,(04)23274275,(04)23288582,2025,5,7,17,6,臺中市,西屯區,0,0,0,7,,,60,,,,,,,,,,,,,,,,,,,B03,,,1,,1,,,7,7,1,12,4,120.646964,24.158813,3
2568,66000,387130000C,(04)23274275,(04)23288582,2025,5,7,17,8,臺中市,潭子區,0,1,0,6,3,6,50,5,2,1,4,4,6,6,1,1,3,4,5,2,13,2,9,1,1,C03,7,9,1,10,2,11,,21,21,1,12,4,120.709422,24.200329,2
2569,66000,387130000C,(04)23274275,(04)23288582,2025,5,7,17,10,臺中市,南屯區,0,1,0,7,3,6,50,3,1,1,4,4,6,6,4,4,10,5,5,2,16,3,10,5,4,B03,7,6,1,8,2,1,,14,14,1,9,4,120.610216,24.13848,2
2570,66000,387130000C,(04)23274275,(04)23288582,2025,5,7,17,10,臺中市,太平區,0,0,0,6,,,40,,,,,,,,,,,,,,17,,,,,B03,,,1,,2,,,51,51,1,6,4,120.703368,24.147681,3
2571,66000,387130000C,(04)23274275,(04)23288582,2025,5,7,17,12,臺中市,北區,0,0,0,5,,,50,,,,,,,,,,,,,,17,,,,,B03,,,1,,1,,,40,40,1,13,4,120.682931,24.165037,3
2572,66000,387130000C,(04)23274275,(04)23288582,2025,5,7,17,15,臺中市,豐原區,0,0,0,7,,,50,,,,,,,,,,,,,,17,,,,,B03,,,1,,2,,,50,50,1,12,4,120.713096,24.249705,3
2573,66000,387130000C,(04)23274275,(04)23288582,2025,5,7,17,16,臺中市,清水區,0,0,0,7,,,50,,,,,,,,,,,,,,,,,,,B03,,,1,,11,,,59,59,1,12,4,120.558808,24.266757,3
2574,66000,387130000C,(04)23274275,(04)23288582,2025,5,7,17,17,臺中市,北屯區,0,1,0,7,2,6,50,4,1,1,5,4,6,6,1,1,10,5,5,2,15,3,10,3,1,B03,7,9,1,8,2,1,,84,84,1,12,4,120.676153,24.173555,2
2575,66000,387130000C,(04)23274275,(04)23288582,2025,5,7,17,17,臺中市,神岡區,0,1,0,6,1,6,30,13,9,1,4,4,6,6,4,4,10,5,5,2,9,3,10,5,4,B03,7,2,1,8,2,3,,49,49,1,12,4,120.691815,24.249366,2
2576,66000,387130000C,(04)23274275,(04)23288582,2025,5,7,17,20,臺中市,西屯區,0,0,0,7,,,50,,,,,,,,,,,,,,,,,,,B03,,,1,,1,,,51,51,1,12,4,120.588367,24.168632,3
2577,66000,387130000C,(04)23274275,(04)23288582,2025,5,7,17,23,臺中市,大里區,0,0,0,7,,,50,,,,,,,,,,,,,,,,,,,C03,,,1,,2,,,84,84,1,12,4,120.68572,24.107941,3
2578,66000,387130000C,(04)23274275,(04)23288582,2025,5,7,17,28,臺中市,潭子區,0,0,0,5,,,50,,,,,,,,,,,,,,,,,,,B03,,,1,,1,,,8,8,1,13,4,120.701122,24.209038,3
2579,66000,387130000C,(04)23274275,(04)23288582,2025,5,7,17,30,臺中市,清水區,0,1,0,7,3,6,50,13,8,1,5,4,6,6,4,4,9,4,4,2,16,3,10,3,1,B03,7,11,1,8,2,5,,20,20,1,12,4,120.634766,24.289973,2
2580,66000,387130000C,(04)23274275,(04)23288582,2025,5,7,17,31,臺中市,北區,0,0,0,6,,,50,,,,,,,,,,,,,,13,,,,,B03,,,1,,2,,,59,59,1,13,4,120.676645,24.160666,3
2581,66000,387130000C,(04)23274275,(04)23288582,2025,5,7,17,31,臺中市,西屯區,0,0,0,7,,,50,,,,,,,,,,,,,,13,,,,,C03,,,1,,2,,,7,7,1,13,4,120.665366,24.166799,3
2582,66000,387130000C,(04)23274275,(04)23288582,2025,5,7,17,33,臺中市,北區,0,1,0,7,2,6,50,4,1,1,5,4,6,6,1,1,10,5,5,2,15,3,10,3,1,B03,7,9,3,19,2,1,,21,21,1,12,4,120.679325,24.149792,2
2583,66000,387130000C,(04)23274275,(04)23288582,2025,5,7,17,35,臺中市,清水區,0,1,0,5,1,6,50,4,2,1,4,4,6,6,2,1,5,5,5,2,13,2,9,1,1,C03,7,12,1,10,2,11,,84,84,1,12,4,120.568389,24.271704,2