序號,縣市別代碼,機關代碼,市話,傳真,年,月,日,時,分,縣市,區,死亡數量,受傷數量,2-30,天候,道路照明設備,道路類別,道路速限,道路型態,事故位置,路面鋪裝,路面狀態,路面缺陷,障礙物,視距,號誌種類,號誌動作,分向設施,快車道或一般車道間,快慢車道間,路面邊線,事故類型及型態,受傷程度,主要傷處,保護裝備,行動電話或功能裝置,當事者區分(類別),車輛用途,當事者行動狀態,駕照狀態,駕照種類,飲酒情形,車輛撞擊部位最初,車輛撞擊部位其他,肇事因素個別,肇事因素主要,肇事逃逸,職業,共享經濟或外送平台,GPS座標X,GPS座標Y,事故類別
2920,66000,387130000C,(04)23274275,(04)23288582,2025,5,8,14,44,臺中市,北區,0,0,0,7,,,50,,,,,,,,,,,,,,13,,,,,B02,,,1,,1,,,84,84,1,13,4,120.678714,24.147913,3
2921,66000,387130000C,(04)23274275,(04)23288582,2025,5,8,14,45,臺中市,北屯區,0,1,0,7,2,6,50,13,9,1,5,4,6,6,4,4,9,5,5,2,21,3,10,5,4,C03,7,9,1,10,2,12,,59,59,1,12,4,120.67705,24.19995,2
2922,66000,387130000C,(04)23274275,(04)23288582,2025,5,8,14,48,臺中市,北屯區,0,0,0,7,,,50,,,,,,,,,,,,,,14,,,,,B03,,,1,,2,,,49,49,1,12,4,120.734493,24.159978,3
2923,66000,387130000C,(04)23274275,(04)23288582,2025,5,8,14,50,臺中市,北區,0,1,0,7,2,6,50,4,1,1,5,4,6,6,1,1,5,4,4,2,17,3,10,5,1,B03,7,9,1,8,2,2,,8,8,1,13,4,120.690934,24.158841,2
2924,66000,387130000C,(04)23274275,(04)23288582,2025,5,8,14,55,臺中市,梧棲區,0,0,0,7,,,70,,,,,,,,,,,,,,13,,,,,B03,,,1,,1,,,7,7,1,13,4,120.552324,24.244131,3
2925,66000,387130000C,(04)23274275,(04)23288582,2025,5,8,15,2,臺中市,西區,0,0,0,7,,,50,,,,,,,,,,,,,,,,,,,B02,,,1,,1,,,84,84,1,6,4,120.66863,24.131649,3
2926,66000,387130000C,(04)23274275,(04)23288582,2025,5,8,15,10,臺中市,沙鹿區,0,2,0,7,2,6,40,13,8,1,5,4,6,6,4,4,1,5,4,1,17,2,3,1,1,C03,7,9,1,10,2,11,,59,59,1,6,4,120.581666,24.203693,2
2927,66000,387130000C,(04)23274275,(04)23288582,2025,5,8,15,13,臺中市,南區,0,1,0,7,2,6,50,4,1,1,5,4,6,6,1,1,9,4,4,2,16,3,10,3,1,B03,7,5,1,8,1,6,,47,47,1,13,4,120.670442,24.12913,2
2928,66000,387130000C,(04)23274275,(04)23288582,2025,5,8,15,15,臺中市,西區,0,1,0,7,3,6,40,13,8,1,5,4,6,6,4,4,5,5,4,2,12,3,10,3,1,B03,7,13,1,8,2,4,,76,76,1,6,4,120.673752,24.142132,2
2929,66000,387130000C,(04)23274275,(04)23288582,2025,5,8,15,16,臺中市,西屯區,0,0,0,7,,,50,,,,,,,,,,,,,,13,,,,,C03,,,1,,1,,,7,7,1,13,4,120.64661,24.158231,4
2930,66000,387130000C,(04)23274275,(04)23288582,2025,5,8,15,20,臺中市,梧棲區,0,0,0,7,,,60,,,,,,,,,,,,,,17,,,,,B03,,,1,,2,,,59,59,1,6,4,120.531394,24.239014,4
2931,66000,387130000C,(04)23274275,(04)23288582,2025,5,8,15,24,臺中市,神岡區,0,0,0,7,,,50,,,,,,,,,,,,,,13,,,,,B12,,,1,,1,,,7,7,1,12,4,120.691578,24.248281,3
2932,66000,387130000C,(04)23274275,(04)23288582,2025,5,8,15,38,臺中市,西區,0,0,0,7,,,40,,,,,,,,,,,,,,,,,,,C03,,,1,,1,,,84,84,1,12,4,120.660374,24.158422,3
2933,66000,387130000C,(04)23274275,(04)23288582,2025,5,8,15,39,臺中市,西區,0,0,0,7,,,50,,,,,,,,,,,,,,,,,,,A12,,,1,,1,,,76,76,1,12,4,120.662932,24.137939,3
2934,66000,387130000C,(04)23274275,(04)23288582,2025,5,8,15,40,臺中市,大里區,0,2,0,7,2,6,0,3,2,1,5,4,6,6,1,1,1,2,4,1,17,2,9,1,1,C03,7,1,1,10,2,14,,51,51,1,13,4,120.67984,24.104375,2
2935,66000,387130000C,(04)23274275,(04)23288582,2025,5,8,15,41,臺中市,西屯區,0,1,0,7,2,6,50,3,1,1,5,4,6,6,1,1,10,5,5,2,12,3,10,3,1,B03,7,5,1,8,2,2,,8,8,1,12,4,120.612825,24.171725,2
2936,66000,387130000C,(04)23274275,(04)23288582,2025,5,8,15,43,臺中市,南屯區,0,0,0,7,,,50,,,,,,,,,,,,,,17,,,,,B03,,,1,,1,,,8,8,1,12,4,120.6355,24.151243,3
2937,66000,387130000C,(04)23274275,(04)23288582,2025,5,8,15,44,臺中市,北屯區,0,1,0,7,3,6,50,13,9,1,5,4,6,6,4,4,1,4,5,2,16,3,10,3,1,B03,7,5,1,8,2,5,,47,47,1,12,4,120.69215,24.16255,2
2938,66000,387130000C,(04)23274275,(04)23288582,2025,5,8,15,46,臺中市,潭子區,0,0,0,7,,,50,,,,,,,,,,,,,,,,,,,B03,,,1,,2,,,50,50,1,13,4,120.710967,24.234378,3
2939,66000,387130000C,(04)23274275,(04)23288582,2025,5,8,15,47,臺中市,霧峰區,0,2,0,7,2,6,50,13,7,1,5,4,6,6,4,4,10,5,5,2,16,3,10,3,1,B03,7,11,1,8,2,7,,45,45,1,13,4,120.698837,24.065716,2
2940,66000,387130000C,(04)23274275,(04)23288582,2025,5,8,16,5,臺中市,西屯區,0,0,0,7,,,60,,,,,,,,,,,,,,,,,,,B03,,,1,,2,,,7,7,1,12,4,120.588834,24.184829,3
2941,66000,387130000C,(04)23274275,(04)23288582,2025,5,8,16,6,臺中市,神岡區,0,0,0,7,,,50,,,,,,,,,,,,,,14,,,,,B03,,,1,,2,,,84,84,1,12,4,120.676836,24.242221,3
2942,66000,387130000C,(04)23274275,(04)23288582,2025,5,8,16,7,臺中市,北屯區,0,2,0,7,3,6,50,4,1,1,5,4,6,6,2,1,10,5,5,2,12,3,10,2,1,C03,7,7,3,19,2,13,,40,40,1,6,4,120.712817,24.172853,2
2943,66000,387130000C,(04)23274275,(04)23288582,2025,5,8,16,12,臺中市,東區,0,1,0,7,3,6,50,13,9,1,5,4,6,6,4,4,9,5,5,2,10,2,9,2,1,C03,7,9,1,10,2,11,,4,4,1,12,4,120.702217,24.139752,2
2944,66000,387130000C,(04)23274275,(04)23288582,2025,5,8,16,12,臺中市,西屯區,0,0,0,7,,,50,,,,,,,,,,,,,,,,,,,B03,,,1,,1,,,7,7,1,12,4,120.638905,24.158797,3
2945,66000,387130000C,(04)23274275,(04)23288582,2025,5,8,16,12,臺中市,大安區,0,2,0,7,2,6,50,13,7,1,5,4,6,6,1,1,5,5,4,1,13,3,10,3,1,B03,7,9,1,8,9,8,,84,84,2,6,4,120.602232,24.366047,2
2946,66000,387130000C,(04)23274275,(04)23288582,2025,5,8,16,15,臺中市,沙鹿區,0,0,0,7,,,50,,,,,,,,,,,,,,,,,,,B03,,,1,,1,,,49,49,1,6,4,120.567535,24.206248,3
2947,66000,387130000C,(04)23274275,(04)23288582,2025,5,8,16,16,臺中市,烏日區,0,0,0,7,,,30,,,,,,,,,,,,,,,,,,,B03,,,1,,1,,,84,84,1,13,4,120.606015,24.106282,3
2948,66000,387130000C,(04)23274275,(04)23288582,2025,5,8,16,16,臺中市,豐原區,0,1,0,7,2,6,50,4,2,1,5,4,6,6,1,1,5,5,5,2,13,3,10,3,1,B03,7,9,1,8,2,1,,59,59,1,13,4,120.720597,24.258917,2
2949,66000,387130000C,(04)23274275,(04)23288582,2025,5,8,16,21,臺中市,大里區,0,1,0,7,2,6,50,13,9,1,5,4,6,6,4,4,5,5,5,1,17,3,10,1,1,C03,7,9,1,10,1,14,,8,8,1,12,4,120.668416,24.107751,2
2950,66000,387130000C,(04)23274275,(04)23288582,2025,5,8,16,23,臺中市,西屯區,0,1,0,7,2,6,30,13,9,1,5,4,6,6,4,4,10,5,5,1,18,2,9,1,1,C03,7,9,1,10,2,12,,59,59,1,12,4,120.645745,24.17607,2
2951,66000,387130000C,(04)23274275,(04)23288582,2025,5,8,16,26,臺中市,神岡區,0,1,0,7,1,6,30,13,9,1,5,4,6,6,4,4,10,5,5,2,18,2,9,1,4,C03,7,15,1,10,2,14,,54,54,1,12,4,120.711807,24.2588,2
2952,66000,387130000C,(04)23274275,(04)23288582,2025,5,8,16,30,臺中市,北屯區,0,0,0,7,,,50,,,,,,,,,,,,,,9,,,,,B03,,,1,,1,,,84,84,1,6,4,120.694815,24.176765,3
2953,66000,387130000C,(04)23274275,(04)23288582,2025,5,8,16,34,臺中市,東區,0,3,0,7,2,6,30,4,1,1,5,4,6,6,4,4,10,5,5,2,15,2,9,2,1,C03,7,9,1,10,2,11,,12,12,1,12,4,120.687557,24.143451,2
2954,66000,387130000C,(04)23274275,(04)23288582,2025,5,8,16,37,臺中市,北區,0,2,0,7,3,6,30,13,9,1,5,4,6,6,4,4,10,5,5,2,17,2,9,5,4,C03,7,9,1,10,2,11,,84,84,1,13,4,120.69535,24.15626,2
2955,66000,387130000C,(04)23274275,(04)23288582,2025,5,8,16,37,臺中市,太平區,0,1,0,7,2,6,50,3,1,1,5,4,6,5,4,4,10,5,5,2,16,3,10,2,1,C03,7,6,1,10,2,11,,12,12,1,12,4,120.704183,24.153068,2
2956,66000,387130000C,(04)23274275,(04)23288582,2025,5,8,16,38,臺中市,太平區,0,1,0,7,2,6,50,3,1,1,5,4,6,6,4,4,10,5,5,2,17,2,9,1,1,C03,7,6,1,10,2,11,,13,13,1,5,4,120.726622,24.149791,2
2957,66000,387130000C,(04)23274275,(04)23288582,2025,5,8,16,43,臺中市,太平區,0,0,0,7,,,50,,,,,,,,,,,,,,17,,,,,B03,,,1,,1,,,78,78,1,12,4,120.722216,24.145913,3
2958,66000,387130000C,(04)23274275,(04)23288582,2025,5,8,16,44,臺中市,南區,0,0,0,7,,,50,,,,,,,,,,,,,,17,,,,,B03,,,1,,2,,,7,7,1,12,4,120.666731,24.114148,3
2959,66000,387130000C,(04)23274275,(04)23288582,2025,5,8,16,49,臺中市,西屯區,0,1,0,7,3,6,40,13,8,1,5,4,6,6,4,4,5,5,4,2,13,3,10,1,1,C03,7,9,1,10,2,12,,59,59,1,13,4,120.660683,24.164573,2
2960,66000,387130000C,(04)23274275,(04)23288582,2025,5,8,16,49,臺中市,太平區,0,2,0,7,2,6,50,4,1,1,5,4,6,6,1,1,10,5,5,2,16,3,10,2,1,C03,7,5,1,10,2,13,,84,84,1,12,4,120.722097,24.129072,2
2961,66000,387130000C,(04)23274275,(04)23288582,2025,5,8,16,50,臺中市,沙鹿區,0,1,0,7,2,6,50,13,7,1,5,4,6,6,1,1,5,5,4,2,13,2,8,1,1,F03,7,9,7,21,2,11,,59,59,1,12,4,120.56808,24.236847,2
2962,66000,387130000C,(04)23274275,(04)23288582,2025,5,8,16,52,臺中市,北區,0,0,0,7,,,50,,,,,,,,,,,,,,,,,,,B03,,,1,,2,,,40,40,1,12,4,120.677124,24.15462,3
2963,66000,387130000C,(04)23274275,(04)23288582,2025,5,8,16,52,臺中市,太平區,0,1,0,7,2,6,30,3,1,1,5,4,6,6,4,4,10,5,5,2,17,3,10,2,1,C03,7,9,1,10,2,12,,84,84,1,12,4,120.727382,24.148318,2
2964,66000,387130000C,(04)23274275,(04)23288582,2025,5,8,16,53,臺中市,南屯區,0,2,0,7,3,6,50,3,1,1,5,4,6,6,4,4,10,5,5,2,16,2,8,5,4,C03,7,6,1,10,2,11,,14,14,1,13,4,120.634422,24.149913,2
2965,66000,387130000C,(04)23274275,(04)23288582,2025,5,8,16,57,臺中市,西屯區,0,0,0,7,,,50,,,,,,,,,,,,,,13,,,,,B03,,,1,,1,,,59,59,1,13,4,120.647546,24.159335,4
2966,66000,387130000C,(04)23274275,(04)23288582,2025,5,8,16,59,臺中市,南區,0,0,0,7,,,50,,,,,,,,,,,,,,,,,,,C03,,,1,,2,,,7,7,1,5,4,120.657353,24.13225,3
2967,66000,387130000C,(04)23274275,(04)23288582,2025,5,8,17,0,臺中市,南屯區,0,0,0,7,,,50,,,,,,,,,,,,,,17,,,,,B03,,,1,,1,,,49,49,1,12,4,120.639476,24.149986,3
2968,66000,387130000C,(04)23274275,(04)23288582,2025,5,8,17,0,臺中市,西屯區,0,1,0,7,2,6,40,4,1,1,5,4,6,6,2,1,10,5,5,2,16,3,10,3,1,B03,7,5,1,8,1,2,,11,11,1,12,4,120.635842,24.169454,2
2969,66000,387130000C,(04)23274275,(04)23288582,2025,5,8,17,4,臺中市,東勢區,0,1,0,7,1,6,50,13,9,1,5,4,6,6,4,4,8,3,4,1,12,2,7,1,1,C03,7,9,1,10,2,12,,84,84,1,12,4,120.829817,24.248778,2
2970,66000,387130000C,(04)23274275,(04)23288582,2025,5,8,17,5,臺中市,霧峰區,0,0,0,6,,,50,,,,,,,,,,,,,,17,,,,,B03,,,1,,2,,,7,7,1,13,4,120.697282,24.055991,3
2971,66000,387130000C,(04)23274275,(04)23288582,2025,5,8,17,8,臺中市,豐原區,0,1,0,7,2,6,50,13,7,1,5,4,6,6,4,4,9,4,4,2,17,3,10,3,1,B03,7,1,1,8,2,8,,51,51,1,12,4,120.71508,24.24982,2
2972,66000,387130000C,(04)23274275,(04)23288582,2025,5,8,17,9,臺中市,西區,0,0,0,7,,,50,,,,,,,,,,,,,,,,,,,B03,,,1,,11,,,51,51,1,12,4,120.660767,24.150638,3
2973,66000,387130000C,(04)23274275,(04)23288582,2025,5,8,17,10,臺中市,西區,0,0,0,7,,,50,,,,,,,,,,,,,,17,,,,,B01,,,1,,2,,,84,84,1,12,4,120.6697,24.140717,3
2974,66000,387130000C,(04)23274275,(04)23288582,2025,5,8,17,10,臺中市,大甲區,0,0,0,7,,,50,,,,,,,,,,,,,,,,,,,,,,,,,,,118,118,1,,,120.667086,24.391351,3
2975,66000,387130000C,(04)23274275,(04)23288582,2025,5,8,17,11,臺中市,烏日區,0,0,0,7,,,50,,,,,,,,,,,,,,13,,,,,B01,,,1,,1,,,59,59,1,13,4,120.616655,24.11496,3
2976,66000,387130000C,(04)23274275,(04)23288582,2025,5,8,17,11,臺中市,神岡區,0,2,0,7,1,6,50,3,1,1,5,4,6,6,1,1,10,5,5,2,16,2,9,5,4,C03,7,9,1,10,2,14,,85,85,1,13,4,120.685161,24.244117,2
2977,66000,387130000C,(04)23274275,(04)23288582,2025,5,8,17,13,臺中市,潭子區,0,0,0,6,,,50,,,,,,,,,,,,,,,,,,,B03,,,1,,2,,,84,84,1,13,4,120.709129,24.201002,3
2978,66000,387130000C,(04)23274275,(04)23288582,2025,5,8,17,13,臺中市,梧棲區,0,1,0,7,2,6,60,4,1,1,5,4,6,6,1,1,10,5,5,2,16,3,10,3,1,B03,7,5,1,8,2,2,,11,11,1,6,4,120.524722,24.223374,2
2979,66000,387130000C,(04)23274275,(04)23288582,2025,5,8,17,14,臺中市,北區,0,0,0,7,,,50,,,,,,,,,,,,,,14,,,,,B12,,,1,,2,,,49,49,1,13,4,120.675934,24.172933,3
2980,66000,387130000C,(04)23274275,(04)23288582,2025,5,8,17,15,臺中市,南屯區,0,0,0,7,,,50,,,,,,,,,,,,,,,,,,,C03,,,1,,2,,,84,84,1,13,4,120.622877,24.145078,3
2981,66000,387130000C,(04)23274275,(04)23288582,2025,5,8,17,15,臺中市,西屯區,0,1,0,7,2,6,50,4,2,1,5,4,6,6,1,1,3,4,5,2,17,2,9,1,1,C03,7,9,1,10,2,15,,7,7,1,12,4,120.647384,24.159428,2
2982,66000,387130000C,(04)23274275,(04)23288582,2025,5,8,17,16,臺中市,霧峰區,0,0,0,7,,,30,,,,,,,,,,,,,,14,,,,,B03,,,1,,1,,,49,49,1,13,4,120.689691,24.049692,3
2983,66000,387130000C,(04)23274275,(04)23288582,2025,5,8,17,17,臺中市,沙鹿區,0,1,0,7,2,6,60,3,1,1,5,4,6,6,1,1,10,5,5,2,16,3,10,3,1,B03,7,6,1,8,2,2,5,25,25,1,6,4,120.580309,24.200745,2
2984,66000,387130000C,(04)23274275,(04)23288582,2025,5,8,17,19,臺中市,西區,0,0,0,7,2,6,50,4,1,1,5,4,6,6,1,1,10,5,5,2,13,,,,,C03,,,1,,1,,,8,8,1,13,4,120.66774,24.13095,3
2985,66000,387130000C,(04)23274275,(04)23288582,2025,5,8,17,20,臺中市,南屯區,0,0,0,7,,,50,,,,,,,,,,,,,,12,,,,,B03,,,1,,1,,,8,8,1,13,4,120.646173,24.128277,3
2986,66000,387130000C,(04)23274275,(04)23288582,2025,5,8,17,20,臺中市,龍井區,0,0,0,7,,,50,,,,,,,,,,,,,,17,,,,,B03,,,1,,1,,,20,20,1,8,4,120.584458,24.182473,3
2987,66000,387130000C,(04)23274275,(04)23288582,2025,5,8,17,21,臺中市,西屯區,0,1,0,7,2,6,50,13,9,1,5,4,6,6,4,4,4,3,5,1,12,3,10,2,1,C03,7,9,1,10,2,12,,42,42,1,12,4,120.620711,24.174673,2
2988,66000,387130000C,(04)23274275,(04)23288582,2025,5,8,17,21,臺中市,西屯區,0,0,0,7,,,50,,,,,,,,,,,,,,12,,,,,B03,,,1,,1,,,8,8,1,13,4,120.619341,24.187456,3
2989,66000,387130000C,(04)23274275,(04)23288582,2025,5,8,17,24,臺中市,西屯區,0,0,0,7,,,50,,,,,,,,,,,,,,16,,,,,B03,,,1,,1,,,45,45,1,12,4,120.616577,24.181635,3
2990,66000,387130000C,(04)23274275,(04)23288582,2025,5,8,17,27,臺中市,南屯區,0,1,0,7,2,6,50,13,8,1,5,4,6,6,4,4,8,3,4,2,17,2,8,4,4,F01,7,9,7,21,2,11,,84,84,1,13,4,120.612597,24.153549,2
2991,66000,387130000C,(04)23274275,(04)23288582,2025,5,8,17,27,臺中市,豐原區,0,1,0,7,1,6,50,4,1,1,5,4,6,6,1,1,1,4,5,1,17,2,9,1,1,C03,7,9,1,10,8,11,,53,53,1,6,4,120.727438,24.248831,2
2992,66000,387130000C,(04)23274275,(04)23288582,2025,5,8,17,30,臺中市,大甲區,0,1,0,7,2,6,30,3,1,1,5,4,6,6,4,4,10,5,5,2,16,2,9,2,1,C03,7,6,1,10,2,14,,12,12,1,6,4,120.632661,24.345883,2
2993,66000,387130000C,(04)23274275,(04)23288582,2025,5,8,17,35,臺中市,大里區,0,0,0,7,,,50,,,,,,,,,,,,,,,,,,,B03,,,1,,2,,,8,8,1,12,4,120.689386,24.107605,3
2994,66000,387130000C,(04)23274275,(04)23288582,2025,5,8,17,38,臺中市,北屯區,0,1,0,7,2,6,40,13,8,1,5,4,6,6,4,4,5,5,4,2,13,2,9,1,1,C03,7,9,1,9,2,11,,7,7,1,6,4,120.659814,24.189657,2
2995,66000,387130000C,(04)23274275,(04)23288582,2025,5,8,17,39,臺中市,大肚區,0,1,0,7,2,6,30,13,9,1,5,4,6,3,4,4,10,5,5,1,17,3,10,1,1,C03,7,1,1,10,2,14,,51,51,1,6,4,120.572407,24.16278,2
2996,66000,387130000C,(04)23274275,(04)23288582,2025,5,8,17,39,臺中市,梧棲區,0,1,0,7,2,6,50,4,1,1,5,4,6,6,1,1,10,5,5,2,28,3,10,1,1,C03,7,9,1,10,2,12,,87,87,1,12,4,120.53691,24.225538,2
2997,66000,387130000C,(04)23274275,(04)23288582,2025,5,8,17,41,臺中市,西屯區,0,0,0,7,,,50,,,,,,,,,,,,,,13,,,,,B03,,,1,,1,,,59,59,1,13,4,120.620165,24.186994,3
2998,66000,387130000C,(04)23274275,(04)23288582,2025,5,8,17,41,臺中市,清水區,0,0,0,7,,,50,,,,,,,,,,,,,,,,,,,B03,,,1,,2,,,49,49,1,12,4,120.541713,24.288564,3
2999,66000,387130000C,(04)23274275,(04)23288582,2025,5,8,17,41,臺中市,沙鹿區,0,2,0,7,2,6,30,4,1,1,5,4,6,6,4,4,10,5,5,2,15,2,8,6,1,F01,7,9,7,21,2,11,,15,15,1,12,4,120.564607,24.255088,2
3000,66000,387130000C,(04)23274275,(04)23288582,2025,5,8,17,43,臺中市,北屯區,0,3,0,7,2,6,50,13,9,1,5,4,6,6,4,4,1,4,5,2,12,2,9,1,1,C03,7,1,1,10,2,14,,51,51,1,6,4,120.691502,24.18572,2
3001,66000,387130000C,(04)23274275,(04)23288582,2025,5,8,17,44,臺中市,西屯區,0,0,0,7,,,50,,,,,,,,,,,,,,13,,,,,B03,,,1,,1,,,59,59,1,13,4,120.646852,24.19639,3
3002,66000,387130000C,(04)23274275,(04)23288582,2025,5,8,17,48,臺中市,大里區,0,2,0,7,2,6,50,3,1,1,5,4,6,6,4,4,5,4,4,2,13,2,9,2,1,C03,7,9,1,10,2,11,,7,7,1,13,4,120.711245,24.100716,2
3003,66000,387130000C,(04)23274275,(04)23288582,2025,5,8,17,49,臺中市,霧峰區,0,0,0,6,,,50,,,,,,,,,,,,,,17,,,,,B03,,,3,,11,,,51,51,2,13,4,120.716108,24.076811,3
3004,66000,387130000C,(04)23274275,(04)23288582,2025,5,8,17,51,臺中市,北屯區,0,1,0,6,3,6,50,4,1,1,5,4,6,6,2,1,10,5,5,2,16,3,10,3,1,A12,7,6,1,7,2,2,,11,11,1,6,4,120.70374,24.15994,2
3005,66000,387130000C,(04)23274275,(04)23288582,2025,5,8,17,54,臺中市,龍井區,0,0,0,7,,,30,,,,,,,,,,,,,,17,,,,,B03,,,1,,2,,,8,8,1,6,4,120.586792,24.180577,3
3006,66000,387130000C,(04)23274275,(04)23288582,2025,5,8,17,55,臺中市,大里區,0,0,0,7,2,6,50,8,7,1,5,4,6,6,4,4,1,4,1,1,12,,,,,B03,,,1,,2,,,7,7,1,13,4,120.689683,24.093155,3
3007,66000,387130000C,(04)23274275,(04)23288582,2025,5,8,17,55,臺中市,龍井區,0,0,0,7,,,50,,,,,,,,,,,,,,13,,,,,B03,,,1,,1,,,84,84,1,6,4,120.523054,24.200951,3
3008,66000,387130000C,(04)23274275,(04)23288582,2025,5,8,17,56,臺中市,大雅區,0,0,0,7,,,30,,,,,,,,,,,,,,13,,,,,B03,,,1,,1,,,7,7,1,12,4,120.650706,24.209366,3
3009,66000,387130000C,(04)23274275,(04)23288582,2025,5,8,17,56,臺中市,北區,0,0,0,7,,,50,,,,,,,,,,,,,,17,,,,,B01,,,1,,9,,,85,85,1,13,4,120.676935,24.165602,3
3010,66000,387130000C,(04)23274275,(04)23288582,2025,5,8,17,59,臺中市,北屯區,0,0,0,7,,,50,,,,,,,,,,,,,,,,,,,C03,,,1,,9,,,84,84,1,13,4,120.668121,24.179182,3
3011,66000,387130000C,(04)23274275,(04)23288582,2025,5,8,18,1,臺中市,龍井區,0,0,0,7,,,50,,,,,,,,,,,,,,,,,,,C03,,,1,,2,,,51,51,1,12,4,120.581556,24.175091,3
3012,66000,387130000C,(04)23274275,(04)23288582,2025,5,8,18,4,臺中市,南屯區,0,0,0,7,,,40,,,,,,,,,,,,,,,,,,,B03,,,1,,1,,,8,8,1,13,4,120.612143,24.150436,3
3013,66000,387130000C,(04)23274275,(04)23288582,2025,5,8,18,7,臺中市,烏日區,0,0,0,7,,,50,,,,,,,,,,,,,,,,,,,B03,,,1,,1,,,20,20,1,6,4,120.590631,24.111867,3
3014,66000,387130000C,(04)23274275,(04)23288582,2025,5,8,18,7,臺中市,烏日區,0,4,0,7,2,6,40,13,8,1,5,4,6,6,4,4,1,5,1,1,13,2,9,5,4,C03,7,9,1,10,2,14,,85,85,1,13,4,120.612538,24.102737,2
3015,66000,387130000C,(04)23274275,(04)23288582,2025,5,8,18,10,臺中市,北屯區,0,1,0,7,3,6,40,13,9,1,5,4,6,6,4,4,1,4,5,2,17,2,7,2,1,C03,7,1,1,10,2,14,,51,51,1,12,4,120.693279,24.16368,2
3016,66000,387130000C,(04)23274275,(04)23288582,2025,5,8,18,13,臺中市,南屯區,0,1,0,7,3,6,50,4,1,1,5,4,6,6,1,1,10,5,5,2,16,3,10,3,1,B03,7,5,1,8,2,2,,47,47,1,12,4,120.623756,24.149343,2
3017,66000,387130000C,(04)23274275,(04)23288582,2025,5,8,18,13,臺中市,外埔區,0,2,0,7,2,6,50,3,2,1,5,4,6,6,1,1,5,4,5,1,13,2,9,3,1,B03,7,9,3,19,2,1,,7,7,1,12,4,120.6679,24.31983,2
3018,66000,387130000C,(04)23274275,(04)23288582,2025,5,8,18,13,臺中市,豐原區,0,0,0,7,,,50,,,,,,,,,,,,,,13,,,,,B03,,,1,,2,,,59,59,1,13,4,120.70853,24.250085,3
3019,66000,387130000C,(04)23274275,(04)23288582,2025,5,8,18,15,臺中市,西區,0,1,0,7,1,6,40,4,1,1,5,4,6,6,1,1,10,5,5,2,17,2,9,2,1,C03,7,1,3,19,2,11,,84,84,1,13,4,120.662609,24.155678,2
3020,66000,387130000C,(04)23274275,(04)23288582,2025,5,8,18,18,臺中市,南區,0,0,0,7,,,50,,,,,,,,,,,,,,,,,,,B03,,,1,,2,,,40,40,1,6,4,120.652279,24.112742,3
3021,66000,387130000C,(04)23274275,(04)23288582,2025,5,8,18,20,臺中市,西區,0,1,0,7,1,6,50,4,1,1,5,4,6,6,4,4,5,5,5,2,15,3,10,3,1,B03,7,9,1,8,2,1,,15,15,1,12,4,120.673242,24.148836,2
3022,66000,387130000C,(04)23274275,(04)23288582,2025,5,8,18,23,臺中市,沙鹿區,0,0,0,6,,,60,,,,,,,,,,,,,,,,,,,B03,,,1,,2,,,84,84,1,13,4,120.587992,24.250028,3
3023,66000,387130000C,(04)23274275,(04)23288582,2025,5,8,18,24,臺中市,西區,0,0,0,7,,,50,,,,,,,,,,,,,,,,,,,C03,,,1,,9,,,84,84,1,12,4,120.661725,24.144333,3
3024,66000,387130000C,(04)23274275,(04)23288582,2025,5,8,18,24,臺中市,太平區,0,0,0,7,,,40,,,,,,,,,,,,,,14,,,,,B02,,,1,,1,,,49,49,1,12,4,120.706775,24.151239,3
3025,66000,387130000C,(04)23274275,(04)23288582,2025,5,8,18,25,臺中市,北區,0,1,0,7,1,6,50,13,8,1,5,4,6,6,4,4,1,3,4,2,18,2,9,1,1,C03,7,9,1,10,2,14,,84,84,1,13,4,120.676994,24.156139,2
3026,66000,387130000C,(04)23274275,(04)23288582,2025,5,8,18,25,臺中市,大里區,0,1,0,7,2,6,50,4,1,1,5,4,6,6,1,1,10,5,5,2,16,3,10,3,1,B01,7,6,1,8,2,2,,11,11,1,13,4,120.701568,24.096122,2
3027,66000,387130000C,(04)23274275,(04)23288582,2025,5,8,18,26,臺中市,潭子區,0,1,0,7,1,6,10,18,13,1,5,4,6,6,4,4,10,4,5,1,17,2,9,6,1,F01,7,9,7,21,2,11,,59,59,1,12,4,120.706394,24.212683,2
3028,66000,387130000C,(04)23274275,(04)23288582,2025,5,8,18,26,臺中市,北區,0,0,0,7,,,50,,,,,,,,,,,,,,,,,,,B03,,,1,,1,,,84,84,1,13,4,120.68488,24.161012,3
3029,66000,387130000C,(04)23274275,(04)23288582,2025,5,8,18,26,臺中市,南區,0,1,0,7,1,6,50,4,1,1,5,4,6,6,1,1,10,5,5,2,16,3,10,3,1,B03,7,6,1,8,2,5,,11,11,1,13,4,120.684249,24.12919,2
3030,66000,387130000C,(04)23274275,(04)23288582,2025,5,8,18,28,臺中市,沙鹿區,0,0,0,7,,,50,,,,,,,,,,,,,,17,,,,,B03,,,1,,9,,,50,50,1,6,4,120.58321,24.223059,3
3031,66000,387130000C,(04)23274275,(04)23288582,2025,5,8,18,29,臺中市,神岡區,0,1,0,7,1,6,60,13,12,1,5,4,6,6,4,4,1,4,4,1,13,2,9,1,4,C03,7,9,1,10,2,11,,7,7,1,12,4,120.697876,24.234559,2