序號,縣市別代碼,機關代碼,市話,傳真,年,月,日,時,分,縣市,區,死亡數量,受傷數量,2-30,天候,道路照明設備,道路類別,道路速限,道路型態,事故位置,路面鋪裝,路面狀態,路面缺陷,障礙物,視距,號誌種類,號誌動作,分向設施,快車道或一般車道間,快慢車道間,路面邊線,事故類型及型態,受傷程度,主要傷處,保護裝備,行動電話或功能裝置,當事者區分(類別),車輛用途,當事者行動狀態,駕照狀態,駕照種類,飲酒情形,車輛撞擊部位最初,車輛撞擊部位其他,肇事因素個別,肇事因素主要,肇事逃逸,職業,共享經濟或外送平台,GPS座標X,GPS座標Y,事故類別
3367,66000,387130000C,(04)23274275,(04)23288582,2025,5,9,15,43,臺中市,西區,0,1,0,7,3,6,50,4,1,1,5,4,6,6,4,4,10,5,5,2,15,2,7,1,1,C03,7,9,1,10,1,14,,13,13,1,6,4,120.672886,24.151579,2
3368,66000,387130000C,(04)23274275,(04)23288582,2025,5,9,15,43,臺中市,清水區,0,0,0,7,,,50,,,,,,,,,,,,,,12,,,,,B12,,,1,,1,,,8,8,1,6,4,120.578769,24.271483,3
3369,66000,387130000C,(04)23274275,(04)23288582,2025,5,9,15,45,臺中市,梧棲區,0,0,0,7,,,50,,,,,,,,,,,,,,13,,,,,B03,,,1,,1,,,7,7,1,13,4,120.539121,24.24707,3
3370,66000,387130000C,(04)23274275,(04)23288582,2025,5,9,15,51,臺中市,大雅區,0,2,0,6,1,6,30,3,1,1,5,4,6,6,4,4,10,5,5,2,15,2,9,2,1,C03,7,9,1,10,2,14,,12,12,1,12,4,120.672815,24.235925,2
3371,66000,387130000C,(04)23274275,(04)23288582,2025,5,9,15,51,臺中市,南區,0,0,0,7,,,50,,,,,,,,,,,,,,12,,,,,B03,,,1,,2,,,14,14,1,13,4,120.661397,24.121619,3
3372,66000,387130000C,(04)23274275,(04)23288582,2025,5,9,15,52,臺中市,太平區,0,0,0,7,,,30,,,,,,,,,,,,,,,,,,,B03,,,1,,1,,,49,49,1,12,4,120.720289,24.114275,3
3373,66000,387130000C,(04)23274275,(04)23288582,2025,5,9,15,55,臺中市,潭子區,0,0,0,7,,,50,,,,,,,,,,,,,,,,,,,A05,,,1,,2,,,84,84,1,12,4,120.703478,24.200724,3
3374,66000,387130000C,(04)23274275,(04)23288582,2025,5,9,15,56,臺中市,北區,0,0,0,7,,,50,,,,,,,,,,,,,,13,,,,,B03,,,1,,1,,,56,56,1,13,4,120.680684,24.161893,3
3375,66000,387130000C,(04)23274275,(04)23288582,2025,5,9,15,56,臺中市,東區,0,1,0,7,2,6,50,4,1,1,5,4,6,6,2,1,10,5,5,2,17,3,10,2,1,C03,7,6,1,10,2,15,,85,85,1,12,4,120.696605,24.137041,2
3376,66000,387130000C,(04)23274275,(04)23288582,2025,5,9,15,57,臺中市,大雅區,0,0,0,7,,,50,,,,,,,,,,,,,,13,,,,,B03,,,1,,2,,,84,84,1,13,4,120.644545,24.204446,3
3377,66000,387130000C,(04)23274275,(04)23288582,2025,5,9,15,57,臺中市,梧棲區,0,0,0,7,,,50,,,,,,,,,,,,,,16,,,,,B03,,,1,,1,,,20,20,1,5,4,120.539337,24.251823,3
3378,66000,387130000C,(04)23274275,(04)23288582,2025,5,9,16,0,臺中市,大甲區,0,1,0,7,2,6,30,4,1,1,5,4,6,6,4,4,10,5,5,2,15,2,7,2,1,C03,7,9,1,10,2,11,,15,15,1,6,4,120.617835,24.345723,2
3379,66000,387130000C,(04)23274275,(04)23288582,2025,5,9,16,1,臺中市,南屯區,0,0,0,6,,,50,,,,,,,,,,,,,,,,,,,B03,,,1,,1,,,59,59,1,12,4,120.645289,24.137617,3
3380,66000,387130000C,(04)23274275,(04)23288582,2025,5,9,16,1,臺中市,大里區,0,0,0,7,,,25,,,,,,,,,,,,,,12,,,,,B12,,,1,,2,,,8,8,1,6,4,120.697065,24.111264,3
3381,66000,387130000C,(04)23274275,(04)23288582,2025,5,9,16,5,臺中市,南屯區,0,0,0,7,3,6,50,13,9,1,5,4,6,6,1,1,5,4,5,2,13,,,,,B03,,,1,,1,,,7,7,1,12,4,120.63336,24.150879,3
3382,66000,387130000C,(04)23274275,(04)23288582,2025,5,9,16,5,臺中市,大里區,0,1,0,7,2,6,50,4,1,1,5,4,6,6,4,4,10,5,5,1,16,3,10,3,1,B03,7,15,1,8,2,5,,35,35,1,12,4,120.700383,24.103827,2
3383,66000,387130000C,(04)23274275,(04)23288582,2025,5,9,16,13,臺中市,南屯區,0,1,0,7,3,6,50,4,1,1,5,4,6,6,1,1,10,5,5,2,17,2,8,2,1,C03,7,5,1,10,2,11,,7,7,1,12,4,120.615654,24.153213,2
3384,66000,387130000C,(04)23274275,(04)23288582,2025,5,9,16,14,臺中市,南區,0,1,0,6,3,6,50,4,1,1,5,4,6,6,1,1,10,5,5,2,17,3,10,2,1,C03,7,7,1,10,2,13,,40,40,1,12,4,120.684639,24.129258,2
3385,66000,387130000C,(04)23274275,(04)23288582,2025,5,9,16,16,臺中市,北區,0,0,0,6,,,50,,,,,,,,,,,,,,,,,,,B03,,,1,,1,,,84,84,1,13,4,120.675236,24.152134,3
3386,66000,387130000C,(04)23274275,(04)23288582,2025,5,9,16,17,臺中市,烏日區,0,0,0,7,,,40,,,,,,,,,,,,,,9,,,,,B03,,,1,,1,,,50,50,1,6,4,120.636312,24.107408,3
3387,66000,387130000C,(04)23274275,(04)23288582,2025,5,9,16,18,臺中市,大雅區,0,0,0,6,,,60,,,,,,,,,,,,,,17,,,,,B12,,,1,,2,,,8,8,1,12,4,120.665619,24.23474,3
3388,66000,387130000C,(04)23274275,(04)23288582,2025,5,9,16,19,臺中市,南屯區,0,1,0,7,2,6,50,3,2,1,5,4,6,6,1,1,10,5,5,2,17,3,10,3,1,B03,7,11,3,19,2,4,,39,39,1,13,4,120.607443,24.12721,2
3389,66000,387130000C,(04)23274275,(04)23288582,2025,5,9,16,19,臺中市,霧峰區,0,1,0,7,2,6,50,11,9,1,5,4,6,6,4,4,5,5,5,2,20,2,7,3,1,B03,7,9,1,8,2,8,,59,59,1,6,4,120.689633,24.047116,2
3390,66000,387130000C,(04)23274275,(04)23288582,2025,5,9,16,20,臺中市,潭子區,0,1,0,7,3,6,50,3,1,1,5,4,6,6,1,1,5,5,5,1,2,3,10,3,1,A05,7,6,1,2,2,4,,59,59,1,13,4,120.697944,24.194648,2
3391,66000,387130000C,(04)23274275,(04)23288582,2025,5,9,16,20,臺中市,北區,0,2,0,7,2,6,40,13,7,1,5,4,6,6,4,4,5,4,4,2,16,2,9,1,1,C03,7,6,1,8,2,14,,20,20,1,12,4,120.678847,24.17125,2
3392,66000,387130000C,(04)23274275,(04)23288582,2025,5,9,16,21,臺中市,龍井區,0,1,0,7,3,6,50,4,1,1,5,4,6,6,1,1,10,5,5,2,16,3,10,3,1,B03,7,6,1,8,2,8,,11,11,1,6,4,120.549603,24.213486,2
3393,66000,387130000C,(04)23274275,(04)23288582,2025,5,9,16,22,臺中市,梧棲區,0,1,0,7,2,6,40,13,8,1,5,4,6,6,4,4,1,4,4,1,18,2,9,1,1,C03,7,9,1,10,2,14,,59,59,1,6,4,120.514174,24.228775,2
3394,66000,387130000C,(04)23274275,(04)23288582,2025,5,9,16,23,臺中市,大肚區,0,0,0,7,2,6,50,13,9,1,5,4,6,6,4,4,9,4,5,1,13,3,10,3,1,B03,7,9,1,7,1,1,5,7,7,1,6,4,120.578244,24.167143,3
3395,66000,387130000C,(04)23274275,(04)23288582,2025,5,9,16,23,臺中市,大甲區,0,0,0,7,,,50,,,,,,,,,,,,,,,,,,,B03,,,1,,1,,,7,7,1,12,4,120.633312,24.356159,3
3396,66000,387130000C,(04)23274275,(04)23288582,2025,5,9,16,28,臺中市,太平區,0,3,0,7,2,6,30,3,1,1,5,4,6,6,4,4,10,5,5,2,16,2,8,1,1,C03,7,6,1,10,2,14,,12,12,1,6,4,120.712273,24.12537,2
3397,66000,387130000C,(04)23274275,(04)23288582,2025,5,9,16,30,臺中市,烏日區,0,0,0,7,,,30,,,,,,,,,,,,,,,,,,,B03,,,1,,1,,,87,87,1,13,4,120.642324,24.1119,3
3398,66000,387130000C,(04)23274275,(04)23288582,2025,5,9,16,32,臺中市,北屯區,0,0,0,7,,,30,,,,,,,,,,,,,,11,,,,,B03,,,5,,1,,,8,8,1,12,4,120.693359,24.180581,3
3399,66000,387130000C,(04)23274275,(04)23288582,2025,5,9,16,41,臺中市,梧棲區,0,1,0,7,2,6,70,4,1,1,5,4,6,6,1,1,10,5,5,2,16,3,10,3,1,B03,7,6,1,8,2,1,,25,25,1,12,4,120.528349,24.253024,2
3400,66000,387130000C,(04)23274275,(04)23288582,2025,5,9,16,42,臺中市,大雅區,0,0,0,7,,,50,,,,,,,,,,,,,,16,,,,,B03,,,1,,2,,,14,14,1,13,4,120.665535,24.231154,3
3401,66000,387130000C,(04)23274275,(04)23288582,2025,5,9,16,42,臺中市,西屯區,0,0,0,7,,,50,,,,,,,,,,,,,,13,,,,,B03,,,1,,1,,,59,59,1,13,4,120.63495,24.171707,3
3402,66000,387130000C,(04)23274275,(04)23288582,2025,5,9,16,45,臺中市,南區,0,1,0,7,2,6,50,13,9,1,5,4,6,6,4,4,9,5,5,2,3,2,9,6,5,H01,8,16,7,21,10,17,,95,95,1,12,5,120.652726,24.114371,2
3403,66000,387130000C,(04)23274275,(04)23288582,2025,5,9,16,47,臺中市,西區,0,1,0,7,3,6,50,4,1,1,5,4,6,6,3,1,10,5,5,2,17,2,9,1,1,C03,7,9,1,10,2,15,,84,84,1,13,4,120.671619,24.138241,2
3404,66000,387130000C,(04)23274275,(04)23288582,2025,5,9,16,47,臺中市,沙鹿區,0,0,0,7,,,50,,,,,,,,,,,,,,17,,,,,C03,,,5,,1,,,8,8,1,6,4,120.565301,24.24259,3
3405,66000,387130000C,(04)23274275,(04)23288582,2025,5,9,16,52,臺中市,烏日區,0,0,0,7,,,50,,,,,,,,,,,,,,12,,,,,B03,,,1,,1,,,40,40,1,13,4,120.638348,24.10784,3
3406,66000,387130000C,(04)23274275,(04)23288582,2025,5,9,16,55,臺中市,沙鹿區,0,1,0,7,2,6,40,13,8,1,5,4,6,6,4,4,3,3,3,1,17,2,9,5,4,C03,7,9,1,10,2,14,,84,84,1,13,4,120.581589,24.206057,2
3407,66000,387130000C,(04)23274275,(04)23288582,2025,5,9,16,57,臺中市,南屯區,0,0,0,7,,,50,,,,,,,,,,,,,,17,,,,,B03,,,1,,2,,,84,84,1,13,4,120.650603,24.153317,3
3408,66000,387130000C,(04)23274275,(04)23288582,2025,5,9,16,57,臺中市,西屯區,0,0,0,7,,,60,,,,,,,,,,,,,,,,,,,B03,,,1,,2,,,58,58,1,12,4,120.634952,24.161377,3
3409,66000,387130000C,(04)23274275,(04)23288582,2025,5,9,17,0,臺中市,大雅區,0,0,0,7,,,50,,,,,,,,,,,,,,9,,,,,B12,,,1,,2,,,50,50,1,13,4,120.649564,24.221436,3
3410,66000,387130000C,(04)23274275,(04)23288582,2025,5,9,17,1,臺中市,南區,0,1,0,7,2,6,50,3,1,1,5,4,6,6,4,4,10,5,5,2,17,3,10,3,1,B03,7,6,1,8,2,8,,13,13,1,12,4,120.659639,24.125666,2
3411,66000,387130000C,(04)23274275,(04)23288582,2025,5,9,17,2,臺中市,南屯區,0,0,0,7,,,50,,,,,,,,,,,,,,11,,,,,B01,,,1,,9,,,8,8,1,12,4,120.613401,24.15026,3
3412,66000,387130000C,(04)23274275,(04)23288582,2025,5,9,17,5,臺中市,清水區,0,1,0,7,2,6,50,5,1,1,5,4,6,6,1,1,8,3,4,1,16,3,10,3,1,B03,7,5,1,8,2,6,,11,11,1,12,4,120.575521,24.278398,2
3413,66000,387130000C,(04)23274275,(04)23288582,2025,5,9,17,7,臺中市,東區,0,0,0,7,,,50,,,,,,,,,,,,,,17,,,,,B03,,,1,,1,,,7,7,1,13,4,120.684797,24.130726,3
3414,66000,387130000C,(04)23274275,(04)23288582,2025,5,9,17,7,臺中市,大里區,0,1,0,6,2,6,30,4,1,1,5,4,6,6,4,4,10,5,5,2,17,2,9,1,1,F01,7,6,7,21,2,11,,48,48,1,13,4,120.691039,24.087474,2
3415,66000,387130000C,(04)23274275,(04)23288582,2025,5,9,17,7,臺中市,大里區,0,2,0,7,2,6,50,4,1,1,5,4,6,6,4,4,10,5,5,2,15,2,7,1,1,C03,7,9,3,19,2,11,,20,20,1,6,4,120.688068,24.086034,2
3416,66000,387130000C,(04)23274275,(04)23288582,2025,5,9,17,8,臺中市,大雅區,0,1,0,7,2,6,30,13,9,1,5,4,6,6,4,4,10,5,5,1,16,3,10,3,1,A12,7,2,1,5,2,4,,49,49,1,13,4,120.652222,24.231941,2
3417,66000,387130000C,(04)23274275,(04)23288582,2025,5,9,17,11,臺中市,霧峰區,0,1,0,7,2,6,50,3,1,1,5,4,6,6,4,4,10,5,5,2,17,3,10,3,1,B03,7,5,1,8,2,2,,84,84,1,6,4,120.692244,24.072076,2
3418,66000,387130000C,(04)23274275,(04)23288582,2025,5,9,17,14,臺中市,霧峰區,0,0,0,6,,,50,,,,,,,,,,,,,,17,,,,,B03,,,1,,2,,,49,49,1,13,4,120.715971,24.073481,3
3419,66000,387130000C,(04)23274275,(04)23288582,2025,5,9,17,14,臺中市,清水區,0,2,0,7,3,6,50,4,1,1,5,4,6,6,4,4,9,4,5,2,15,2,9,1,1,C03,7,9,1,10,2,11,,20,20,1,12,4,120.563004,24.275428,2
3420,66000,387130000C,(04)23274275,(04)23288582,2025,5,9,17,15,臺中市,北屯區,0,1,0,7,3,6,50,13,9,1,5,4,6,6,4,4,5,4,5,2,18,2,9,2,1,C03,7,9,1,10,2,12,,84,84,1,6,4,120.717808,24.189926,2
3421,66000,387130000C,(04)23274275,(04)23288582,2025,5,9,17,17,臺中市,南區,0,1,0,7,2,6,30,4,1,1,5,4,6,6,4,4,10,5,5,2,15,3,10,3,1,B03,7,9,1,8,2,6,,15,15,1,13,4,120.654339,24.124266,2
3422,66000,387130000C,(04)23274275,(04)23288582,2025,5,9,17,20,臺中市,梧棲區,0,0,0,7,,,80,,,,,,,,,,,,,,24,,,,,B12,,,1,,1,,,73,73,1,12,4,120.528354,24.231714,3
3423,66000,387130000C,(04)23274275,(04)23288582,2025,5,9,17,21,臺中市,龍井區,0,1,0,7,3,6,40,4,8,1,5,4,1,6,4,4,1,4,1,2,20,2,8,1,1,C03,7,9,1,10,2,11,,59,59,1,6,4,120.537464,24.219244,2
3424,66000,387130000C,(04)23274275,(04)23288582,2025,5,9,17,22,臺中市,潭子區,0,0,0,7,,,50,,,,,,,,,,,,,,,,,,,B03,,,5,,2,,,84,84,1,12,4,120.702285,24.191223,3
3425,66000,387130000C,(04)23274275,(04)23288582,2025,5,9,17,22,臺中市,北屯區,0,1,0,6,3,6,50,4,1,1,5,4,6,6,1,1,10,5,5,2,16,2,8,2,1,C03,7,9,1,10,2,11,,21,21,1,6,4,120.703899,24.180089,2
3426,66000,387130000C,(04)23274275,(04)23288582,2025,5,9,17,23,臺中市,潭子區,0,2,0,7,3,6,30,3,1,1,5,4,6,6,4,4,5,4,4,2,17,2,8,2,1,C03,7,5,1,10,2,14,,13,13,1,13,4,120.706186,24.231648,2
3427,66000,387130000C,(04)23274275,(04)23288582,2025,5,9,17,24,臺中市,清水區,0,1,0,7,2,6,50,4,2,1,5,4,6,6,3,1,8,3,5,2,12,3,10,1,1,C03,7,8,1,10,2,14,,35,35,1,12,4,120.575236,24.271927,2
3428,66000,387130000C,(04)23274275,(04)23288582,2025,5,9,17,25,臺中市,南屯區,0,0,0,7,,,50,,,,,,,,,,,,,,12,,,,,B03,,,1,,1,,,51,51,1,12,4,120.6487,24.145052,3
3429,66000,387130000C,(04)23274275,(04)23288582,2025,5,9,17,25,臺中市,大甲區,0,1,0,7,2,6,30,3,1,1,5,4,6,6,4,4,10,5,5,2,16,2,9,2,1,C03,7,6,1,10,2,12,,14,14,1,6,4,120.659635,24.383624,2
3430,66000,387130000C,(04)23274275,(04)23288582,2025,5,9,17,26,臺中市,霧峰區,0,0,0,7,,,50,,,,,,,,,,,,,,,,,,,B03,,,1,,2,,,84,84,1,6,4,120.679304,24.07145,3
3431,66000,387130000C,(04)23274275,(04)23288582,2025,5,9,17,28,臺中市,梧棲區,0,1,0,7,2,6,30,4,1,1,5,4,6,6,1,1,10,5,5,2,15,2,9,1,1,C03,7,9,1,10,2,12,,21,21,1,6,4,120.539981,24.234451,2
3432,66000,387130000C,(04)23274275,(04)23288582,2025,5,9,17,29,臺中市,北屯區,0,0,0,7,,,50,,,,,,,,,,,,,,17,,,,,C03,,,1,,1,,,51,51,1,6,4,120.701614,24.178276,3
3433,66000,387130000C,(04)23274275,(04)23288582,2025,5,9,17,29,臺中市,大甲區,0,1,0,7,3,6,30,13,9,1,5,4,6,6,4,4,10,5,5,2,3,2,9,6,5,H01,8,18,7,21,10,17,,98,98,1,1,5,120.6245,24.354517,2
3434,66000,387130000C,(04)23274275,(04)23288582,2025,5,9,17,30,臺中市,北區,0,3,0,7,2,6,50,4,1,1,5,4,6,6,2,1,10,5,5,2,13,2,8,3,1,B01,7,5,1,3,2,5,,84,84,1,12,4,120.68616,24.146227,2
3435,66000,387130000C,(04)23274275,(04)23288582,2025,5,9,17,30,臺中市,北區,0,2,0,7,2,6,50,3,4,1,5,4,6,6,1,1,1,5,5,2,13,2,8,5,4,C03,7,12,1,10,2,12,,7,7,1,13,4,120.688942,24.153364,2
3436,66000,387130000C,(04)23274275,(04)23288582,2025,5,9,17,30,臺中市,西屯區,0,0,0,7,,,50,,,,,,,,,,,,,,12,,,,,B12,,,1,,1,,,40,40,1,12,4,120.605256,24.171538,3
3437,66000,387130000C,(04)23274275,(04)23288582,2025,5,9,17,31,臺中市,太平區,0,0,0,7,,,50,,,,,,,,,,,,,,13,,,,,B03,,,1,,1,,,7,7,1,12,4,120.712683,24.145999,3
3438,66000,387130000C,(04)23274275,(04)23288582,2025,5,9,17,33,臺中市,北區,0,1,0,7,2,6,50,4,2,1,5,4,6,6,2,1,10,5,5,2,11,3,10,3,1,B03,7,6,1,8,2,1,,11,11,1,13,4,120.685233,24.16188,2
3439,66000,387130000C,(04)23274275,(04)23288582,2025,5,9,17,39,臺中市,西區,0,1,0,7,3,6,50,4,1,1,5,4,6,6,1,1,10,5,5,2,13,3,10,3,1,B03,7,7,1,8,2,6,,40,40,1,12,4,120.661342,24.160248,2
3440,66000,387130000C,(04)23274275,(04)23288582,2025,5,9,17,39,臺中市,南區,0,0,0,7,,,50,,,,,,,,,,,,,,13,,,,,B03,,,1,,2,,,84,84,1,12,4,120.659907,24.12476,3
3441,66000,387130000C,(04)23274275,(04)23288582,2025,5,9,17,40,臺中市,南區,0,0,0,7,,,50,,,,,,,,,,,,,,17,,,,,B03,,,1,,10,,,85,85,1,12,4,120.656154,24.118896,3
3442,66000,387130000C,(04)23274275,(04)23288582,2025,5,9,17,40,臺中市,南屯區,0,1,0,7,3,6,50,4,1,1,5,4,6,6,1,1,10,5,5,2,13,3,10,3,1,B03,7,9,1,8,2,1,,84,84,1,12,4,120.649666,24.142635,2
3443,66000,387130000C,(04)23274275,(04)23288582,2025,5,9,17,42,臺中市,南區,0,0,0,7,,,50,,,,,,,,,,,,,,,,,,,B12,,,1,,1,,,7,7,1,12,4,120.66228,24.120862,3
3444,66000,387130000C,(04)23274275,(04)23288582,2025,5,9,17,42,臺中市,梧棲區,0,1,0,7,2,6,50,13,9,1,5,4,6,6,4,4,3,4,4,2,12,3,10,3,1,B03,7,7,1,8,2,5,,40,40,1,13,4,120.552405,24.257402,2
3445,66000,387130000C,(04)23274275,(04)23288582,2025,5,9,17,45,臺中市,西屯區,0,0,0,7,,,50,,,,,,,,,,,,,,17,,,,,B03,,,1,,2,,,50,50,1,13,4,120.635667,24.169174,3
3446,66000,387130000C,(04)23274275,(04)23288582,2025,5,9,17,45,臺中市,太平區,0,2,0,7,2,6,50,4,1,1,5,4,6,6,1,1,10,5,5,2,17,2,9,1,1,C03,7,9,1,10,2,11,,21,21,1,12,4,120.736119,24.133188,2
3447,66000,387130000C,(04)23274275,(04)23288582,2025,5,9,17,47,臺中市,南區,0,1,0,7,3,6,50,5,1,1,5,4,6,6,1,1,10,5,5,2,16,3,10,3,1,B03,7,6,1,8,2,2,,11,11,1,12,4,120.660269,24.124451,2
3448,66000,387130000C,(04)23274275,(04)23288582,2025,5,9,17,51,臺中市,潭子區,0,2,0,7,2,6,50,13,7,1,5,4,6,6,4,4,1,4,4,1,13,2,9,2,1,C03,7,9,1,10,2,11,13,7,7,1,12,4,120.702792,24.21585,2
3449,66000,387130000C,(04)23274275,(04)23288582,2025,5,9,17,51,臺中市,東區,0,1,0,7,2,6,30,4,1,1,5,4,6,6,4,4,10,5,5,2,18,2,9,2,1,C03,7,9,1,10,2,11,,84,84,1,13,4,120.688179,24.140997,2
3450,66000,387130000C,(04)23274275,(04)23288582,2025,5,9,17,52,臺中市,新社區,0,0,0,7,,,50,,,,,,,,,,,,,,,,,,,B03,,,3,,1,,,7,7,1,13,4,120.80667,24.23848,3
3451,66000,387130000C,(04)23274275,(04)23288582,2025,5,9,17,55,臺中市,豐原區,0,1,0,6,2,6,30,4,1,1,5,4,6,6,1,1,10,5,5,2,17,2,9,2,1,C03,7,6,1,10,2,14,,84,84,1,13,4,120.705766,24.252407,2
3452,66000,387130000C,(04)23274275,(04)23288582,2025,5,9,17,56,臺中市,南區,0,2,0,7,2,6,50,4,1,1,5,4,6,6,1,1,9,4,4,2,17,2,9,2,1,C03,7,9,1,10,2,11,,84,84,1,13,4,120.666828,24.115308,2
3453,66000,387130000C,(04)23274275,(04)23288582,2025,5,9,17,56,臺中市,北屯區,0,1,0,7,3,6,50,4,1,1,5,4,6,6,1,1,10,5,5,2,17,3,10,3,1,B03,7,6,1,8,2,1,,11,11,1,12,4,120.664633,24.18267,2
3454,66000,387130000C,(04)23274275,(04)23288582,2025,5,9,17,57,臺中市,沙鹿區,0,0,0,7,,,60,,,,,,,,,,,,,,13,,,,,B03,,,1,,1,,,7,7,1,13,4,120.590678,24.250109,3
3455,66000,387130000C,(04)23274275,(04)23288582,2025,5,9,17,59,臺中市,西屯區,0,0,0,6,,,40,,,,,,,,,,,,,,13,,,,,C03,,,1,,1,,,59,59,1,12,4,120.654137,24.159738,3
3456,66000,387130000C,(04)23274275,(04)23288582,2025,5,9,18,3,臺中市,北區,0,0,0,7,,,50,,,,,,,,,,,,,,,,,,,A02,,,1,,2,,,84,84,1,13,4,120.683255,24.157317,3
3457,66000,387130000C,(04)23274275,(04)23288582,2025,5,9,18,5,臺中市,北區,0,1,0,7,1,6,50,13,7,1,5,4,6,6,4,4,1,4,4,2,12,3,10,3,1,B03,7,8,1,8,2,4,,40,40,1,12,4,120.6771,24.155027,2
3458,66000,387130000C,(04)23274275,(04)23288582,2025,5,9,18,9,臺中市,豐原區,0,0,0,6,,,50,,,,,,,,,,,,,,14,,,,,B03,,,1,,2,,,82,82,1,13,4,120.705728,24.252387,3
3459,66000,387130000C,(04)23274275,(04)23288582,2025,5,9,18,10,臺中市,西區,0,0,0,6,,,50,,,,,,,,,,,,,,13,,,,,B03,,,1,,1,,,7,7,1,12,4,120.656758,24.146127,3
3460,66000,387130000C,(04)23274275,(04)23288582,2025,5,9,18,10,臺中市,神岡區,0,1,0,7,1,6,50,13,9,1,5,4,6,6,4,4,9,5,5,1,16,3,10,5,4,B03,7,6,1,8,2,8,,84,84,1,12,4,120.683553,24.269184,2
3461,66000,387130000C,(04)23274275,(04)23288582,2025,5,9,18,11,臺中市,北屯區,0,2,0,7,1,6,50,3,2,1,5,4,6,6,1,1,3,4,4,2,2,3,10,3,1,B03,7,6,5,19,9,1,,10,10,1,13,4,120.721333,24.178204,2
3462,66000,387130000C,(04)23274275,(04)23288582,2025,5,9,18,11,臺中市,豐原區,0,0,0,7,,,50,,,,,,,,,,,,,,17,,,,,B03,,,1,,1,,,84,84,1,12,4,120.72231,24.254009,3
3463,66000,387130000C,(04)23274275,(04)23288582,2025,5,9,18,13,臺中市,北屯區,0,1,0,7,1,6,50,4,2,1,5,4,6,6,1,1,3,4,4,2,16,3,10,3,1,B03,7,9,1,8,2,6,,21,21,1,13,4,120.685679,24.175769,2
3464,66000,387130000C,(04)23274275,(04)23288582,2025,5,9,18,13,臺中市,太平區,0,1,0,7,2,6,50,3,1,1,5,4,6,6,2,1,10,5,5,2,16,3,10,3,1,B12,7,6,1,8,2,2,,11,11,1,12,4,120.714601,24.135748,2
3465,66000,387130000C,(04)23274275,(04)23288582,2025,5,9,18,14,臺中市,大雅區,0,0,0,6,,,0,,,,,,,,,,,,,,17,,,,,B03,,,1,,2,,,76,76,1,12,4,120.627373,24.24222,3
3466,66000,387130000C,(04)23274275,(04)23288582,2025,5,9,18,17,臺中市,太平區,0,0,0,7,,,50,,,,,,,,,,,,,,16,,,,,C03,,,1,,1,,,85,85,1,12,4,120.701856,24.153608,3
3467,66000,387130000C,(04)23274275,(04)23288582,2025,5,9,18,18,臺中市,大里區,0,1,0,7,2,6,50,4,1,1,5,4,6,6,2,1,5,5,4,2,17,2,9,1,1,C03,7,1,1,10,2,12,,51,51,1,6,4,120.699027,24.096291,2
3468,66000,387130000C,(04)23274275,(04)23288582,2025,5,9,18,20,臺中市,西區,0,0,0,7,,,50,,,,,,,,,,,,,,13,,,,,C03,,,1,,1,,,7,7,1,12,4,120.68082,24.137085,3
3469,66000,387130000C,(04)23274275,(04)23288582,2025,5,9,18,30,臺中市,北屯區,0,2,0,7,3,6,50,3,1,1,5,4,6,6,4,4,5,5,5,2,17,2,9,2,1,C03,7,9,1,10,2,11,,84,84,1,6,4,120.738834,24.178471,2
3470,66000,387130000C,(04)23274275,(04)23288582,2025,5,9,18,30,臺中市,沙鹿區,0,1,0,6,1,6,40,13,8,1,5,4,6,6,4,4,3,3,3,1,17,2,9,5,4,C03,7,9,1,10,2,11,,59,59,1,13,4,120.573011,24.231362,2
3471,66000,387130000C,(04)23274275,(04)23288582,2025,5,9,18,34,臺中市,西屯區,0,0,0,7,,,30,,,,,,,,,,,,,,17,,,,,,,,,,,,,119,119,1,,,120.643375,24.168779,3
3472,66000,387130000C,(04)23274275,(04)23288582,2025,5,9,18,35,臺中市,大里區,0,2,0,7,1,6,50,4,2,1,5,4,6,6,1,1,10,5,5,1,16,2,9,1,1,C03,7,15,1,10,2,12,,46,46,1,12,4,120.680076,24.104644,2
3473,66000,387130000C,(04)23274275,(04)23288582,2025,5,9,18,37,臺中市,北屯區,0,1,0,6,1,6,50,3,2,1,5,4,6,6,4,4,5,5,5,2,12,2,9,2,1,C03,7,12,1,10,2,11,,84,84,1,6,4,120.718734,24.185883,2
3474,66000,387130000C,(04)23274275,(04)23288582,2025,5,9,18,37,臺中市,清水區,0,1,0,7,3,6,50,4,1,1,5,4,6,6,4,4,9,4,5,1,15,3,10,3,1,B03,7,9,1,8,2,5,,13,13,1,12,4,120.551167,24.269118,2
3475,66000,387130000C,(04)23274275,(04)23288582,2025,5,9,18,38,臺中市,西區,0,1,0,7,1,6,50,3,2,1,5,4,6,6,4,4,5,5,5,2,13,2,7,5,1,F01,7,9,7,21,2,11,,84,84,1,13,4,120.655128,24.135945,2
3476,66000,387130000C,(04)23274275,(04)23288582,2025,5,9,18,38,臺中市,南屯區,0,0,0,7,,,50,,,,,,,,,,,,,,,,,,,C03,,,1,,1,,,85,85,1,13,4,120.64258,24.140925,3
3477,66000,387130000C,(04)23274275,(04)23288582,2025,5,9,18,38,臺中市,太平區,0,0,0,7,,,50,,,,,,,,,,,,,,13,,,,,A12,,,1,,1,,,7,7,1,12,4,120.701866,24.153777,3
3478,66000,387130000C,(04)23274275,(04)23288582,2025,5,9,18,40,臺中市,南屯區,0,0,0,7,,,50,,,,,,,,,,,,,,13,,,,,B03,,,1,,1,,,59,59,1,12,4,120.596491,24.153245,3