序號,縣市別代碼,機關代碼,市話,傳真,年,月,日,時,分,縣市,區,死亡數量,受傷數量,2-30,天候,道路照明設備,道路類別,道路速限,道路型態,事故位置,路面鋪裝,路面狀態,路面缺陷,障礙物,視距,號誌種類,號誌動作,分向設施,快車道或一般車道間,快慢車道間,路面邊線,事故類型及型態,受傷程度,主要傷處,保護裝備,行動電話或功能裝置,當事者區分(類別),車輛用途,當事者行動狀態,駕照狀態,駕照種類,飲酒情形,車輛撞擊部位最初,車輛撞擊部位其他,肇事因素個別,肇事因素主要,肇事逃逸,職業,共享經濟或外送平台,GPS座標X,GPS座標Y,事故類別
3927,66000,387130000C,(04)23274275,(04)23288582,2025,5,10,21,7,臺中市,潭子區,0,1,0,6,1,6,50,13,9,1,5,4,6,6,4,4,9,5,5,1,9,3,10,2,1,C03,7,9,1,10,2,16,,84,84,1,13,4,120.687346,24.22534,2
3928,66000,387130000C,(04)23274275,(04)23288582,2025,5,10,21,9,臺中市,西屯區,0,0,0,7,,,50,,,,,,,,,,,,,,14,,,,,B03,,,1,,1,,,49,49,1,13,4,120.616364,24.190958,3
3929,66000,387130000C,(04)23274275,(04)23288582,2025,5,10,21,13,臺中市,神岡區,0,0,0,6,,,50,,,,,,,,,,,,,,28,,,,,B03,,,1,,2,,,84,84,1,6,4,120.671128,24.261783,3
3930,66000,387130000C,(04)23274275,(04)23288582,2025,5,10,21,18,臺中市,北屯區,0,2,0,7,1,6,50,4,1,1,5,4,6,6,1,1,10,5,5,2,13,3,10,3,1,B03,7,6,1,8,2,8,,7,7,1,6,4,120.681482,24.17635,2
3931,66000,387130000C,(04)23274275,(04)23288582,2025,5,10,21,20,臺中市,梧棲區,0,0,0,6,,,70,,,,,,,,,,,,,,13,,,,,B03,,,1,,1,,,59,59,1,12,4,120.542507,24.219459,3
3932,66000,387130000C,(04)23274275,(04)23288582,2025,5,10,21,30,臺中市,大雅區,0,0,0,6,,,30,,,,,,,,,,,,,,,,,,,C03,,,,,,,,41,41,1,13,4,120.638993,24.218975,3
3933,66000,387130000C,(04)23274275,(04)23288582,2025,5,10,21,38,臺中市,南屯區,0,0,0,5,,,50,,,,,,,,,,,,,,12,,,,,B03,,,1,,1,,,84,84,1,12,4,120.646911,24.139905,3
3934,66000,387130000C,(04)23274275,(04)23288582,2025,5,10,21,40,臺中市,南屯區,0,1,0,5,1,6,50,13,9,1,4,4,6,6,4,4,5,4,5,2,12,3,10,3,1,B03,7,7,1,8,2,5,,40,40,1,12,4,120.649461,24.136776,2
3935,66000,387130000C,(04)23274275,(04)23288582,2025,5,10,21,48,臺中市,北區,0,2,0,7,1,6,40,4,1,1,5,4,6,6,1,1,5,4,4,2,16,2,9,1,1,C03,7,6,1,10,2,14,,48,48,1,12,4,120.663887,24.157612,2
3936,66000,387130000C,(04)23274275,(04)23288582,2025,5,10,21,49,臺中市,豐原區,0,1,0,5,1,6,50,13,8,1,4,4,6,6,4,4,4,5,4,2,17,2,8,6,4,F01,7,9,7,21,2,11,,59,59,1,13,4,120.732873,24.255381,2
3937,66000,387130000C,(04)23274275,(04)23288582,2025,5,10,21,52,臺中市,北區,0,0,0,6,,,50,,,,,,,,,,,,,,,,,,,B03,,,1,,1,,,84,84,1,13,4,120.681667,24.148916,3
3938,66000,387130000C,(04)23274275,(04)23288582,2025,5,10,21,59,臺中市,南區,0,0,0,7,,,50,,,,,,,,,,,,,,13,,,,,B03,,,1,,1,,,84,84,1,12,4,120.662002,24.120108,3
3939,66000,387130000C,(04)23274275,(04)23288582,2025,5,10,22,7,臺中市,西屯區,0,1,0,6,1,6,50,13,9,1,4,4,6,6,4,4,1,4,5,1,17,2,9,2,1,C03,7,9,1,10,2,12,,59,59,1,12,4,120.6198,24.184152,2
3940,66000,387130000C,(04)23274275,(04)23288582,2025,5,10,22,10,臺中市,豐原區,0,0,0,5,1,6,40,13,8,1,4,4,6,6,4,4,8,3,4,2,12,3,10,5,4,B03,7,1,1,8,11,2,2,51,51,2,12,4,120.726139,24.246077,3
3941,66000,387130000C,(04)23274275,(04)23288582,2025,5,10,22,13,臺中市,豐原區,0,0,0,5,,,,,,,,,,,,,,,,,,,,,,,,,,,,,,84,84,1,,,120.714436,24.252916,3
3942,66000,387130000C,(04)23274275,(04)23288582,2025,5,10,22,20,臺中市,北區,0,0,0,7,1,6,50,13,7,1,5,4,6,6,4,4,9,5,4,2,13,,,,,B03,,,1,,2,,,59,59,1,13,4,120.676949,24.159463,3
3943,66000,387130000C,(04)23274275,(04)23288582,2025,5,10,22,22,臺中市,豐原區,0,1,0,5,1,6,50,4,1,1,4,4,6,6,1,1,5,5,4,2,15,2,9,1,1,C03,7,9,1,10,2,14,,21,21,1,13,4,120.72682,24.249627,2
3944,66000,387130000C,(04)23274275,(04)23288582,2025,5,10,22,26,臺中市,南區,0,0,0,7,,,50,,,,,,,,,,,,,,13,,,,,B03,,,1,,2,,,84,84,1,12,4,120.670047,24.126452,3
3945,66000,387130000C,(04)23274275,(04)23288582,2025,5,10,22,32,臺中市,潭子區,0,0,0,7,,,50,,,,,,,,,,,,,,17,,,,,B03,,,1,,2,,,51,51,1,12,4,120.702946,24.205781,3
3946,66000,387130000C,(04)23274275,(04)23288582,2025,5,10,22,36,臺中市,北屯區,0,0,0,5,,,40,,,,,,,,,,,,,,16,,,,,B12,,,1,,1,,,51,51,1,6,4,120.7315,24.161168,3
3947,66000,387130000C,(04)23274275,(04)23288582,2025,5,10,22,38,臺中市,西屯區,0,0,0,6,,,40,,,,,,,,,,,,,,13,,,,,C03,,,1,,1,,,7,7,1,12,4,120.641387,24.167835,3
3948,66000,387130000C,(04)23274275,(04)23288582,2025,5,10,22,50,臺中市,西區,0,1,0,7,1,6,50,4,1,1,5,4,6,6,1,1,10,5,5,2,17,2,9,2,1,C03,7,6,1,10,2,14,,48,48,1,12,4,120.661781,24.154386,2
3949,66000,387130000C,(04)23274275,(04)23288582,2025,5,10,22,55,臺中市,大里區,0,0,0,5,,,80,,,,,,,,,,,,,,17,,,,,B03,,,1,,2,,,40,40,1,12,4,120.686788,24.093298,3
3950,66000,387130000C,(04)23274275,(04)23288582,2025,5,10,23,8,臺中市,太平區,0,0,0,7,,,30,,,,,,,,,,,,,,,,,,,B03,,,1,,2,,,41,41,1,12,4,120.719886,24.133347,3
3951,66000,387130000C,(04)23274275,(04)23288582,2025,5,10,23,12,臺中市,大里區,0,0,0,5,,,50,,,,,,,,,,,,,,,,,,,B03,,,1,,2,,,11,11,1,6,4,120.698371,24.080732,3
3952,66000,387130000C,(04)23274275,(04)23288582,2025,5,10,23,29,臺中市,大里區,0,1,0,5,1,6,50,4,1,1,4,4,6,6,1,1,10,5,5,2,16,3,10,3,1,B01,7,6,1,4,2,6,,11,11,1,12,4,120.689795,24.115145,2
3953,66000,387130000C,(04)23274275,(04)23288582,2025,5,10,23,40,臺中市,西區,0,0,0,6,,,50,,,,,,,,,,,,,,,,,,,B03,,,1,,1,,,49,49,1,12,4,120.655108,24.150258,3
3954,66000,387130000C,(04)23274275,(04)23288582,2025,5,10,23,43,臺中市,南屯區,0,0,0,5,,,50,,,,,,,,,,,,,,17,,,,,C03,,,1,,9,,,59,59,1,12,4,120.615157,24.145675,3
3955,66000,387130000C,(04)23274275,(04)23288582,2025,5,11,0,4,臺中市,南屯區,0,0,0,7,,,,,,,,,,,,,,,,,,,,,,,,,,,,,,119,119,1,,,120.614825,24.145848,3
3956,66000,387130000C,(04)23274275,(04)23288582,2025,5,11,0,8,臺中市,中區,0,1,0,5,1,6,50,4,1,1,4,4,6,6,1,1,10,5,5,2,17,3,10,2,1,C03,7,6,1,10,2,13,,26,26,1,12,4,120.68445,24.1394,2
3957,66000,387130000C,(04)23274275,(04)23288582,2025,5,11,0,11,臺中市,西屯區,0,2,0,7,1,6,50,3,1,1,5,4,6,6,4,4,10,5,5,2,17,3,10,3,4,B03,7,13,1,4,2,4,,76,76,1,12,4,120.658802,24.164692,2
3958,66000,387130000C,(04)23274275,(04)23288582,2025,5,11,0,15,臺中市,大雅區,0,0,0,6,,,50,,,,,,,,,,,,,,,,,,,B03,,,1,,2,,,59,59,1,13,4,120.653333,24.217275,3
3959,66000,387130000C,(04)23274275,(04)23288582,2025,5,11,0,20,臺中市,太平區,0,1,0,5,1,6,50,3,2,1,4,4,6,6,4,4,5,2,5,1,27,2,9,1,1,C03,7,9,1,11,2,11,14,84,84,1,12,4,120.715277,24.136827,2
3960,66000,387130000C,(04)23274275,(04)23288582,2025,5,11,0,21,臺中市,南屯區,0,1,0,5,2,6,50,4,1,1,4,4,6,6,2,1,3,4,4,2,12,3,10,3,1,B03,7,9,1,8,2,2,,42,42,1,12,4,120.646914,24.150978,2
3961,66000,387130000C,(04)23274275,(04)23288582,2025,5,11,0,25,臺中市,南屯區,0,1,0,5,1,6,50,4,1,1,4,4,3,6,3,1,5,5,5,2,17,2,9,2,1,C03,7,9,3,19,2,14,,24,24,1,12,4,120.645071,24.132065,2
3962,66000,387130000C,(04)23274275,(04)23288582,2025,5,11,0,28,臺中市,東區,0,0,0,5,,,50,,,,,,,,,,,,,,,,,,,B03,,,1,,9,,,7,7,1,6,4,120.700571,24.147974,3
3963,66000,387130000C,(04)23274275,(04)23288582,2025,5,11,0,35,臺中市,大甲區,0,0,0,7,,,40,,,,,,,,,,,,,,,,,,,B03,,,1,,2,,,24,24,1,12,4,120.621045,24.351494,3
3964,66000,387130000C,(04)23274275,(04)23288582,2025,5,11,0,36,臺中市,南屯區,0,1,0,7,1,6,50,4,1,1,4,4,6,6,2,1,5,5,5,2,18,2,9,1,1,C03,7,5,1,10,2,16,,59,59,1,6,4,120.649927,24.140002,2
3965,66000,387130000C,(04)23274275,(04)23288582,2025,5,11,0,37,臺中市,西屯區,0,2,0,5,1,6,50,13,9,1,4,4,6,6,4,4,9,5,5,2,12,2,9,2,1,C03,7,1,1,10,2,14,,51,51,1,12,4,120.61941,24.187758,2
3966,66000,387130000C,(04)23274275,(04)23288582,2025,5,11,1,0,臺中市,北屯區,0,1,0,5,1,6,50,4,1,1,4,4,6,6,1,1,10,5,5,2,16,3,10,3,1,B03,7,6,5,19,2,1,,11,11,1,6,4,120.711355,24.1722,2
3967,66000,387130000C,(04)23274275,(04)23288582,2025,5,11,1,5,臺中市,大里區,0,0,0,5,,,50,,,,,,,,,,,,,,17,,,,,B11,,,1,,2,,,82,82,1,12,4,120.699877,24.105615,3
3968,66000,387130000C,(04)23274275,(04)23288582,2025,5,11,1,15,臺中市,北區,0,1,0,5,2,6,50,5,1,1,4,4,6,6,2,1,5,5,5,2,17,3,10,3,1,B02,7,6,1,8,2,1,,26,26,1,6,4,120.677303,24.151254,2
3969,66000,387130000C,(04)23274275,(04)23288582,2025,5,11,1,24,臺中市,后里區,0,0,0,7,1,6,50,13,14,1,5,4,6,6,4,4,9,5,5,1,30,,,,,,,,,,,,,119,119,2,,,120.718375,24.311163,3
3970,66000,387130000C,(04)23274275,(04)23288582,2025,5,11,1,28,臺中市,大里區,0,0,0,7,,,80,,,,,,,,,,,,,,18,,,,,B03,,,1,,2,,,84,84,1,12,4,120.690704,24.098029,3
3971,66000,387130000C,(04)23274275,(04)23288582,2025,5,11,1,28,臺中市,東勢區,0,1,0,5,1,6,50,11,9,1,4,4,6,6,4,4,5,5,5,1,20,2,9,5,4,B03,7,6,3,19,8,5,,53,53,1,13,4,120.83837,24.177068,2
3972,66000,387130000C,(04)23274275,(04)23288582,2025,5,11,1,30,臺中市,大里區,0,0,0,5,,,30,,,,,,,,,,,,,,,,,,,B03,,,1,,2,,,24,24,1,6,4,120.670545,24.107079,3
3973,66000,387130000C,(04)23274275,(04)23288582,2025,5,11,1,35,臺中市,北區,0,0,0,5,,,50,,,,,,,,,,,,,,16,,,,,B03,,,1,,2,,,11,11,1,13,4,120.67776,24.150818,3
3974,66000,387130000C,(04)23274275,(04)23288582,2025,5,11,1,41,臺中市,太平區,0,0,0,5,1,6,50,5,2,1,4,4,6,6,1,1,10,5,5,2,20,3,10,3,1,B03,7,9,3,19,5,1,,84,84,1,12,4,120.714788,24.110583,3
3975,66000,387130000C,(04)23274275,(04)23288582,2025,5,11,2,0,臺中市,龍井區,0,5,0,7,1,6,60,4,1,1,5,4,6,6,1,1,1,4,2,2,16,2,1,3,1,B03,7,11,1,8,2,2,,25,25,1,6,4,120.520106,24.21199,2
3976,66000,387130000C,(04)23274275,(04)23288582,2025,5,11,2,23,臺中市,梧棲區,0,1,0,7,1,6,60,4,1,1,5,4,6,6,2,1,10,5,5,2,16,2,9,3,1,B03,7,11,3,19,1,2,,45,45,1,12,4,120.537667,24.25297,2
3977,66000,387130000C,(04)23274275,(04)23288582,2025,5,11,2,38,臺中市,豐原區,0,0,0,7,1,6,50,4,1,1,5,4,6,6,2,1,10,4,4,1,13,,,,,B03,,,1,,2,,,7,7,1,12,4,120.744535,24.264695,3
3978,66000,387130000C,(04)23274275,(04)23288582,2025,5,11,2,39,臺中市,北區,0,0,0,5,,,40,,,,,,,,,,,,,,14,,,,,A11,,,1,,2,,,49,49,1,13,4,120.684884,24.164022,3
3979,66000,387130000C,(04)23274275,(04)23288582,2025,5,11,3,38,臺中市,西屯區,0,0,0,5,,,50,,,,,,,,,,,,,,35,,,,,A11,,,1,,1,,,8,8,1,12,4,120.642606,24.169453,3
3980,66000,387130000C,(04)23274275,(04)23288582,2025,5,11,5,54,臺中市,太平區,0,1,0,6,3,6,50,4,2,1,5,4,6,6,2,1,10,5,5,2,3,3,10,2,1,C03,7,5,1,10,2,11,,22,22,1,12,4,120.701911,24.153719,2
3981,66000,387130000C,(04)23274275,(04)23288582,2025,5,11,6,13,臺中市,潭子區,0,1,0,6,3,6,50,3,2,1,5,4,6,6,3,1,10,5,5,2,12,3,10,3,1,B12,7,9,1,8,2,6,,8,8,1,6,4,120.720694,24.217978,2
3982,66000,387130000C,(04)23274275,(04)23288582,2025,5,11,6,13,臺中市,東區,0,2,0,6,2,6,50,4,1,1,5,4,6,6,4,4,10,5,5,2,15,2,9,6,1,F02,7,9,7,21,3,11,,15,15,1,12,4,120.690982,24.140689,2
3983,66000,387130000C,(04)23274275,(04)23288582,2025,5,11,6,42,臺中市,大甲區,0,2,0,7,3,6,50,4,1,1,4,4,6,6,3,1,10,5,5,2,15,2,9,1,1,C03,7,9,3,19,2,11,,24,24,1,6,4,120.624517,24.346255,2
3984,66000,387130000C,(04)23274275,(04)23288582,2025,5,11,6,50,臺中市,北屯區,0,1,0,5,3,6,40,13,8,1,4,4,6,6,4,4,1,3,4,2,13,3,10,2,1,C03,7,9,1,10,2,11,,7,7,1,12,4,120.667896,24.179111,2
3985,66000,387130000C,(04)23274275,(04)23288582,2025,5,11,6,53,臺中市,沙鹿區,0,1,0,5,2,6,50,13,7,1,4,4,6,6,4,4,1,4,3,2,18,4,11,2,1,C03,7,9,1,9,2,12,,82,82,1,12,4,120.568607,24.20837,2
3986,66000,387130000C,(04)23274275,(04)23288582,2025,5,11,7,23,臺中市,潭子區,0,1,0,5,2,6,50,4,1,1,4,4,6,6,2,1,10,5,5,2,13,2,9,1,1,C03,7,9,1,10,2,11,,59,59,1,13,4,120.705384,24.215428,2
3987,66000,387130000C,(04)23274275,(04)23288582,2025,5,11,7,36,臺中市,神岡區,0,1,0,5,2,6,50,11,9,1,4,4,6,6,4,4,9,5,5,1,18,2,9,1,1,C03,7,9,1,10,2,16,,59,59,1,12,4,120.681968,24.260973,2
3988,66000,387130000C,(04)23274275,(04)23288582,2025,5,11,7,40,臺中市,南區,0,1,0,5,3,6,50,4,1,1,4,4,6,6,2,1,10,5,5,2,18,2,9,2,1,C03,7,9,1,10,2,14,,82,82,1,13,4,120.658236,24.117434,2
3989,66000,387130000C,(04)23274275,(04)23288582,2025,5,11,7,43,臺中市,后里區,0,1,0,5,3,6,50,13,7,1,4,4,6,6,4,4,9,4,4,2,12,2,9,1,1,C03,7,9,1,10,2,12,,84,84,1,12,4,120.717796,24.309734,2
3990,66000,387130000C,(04)23274275,(04)23288582,2025,5,11,7,50,臺中市,大雅區,0,1,0,5,2,6,50,3,2,1,4,4,6,6,1,1,5,5,4,1,18,2,9,1,1,C03,7,9,1,10,2,14,,84,84,1,13,4,120.644414,24.205569,2
3991,66000,387130000C,(04)23274275,(04)23288582,2025,5,11,7,50,臺中市,西屯區,0,1,0,5,3,6,50,4,1,1,4,4,6,6,4,4,10,5,5,2,17,2,8,1,1,C03,7,9,1,10,2,14,,84,84,1,13,4,120.617669,24.188269,2
3992,66000,387130000C,(04)23274275,(04)23288582,2025,5,11,7,54,臺中市,東區,0,1,0,5,2,6,50,3,2,1,4,4,6,6,2,1,5,4,5,2,17,2,9,1,1,C03,7,9,1,10,2,14,,85,85,1,12,4,120.690173,24.139997,2
3993,66000,387130000C,(04)23274275,(04)23288582,2025,5,11,8,5,臺中市,南屯區,0,2,0,5,2,6,50,4,1,1,4,4,6,6,4,4,10,5,5,2,15,2,9,2,4,C03,7,9,1,10,2,11,12,12,12,1,13,4,120.647804,24.141783,2
3994,66000,387130000C,(04)23274275,(04)23288582,2025,5,11,8,16,臺中市,豐原區,0,0,0,5,,,50,,,,,,,,,,,,,,16,,,,,B03,,,1,,2,,,11,11,1,12,4,120.74572,24.262555,3
3995,66000,387130000C,(04)23274275,(04)23288582,2025,5,11,8,23,臺中市,東區,0,1,0,5,2,6,40,4,1,1,3,4,6,6,2,1,10,5,5,2,16,2,9,2,1,C03,7,6,1,10,2,14,,48,48,1,6,4,120.688481,24.135294,2
3996,66000,387130000C,(04)23274275,(04)23288582,2025,5,11,8,53,臺中市,南區,0,2,0,5,3,6,50,3,1,1,4,4,6,6,4,4,10,5,5,2,13,2,9,2,1,C02,7,9,3,19,2,11,,7,7,1,13,4,120.670398,24.130316,2
3997,66000,387130000C,(04)23274275,(04)23288582,2025,5,11,8,55,臺中市,中區,0,0,0,5,,,40,,,,,,,,,,,,,,14,,,,,B03,,,1,8,2,,,49,49,1,13,4,120.677374,24.145969,3
3998,66000,387130000C,(04)23274275,(04)23288582,2025,5,11,8,55,臺中市,北屯區,0,0,0,5,,,50,,,,,,,,,,,,,,15,,,,,B03,,,1,,1,,,21,21,1,12,4,120.721732,24.174978,3
3999,66000,387130000C,(04)23274275,(04)23288582,2025,5,11,8,58,臺中市,潭子區,0,1,0,5,2,6,50,3,2,1,4,4,6,6,3,1,5,4,5,1,16,2,9,1,1,C03,7,6,3,19,2,12,,20,20,1,13,4,120.705969,24.215519,2
4000,66000,387130000C,(04)23274275,(04)23288582,2025,5,11,9,0,臺中市,西屯區,0,1,0,5,2,6,50,4,1,1,4,4,6,6,2,2,10,5,5,2,18,2,9,1,1,C03,7,9,1,10,2,12,,84,84,1,13,4,120.651816,24.165933,2
4001,66000,387130000C,(04)23274275,(04)23288582,2025,5,11,9,0,臺中市,梧棲區,0,0,0,5,,,70,,,,,,,,,,,,,,13,,,,,B03,,,1,,1,,,84,84,1,12,4,120.542526,24.219351,3
4002,66000,387130000C,(04)23274275,(04)23288582,2025,5,11,9,1,臺中市,后里區,0,0,0,5,2,6,40,13,14,1,4,4,5,6,4,4,9,4,4,1,17,3,10,3,1,B03,7,2,1,8,2,6,,49,49,1,12,4,120.720142,24.309372,3
4003,66000,387130000C,(04)23274275,(04)23288582,2025,5,11,9,8,臺中市,石岡區,0,0,0,5,,,70,,,,,,,,,,,,,,,,,,,C03,,,3,,1,,,48,48,1,13,4,120.789601,24.273815,3
4004,66000,387130000C,(04)23274275,(04)23288582,2025,5,11,9,13,臺中市,東區,0,1,0,5,3,6,50,4,1,1,4,4,6,6,4,4,10,5,5,2,15,3,10,3,1,A02,7,9,1,1,2,5,,15,15,1,6,4,120.690982,24.140689,2
4005,66000,387130000C,(04)23274275,(04)23288582,2025,5,11,9,18,臺中市,豐原區,0,0,0,5,,,50,,,,,,,,,,,,,,14,,,,,B03,,,1,,2,,,84,84,1,12,4,120.71406,24.250907,3
4006,66000,387130000C,(04)23274275,(04)23288582,2025,5,11,9,22,臺中市,豐原區,0,1,0,5,2,6,50,11,9,1,4,4,6,6,4,4,5,5,5,1,3,3,10,5,4,C03,7,9,3,19,2,11,,84,84,1,12,4,120.714629,24.258191,2
4007,66000,387130000C,(04)23274275,(04)23288582,2025,5,11,9,24,臺中市,北屯區,0,0,0,5,,,50,,,,,,,,,,,,,,13,,,,,B03,,,1,,1,,,7,7,1,12,4,120.665138,24.183921,3
4008,66000,387130000C,(04)23274275,(04)23288582,2025,5,11,9,33,臺中市,西屯區,0,0,0,7,,,50,,,,,,,,,,,,,,17,,,,,B03,,,1,,1,,,59,59,1,12,4,120.658406,24.166606,3
4009,66000,387130000C,(04)23274275,(04)23288582,2025,5,11,9,34,臺中市,東區,0,1,0,5,2,6,50,4,1,1,4,4,6,6,2,1,10,5,5,2,16,3,10,3,1,B03,7,6,1,8,2,2,,11,11,1,12,4,120.692462,24.147876,2
4010,66000,387130000C,(04)23274275,(04)23288582,2025,5,11,9,38,臺中市,北屯區,0,0,0,5,,,30,,,,,,,,,,,,,,17,,,,,,,,,,,,,119,119,1,,,120.733866,24.163006,3
4011,66000,387130000C,(04)23274275,(04)23288582,2025,5,11,9,38,臺中市,豐原區,0,2,0,5,3,6,50,3,1,1,4,4,6,6,4,4,5,5,4,2,17,2,9,1,4,C03,7,1,3,19,2,14,,51,51,1,12,4,120.725699,24.242976,2
4012,66000,387130000C,(04)23274275,(04)23288582,2025,5,11,9,42,臺中市,東區,0,1,0,5,2,6,50,4,1,1,3,4,6,6,2,1,10,5,5,2,16,3,10,3,1,B03,7,6,1,8,2,2,,23,23,1,6,4,120.701477,24.138954,2
4013,66000,387130000C,(04)23274275,(04)23288582,2025,5,11,9,43,臺中市,大雅區,0,0,0,5,,,0,,,,,,,,,,,,,,7,,,,,B03,,,1,,1,,,51,51,1,13,4,120.666515,24.216644,3
4014,66000,387130000C,(04)23274275,(04)23288582,2025,5,11,9,43,臺中市,大里區,0,2,0,5,3,6,50,4,1,1,4,4,6,6,4,4,5,4,4,2,15,2,8,5,4,C03,7,9,1,10,2,11,,12,12,1,13,4,120.681194,24.113166,2
4015,66000,387130000C,(04)23274275,(04)23288582,2025,5,11,9,44,臺中市,清水區,0,1,0,5,3,6,50,3,9,1,4,4,6,6,4,4,10,5,5,2,17,3,10,2,1,C03,7,5,1,10,2,11,,58,58,1,12,4,120.576264,24.276602,2
4016,66000,387130000C,(04)23274275,(04)23288582,2025,5,11,9,45,臺中市,北屯區,0,0,0,5,,,50,,,,,,,,,,,,,,,,,,,B03,,,1,,1,,,13,13,1,13,4,120.717751,24.181189,3
4017,66000,387130000C,(04)23274275,(04)23288582,2025,5,11,9,52,臺中市,北屯區,0,1,0,5,1,6,50,13,9,1,4,4,6,6,4,4,5,4,5,2,18,2,9,1,1,C03,7,9,1,10,2,11,,59,59,1,13,4,120.715311,24.164565,2
4018,66000,387130000C,(04)23274275,(04)23288582,2025,5,11,10,0,臺中市,西屯區,0,0,0,5,,,40,,,,,,,,,,,,,,17,,,,,B03,,,1,,2,,,84,84,1,13,4,120.610213,24.194345,3
4019,66000,387130000C,(04)23274275,(04)23288582,2025,5,11,10,0,臺中市,清水區,0,0,0,5,,,50,,,,,,,,,,,,,,17,,,,,C03,,,1,,2,,,58,58,1,12,4,120.576072,24.27112,3
4020,66000,387130000C,(04)23274275,(04)23288582,2025,5,11,10,10,臺中市,沙鹿區,0,1,0,5,2,6,50,13,9,1,4,4,6,6,4,4,1,5,4,2,17,2,8,1,1,C03,7,9,1,10,2,11,,59,59,1,6,4,120.59242,24.246586,2
4021,66000,387130000C,(04)23274275,(04)23288582,2025,5,11,10,11,臺中市,外埔區,0,2,0,5,3,6,50,3,1,1,4,4,6,6,4,4,10,5,5,2,16,2,9,1,1,C03,7,6,1,10,2,11,,14,14,1,12,4,120.636591,24.343193,2
4022,66000,387130000C,(04)23274275,(04)23288582,2025,5,11,10,20,臺中市,太平區,0,0,0,5,,,30,,,,,,,,,,,,,,,,,,,B03,,,1,,2,,,84,84,1,13,4,120.732085,24.150416,3
4023,66000,387130000C,(04)23274275,(04)23288582,2025,5,11,10,20,臺中市,東勢區,0,1,0,5,3,6,30,13,24,1,4,4,6,6,4,4,10,5,5,2,9,3,10,5,4,B03,7,3,1,8,2,7,,50,50,1,12,4,120.830843,24.244694,2
4024,66000,387130000C,(04)23274275,(04)23288582,2025,5,11,10,25,臺中市,潭子區,0,1,0,7,2,6,30,13,9,1,5,4,6,6,4,4,10,5,5,2,20,2,8,1,1,C03,7,9,1,10,9,12,,58,58,1,13,4,120.711353,24.203192,2
4025,66000,387130000C,(04)23274275,(04)23288582,2025,5,11,10,28,臺中市,清水區,0,1,0,5,3,6,50,3,1,1,4,4,6,6,4,4,5,5,5,2,9,3,10,3,1,B03,7,5,1,8,2,5,,58,58,1,12,4,120.543124,24.266299,2
4026,66000,387130000C,(04)23274275,(04)23288582,2025,5,11,10,32,臺中市,豐原區,0,0,0,7,,,50,,,,,,,,,,,,,,13,,,,,B03,,,3,,2,,,84,84,1,12,4,120.718099,24.251817,3
4027,66000,387130000C,(04)23274275,(04)23288582,2025,5,11,10,33,臺中市,大肚區,0,0,0,5,,,50,,,,,,,,,,,,,,,,,,,B03,,,1,,1,,,49,49,1,6,4,120.566152,24.125306,4
4028,66000,387130000C,(04)23274275,(04)23288582,2025,5,11,10,38,臺中市,西屯區,0,0,0,7,,,50,,,,,,,,,,,,,,14,,,,,B12,,,1,,1,,,49,49,1,13,4,120.636082,24.176232,3
4029,66000,387130000C,(04)23274275,(04)23288582,2025,5,11,10,44,臺中市,北屯區,0,0,0,5,,,50,,,,,,,,,,,,,,16,,,,,B02,,,1,,1,,,21,21,1,12,4,120.71885,24.162033,3
4030,66000,387130000C,(04)23274275,(04)23288582,2025,5,11,10,44,臺中市,烏日區,0,2,0,5,2,6,50,13,9,1,4,4,6,6,4,4,5,5,5,2,13,2,9,1,1,C03,7,9,1,10,2,11,12,7,7,1,6,2,120.640399,24.103171,2
4031,66000,387130000C,(04)23274275,(04)23288582,2025,5,11,10,48,臺中市,潭子區,0,0,0,5,,,80,,,,,,,,,,,,,,13,,,,,B03,,,1,,1,,,7,7,1,13,4,120.717624,24.198147,3
4032,66000,387130000C,(04)23274275,(04)23288582,2025,5,11,10,49,臺中市,太平區,0,1,0,5,3,6,50,4,1,1,4,4,6,6,1,1,3,4,5,2,18,2,9,2,1,C03,7,9,1,10,2,14,,84,84,1,12,4,120.721292,24.142655,2
4033,66000,387130000C,(04)23274275,(04)23288582,2025,5,11,10,50,臺中市,潭子區,0,0,0,5,,,60,,,,,,,,,,,,,,13,,,,,B12,,,3,,2,,,7,7,1,12,4,120.705805,24.217373,3
4034,66000,387130000C,(04)23274275,(04)23288582,2025,5,11,10,52,臺中市,豐原區,0,0,0,5,,,50,,,,,,,,,,,,,,13,,,,,B03,,,1,,2,,,7,7,1,12,4,120.719399,24.260348,3
4035,66000,387130000C,(04)23274275,(04)23288582,2025,5,11,10,54,臺中市,太平區,0,0,0,5,,,50,,,,,,,,,,,,,,,,,,,B03,,,1,,2,,,12,12,1,12,4,120.72832,24.154894,3
4036,66000,387130000C,(04)23274275,(04)23288582,2025,5,11,10,55,臺中市,西屯區,0,1,0,7,2,6,50,13,9,1,4,4,6,6,4,4,4,3,5,2,13,3,10,5,4,B03,7,9,1,8,2,5,,59,59,1,13,4,120.621545,24.186772,2
4037,66000,387130000C,(04)23274275,(04)23288582,2025,5,11,11,0,臺中市,南區,0,2,0,5,3,6,50,4,4,1,4,4,6,6,2,1,10,5,5,2,13,3,10,3,1,B03,7,15,1,8,2,5,,59,59,1,13,4,120.652563,24.117981,2