序號,縣市別代碼,機關代碼,市話,傳真,年,月,日,時,分,縣市,區,死亡數量,受傷數量,2-30,天候,道路照明設備,道路類別,道路速限,道路型態,事故位置,路面鋪裝,路面狀態,路面缺陷,障礙物,視距,號誌種類,號誌動作,分向設施,快車道或一般車道間,快慢車道間,路面邊線,事故類型及型態,受傷程度,主要傷處,保護裝備,行動電話或功能裝置,當事者區分(類別),車輛用途,當事者行動狀態,駕照狀態,駕照種類,飲酒情形,車輛撞擊部位最初,車輛撞擊部位其他,肇事因素個別,肇事因素主要,肇事逃逸,職業,共享經濟或外送平台,GPS座標X,GPS座標Y,事故類別
4038,66000,387130000C,(04)23274275,(04)23288582,2025,5,11,11,5,臺中市,北屯區,0,0,0,5,,,80,,,,,,,,,,,,,,13,,,,,B03,,,1,,1,,,7,7,1,13,4,120.721098,24.169752,3
4039,66000,387130000C,(04)23274275,(04)23288582,2025,5,11,11,16,臺中市,西區,0,0,0,5,,,50,,,,,,,,,,,,,,,,,,,B03,,,1,,1,,,84,84,1,13,4,120.661511,24.149253,3
4040,66000,387130000C,(04)23274275,(04)23288582,2025,5,11,11,16,臺中市,烏日區,0,0,0,5,,,60,,,,,,,,,,,,,,13,,,,,B03,,,1,,1,,,7,7,1,6,4,120.618099,24.105695,3
4041,66000,387130000C,(04)23274275,(04)23288582,2025,5,11,11,20,臺中市,大甲區,0,1,0,5,3,6,50,4,1,1,4,4,6,6,2,1,10,5,5,2,18,2,9,5,4,C03,7,6,1,10,2,14,,84,84,1,12,4,120.627822,24.346486,2
4042,66000,387130000C,(04)23274275,(04)23288582,2025,5,11,11,21,臺中市,梧棲區,0,0,0,5,,,70,,,,,,,,,,,,,,17,,,,,B03,,,1,,2,,,59,59,1,6,4,120.525066,24.254144,4
4043,66000,387130000C,(04)23274275,(04)23288582,2025,5,11,11,25,臺中市,后里區,0,0,0,5,,,50,,,,,,,,,,,,,,14,,,,,B03,,,1,,1,,,49,49,1,12,4,120.716055,24.323517,4
4044,66000,387130000C,(04)23274275,(04)23288582,2025,5,11,11,26,臺中市,太平區,0,0,0,5,,,80,,,,,,,,,,,,,,13,,,,,B03,,,1,,1,,,85,85,1,12,4,120.712377,24.145052,3
4045,66000,387130000C,(04)23274275,(04)23288582,2025,5,11,11,30,臺中市,北區,0,0,0,7,,,50,,,,,,,,,,,,,,15,,,,,C03,,,1,,1,,,15,15,1,12,4,120.666526,24.160605,3
4046,66000,387130000C,(04)23274275,(04)23288582,2025,5,11,11,30,臺中市,東區,0,0,0,5,,,50,,,,,,,,,,,,,,12,,,,,B03,,,1,,2,,,51,51,1,12,4,120.686304,24.144485,3
4047,66000,387130000C,(04)23274275,(04)23288582,2025,5,11,11,30,臺中市,后里區,0,1,0,5,2,6,50,3,1,1,4,4,6,6,4,4,10,5,5,2,18,2,9,1,1,C03,7,9,1,10,2,11,,59,59,1,12,4,120.699437,24.327109,2
4048,66000,387130000C,(04)23274275,(04)23288582,2025,5,11,11,30,臺中市,神岡區,0,0,0,5,,,60,,,,,,,,,,,,,,13,,,,,B03,,,1,,1,,,59,59,1,12,4,120.685357,24.246846,4
4049,66000,387130000C,(04)23274275,(04)23288582,2025,5,11,11,30,臺中市,豐原區,0,1,0,5,2,6,50,13,9,1,4,4,6,6,4,4,5,5,5,2,17,2,4,5,4,C03,7,11,1,10,2,14,,45,45,1,12,4,120.714472,24.249588,2
4050,66000,387130000C,(04)23274275,(04)23288582,2025,5,11,11,35,臺中市,北區,0,0,0,7,,,50,,,,,,,,,,,,,,17,,,,,B03,,,1,,9,,,8,8,1,13,4,120.673615,24.173836,3
4051,66000,387130000C,(04)23274275,(04)23288582,2025,5,11,11,35,臺中市,大里區,0,1,0,5,2,6,50,4,1,1,4,4,6,6,1,1,5,5,4,2,16,3,10,3,1,B03,7,6,1,8,2,2,,11,11,1,13,4,120.688661,24.110162,2
4052,66000,387130000C,(04)23274275,(04)23288582,2025,5,11,11,37,臺中市,豐原區,0,0,0,5,,,50,,,,,,,,,,,,,,12,,,,,B03,,,3,,2,,,35,35,1,12,4,120.728542,24.251376,3
4053,66000,387130000C,(04)23274275,(04)23288582,2025,5,11,11,47,臺中市,北區,0,2,0,5,2,6,50,4,1,1,4,4,6,6,1,1,10,5,5,2,17,2,9,5,4,C03,7,9,1,10,2,11,,84,84,1,12,4,120.68616,24.146227,2
4054,66000,387130000C,(04)23274275,(04)23288582,2025,5,11,11,47,臺中市,豐原區,0,0,0,7,,,30,,,,,,,,,,,,,,14,,,,,B03,,,1,,2,,,49,49,1,12,4,120.733073,24.237065,3
4055,66000,387130000C,(04)23274275,(04)23288582,2025,5,11,11,49,臺中市,大里區,0,1,0,5,3,6,50,4,1,1,4,4,6,6,2,1,3,4,5,1,16,3,10,5,4,B03,7,5,1,8,2,2,,11,11,1,13,4,120.679898,24.109349,2
4056,66000,387130000C,(04)23274275,(04)23288582,2025,5,11,11,52,臺中市,西屯區,0,1,0,7,1,6,50,3,1,1,4,4,6,6,3,1,10,5,5,2,16,3,10,3,1,B03,7,6,1,8,2,8,,6,6,1,12,4,120.6397,24.176888,2
4057,66000,387130000C,(04)23274275,(04)23288582,2025,5,11,11,55,臺中市,霧峰區,0,0,0,5,,,50,,,,,,,,,,,,,,14,,,,,B03,,,1,,1,,,50,50,1,12,4,120.698269,24.070293,3
4058,66000,387130000C,(04)23274275,(04)23288582,2025,5,11,12,3,臺中市,豐原區,0,0,0,5,,,50,,,,,,,,,,,,,,14,,,,,B02,,,1,,9,,,49,49,2,13,4,120.70606,24.242898,3
4059,66000,387130000C,(04)23274275,(04)23288582,2025,5,11,12,4,臺中市,北區,0,1,0,5,2,6,50,13,9,1,4,4,6,6,2,1,8,3,5,2,17,2,9,1,1,C04,7,9,1,10,1,11,,84,84,1,13,4,120.676326,24.160416,2
4060,66000,387130000C,(04)23274275,(04)23288582,2025,5,11,12,16,臺中市,南屯區,0,1,0,5,2,6,50,13,9,1,4,4,6,6,4,4,5,5,5,2,12,3,10,3,1,B03,7,9,1,8,9,5,,8,8,1,12,4,120.647029,24.155607,2
4061,66000,387130000C,(04)23274275,(04)23288582,2025,5,11,12,17,臺中市,北屯區,0,0,0,5,,,50,,,,,,,,,,,,,,,,,,,B03,,,1,,1,,,7,7,1,13,4,120.78245,24.2025,3
4062,66000,387130000C,(04)23274275,(04)23288582,2025,5,11,12,18,臺中市,沙鹿區,0,0,0,5,,,30,,,,,,,,,,,,,,,,,,,B03,,,1,,1,,,49,49,1,6,4,120.566419,24.240167,3
4063,66000,387130000C,(04)23274275,(04)23288582,2025,5,11,12,20,臺中市,豐原區,0,0,0,5,,,50,,,,,,,,,,,,,,13,,,,,B01,,,1,,2,,,84,84,1,12,4,120.73308,24.246793,3
4064,66000,387130000C,(04)23274275,(04)23288582,2025,5,11,12,22,臺中市,西屯區,0,1,0,5,3,6,50,3,1,1,4,4,6,6,2,1,10,5,5,2,17,3,10,3,1,B03,7,6,1,8,2,5,,87,87,1,13,4,120.646886,24.15706,2
4065,66000,387130000C,(04)23274275,(04)23288582,2025,5,11,12,25,臺中市,南屯區,0,1,0,5,1,6,50,3,1,1,4,4,6,6,2,1,10,5,5,2,17,3,10,3,1,B12,7,11,1,8,2,5,,45,45,1,6,4,120.610517,24.144119,2
4066,66000,387130000C,(04)23274275,(04)23288582,2025,5,11,12,29,臺中市,西屯區,0,0,0,5,,,50,,,,,,,,,,,,,,13,,,,,C03,,,2,,1,,,59,59,1,12,4,120.637529,24.180957,3
4067,66000,387130000C,(04)23274275,(04)23288582,2025,5,11,12,30,臺中市,西屯區,0,1,0,5,2,6,40,13,8,1,4,4,6,6,4,4,1,4,1,2,16,3,10,5,4,B03,7,7,1,8,2,6,,40,40,1,13,4,120.657215,24.15916,2
4068,66000,387130000C,(04)23274275,(04)23288582,2025,5,11,12,34,臺中市,龍井區,0,1,0,5,3,6,50,3,1,1,4,4,6,6,4,4,10,5,5,2,17,3,10,3,1,B03,7,5,1,8,2,6,,20,20,1,12,4,120.54902,24.21166,2
4069,66000,387130000C,(04)23274275,(04)23288582,2025,5,11,12,35,臺中市,太平區,0,2,0,5,2,6,50,13,7,1,4,4,6,6,2,1,1,2,4,2,17,3,10,3,1,B03,7,8,1,8,2,16,,35,35,1,6,4,120.715286,24.151634,2
4070,66000,387130000C,(04)23274275,(04)23288582,2025,5,11,12,37,臺中市,北區,0,0,0,5,,,50,,,,,,,,,,,,,,17,,,,,B03,,,1,,1,,,40,40,1,13,4,120.671339,24.163045,3
4071,66000,387130000C,(04)23274275,(04)23288582,2025,5,11,12,39,臺中市,南區,0,0,0,5,,,50,,,,,,,,,,,,,,17,,,,,C03,,,1,,9,,,50,50,1,6,4,120.674679,24.126059,3
4072,66000,387130000C,(04)23274275,(04)23288582,2025,5,11,12,43,臺中市,北區,0,0,0,7,,,50,,,,,,,,,,,,,,13,,,,,B03,,,1,,2,,,59,59,1,12,4,120.682472,24.152537,3
4073,66000,387130000C,(04)23274275,(04)23288582,2025,5,11,12,43,臺中市,太平區,0,0,0,5,,,50,,,,,,,,,,,,,,,,,,,B03,,,1,,2,,,8,8,1,12,4,120.720903,24.120457,3
4074,66000,387130000C,(04)23274275,(04)23288582,2025,5,11,12,45,臺中市,南屯區,0,0,0,5,,,50,,,,,,,,,,,,,,17,,,,,B03,,,1,,2,,,40,40,1,6,4,120.649607,24.136605,3
4075,66000,387130000C,(04)23274275,(04)23288582,2025,5,11,12,46,臺中市,大雅區,0,0,0,6,,,0,,,,,,,,,,,,,,,,,,,B03,,,1,,2,,,45,45,1,12,4,120.657971,24.244317,3
4076,66000,387130000C,(04)23274275,(04)23288582,2025,5,11,12,46,臺中市,南屯區,0,1,0,5,3,6,50,13,9,1,4,4,6,6,4,4,9,5,5,2,17,3,10,5,4,B03,7,1,1,8,2,5,,51,51,1,6,4,120.638075,24.145191,2
4077,66000,387130000C,(04)23274275,(04)23288582,2025,5,11,12,50,臺中市,沙鹿區,0,0,0,5,,,50,,,,,,,,,,,,,,,,,,,B02,,,1,,2,,,50,50,1,12,4,120.579101,24.220167,3
4078,66000,387130000C,(04)23274275,(04)23288582,2025,5,11,12,54,臺中市,大里區,0,1,0,5,2,6,50,4,1,1,4,4,6,6,1,1,1,2,1,1,17,3,10,3,1,B03,7,15,1,8,2,16,,20,20,1,13,4,120.688005,24.094615,2
4079,66000,387130000C,(04)23274275,(04)23288582,2025,5,11,12,58,臺中市,南區,0,0,0,5,,,50,,,,,,,,,,,,,,17,,,,,B03,,,1,,1,,,50,50,1,6,4,120.679544,24.122648,3
4080,66000,387130000C,(04)23274275,(04)23288582,2025,5,11,13,0,臺中市,南區,0,1,0,5,3,6,50,4,2,1,4,4,6,6,2,1,10,5,5,2,18,2,9,2,1,C03,7,9,1,10,2,12,,82,82,1,13,4,120.670193,24.114483,2
4081,66000,387130000C,(04)23274275,(04)23288582,2025,5,11,13,8,臺中市,南屯區,0,0,0,5,,,50,,,,,,,,,,,,,,,,,,,B03,,,1,,1,,,40,40,1,13,4,120.646099,24.154107,3
4082,66000,387130000C,(04)23274275,(04)23288582,2025,5,11,13,14,臺中市,東區,0,2,0,5,2,6,40,3,1,1,4,4,6,6,2,1,10,5,5,2,16,2,9,1,1,C03,7,5,1,10,2,12,,11,11,1,12,4,120.690367,24.12465,2
4083,66000,387130000C,(04)23274275,(04)23288582,2025,5,11,13,15,臺中市,北區,0,0,0,5,,,40,,,,,,,,,,,,,,17,,,,,A04,,,1,,2,,,51,51,1,12,4,120.684322,24.153928,3
4084,66000,387130000C,(04)23274275,(04)23288582,2025,5,11,13,19,臺中市,西屯區,0,0,0,5,,,50,,,,,,,,,,,,,,13,,,,,C03,,,1,,2,,,58,58,1,13,4,120.650747,24.175905,3
4085,66000,387130000C,(04)23274275,(04)23288582,2025,5,11,13,20,臺中市,沙鹿區,0,1,0,5,2,6,50,3,1,1,4,4,6,6,4,4,5,5,5,1,16,3,10,3,1,A12,7,5,1,2,2,2,,47,47,1,6,4,120.556884,24.23302,2
4086,66000,387130000C,(04)23274275,(04)23288582,2025,5,11,13,21,臺中市,烏日區,0,0,0,6,2,6,50,13,8,1,4,4,6,6,4,4,9,4,4,2,17,,,,,,,,,,,,,86,86,1,6,,120.641815,24.106964,3
4087,66000,387130000C,(04)23274275,(04)23288582,2025,5,11,13,22,臺中市,中區,0,0,0,5,,,50,,,,,,,,,,,,,,18,,,,,C03,,,1,,2,,,84,84,1,12,4,120.681402,24.139358,4
4088,66000,387130000C,(04)23274275,(04)23288582,2025,5,11,13,26,臺中市,潭子區,0,1,0,5,2,6,50,3,1,1,4,4,6,6,3,1,10,5,5,2,17,3,10,3,1,B03,7,6,1,8,2,16,,24,24,1,12,4,120.707179,24.210329,2
4089,66000,387130000C,(04)23274275,(04)23288582,2025,5,11,13,30,臺中市,西屯區,0,1,0,5,2,6,50,4,1,1,4,4,6,6,2,1,4,3,5,2,15,2,8,5,4,C03,7,9,3,19,2,12,,21,21,1,13,4,120.629336,24.183726,2
4090,66000,387130000C,(04)23274275,(04)23288582,2025,5,11,13,34,臺中市,西屯區,0,0,0,5,,,50,,,,,,,,,,,,,,16,,,,,B03,,,1,,1,,,11,11,1,12,4,120.658301,24.192684,3
4091,66000,387130000C,(04)23274275,(04)23288582,2025,5,11,13,37,臺中市,大甲區,0,0,0,5,,,60,,,,,,,,,,,,,,13,,,,,B02,,,1,,1,,,7,7,1,6,4,120.61799,24.341658,3
4092,66000,387130000C,(04)23274275,(04)23288582,2025,5,11,13,41,臺中市,豐原區,0,2,0,5,3,6,50,18,24,1,4,4,6,6,4,4,5,5,4,2,17,2,9,1,4,C03,7,15,1,10,2,12,,40,40,1,12,4,120.745454,24.263496,2
4093,66000,387130000C,(04)23274275,(04)23288582,2025,5,11,13,46,臺中市,北屯區,0,0,0,5,,,50,,,,,,,,,,,,,,17,,,,,B03,,,1,,11,,,59,59,1,12,4,120.695285,24.173646,3
4094,66000,387130000C,(04)23274275,(04)23288582,2025,5,11,13,50,臺中市,北區,0,1,0,5,2,6,50,3,1,1,4,4,6,6,4,4,10,5,5,2,18,2,9,1,1,C04,7,9,1,10,2,14,,59,59,1,12,4,120.688697,24.152433,2
4095,66000,387130000C,(04)23274275,(04)23288582,2025,5,11,13,53,臺中市,北區,0,1,0,5,2,6,50,13,9,1,4,4,6,6,4,4,5,4,5,2,18,2,9,5,4,C03,7,9,1,10,2,14,,84,84,1,12,4,120.687238,24.149101,2
4096,66000,387130000C,(04)23274275,(04)23288582,2025,5,11,13,54,臺中市,北區,0,1,0,5,3,6,50,4,1,1,4,4,6,6,1,1,10,5,5,2,16,2,9,1,1,C03,7,6,1,10,2,11,,11,11,1,12,4,120.663487,24.163021,2
4097,66000,387130000C,(04)23274275,(04)23288582,2025,5,11,13,54,臺中市,大甲區,0,0,0,5,,,60,,,,,,,,,,,,,,,,,,,B03,,,1,,2,,,84,84,1,6,4,120.617532,24.339414,3
4098,66000,387130000C,(04)23274275,(04)23288582,2025,5,11,14,4,臺中市,烏日區,0,0,0,5,,,30,,,,,,,,,,,,,,15,,,,,B03,,,1,,2,,,15,15,1,6,4,120.647357,24.055254,3
4099,66000,387130000C,(04)23274275,(04)23288582,2025,5,11,14,15,臺中市,中區,0,1,0,5,2,6,50,4,1,1,4,4,6,6,2,1,10,5,5,2,18,2,9,1,1,C03,7,9,1,10,2,16,,43,43,1,6,4,120.681402,24.139358,2
4100,66000,387130000C,(04)23274275,(04)23288582,2025,5,11,14,17,臺中市,太平區,0,1,0,5,3,6,50,13,9,1,4,4,6,6,4,4,5,5,4,2,17,2,8,2,1,C03,7,9,1,10,2,11,,84,84,1,12,4,120.712963,24.150006,2
4101,66000,387130000C,(04)23274275,(04)23288582,2025,5,11,14,20,臺中市,南屯區,0,0,0,5,,,50,,,,,,,,,,,,,,,,,,,B03,,,1,,2,,,59,59,1,12,4,120.630811,24.144949,3
4102,66000,387130000C,(04)23274275,(04)23288582,2025,5,11,14,21,臺中市,西屯區,0,0,0,5,,,0,,,,,,,,,,,,,,14,,,,,B03,,,1,,2,,,49,49,1,13,4,120.61946,24.177198,3
4103,66000,387130000C,(04)23274275,(04)23288582,2025,5,11,14,22,臺中市,西屯區,0,1,0,5,3,6,50,13,9,1,4,4,6,6,4,4,5,4,5,2,17,2,9,1,1,C03,7,9,3,19,2,11,,59,59,1,13,4,120.613815,24.174574,2
4104,66000,387130000C,(04)23274275,(04)23288582,2025,5,11,14,30,臺中市,北屯區,0,0,0,5,,,30,,,,,,,,,,,,,,14,,,,,B01,,,1,,9,,,49,49,1,6,4,120.663402,24.184714,3
4105,66000,387130000C,(04)23274275,(04)23288582,2025,5,11,14,35,臺中市,南屯區,0,0,0,5,3,6,50,13,7,1,4,4,6,6,4,4,5,5,4,2,14,,,,,B03,,,1,,1,,,49,49,1,12,4,120.648682,24.13331,3
4106,66000,387130000C,(04)23274275,(04)23288582,2025,5,11,14,37,臺中市,南屯區,0,0,0,5,,,40,,,,,,,,,,,,,,13,,,,,B03,,,1,,1,,,58,58,1,12,4,120.623399,24.135649,3
4107,66000,387130000C,(04)23274275,(04)23288582,2025,5,11,14,38,臺中市,潭子區,0,1,0,5,3,6,50,3,1,1,4,4,6,6,4,4,5,5,4,2,18,2,9,2,1,C03,7,9,1,10,9,14,,84,84,1,6,4,120.690807,24.215454,2
4108,66000,387130000C,(04)23274275,(04)23288582,2025,5,11,14,38,臺中市,東區,0,2,0,5,3,6,50,13,9,1,4,4,6,6,4,4,10,5,5,2,17,3,10,3,1,B03,7,15,1,8,2,2,,76,76,1,13,4,120.692119,24.134742,2
4109,66000,387130000C,(04)23274275,(04)23288582,2025,5,11,14,38,臺中市,北屯區,0,0,0,5,,,50,,,,,,,,,,,,,,,,,,,B03,,,1,,1,,,8,8,1,12,4,120.729753,24.173374,3
4110,66000,387130000C,(04)23274275,(04)23288582,2025,5,11,14,40,臺中市,東區,0,0,0,5,,,,,,,,,,,,,,,,,17,,,,,,,,,,,,,119,119,1,,,120.704363,24.136281,3
4111,66000,387130000C,(04)23274275,(04)23288582,2025,5,11,14,44,臺中市,大里區,0,0,0,5,,,50,,,,,,,,,,,,,,14,,,,,B03,,,1,,2,,,49,49,1,13,4,120.687193,24.115383,3
4112,66000,387130000C,(04)23274275,(04)23288582,2025,5,11,14,45,臺中市,北屯區,0,1,0,5,3,6,40,13,8,1,4,4,6,6,3,1,1,2,4,2,18,2,9,2,1,C03,7,9,1,10,2,14,,84,84,1,12,4,120.722022,24.161914,2
4113,66000,387130000C,(04)23274275,(04)23288582,2025,5,11,14,51,臺中市,烏日區,0,0,0,7,2,6,40,3,9,1,4,4,6,6,1,1,10,5,5,2,25,3,10,3,1,B03,7,15,1,8,2,2,,84,84,1,6,4,120.607919,24.117974,3
4114,66000,387130000C,(04)23274275,(04)23288582,2025,5,11,14,53,臺中市,南屯區,0,0,0,5,,,50,,,,,,,,,,,,,,,,,,,B12,,,1,,2,,,8,8,1,13,4,120.637201,24.15156,3
4115,66000,387130000C,(04)23274275,(04)23288582,2025,5,11,14,53,臺中市,西屯區,0,1,0,5,2,6,50,13,9,1,4,4,6,6,1,1,1,4,5,2,18,2,9,1,1,C03,7,9,1,10,2,14,,59,59,1,12,4,120.647101,24.168925,2
4116,66000,387130000C,(04)23274275,(04)23288582,2025,5,11,14,55,臺中市,北屯區,0,1,0,5,2,6,50,13,9,1,4,4,6,6,4,4,1,4,5,2,18,2,8,2,1,C03,7,9,1,10,2,16,,85,85,1,12,4,120.68753,24.172194,2
4117,66000,387130000C,(04)23274275,(04)23288582,2025,5,11,14,55,臺中市,西屯區,0,0,0,5,,,40,,,,,,,,,,,,,,12,,,,,C03,,,1,,9,,,8,8,1,12,4,120.644526,24.164305,3
4118,66000,387130000C,(04)23274275,(04)23288582,2025,5,11,14,56,臺中市,梧棲區,0,1,0,5,2,6,50,4,1,1,4,4,6,6,3,2,10,5,5,2,15,2,9,1,1,C03,7,9,1,10,2,11,,24,24,1,12,4,120.547667,24.260752,2
4119,66000,387130000C,(04)23274275,(04)23288582,2025,5,11,14,58,臺中市,潭子區,0,0,0,5,,,50,,,,,,,,,,,,,,,,,,,B03,,,1,,2,,,50,50,1,13,4,120.706828,24.214318,3
4120,66000,387130000C,(04)23274275,(04)23288582,2025,5,11,15,1,臺中市,豐原區,0,0,0,5,,,30,,,,,,,,,,,,,,20,,,,,B03,,,1,,2,,,88,88,1,12,4,120.756035,24.232079,3
4121,66000,387130000C,(04)23274275,(04)23288582,2025,5,11,15,3,臺中市,北屯區,0,0,0,5,,,40,,,,,,,,,,,,,,14,,,,,A12,,,1,,1,,,49,49,1,6,4,120.680427,24.201099,3
4122,66000,387130000C,(04)23274275,(04)23288582,2025,5,11,15,11,臺中市,大里區,0,1,0,5,2,6,50,4,9,1,4,4,6,6,1,1,9,4,5,1,12,2,8,1,1,C03,7,9,1,10,2,14,,26,26,1,12,4,120.687788,24.094146,2
4123,66000,387130000C,(04)23274275,(04)23288582,2025,5,11,15,17,臺中市,北屯區,0,0,0,5,,,50,,,,,,,,,,,,,,,,,,,B03,,,1,,2,,,49,49,1,13,4,120.689941,24.171458,3
4124,66000,387130000C,(04)23274275,(04)23288582,2025,5,11,15,19,臺中市,豐原區,0,0,0,5,,,30,,,,,,,,,,,,,,14,,,,,B03,,,1,,2,,,49,49,1,13,4,120.722662,24.253946,3
4125,66000,387130000C,(04)23274275,(04)23288582,2025,5,11,15,21,臺中市,南區,0,0,0,5,,,50,,,,,,,,,,,,,,11,,,,,B01,,,1,,2,,,84,84,1,12,4,120.668056,24.115328,3
4126,66000,387130000C,(04)23274275,(04)23288582,2025,5,11,15,22,臺中市,南屯區,0,0,0,5,,,50,,,,,,,,,,,,,,,,,,,B03,,,1,,1,,,7,7,1,12,4,120.62512,24.149,3
4127,66000,387130000C,(04)23274275,(04)23288582,2025,5,11,15,23,臺中市,西屯區,0,0,0,7,,,30,,,,,,,,,,,,,,,,,,,B03,,,1,,2,,,49,49,1,13,4,120.61729,24.179715,3
4128,66000,387130000C,(04)23274275,(04)23288582,2025,5,11,15,23,臺中市,大里區,0,0,0,5,,,50,,,,,,,,,,,,,,13,,,,,C03,,,3,,1,,,7,7,1,12,4,120.699936,24.085384,3
4129,66000,387130000C,(04)23274275,(04)23288582,2025,5,11,15,28,臺中市,西屯區,0,0,0,5,,,50,,,,,,,,,,,,,,,,,,,C03,,,1,,1,,,7,7,1,12,4,120.636528,24.170784,3
4130,66000,387130000C,(04)23274275,(04)23288582,2025,5,11,15,30,臺中市,后里區,0,0,0,5,2,6,50,13,14,1,4,4,6,6,4,4,9,5,5,1,17,3,10,3,1,B03,7,3,1,8,1,2,,50,50,1,12,4,120.71755,24.308903,3
4131,66000,387130000C,(04)23274275,(04)23288582,2025,5,11,15,31,臺中市,豐原區,0,1,0,5,2,6,30,11,9,1,4,4,6,6,4,4,10,5,5,1,18,2,9,1,1,C03,7,9,1,10,2,16,,84,84,1,12,4,120.729672,24.267835,2
4132,66000,387130000C,(04)23274275,(04)23288582,2025,5,11,15,40,臺中市,南屯區,0,2,0,5,3,6,50,3,1,1,4,4,6,6,4,4,5,4,5,2,16,3,10,3,1,B03,7,6,1,8,2,8,,12,12,1,12,4,120.634977,24.136346,2
4133,66000,387130000C,(04)23274275,(04)23288582,2025,5,11,15,43,臺中市,北屯區,0,0,0,5,,,50,,,,,,,,,,,,,,13,,,,,B03,,,1,,2,,,7,7,1,6,4,120.699475,24.175466,3
4134,66000,387130000C,(04)23274275,(04)23288582,2025,5,11,15,43,臺中市,大里區,0,0,0,5,,,50,,,,,,,,,,,,,,16,,,,,B03,,,1,,2,,,11,11,1,6,4,120.686155,24.115283,3
4135,66000,387130000C,(04)23274275,(04)23288582,2025,5,11,15,43,臺中市,大甲區,0,0,0,5,,,50,,,,,,,,,,,,,,,,,,,B03,,,1,,1,,,59,59,1,6,4,120.632358,24.345729,3
4136,66000,387130000C,(04)23274275,(04)23288582,2025,5,11,15,46,臺中市,大里區,0,1,0,5,2,6,50,4,9,1,4,4,6,6,1,1,9,4,5,1,17,2,9,2,1,C03,7,9,1,10,2,11,,84,84,1,12,4,120.682219,24.10052,2
4137,66000,387130000C,(04)23274275,(04)23288582,2025,5,11,15,47,臺中市,東區,0,0,0,5,,,30,,,,,,,,,,,,,,18,,,,,C03,,,1,,2,,,84,84,1,12,4,120.686314,24.143612,3
4138,66000,387130000C,(04)23274275,(04)23288582,2025,5,11,15,48,臺中市,西屯區,0,1,0,5,2,6,50,13,9,1,4,4,6,6,4,4,5,4,5,2,13,3,10,5,4,B03,7,9,1,8,2,1,,7,7,1,12,4,120.621921,24.186405,2
4139,66000,387130000C,(04)23274275,(04)23288582,2025,5,11,15,50,臺中市,大里區,0,2,0,5,2,6,30,3,1,1,4,4,6,6,4,4,10,5,5,2,17,3,10,5,4,B03,7,2,1,8,2,8,,49,49,1,12,4,120.7053,24.085337,2
4140,66000,387130000C,(04)23274275,(04)23288582,2025,5,11,15,57,臺中市,北屯區,0,0,0,5,,,50,,,,,,,,,,,,,,13,,,,,B12,,,1,,2,,,7,7,1,12,4,120.689217,24.200853,3
4141,66000,387130000C,(04)23274275,(04)23288582,2025,5,11,15,58,臺中市,太平區,0,1,0,5,2,6,50,11,9,1,4,4,6,6,4,4,5,5,5,1,17,2,9,1,1,F03,7,9,7,21,2,11,,84,84,1,12,4,120.707081,24.119221,2
4142,66000,387130000C,(04)23274275,(04)23288582,2025,5,11,16,5,臺中市,西屯區,0,1,0,5,2,6,50,13,9,1,4,4,6,6,4,4,5,4,5,2,3,2,8,6,5,H01,8,16,7,21,10,17,,95,95,1,13,5,120.620556,24.187008,2
4143,66000,387130000C,(04)23274275,(04)23288582,2025,5,11,16,15,臺中市,南屯區,0,1,0,5,3,6,50,13,9,1,4,4,6,6,4,4,9,5,5,2,17,2,9,2,1,C03,7,9,1,10,2,12,,84,84,1,12,4,120.636946,24.140682,2
4144,66000,387130000C,(04)23274275,(04)23288582,2025,5,11,16,16,臺中市,北屯區,0,1,0,5,2,6,50,4,1,1,4,4,6,6,1,1,10,5,5,2,16,3,10,3,1,B03,7,5,1,8,2,5,,20,20,1,6,4,120.709555,24.174525,2
4145,66000,387130000C,(04)23274275,(04)23288582,2025,5,11,16,20,臺中市,沙鹿區,0,0,0,5,,,50,,,,,,,,,,,,,,,,,,,B03,,,1,,2,,,76,76,1,12,4,120.559211,24.235605,3
4146,66000,387130000C,(04)23274275,(04)23288582,2025,5,11,16,21,臺中市,霧峰區,0,1,0,5,2,6,40,13,8,1,4,4,6,6,4,4,1,4,4,1,26,2,9,5,4,C03,7,9,1,10,2,11,,84,84,1,13,4,120.662925,24.058553,2
4147,66000,387130000C,(04)23274275,(04)23288582,2025,5,11,16,30,臺中市,豐原區,0,0,0,5,,,50,,,,,,,,,,,,,,12,,,,,A11,,,1,,2,,,51,51,1,6,4,120.719413,24.251709,4
4148,66000,387130000C,(04)23274275,(04)23288582,2025,5,11,16,32,臺中市,西區,0,0,0,5,,,50,,,,,,,,,,,,,,35,,,,,C03,,,1,10,1,,,84,84,1,13,4,120.653923,24.155644,3
4149,66000,387130000C,(04)23274275,(04)23288582,2025,5,11,16,38,臺中市,西屯區,0,1,0,5,3,6,30,13,9,1,4,4,6,6,4,4,10,5,5,2,18,2,9,2,1,C03,7,1,1,9,1,14,,84,84,1,12,4,120.646305,24.169979,2