序號,縣市別代碼,機關代碼,市話,傳真,年,月,日,時,分,縣市,區,死亡數量,受傷數量,2-30,天候,道路照明設備,道路類別,道路速限,道路型態,事故位置,路面鋪裝,路面狀態,路面缺陷,障礙物,視距,號誌種類,號誌動作,分向設施,快車道或一般車道間,快慢車道間,路面邊線,事故類型及型態,受傷程度,主要傷處,保護裝備,行動電話或功能裝置,當事者區分(類別),車輛用途,當事者行動狀態,駕照狀態,駕照種類,飲酒情形,車輛撞擊部位最初,車輛撞擊部位其他,肇事因素個別,肇事因素主要,肇事逃逸,職業,共享經濟或外送平台,GPS座標X,GPS座標Y,事故類別
4150,66000,387130000C,(04)23274275,(04)23288582,2025,5,11,16,38,臺中市,大里區,0,0,0,5,,,30,,,,,,,,,,,,,,17,,,,,B03,,,1,,2,,,8,8,1,6,4,120.695907,24.124213,3
4151,66000,387130000C,(04)23274275,(04)23288582,2025,5,11,16,39,臺中市,太平區,0,0,0,5,2,6,40,13,8,1,4,4,6,6,4,4,5,5,4,2,14,3,10,3,1,B03,7,2,1,8,2,6,,49,49,1,6,4,120.74995,24.123837,3
4152,66000,387130000C,(04)23274275,(04)23288582,2025,5,11,16,40,臺中市,北屯區,0,1,0,5,3,6,50,3,1,1,4,4,6,6,1,1,10,5,5,2,17,3,10,3,1,B03,7,6,1,8,2,4,,85,85,1,12,4,120.728991,24.16103,2
4153,66000,387130000C,(04)23274275,(04)23288582,2025,5,11,16,40,臺中市,清水區,0,0,0,5,,,30,,,,,,,,,,,,,,,,,,,B03,,,1,,1,,,49,49,1,12,4,120.568736,24.293407,3
4154,66000,387130000C,(04)23274275,(04)23288582,2025,5,11,16,42,臺中市,大里區,0,0,0,5,,,50,,,,,,,,,,,,,,12,,,,,C03,,,1,,2,,,84,84,1,12,2,120.696492,24.0961,3
4155,66000,387130000C,(04)23274275,(04)23288582,2025,5,11,16,45,臺中市,南區,0,0,0,5,,,50,,,,,,,,,,,,,,17,,,,,B03,,,1,,2,,,7,7,1,13,4,120.658307,24.128151,3
4156,66000,387130000C,(04)23274275,(04)23288582,2025,5,11,16,47,臺中市,龍井區,0,1,0,5,3,6,30,13,9,1,4,4,6,6,4,4,10,5,5,2,14,3,10,3,1,B03,7,2,1,8,2,7,,49,49,1,12,4,120.54943,24.213886,2
4157,66000,387130000C,(04)23274275,(04)23288582,2025,5,11,16,47,臺中市,豐原區,0,0,0,5,,,50,,,,,,,,,,,,,,,,,,,B03,,,1,,1,,,84,84,1,13,4,120.720368,24.258598,3
4158,66000,387130000C,(04)23274275,(04)23288582,2025,5,11,16,48,臺中市,烏日區,0,0,0,7,,,50,,,,,,,,,,,,,,13,,,,,B03,,,1,,1,,,7,7,1,6,4,120.631272,24.09958,3
4159,66000,387130000C,(04)23274275,(04)23288582,2025,5,11,16,50,臺中市,東區,0,0,0,5,,,50,,,,,,,,,,,,,,13,,,,,B03,,,1,,1,,,84,84,1,13,4,120.709363,24.140735,3
4160,66000,387130000C,(04)23274275,(04)23288582,2025,5,11,16,50,臺中市,北屯區,0,1,0,5,2,6,50,4,2,1,4,4,6,6,2,1,5,5,5,2,13,3,10,3,1,B03,7,9,1,8,2,1,,56,56,1,6,4,120.733697,24.159946,2
4161,66000,387130000C,(04)23274275,(04)23288582,2025,5,11,16,54,臺中市,西屯區,0,1,0,5,1,6,50,3,1,1,4,4,6,6,1,1,10,5,5,1,17,3,10,3,1,B03,7,8,1,8,9,16,,84,84,1,12,4,120.619026,24.187487,2
4162,66000,387130000C,(04)23274275,(04)23288582,2025,5,11,17,5,臺中市,西屯區,0,1,0,5,2,6,40,13,8,1,4,4,6,6,4,4,1,4,5,2,12,3,10,5,4,B02,7,8,1,8,2,4,8,40,40,1,13,4,120.640487,24.167844,2
4163,66000,387130000C,(04)23274275,(04)23288582,2025,5,11,17,6,臺中市,南區,0,0,0,5,,,30,,,,,,,,,,,,,,14,,,,,B03,,,1,,1,,,49,49,1,12,4,120.656245,24.114732,3
4164,66000,387130000C,(04)23274275,(04)23288582,2025,5,11,17,10,臺中市,大雅區,0,0,0,5,,,30,,,,,,,,,,,,,,,,,,,B03,,,1,,1,,,84,84,1,13,4,120.655243,24.217443,3
4165,66000,387130000C,(04)23274275,(04)23288582,2025,5,11,17,11,臺中市,太平區,0,0,0,5,,,50,,,,,,,,,,,,,,17,,,,,B03,,,1,,2,,,84,84,1,12,4,120.715461,24.147062,3
4166,66000,387130000C,(04)23274275,(04)23288582,2025,5,11,17,15,臺中市,大雅區,0,1,0,5,1,6,40,3,2,1,4,4,6,6,1,1,10,4,5,1,18,2,9,1,1,C03,7,9,1,10,2,14,,84,84,1,12,4,120.644819,24.226272,2
4167,66000,387130000C,(04)23274275,(04)23288582,2025,5,11,17,19,臺中市,北屯區,0,0,0,5,,,50,,,,,,,,,,,,,,,,,,,B03,,,1,,9,,,84,84,1,13,4,120.693334,24.198908,3
4168,66000,387130000C,(04)23274275,(04)23288582,2025,5,11,17,20,臺中市,霧峰區,0,1,0,5,2,6,50,4,1,1,4,4,6,6,1,1,10,5,5,2,17,3,10,5,4,B03,7,5,1,8,2,5,,11,11,1,13,4,120.695953,24.065768,2
4169,66000,387130000C,(04)23274275,(04)23288582,2025,5,11,17,21,臺中市,北區,0,1,0,5,2,6,50,3,1,1,4,4,6,6,4,4,5,4,4,2,17,3,10,3,1,B03,7,6,1,8,2,16,,14,14,1,12,4,120.669463,24.170018,2
4170,66000,387130000C,(04)23274275,(04)23288582,2025,5,11,17,21,臺中市,北區,0,2,0,7,2,6,50,4,2,1,4,4,6,6,4,4,5,5,5,2,17,2,9,5,1,B03,7,14,1,8,2,5,,76,76,1,13,4,120.669888,24.159058,2
4171,66000,387130000C,(04)23274275,(04)23288582,2025,5,11,17,22,臺中市,潭子區,0,0,0,6,,,50,,,,,,,,,,,,,,,,,,,B03,,,1,,2,,,8,8,1,13,4,120.701757,24.189568,3
4172,66000,387130000C,(04)23274275,(04)23288582,2025,5,11,17,22,臺中市,南區,0,0,0,5,,,50,,,,,,,,,,,,,,17,,,,,B03,,,1,,1,,,59,59,1,12,4,120.653409,24.110026,3
4173,66000,387130000C,(04)23274275,(04)23288582,2025,5,11,17,27,臺中市,南區,0,0,0,5,,,50,,,,,,,,,,,,,,16,,,,,B02,,,1,,2,,,11,11,1,13,4,120.669997,24.122365,3
4174,66000,387130000C,(04)23274275,(04)23288582,2025,5,11,17,27,臺中市,北屯區,0,0,0,5,,,60,,,,,,,,,,,,,,14,,,,,B03,,,1,,1,,,84,84,1,12,4,120.726868,24.161421,3
4175,66000,387130000C,(04)23274275,(04)23288582,2025,5,11,17,35,臺中市,北屯區,0,1,0,5,1,6,50,13,9,1,4,4,6,6,1,1,5,5,5,2,13,3,10,1,1,C03,7,9,1,10,2,11,,7,7,1,13,4,120.696514,24.179545,2
4176,66000,387130000C,(04)23274275,(04)23288582,2025,5,11,17,35,臺中市,豐原區,0,0,0,7,,,50,,,,,,,,,,,,,,13,,,,,B03,,,1,,2,,,84,84,1,13,4,120.730956,24.242388,3
4177,66000,387130000C,(04)23274275,(04)23288582,2025,5,11,17,36,臺中市,西屯區,0,1,0,7,2,6,50,4,1,1,4,4,6,6,1,1,5,4,5,2,18,2,9,2,1,C03,7,9,1,10,2,14,,84,84,1,12,4,120.637125,24.16838,2
4178,66000,387130000C,(04)23274275,(04)23288582,2025,5,11,17,42,臺中市,大里區,0,0,0,5,,,50,,,,,,,,,,,,,,13,,,,,B03,,,1,,2,,,7,7,1,13,4,120.689714,24.113417,3
4179,66000,387130000C,(04)23274275,(04)23288582,2025,5,11,17,43,臺中市,東區,0,0,0,5,,,50,,,,,,,,,,,,,,13,,,,,B03,,,1,,1,,,7,7,1,13,4,120.708405,24.135761,3
4180,66000,387130000C,(04)23274275,(04)23288582,2025,5,11,17,43,臺中市,西屯區,0,0,0,5,,,30,,,,,,,,,,,,,,12,,,,,C03,,,1,,9,,,8,8,1,12,4,120.645308,24.174109,3
4181,66000,387130000C,(04)23274275,(04)23288582,2025,5,11,17,44,臺中市,南屯區,0,0,0,5,,,50,,,,,,,,,,,,,,,,,,,B03,,,1,,1,,,7,7,1,13,4,120.643933,24.146889,3
4182,66000,387130000C,(04)23274275,(04)23288582,2025,5,11,18,0,臺中市,北屯區,0,0,0,5,,,50,,,,,,,,,,,,,,16,,,,,C03,,,1,,1,,,11,11,1,12,4,120.683413,24.171003,3
4183,66000,387130000C,(04)23274275,(04)23288582,2025,5,11,18,4,臺中市,南區,0,0,0,5,,,0,,,,,,,,,,,,,,17,,,,,,,,,,,,,119,119,1,,,120.656423,24.117964,3
4184,66000,387130000C,(04)23274275,(04)23288582,2025,5,11,18,4,臺中市,烏日區,0,0,0,7,2,6,60,13,9,1,4,4,6,6,1,1,1,4,5,1,13,3,10,1,1,C03,7,9,1,10,2,14,,7,7,1,6,4,120.624251,24.104213,3
4185,66000,387130000C,(04)23274275,(04)23288582,2025,5,11,18,10,臺中市,北屯區,0,1,0,5,1,6,50,3,1,1,4,4,6,6,1,1,10,5,5,2,18,2,8,1,1,C03,7,12,1,10,2,12,,82,82,1,6,4,120.704368,24.185076,2
4186,66000,387130000C,(04)23274275,(04)23288582,2025,5,11,18,18,臺中市,東區,0,1,0,5,1,6,50,4,2,1,4,4,6,6,1,1,10,5,5,2,13,3,10,5,4,B03,7,6,3,19,2,1,,84,84,1,12,4,120.690795,24.142812,2
4187,66000,387130000C,(04)23274275,(04)23288582,2025,5,11,18,30,臺中市,南屯區,0,0,0,5,,,50,,,,,,,,,,,,,,30,,,,,,,,,,,,,119,119,1,,,120.608847,24.133702,3
4188,66000,387130000C,(04)23274275,(04)23288582,2025,5,11,18,32,臺中市,大雅區,0,0,0,5,,,50,,,,,,,,,,,,,,,,,,,B01,,,1,,2,,,50,50,1,13,4,120.646194,24.225577,3
4189,66000,387130000C,(04)23274275,(04)23288582,2025,5,11,18,36,臺中市,南屯區,0,1,0,5,1,6,50,4,1,1,4,4,6,6,1,1,10,5,5,2,18,2,9,2,1,C03,7,9,1,10,2,14,,59,59,1,12,4,120.652971,24.140127,2
4190,66000,387130000C,(04)23274275,(04)23288582,2025,5,11,18,37,臺中市,西區,0,0,0,5,,,50,,,,,,,,,,,,,,9,,,,,F01,,,7,,1,,,84,84,1,12,4,120.672718,24.131587,3
4191,66000,387130000C,(04)23274275,(04)23288582,2025,5,11,18,38,臺中市,南屯區,0,1,0,5,2,6,50,13,9,1,4,4,6,6,1,1,5,5,5,2,17,3,10,3,1,B03,7,11,1,8,2,16,,45,45,1,12,4,120.651377,24.152325,2
4192,66000,387130000C,(04)23274275,(04)23288582,2025,5,11,18,40,臺中市,南區,0,0,0,5,,,50,,,,,,,,,,,,,,2,,,,,B01,,,1,,1,,,8,8,1,13,4,120.670112,24.114363,3
4193,66000,387130000C,(04)23274275,(04)23288582,2025,5,11,18,40,臺中市,南區,0,1,0,5,1,6,50,3,1,1,4,4,6,6,4,4,5,5,5,2,18,2,9,2,1,C03,7,9,1,10,2,12,,84,84,1,13,4,120.663978,24.115376,2
4194,66000,387130000C,(04)23274275,(04)23288582,2025,5,11,18,42,臺中市,石岡區,0,0,0,5,,,30,,,,,,,,,,,,,,,,,,,B02,,,1,,2,,,49,49,1,12,4,120.772586,24.278019,3
4195,66000,387130000C,(04)23274275,(04)23288582,2025,5,11,18,46,臺中市,大里區,0,1,0,7,1,6,80,13,7,1,5,4,6,6,4,4,2,3,5,1,13,3,10,5,4,A05,7,9,1,2,2,1,,7,7,1,12,4,120.68253,24.078382,2
4196,66000,387130000C,(04)23274275,(04)23288582,2025,5,11,18,54,臺中市,霧峰區,0,0,0,5,,,50,,,,,,,,,,,,,,17,,,,,C03,,,1,10,2,,,84,84,1,13,4,120.701336,24.067189,3
4197,66000,387130000C,(04)23274275,(04)23288582,2025,5,11,18,54,臺中市,豐原區,0,0,0,5,,,50,,,,,,,,,,,,,,17,,,,,B03,,,1,,2,,,51,51,1,12,4,120.722954,24.254248,3
4198,66000,387130000C,(04)23274275,(04)23288582,2025,5,11,19,0,臺中市,南區,0,0,0,5,,,50,,,,,,,,,,,,,,13,,,,,B03,,,1,,2,,,7,7,1,12,4,120.64641,24.110555,3
4199,66000,387130000C,(04)23274275,(04)23288582,2025,5,11,19,2,臺中市,南屯區,0,0,0,5,,,50,,,,,,,,,,,,,,14,,,,,B03,,,1,,1,,,49,49,1,6,4,120.651706,24.156057,3
4200,66000,387130000C,(04)23274275,(04)23288582,2025,5,11,19,12,臺中市,北區,0,0,0,5,,,50,,,,,,,,,,,,,,17,,,,,B03,,,7,,10,,,76,76,1,13,4,120.684755,24.155384,3
4201,66000,387130000C,(04)23274275,(04)23288582,2025,5,11,19,13,臺中市,西區,0,1,0,5,1,6,50,4,4,1,4,4,6,6,1,1,10,5,5,2,18,2,9,1,1,C03,7,12,1,10,2,16,,84,84,1,6,4,120.667369,24.140592,2
4202,66000,387130000C,(04)23274275,(04)23288582,2025,5,11,19,13,臺中市,北屯區,0,1,0,5,1,6,30,4,1,1,4,4,6,6,4,4,10,5,5,2,17,3,10,3,1,B01,7,12,1,4,2,16,,13,13,1,6,4,120.694538,24.17408,2
4203,66000,387130000C,(04)23274275,(04)23288582,2025,5,11,19,16,臺中市,北區,0,0,0,7,,,50,,,,,,,,,,,,,,13,,,,,B02,,,1,,1,,,59,59,1,12,4,120.67121,24.159379,3
4204,66000,387130000C,(04)23274275,(04)23288582,2025,5,11,19,18,臺中市,北屯區,0,1,0,5,1,6,50,4,1,1,4,4,6,6,2,1,10,5,5,2,29,2,9,1,1,C03,7,9,1,10,2,11,,43,43,1,6,4,120.700136,24.164975,2
4205,66000,387130000C,(04)23274275,(04)23288582,2025,5,11,19,18,臺中市,西屯區,0,0,0,5,,,50,,,,,,,,,,,,,,,,,,,B03,,,1,,2,,,59,59,1,12,4,120.664099,24.172612,3
4206,66000,387130000C,(04)23274275,(04)23288582,2025,5,11,19,19,臺中市,豐原區,0,0,0,5,,,40,,,,,,,,,,,,,,12,,,,,B03,,,1,,2,,,8,8,1,6,4,120.721024,24.239727,4
4207,66000,387130000C,(04)23274275,(04)23288582,2025,5,11,19,20,臺中市,南區,0,0,0,5,,,50,,,,,,,,,,,,,,14,,,,,B03,,,1,,2,,,49,49,1,13,4,120.66224,24.122571,3
4208,66000,387130000C,(04)23274275,(04)23288582,2025,5,11,19,21,臺中市,南屯區,0,0,0,5,,,50,,,,,,,,,,,,,,,,,,,C03,,,1,,1,,,84,84,1,12,4,120.643324,24.138243,3
4209,66000,387130000C,(04)23274275,(04)23288582,2025,5,11,19,27,臺中市,南屯區,0,2,0,5,1,6,50,4,1,1,4,4,6,6,4,4,10,5,5,2,15,2,9,2,1,C03,7,9,1,10,2,11,,13,13,1,12,4,120.647494,24.155458,2
4210,66000,387130000C,(04)23274275,(04)23288582,2025,5,11,19,27,臺中市,烏日區,0,0,0,5,1,6,50,13,9,1,4,4,6,6,4,4,5,5,5,2,12,3,10,3,1,B02,7,1,1,8,1,15,,85,85,1,6,4,120.597002,24.108524,3
4211,66000,387130000C,(04)23274275,(04)23288582,2025,5,11,19,28,臺中市,豐原區,0,0,0,5,,,30,,,,,,,,,,,,,,,,,,,B03,,,1,,2,,,84,84,1,13,4,120.70959,24.241345,3
4212,66000,387130000C,(04)23274275,(04)23288582,2025,5,11,19,31,臺中市,南區,0,0,0,7,,,50,,,,,,,,,,,,,,13,,,,,B03,,,1,,2,,,84,84,1,12,4,120.670065,24.111568,3
4213,66000,387130000C,(04)23274275,(04)23288582,2025,5,11,19,34,臺中市,北屯區,0,1,0,5,1,6,50,13,9,1,4,4,6,6,4,4,3,4,5,2,13,3,10,3,1,B03,7,9,3,19,9,1,,84,84,2,13,4,120.699861,24.182294,2
4214,66000,387130000C,(04)23274275,(04)23288582,2025,5,11,19,35,臺中市,西屯區,0,1,0,5,1,6,40,4,1,1,4,4,6,6,1,1,10,5,5,2,12,3,10,5,4,B01,7,7,1,4,2,5,,40,40,1,12,4,120.636235,24.182023,2
4215,66000,387130000C,(04)23274275,(04)23288582,2025,5,11,19,40,臺中市,大甲區,0,1,0,6,3,6,50,3,1,1,4,4,6,6,1,1,10,5,5,2,17,3,10,3,1,B03,7,11,1,8,2,16,,20,20,1,6,4,120.640032,24.363804,2
4216,66000,387130000C,(04)23274275,(04)23288582,2025,5,11,19,50,臺中市,沙鹿區,0,0,0,7,1,6,60,4,7,1,5,4,6,6,1,1,1,3,4,1,13,,,,,B03,,,1,,2,,,7,7,1,12,4,120.597878,24.250146,3
4217,66000,387130000C,(04)23274275,(04)23288582,2025,5,11,19,51,臺中市,北屯區,0,0,0,5,,,30,,,,,,,,,,,,,,,,,,,B03,,,1,,9,,,50,50,1,12,4,120.693139,24.164391,3
4218,66000,387130000C,(04)23274275,(04)23288582,2025,5,11,19,53,臺中市,烏日區,0,0,0,7,1,6,30,13,9,2,5,4,6,6,4,4,1,4,5,2,12,3,10,3,1,B03,7,1,1,8,2,4,,51,51,1,6,4,120.616487,24.11304,3
4219,66000,387130000C,(04)23274275,(04)23288582,2025,5,11,19,58,臺中市,梧棲區,0,0,0,5,,,60,,,,,,,,,,,,,,13,,,,,B03,,,1,,1,,,56,56,1,12,4,120.524765,24.223481,3
4220,66000,387130000C,(04)23274275,(04)23288582,2025,5,11,20,0,臺中市,大里區,0,2,0,5,1,6,50,4,2,1,4,4,6,6,1,1,5,5,5,1,16,2,8,1,1,C03,7,6,2,19,2,12,,11,11,1,12,4,120.71366,24.094267,2
4221,66000,387130000C,(04)23274275,(04)23288582,2025,5,11,20,6,臺中市,南區,0,0,0,5,,,50,,,,,,,,,,,,,,12,,,,,C03,,,1,,2,,,8,8,1,13,4,120.650118,24.120638,3
4222,66000,387130000C,(04)23274275,(04)23288582,2025,5,11,20,11,臺中市,南區,0,0,0,5,,,40,,,,,,,,,,,,,,12,,,,,B03,,,1,,2,,,8,8,1,12,4,120.675172,24.124121,3
4223,66000,387130000C,(04)23274275,(04)23288582,2025,5,11,20,13,臺中市,大里區,0,0,0,7,,,80,,,,,,,,,,,,,,13,,,,,B03,,,3,,2,,,7,7,1,12,4,120.68248,24.078679,3
4224,66000,387130000C,(04)23274275,(04)23288582,2025,5,11,20,16,臺中市,霧峰區,0,0,0,5,,,80,,,,,,,,,,,,,,17,,,,,B03,,,1,8,2,,,84,84,1,13,4,120.682725,24.077891,3
4225,66000,387130000C,(04)23274275,(04)23288582,2025,5,11,20,24,臺中市,大里區,0,1,0,5,1,6,50,3,2,1,4,4,6,6,1,1,5,5,4,1,17,2,9,1,1,C03,7,9,1,10,2,12,,84,84,1,12,4,120.729003,24.094405,2
4226,66000,387130000C,(04)23274275,(04)23288582,2025,5,11,20,25,臺中市,東區,0,1,0,6,3,9,50,13,9,1,4,4,6,6,4,4,9,5,5,2,18,2,9,5,4,C03,7,9,1,10,2,12,,84,84,1,12,4,120.693003,24.138741,2
4227,66000,387130000C,(04)23274275,(04)23288582,2025,5,11,20,27,臺中市,西屯區,0,1,0,5,1,6,50,3,1,1,4,4,6,6,1,1,10,5,5,1,18,2,9,2,1,C03,7,12,1,10,2,14,,59,59,1,12,4,120.633406,24.169896,2
4228,66000,387130000C,(04)23274275,(04)23288582,2025,5,11,20,33,臺中市,東區,0,1,0,6,1,6,50,3,1,1,4,4,6,6,2,1,5,5,4,2,3,3,10,3,1,B03,7,6,1,8,2,8,,10,10,1,13,4,120.694453,24.151108,2
4229,66000,387130000C,(04)23274275,(04)23288582,2025,5,11,20,35,臺中市,大里區,0,0,0,5,,,50,,,,,,,,,,,,,,,,,,,B03,,,1,,2,,,49,49,1,12,4,120.696918,24.103692,3
4230,66000,387130000C,(04)23274275,(04)23288582,2025,5,11,20,35,臺中市,太平區,0,0,0,7,1,6,50,,,,,,,,,,,,,,,,,,,B03,,,1,,2,1,,58,58,1,12,4,120.715942,24.133324,3
4231,66000,387130000C,(04)23274275,(04)23288582,2025,5,11,20,38,臺中市,和平區,0,0,0,5,,,50,,,,,,,,,,,,,,30,,,,,B12,,,1,,2,,,84,84,1,12,4,120.923154,24.327024,3
4232,66000,387130000C,(04)23274275,(04)23288582,2025,5,11,20,39,臺中市,北屯區,0,1,0,7,1,6,50,4,9,1,4,4,6,6,2,1,10,5,5,2,13,3,10,3,1,B03,7,9,1,8,2,1,,7,7,1,12,4,120.698241,24.172787,2
4233,66000,387130000C,(04)23274275,(04)23288582,2025,5,11,20,40,臺中市,中區,0,1,0,7,1,6,50,5,1,1,4,4,6,6,1,1,10,5,5,2,17,3,10,3,1,B03,7,5,1,8,2,16,,47,47,1,12,4,120.681739,24.14473,2
4234,66000,387130000C,(04)23274275,(04)23288582,2025,5,11,20,48,臺中市,東區,0,1,0,5,1,6,50,4,2,1,4,4,6,6,1,1,5,2,5,2,13,3,10,2,1,C03,7,9,1,10,2,11,,7,7,1,13,4,120.705875,24.137122,2
4235,66000,387130000C,(04)23274275,(04)23288582,2025,5,11,20,53,臺中市,南屯區,0,0,0,5,,,50,,,,,,,,,,,,,,13,,,,,B03,,,1,,2,,,84,84,1,12,4,120.628037,24.144933,3
4236,66000,387130000C,(04)23274275,(04)23288582,2025,5,11,20,54,臺中市,烏日區,0,0,0,6,,,,,,,,,,,,,,,,,,,,,,,,,,,,,,8,8,1,,,120.620235,24.113942,3
4237,66000,387130000C,(04)23274275,(04)23288582,2025,5,11,21,1,臺中市,豐原區,0,1,0,6,1,6,30,3,2,1,4,4,6,6,4,4,10,5,5,2,17,2,9,2,1,C03,7,9,1,10,2,16,,84,84,1,6,4,120.704968,24.252248,2
4238,66000,387130000C,(04)23274275,(04)23288582,2025,5,11,21,3,臺中市,南屯區,0,0,0,6,,,50,,,,,,,,,,,,,,17,,,,,B03,,,1,,9,,,50,50,2,6,4,120.633712,24.147543,3
4239,66000,387130000C,(04)23274275,(04)23288582,2025,5,11,21,3,臺中市,西屯區,0,0,0,5,,,50,,,,,,,,,,,,,,13,,,,,B03,,,1,,1,,,7,7,1,12,4,120.65071,24.166918,3
4240,66000,387130000C,(04)23274275,(04)23288582,2025,5,11,21,5,臺中市,大雅區,0,2,0,6,1,6,50,4,1,1,4,4,6,6,4,4,10,4,5,1,17,2,9,1,1,C03,7,9,1,10,2,12,,85,85,1,12,4,120.656028,24.228057,2
4241,66000,387130000C,(04)23274275,(04)23288582,2025,5,11,21,5,臺中市,西屯區,0,0,0,7,,,60,,,,,,,,,,,,,,12,,,,,B02,,,1,,1,,,39,39,1,13,4,120.628791,24.163085,3
4242,66000,387130000C,(04)23274275,(04)23288582,2025,5,11,21,8,臺中市,北屯區,0,0,0,5,,,80,,,,,,,,,,,,,,13,,,,,B13,,,1,,2,,,7,7,1,6,4,120.720789,24.172472,3
4243,66000,387130000C,(04)23274275,(04)23288582,2025,5,11,21,13,臺中市,北區,0,1,0,7,2,6,50,13,9,1,4,4,6,6,4,4,5,5,5,2,28,2,9,5,1,C03,7,9,1,10,2,11,,84,84,1,13,4,120.676359,24.164045,2
4244,66000,387130000C,(04)23274275,(04)23288582,2025,5,11,21,15,臺中市,清水區,0,0,0,7,1,6,30,3,2,1,5,4,6,6,4,,7,3,5,2,13,,,,,A22,,,1,,1,,,7,7,1,12,4,120.57326,24.262448,3
4245,66000,387130000C,(04)23274275,(04)23288582,2025,5,11,21,27,臺中市,北區,0,1,0,5,1,6,50,4,2,1,4,4,6,6,1,1,5,4,5,2,13,3,10,3,1,B03,7,9,1,8,2,1,,84,84,1,12,4,120.678085,24.149009,2
4246,66000,387130000C,(04)23274275,(04)23288582,2025,5,11,21,28,臺中市,大里區,0,1,0,5,1,6,50,13,9,1,4,4,6,6,4,4,9,4,5,2,30,2,9,2,1,C03,7,9,1,10,2,16,,84,84,1,11,4,120.685743,24.119247,2
4247,66000,387130000C,(04)23274275,(04)23288582,2025,5,11,21,32,臺中市,太平區,0,1,0,7,1,6,50,3,1,1,5,4,6,6,4,4,10,5,5,2,30,2,8,2,1,C03,7,5,1,10,9,12,,84,84,1,12,4,120.715266,24.1364,2
4248,66000,387130000C,(04)23274275,(04)23288582,2025,5,11,21,32,臺中市,龍井區,0,0,0,6,,,30,,,,,,,,,,,,,,7,,,,,B03,,,1,,2,,,50,50,1,12,4,120.530821,24.183306,3
4249,66000,387130000C,(04)23274275,(04)23288582,2025,5,11,21,35,臺中市,南屯區,0,1,0,7,2,6,50,13,9,1,4,4,6,6,4,4,5,4,5,2,17,2,9,4,1,F01,7,9,7,21,2,12,,59,59,1,12,1,120.648113,24.15258,2
4250,66000,387130000C,(04)23274275,(04)23288582,2025,5,11,21,51,臺中市,烏日區,0,0,0,6,1,6,30,13,9,2,5,4,6,6,4,4,5,4,5,2,12,3,10,3,1,B03,7,1,1,8,1,8,,51,51,1,6,4,120.61553,24.11295,3
4251,66000,387130000C,(04)23274275,(04)23288582,2025,5,11,21,54,臺中市,烏日區,0,0,0,6,,,30,,,,,,,,,,,,,,,,,,,B01,,,1,,1,,,40,40,1,6,4,120.616426,24.112477,3
4252,66000,387130000C,(04)23274275,(04)23288582,2025,5,11,21,55,臺中市,北屯區,0,0,0,7,,,40,,,,,,,,,,,,,,13,,,,,B03,,,1,,1,,,56,56,1,6,4,120.718997,24.161711,3
4253,66000,387130000C,(04)23274275,(04)23288582,2025,5,11,21,58,臺中市,龍井區,0,0,0,6,,,50,,,,,,,,,,,,,,11,,,,,B03,,,1,,9,,,8,8,1,6,4,120.566497,24.179432,3
4254,66000,387130000C,(04)23274275,(04)23288582,2025,5,11,21,59,臺中市,西屯區,0,1,0,5,1,6,40,5,1,1,4,4,6,6,1,1,10,5,5,1,12,2,9,6,1,F01,7,8,7,21,2,13,,43,43,1,12,1,120.668158,24.174602,2
4255,66000,387130000C,(04)23274275,(04)23288582,2025,5,11,22,10,臺中市,大里區,0,0,0,5,,,50,,,,,,,,,,,,,,,,,,,C03,,,1,,2,,,49,49,1,12,4,120.690259,24.108735,3
4256,66000,387130000C,(04)23274275,(04)23288582,2025,5,11,22,19,臺中市,潭子區,0,1,0,5,1,6,60,13,12,1,4,4,6,6,4,4,1,4,1,1,17,3,10,2,1,C03,7,1,1,10,9,16,,85,85,2,13,4,120.689182,24.220901,2
4257,66000,387130000C,(04)23274275,(04)23288582,2025,5,11,22,23,臺中市,大里區,0,1,0,6,1,6,50,13,9,1,4,4,6,6,3,1,1,5,5,1,16,3,10,3,1,B03,7,5,1,8,2,2,,47,47,1,6,4,120.680094,24.107557,2
4258,66000,387130000C,(04)23274275,(04)23288582,2025,5,11,22,31,臺中市,大雅區,0,0,0,5,1,6,30,13,9,1,4,4,3,6,4,4,10,5,5,2,17,,,,,B03,,,1,,2,,,8,8,1,13,4,120.645653,24.225279,3
4259,66000,387130000C,(04)23274275,(04)23288582,2025,5,11,23,0,臺中市,太平區,0,0,0,5,,,50,,,,,,,,,,,,,,14,,,,,B03,,,1,,2,,,49,49,1,13,4,120.721227,24.151594,3
4260,66000,387130000C,(04)23274275,(04)23288582,2025,5,11,23,8,臺中市,烏日區,0,0,0,5,,,30,,,,,,,,,,,,,,,,,,,B02,,,1,,2,,,8,8,1,6,4,120.616337,24.1123,3
4261,66000,387130000C,(04)23274275,(04)23288582,2025,5,11,23,14,臺中市,西屯區,0,3,0,5,1,6,30,4,1,1,4,4,6,6,4,4,10,5,5,2,15,2,9,5,4,C03,7,9,1,10,2,11,,15,15,1,13,4,120.643887,24.181684,2