序號,縣市別代碼,機關代碼,市話,傳真,年,月,日,時,分,縣市,區,死亡數量,受傷數量,2-30,天候,道路照明設備,道路類別,道路速限,道路型態,事故位置,路面鋪裝,路面狀態,路面缺陷,障礙物,視距,號誌種類,號誌動作,分向設施,快車道或一般車道間,快慢車道間,路面邊線,事故類型及型態,受傷程度,主要傷處,保護裝備,行動電話或功能裝置,當事者區分(類別),車輛用途,當事者行動狀態,駕照狀態,駕照種類,飲酒情形,車輛撞擊部位最初,車輛撞擊部位其他,肇事因素個別,肇事因素主要,肇事逃逸,職業,共享經濟或外送平台,GPS座標X,GPS座標Y,事故類別
4262,66000,387130000C,(04)23274275,(04)23288582,2025,5,11,23,30,臺中市,北屯區,0,0,0,5,,,50,,,,,,,,,,,,,,17,,,,,B03,,,1,,1,,,87,87,1,6,4,120.72778,24.171621,3
4263,66000,387130000C,(04)23274275,(04)23288582,2025,5,11,23,45,臺中市,南屯區,0,0,0,5,,,40,,,,,,,,,,,,,,13,,,,,B03,,,1,,1,,,59,59,1,6,4,120.623155,24.149939,3
4264,66000,387130000C,(04)23274275,(04)23288582,2025,5,11,23,45,臺中市,后里區,0,1,0,5,1,6,40,13,9,1,4,4,6,6,4,4,9,5,5,2,20,2,7,3,1,B03,7,15,1,8,1,2,,59,59,1,12,4,120.738671,24.298843,2
4265,66000,387130000C,(04)23274275,(04)23288582,2025,5,12,0,18,臺中市,大里區,0,0,0,7,,,50,,,,,,,,,,,,,,12,,,,,C03,,,1,,1,,,84,84,1,12,4,120.691144,24.091222,3
4266,66000,387130000C,(04)23274275,(04)23288582,2025,5,12,1,17,臺中市,大里區,0,0,0,7,,,50,,,,,,,,,,,,,,17,,,,,B12,,,1,,1,,,49,49,1,6,4,120.704113,24.086949,3
4267,66000,387130000C,(04)23274275,(04)23288582,2025,5,12,2,47,臺中市,北屯區,0,0,0,7,,,50,,,,,,,,,,,,,,,,,,,B03,,,1,,9,,,58,58,1,6,4,120.680588,24.174035,3
4268,66000,387130000C,(04)23274275,(04)23288582,2025,5,12,4,43,臺中市,西屯區,0,1,0,7,1,6,50,4,1,1,4,4,6,6,1,1,1,5,5,1,18,2,9,5,4,C03,7,9,1,10,2,14,,59,59,1,13,4,120.606463,24.192751,2
4269,66000,387130000C,(04)23274275,(04)23288582,2025,5,12,5,4,臺中市,北屯區,0,0,0,5,,,50,,,,,,,,,,,,,,17,,,,,B03,,,1,,1,,,45,45,1,6,4,120.692635,24.173711,3
4270,66000,387130000C,(04)23274275,(04)23288582,2025,5,12,5,6,臺中市,北屯區,0,0,0,6,,,50,,,,,,,,,,,,,,16,,,,,C03,,,1,,1,,,34,34,1,6,4,120.667341,24.178313,3
4271,66000,387130000C,(04)23274275,(04)23288582,2025,5,12,5,24,臺中市,北屯區,0,1,0,6,2,6,50,13,9,1,4,4,6,6,4,4,5,5,5,2,18,2,9,1,1,C03,7,9,1,10,2,14,,5,5,1,6,4,120.702448,24.169644,2
4272,66000,387130000C,(04)23274275,(04)23288582,2025,5,12,5,49,臺中市,南區,0,1,0,5,2,6,50,4,2,1,4,4,6,6,2,1,5,2,5,2,18,2,9,1,1,C03,7,9,1,10,2,14,,84,84,1,12,4,120.663909,24.11688,2
4273,66000,387130000C,(04)23274275,(04)23288582,2025,5,12,6,14,臺中市,大肚區,0,1,0,7,2,6,60,3,1,1,4,4,6,6,1,1,10,5,5,2,12,3,10,3,1,A12,7,5,1,8,4,2,,87,87,1,6,4,120.543137,24.162888,2
4274,66000,387130000C,(04)23274275,(04)23288582,2025,5,12,6,21,臺中市,北屯區,0,1,0,6,3,6,50,4,1,1,5,4,6,6,1,1,10,5,5,2,16,3,10,2,1,C03,7,6,1,10,2,12,,48,48,1,6,4,120.712817,24.172853,2
4275,66000,387130000C,(04)23274275,(04)23288582,2025,5,12,6,35,臺中市,西屯區,0,2,0,6,2,6,40,13,8,1,5,4,6,6,4,4,1,5,1,2,17,2,9,2,1,C03,7,9,1,10,2,11,,8,8,1,12,4,120.615268,24.182938,2
4276,66000,387130000C,(04)23274275,(04)23288582,2025,5,12,6,46,臺中市,北屯區,0,1,0,6,3,6,25,4,1,1,5,4,6,6,2,1,10,5,5,2,15,3,10,4,1,F01,7,9,7,21,2,14,,21,21,1,3,1,120.699938,24.167567,2
4277,66000,387130000C,(04)23274275,(04)23288582,2025,5,12,6,46,臺中市,北屯區,0,2,0,6,2,6,50,4,1,1,5,4,6,6,1,1,10,5,5,2,17,2,9,1,1,C03,7,7,1,10,1,12,,40,40,1,6,4,120.72147,24.162428,2
4278,66000,387130000C,(04)23274275,(04)23288582,2025,5,12,6,47,臺中市,東區,0,2,0,7,3,6,50,4,9,1,5,4,6,6,3,1,3,5,5,2,15,2,9,5,4,C03,7,9,1,10,2,12,,20,20,1,6,4,120.690338,24.125036,2
4279,66000,387130000C,(04)23274275,(04)23288582,2025,5,12,7,0,臺中市,后里區,0,2,0,6,3,6,40,4,2,1,5,4,6,6,4,4,10,5,5,1,17,2,9,1,1,C03,7,9,1,10,2,16,,15,15,1,6,4,120.715866,24.308523,2
4280,66000,387130000C,(04)23274275,(04)23288582,2025,5,12,7,10,臺中市,北屯區,0,0,0,7,,,50,,,,,,,,,,,,,,,,,,,B03,,,1,,1,,,8,8,2,6,4,120.686505,24.193503,3
4281,66000,387130000C,(04)23274275,(04)23288582,2025,5,12,7,12,臺中市,西區,0,0,0,7,,,50,,,,,,,,,,,,,,,,,,,B02,,,1,,1,,,84,84,1,12,4,120.660208,24.154593,3
4282,66000,387130000C,(04)23274275,(04)23288582,2025,5,12,7,14,臺中市,豐原區,0,0,0,7,,,30,,,,,,,,,,,,,,16,,,,,B03,,,1,,2,,,51,51,1,12,4,120.704835,24.239898,3
4283,66000,387130000C,(04)23274275,(04)23288582,2025,5,12,7,23,臺中市,豐原區,0,1,0,7,2,6,50,13,11,1,5,4,6,6,2,1,1,4,4,2,13,2,9,1,1,C03,7,9,1,10,2,11,,7,7,1,12,4,120.71289,24.262037,2
4284,66000,387130000C,(04)23274275,(04)23288582,2025,5,12,7,25,臺中市,南屯區,0,0,0,7,,,50,,,,,,,,,,,,,,13,,,,,B03,,,1,,1,,,59,59,1,13,4,120.63403,24.158809,3
4285,66000,387130000C,(04)23274275,(04)23288582,2025,5,12,7,25,臺中市,大甲區,0,0,0,7,,,50,,,,,,,,,,,,,,,,,,,C03,,,1,,2,,,59,59,1,12,4,120.655197,24.38146,3
4286,66000,387130000C,(04)23274275,(04)23288582,2025,5,12,7,25,臺中市,大甲區,0,0,0,7,,,50,,,,,,,,,,,,,,12,,,,,B12,,,1,,2,,,40,40,1,6,4,120.661742,24.399914,3
4287,66000,387130000C,(04)23274275,(04)23288582,2025,5,12,7,27,臺中市,東區,0,0,0,7,,,50,,,,,,,,,,,,,,17,,,,,B03,,,1,,1,,,15,15,1,12,4,120.704208,24.136494,3
4288,66000,387130000C,(04)23274275,(04)23288582,2025,5,12,7,28,臺中市,西區,0,2,0,7,2,6,50,3,1,1,5,4,6,6,4,4,10,5,5,2,17,3,10,5,4,B03,7,6,1,8,2,1,,12,12,1,13,4,120.654189,24.153578,2
4289,66000,387130000C,(04)23274275,(04)23288582,2025,5,12,7,28,臺中市,大里區,0,1,0,7,2,6,50,13,9,1,5,4,6,6,4,4,1,4,5,2,28,2,9,2,1,C02,7,9,1,9,2,11,,84,84,1,6,4,120.687631,24.073227,2
4290,66000,387130000C,(04)23274275,(04)23288582,2025,5,12,7,29,臺中市,太平區,0,1,0,7,3,6,50,13,9,1,5,4,6,6,4,4,5,2,5,1,13,3,10,1,1,C03,7,9,3,19,2,11,,7,7,1,6,4,120.718803,24.121936,2
4291,66000,387130000C,(04)23274275,(04)23288582,2025,5,12,7,29,臺中市,清水區,0,1,0,7,3,6,30,4,1,1,5,4,6,6,4,4,10,5,5,2,16,3,10,3,1,B03,7,6,1,8,2,8,,20,20,1,12,4,120.564936,24.291193,2
4292,66000,387130000C,(04)23274275,(04)23288582,2025,5,12,7,30,臺中市,沙鹿區,0,0,0,6,,,50,,,,,,,,,,,,,,,,,,,B03,,,1,,2,,,7,7,1,13,4,120.563492,24.206423,3
4293,66000,387130000C,(04)23274275,(04)23288582,2025,5,12,7,31,臺中市,烏日區,0,0,0,7,,,40,,,,,,,,,,,,,,17,,,,,B03,,,4,,2,,,45,45,2,13,4,120.648691,24.09192,3
4294,66000,387130000C,(04)23274275,(04)23288582,2025,5,12,7,33,臺中市,西區,0,1,0,7,3,6,50,4,1,1,5,4,6,6,4,4,10,5,5,2,17,3,10,1,1,C03,7,6,1,10,2,12,,4,4,1,13,4,120.675974,24.136076,2
4295,66000,387130000C,(04)23274275,(04)23288582,2025,5,12,7,33,臺中市,北屯區,0,1,0,7,2,6,50,13,7,1,5,4,6,6,4,4,1,4,4,1,12,3,10,3,1,B03,7,1,1,8,1,1,,51,51,1,12,4,120.716055,24.182306,2
4296,66000,387130000C,(04)23274275,(04)23288582,2025,5,12,7,33,臺中市,霧峰區,0,1,0,6,2,6,60,13,8,1,5,4,6,6,4,4,3,4,4,1,16,3,10,3,1,B03,7,5,1,8,2,5,,47,47,1,13,4,120.696547,24.027782,2
4297,66000,387130000C,(04)23274275,(04)23288582,2025,5,12,7,34,臺中市,北區,0,1,0,7,2,6,50,4,1,1,5,4,6,6,2,1,10,5,5,2,17,3,10,1,1,C03,7,9,1,10,2,11,,21,21,1,12,4,120.68134,24.152752,2
4298,66000,387130000C,(04)23274275,(04)23288582,2025,5,12,7,35,臺中市,北屯區,0,0,0,6,,,40,,,,,,,,,,,,,,12,,,,,B03,,,1,,1,,,8,8,1,12,4,120.721575,24.162554,3
4299,66000,387130000C,(04)23274275,(04)23288582,2025,5,12,7,36,臺中市,沙鹿區,0,0,0,7,,,60,,,,,,,,,,,,,,13,,,,,B03,,,1,,2,,,7,7,1,6,4,120.567383,24.203925,3
4300,66000,387130000C,(04)23274275,(04)23288582,2025,5,12,7,38,臺中市,霧峰區,0,2,0,7,2,6,60,13,8,1,5,4,6,6,4,4,3,4,4,1,17,3,10,3,1,B12,7,1,1,8,2,1,,51,51,1,13,4,120.695795,24.055677,2
4301,66000,387130000C,(04)23274275,(04)23288582,2025,5,12,7,38,臺中市,大里區,0,0,0,7,2,6,40,13,8,1,5,4,6,6,4,4,5,5,4,2,17,,,,,B03,,,1,,2,,,8,8,1,13,4,120.691159,24.106054,3
4302,66000,387130000C,(04)23274275,(04)23288582,2025,5,12,7,38,臺中市,太平區,0,1,0,7,3,6,50,5,1,1,5,4,6,6,1,1,10,5,5,2,17,3,10,5,4,B03,7,15,1,8,2,16,,84,84,1,12,4,120.714183,24.138413,2
4303,66000,387130000C,(04)23274275,(04)23288582,2025,5,12,7,38,臺中市,后里區,0,0,0,7,,,50,,,,,,,,,,,,,,12,,,,,C03,,,1,,2,,,20,20,1,12,4,120.714908,24.310114,3
4304,66000,387130000C,(04)23274275,(04)23288582,2025,5,12,7,39,臺中市,神岡區,0,2,0,6,1,6,30,3,9,1,5,4,6,6,4,4,1,5,5,1,16,3,10,5,4,B03,7,6,1,8,2,4,,20,20,1,12,4,120.670294,24.272168,2
4305,66000,387130000C,(04)23274275,(04)23288582,2025,5,12,7,40,臺中市,龍井區,0,1,0,7,3,6,30,3,1,1,5,4,6,6,4,4,10,5,5,1,17,3,10,3,1,B03,7,5,1,8,2,2,,20,20,1,12,4,120.501707,24.211535,2
4306,66000,387130000C,(04)23274275,(04)23288582,2025,5,12,7,41,臺中市,潭子區,0,0,0,7,,,60,,,,,,,,,,,,,,13,,,,,B03,,,1,,2,,,59,59,1,13,4,120.702742,24.196795,3
4307,66000,387130000C,(04)23274275,(04)23288582,2025,5,12,7,41,臺中市,北屯區,0,1,0,6,2,6,40,4,2,1,5,4,6,6,2,1,1,3,4,2,13,3,10,1,1,C03,7,9,1,10,2,11,,84,84,1,13,4,120.665342,24.183897,2
4308,66000,387130000C,(04)23274275,(04)23288582,2025,5,12,7,43,臺中市,南屯區,0,1,0,7,2,6,50,13,9,1,5,4,6,6,4,4,5,4,5,2,18,2,9,2,1,C03,7,9,1,10,2,12,,59,59,1,12,4,120.646789,24.146405,2
4309,66000,387130000C,(04)23274275,(04)23288582,2025,5,12,7,43,臺中市,太平區,0,0,0,7,,,50,,,,,,,,,,,,,,13,,,,,B03,,,1,,2,,,58,58,1,6,4,120.710811,24.159009,3
4310,66000,387130000C,(04)23274275,(04)23288582,2025,5,12,7,45,臺中市,南區,0,1,0,7,3,6,30,4,1,1,5,4,6,6,4,4,10,5,5,2,15,2,9,2,1,C03,7,9,1,8,9,11,,15,15,1,13,4,120.680246,24.119862,2
4311,66000,387130000C,(04)23274275,(04)23288582,2025,5,12,7,45,臺中市,西屯區,0,0,0,7,,,40,,,,,,,,,,,,,,13,,,,,B03,,,1,,1,,,58,58,1,13,4,120.622689,24.180054,3
4312,66000,387130000C,(04)23274275,(04)23288582,2025,5,12,7,49,臺中市,潭子區,0,2,0,7,3,6,60,3,1,1,5,4,6,6,4,4,1,4,4,1,14,3,10,3,1,B01,7,2,1,8,2,3,,49,49,1,13,4,120.704753,24.205872,2
4313,66000,387130000C,(04)23274275,(04)23288582,2025,5,12,7,49,臺中市,北區,0,0,0,7,,,50,,,,,,,,,,,,,,13,,,,,C03,,,1,,2,,,59,59,1,12,4,120.691738,24.16064,3
4314,66000,387130000C,(04)23274275,(04)23288582,2025,5,12,7,50,臺中市,南屯區,0,1,0,7,1,6,50,4,1,1,5,4,5,6,2,1,10,5,5,2,13,3,10,1,1,C03,7,9,1,10,2,11,,7,7,1,6,4,120.62267,24.140394,2
4315,66000,387130000C,(04)23274275,(04)23288582,2025,5,12,7,50,臺中市,西屯區,0,0,0,7,,,50,,,,,,,,,,,,,,13,,,,,C03,,,1,,1,,,7,7,1,13,4,120.644365,24.171156,3
4316,66000,387130000C,(04)23274275,(04)23288582,2025,5,12,7,52,臺中市,西屯區,0,1,0,7,2,6,50,13,9,1,5,4,6,6,4,4,5,4,5,2,13,2,9,5,4,C03,7,9,1,10,2,11,,7,7,1,12,4,120.60668,24.193235,2
4317,66000,387130000C,(04)23274275,(04)23288582,2025,5,12,7,54,臺中市,梧棲區,0,1,0,7,2,6,50,4,1,1,5,4,6,6,1,1,10,5,5,2,15,2,9,3,1,B03,7,9,1,8,2,2,,21,21,1,12,4,120.551723,24.24419,2
4318,66000,387130000C,(04)23274275,(04)23288582,2025,5,12,7,56,臺中市,北區,0,1,0,7,3,6,40,18,9,1,5,4,6,6,4,4,1,4,4,2,17,2,8,1,1,C03,7,9,1,10,2,11,,7,7,1,12,4,120.686696,24.163108,2
4319,66000,387130000C,(04)23274275,(04)23288582,2025,5,12,7,56,臺中市,龍井區,0,1,0,6,2,6,40,13,8,1,5,4,6,6,2,1,1,4,1,1,18,2,9,1,1,C03,7,9,1,10,2,16,,84,84,1,6,4,120.573793,24.183461,2
4320,66000,387130000C,(04)23274275,(04)23288582,2025,5,12,7,58,臺中市,東區,0,0,0,7,,,50,,,,,,,,,,,,,,12,,,,,B03,,,1,,2,,,59,59,1,12,4,120.695526,24.145903,3
4321,66000,387130000C,(04)23274275,(04)23288582,2025,5,12,7,58,臺中市,南屯區,0,0,0,7,,,50,,,,,,,,,,,,,,17,,,,,B03,,,1,,1,,,40,40,1,6,4,120.617051,24.139577,3
4322,66000,387130000C,(04)23274275,(04)23288582,2025,5,12,7,58,臺中市,梧棲區,0,1,0,7,2,6,40,4,1,1,5,4,6,6,1,1,10,5,5,2,13,2,1,1,1,C03,7,9,3,19,2,11,,7,7,1,12,4,120.552535,24.244185,2
4323,66000,387130000C,(04)23274275,(04)23288582,2025,5,12,8,0,臺中市,烏日區,0,0,0,7,,,30,,,,,,,,,,,,,,12,,,,,B03,,,1,,1,,,40,40,1,6,4,120.616294,24.111874,3
4324,66000,387130000C,(04)23274275,(04)23288582,2025,5,12,8,5,臺中市,大雅區,0,0,0,7,,,50,,,,,,,,,,,,,,,,,,,B03,,,1,,1,,,7,7,1,13,4,120.647389,24.213926,3
4325,66000,387130000C,(04)23274275,(04)23288582,2025,5,12,8,5,臺中市,南屯區,0,0,0,7,,,50,,,,,,,,,,,,,,13,,,,,B03,,,1,,1,,,7,7,1,6,4,120.612014,24.138264,3
4326,66000,387130000C,(04)23274275,(04)23288582,2025,5,12,8,5,臺中市,東勢區,0,0,0,7,,,50,,,,,,,,,,,,,,,,,,,B03,,,1,,2,,,49,49,1,12,4,120.828961,24.2657,3
4327,66000,387130000C,(04)23274275,(04)23288582,2025,5,12,8,13,臺中市,西屯區,0,2,0,7,2,6,50,4,1,1,5,4,6,6,2,1,10,5,5,2,16,2,8,1,1,C03,7,5,1,10,2,12,,42,42,1,13,4,120.64693,24.168943,2
4328,66000,387130000C,(04)23274275,(04)23288582,2025,5,12,8,15,臺中市,西區,0,0,0,7,,,50,,,,,,,,,,,,,,13,,,,,C03,,,1,,1,,,7,7,1,12,4,120.678434,24.136529,3
4329,66000,387130000C,(04)23274275,(04)23288582,2025,5,12,8,15,臺中市,太平區,0,0,0,7,2,6,50,,,,,,,,,,,,,,,,,,,B03,,,1,,1,1,,7,7,1,12,4,120.70062,24.147992,3
4330,66000,387130000C,(04)23274275,(04)23288582,2025,5,12,8,20,臺中市,北屯區,0,2,0,7,3,6,50,3,1,1,5,4,6,6,4,4,10,5,5,2,16,2,9,2,1,C03,7,6,1,10,1,12,,14,14,1,6,4,120.722574,24.178813,2
4331,66000,387130000C,(04)23274275,(04)23288582,2025,5,12,8,20,臺中市,太平區,0,0,0,7,,,40,,,,,,,,,,,,,,13,,,,,B03,,,1,,2,,,84,84,1,6,4,120.710514,24.150074,3
4332,66000,387130000C,(04)23274275,(04)23288582,2025,5,12,8,22,臺中市,大雅區,0,0,0,7,,,30,,,,,,,,,,,,,,,,,,,B03,,,1,,1,,,20,20,1,12,4,120.647105,24.207249,3
4333,66000,387130000C,(04)23274275,(04)23288582,2025,5,12,8,22,臺中市,北屯區,0,1,0,7,2,6,50,5,1,1,5,4,6,6,2,1,10,5,5,2,16,2,9,2,1,C03,7,9,1,10,2,11,,84,84,1,12,4,120.694957,24.178023,2
4334,66000,387130000C,(04)23274275,(04)23288582,2025,5,12,8,23,臺中市,西屯區,0,0,0,6,3,6,60,13,7,1,5,4,6,6,1,1,1,4,1,2,13,,,,,B03,,,1,,1,,,7,7,1,12,4,120.63312,24.172223,3
4335,66000,387130000C,(04)23274275,(04)23288582,2025,5,12,8,29,臺中市,潭子區,0,2,0,7,2,6,30,3,1,1,5,4,6,6,4,4,10,5,5,2,16,2,7,1,1,C03,7,6,1,10,2,11,,14,14,1,13,4,120.701591,24.189004,2
4336,66000,387130000C,(04)23274275,(04)23288582,2025,5,12,8,30,臺中市,大雅區,0,0,0,7,,,,,,,,,,,,,,,,,,,,,,,,,,,,,,116,116,1,,,120.630792,24.220323,3
4337,66000,387130000C,(04)23274275,(04)23288582,2025,5,12,8,30,臺中市,北屯區,0,2,0,6,3,6,60,3,2,1,5,4,6,6,2,1,1,2,5,2,13,2,9,2,1,C03,7,9,1,10,2,11,,7,7,1,12,4,120.711955,24.164564,2
4338,66000,387130000C,(04)23274275,(04)23288582,2025,5,12,8,30,臺中市,太平區,0,0,0,7,2,6,50,,,,,,,,,,,,,,,,,,,B03,,,1,,2,2,,11,11,1,12,4,120.702095,24.148081,3
4339,66000,387130000C,(04)23274275,(04)23288582,2025,5,12,8,33,臺中市,西屯區,0,1,0,6,2,6,40,13,8,1,4,4,6,6,4,4,1,4,4,2,17,3,10,1,4,C03,7,5,1,10,1,13,,84,84,1,13,4,120.639874,24.165452,2
4340,66000,387130000C,(04)23274275,(04)23288582,2025,5,12,8,35,臺中市,南區,0,0,0,7,,,50,,,,,,,,,,,,,,13,,,,,B03,,,1,,2,,,84,84,1,6,4,120.660626,24.123925,3
4341,66000,387130000C,(04)23274275,(04)23288582,2025,5,12,8,35,臺中市,大肚區,0,1,0,6,2,6,60,13,14,1,5,4,6,6,4,4,1,4,4,1,25,,,,,,,,,,,,,118,118,1,,,120.546151,24.159128,2
4342,66000,387130000C,(04)23274275,(04)23288582,2025,5,12,8,36,臺中市,南屯區,0,1,0,7,2,6,50,3,2,1,5,4,6,6,4,4,8,4,5,2,13,3,10,5,4,B01,7,9,1,8,2,1,,7,7,1,13,4,120.608729,24.146355,2
4343,66000,387130000C,(04)23274275,(04)23288582,2025,5,12,8,40,臺中市,西屯區,0,0,0,6,,,50,,,,,,,,,,,,,,13,,,,,C03,,,1,,1,,,7,7,1,13,4,120.656153,24.192059,3
4344,66000,387130000C,(04)23274275,(04)23288582,2025,5,12,8,47,臺中市,北區,0,1,0,6,2,6,50,13,9,1,5,4,6,6,4,4,1,4,5,2,13,2,9,5,4,C03,7,12,1,1,2,11,,7,7,1,13,4,120.684956,24.16783,2
4345,66000,387130000C,(04)23274275,(04)23288582,2025,5,12,8,48,臺中市,大雅區,0,0,0,7,,,,,,,,,,,,,,,,,,,,,,,,,,,,,,86,86,1,,,120.653089,24.242264,3
4346,66000,387130000C,(04)23274275,(04)23288582,2025,5,12,8,52,臺中市,北屯區,0,1,0,7,2,6,50,13,9,1,5,4,6,6,4,4,9,5,5,2,17,3,10,3,1,B03,7,1,1,8,2,8,,51,51,1,12,4,120.704844,24.185974,2
4347,66000,387130000C,(04)23274275,(04)23288582,2025,5,12,8,56,臺中市,大雅區,0,2,0,7,3,6,40,13,8,1,5,4,6,6,4,4,5,2,4,1,17,2,9,1,1,C03,7,7,1,10,2,13,,7,7,1,12,4,120.659461,24.220237,2
4348,66000,387130000C,(04)23274275,(04)23288582,2025,5,12,8,59,臺中市,北屯區,0,1,0,7,2,6,50,4,1,1,5,4,6,6,4,4,10,5,5,2,18,2,9,1,1,C03,7,9,1,10,2,14,,84,84,1,12,4,120.701194,24.185849,2
4349,66000,387130000C,(04)23274275,(04)23288582,2025,5,12,9,0,臺中市,南屯區,0,1,0,7,1,6,50,4,1,1,5,4,6,6,4,4,10,5,5,2,17,3,10,3,1,B12,7,6,1,4,2,5,,14,14,1,6,4,120.648712,24.146087,2
4350,66000,387130000C,(04)23274275,(04)23288582,2025,5,12,9,1,臺中市,大甲區,0,0,0,7,,,50,,,,,,,,,,,,,,,,,,,B03,,,1,,2,,,39,39,1,6,4,120.603775,24.328106,3
4351,66000,387130000C,(04)23274275,(04)23288582,2025,5,12,9,6,臺中市,潭子區,0,0,0,7,,,50,,,,,,,,,,,,,,,,,,,B03,,,1,,2,,,49,49,1,12,4,120.699886,24.210791,3
4352,66000,387130000C,(04)23274275,(04)23288582,2025,5,12,9,6,臺中市,西屯區,0,0,0,7,,,40,,,,,,,,,,,,,,12,,,,,A12,,,1,,1,,,8,8,1,12,4,120.638278,24.159295,3
4353,66000,387130000C,(04)23274275,(04)23288582,2025,5,12,9,6,臺中市,后里區,0,1,0,7,3,6,50,13,9,1,5,4,6,6,4,4,5,4,5,1,11,2,9,1,1,C03,7,9,1,10,2,11,,59,59,1,12,4,120.716889,24.297484,2
4354,66000,387130000C,(04)23274275,(04)23288582,2025,5,12,9,12,臺中市,豐原區,0,0,0,7,,,60,,,,,,,,,,,,,,17,,,,,B12,,,1,,1,,,73,73,1,12,4,120.703006,24.244347,3
4355,66000,387130000C,(04)23274275,(04)23288582,2025,5,12,9,13,臺中市,南屯區,0,1,0,7,2,6,50,13,9,1,5,4,6,6,4,4,5,4,4,2,17,3,10,3,1,B03,7,5,1,8,1,2,,84,84,1,12,4,120.635711,24.143383,2
4356,66000,387130000C,(04)23274275,(04)23288582,2025,5,12,9,13,臺中市,北屯區,0,1,0,6,2,6,50,13,9,1,5,4,6,6,4,4,1,4,5,2,17,2,9,1,1,C03,7,9,1,10,2,12,,54,54,1,13,4,120.713525,24.178484,2
4357,66000,387130000C,(04)23274275,(04)23288582,2025,5,12,9,14,臺中市,神岡區,0,1,0,7,2,6,50,3,1,1,5,4,6,6,1,1,10,5,5,2,16,3,10,3,1,B12,7,6,1,8,2,6,,11,11,1,12,4,120.703458,24.262146,2
4358,66000,387130000C,(04)23274275,(04)23288582,2025,5,12,9,16,臺中市,北屯區,0,1,0,7,3,6,50,4,1,1,5,4,6,6,1,1,10,5,5,2,16,2,9,2,1,C03,7,9,1,10,2,14,,21,21,1,6,4,120.690799,24.18242,2
4359,66000,387130000C,(04)23274275,(04)23288582,2025,5,12,9,24,臺中市,西屯區,0,0,0,7,,,50,,,,,,,,,,,,,,14,,,,,A41,,,1,,1,,,49,49,1,12,4,120.595703,24.163648,3
4360,66000,387130000C,(04)23274275,(04)23288582,2025,5,12,9,27,臺中市,北區,0,1,0,7,3,6,50,4,1,1,5,4,6,6,1,1,10,5,5,2,12,2,9,1,1,C03,7,8,1,10,2,14,,40,40,1,12,4,120.678291,24.167018,2
4361,66000,387130000C,(04)23274275,(04)23288582,2025,5,12,9,27,臺中市,龍井區,0,0,0,7,3,3,60,13,7,1,5,4,6,6,4,4,1,5,1,2,20,3,10,5,1,B03,7,9,5,8,4,5,,6,6,1,13,4,120.505365,24.192521,3
4362,66000,387130000C,(04)23274275,(04)23288582,2025,5,12,9,28,臺中市,太平區,0,2,0,7,2,6,50,3,9,1,5,4,6,6,4,4,5,2,5,1,16,2,9,1,1,C03,7,6,1,10,2,11,14,39,39,1,12,4,120.734294,24.145199,2
4363,66000,387130000C,(04)23274275,(04)23288582,2025,5,12,9,35,臺中市,豐原區,0,0,0,7,,,50,,,,,,,,,,,,,,11,,,,,B03,,,1,,2,,,87,87,1,12,4,120.720298,24.249344,3
4364,66000,387130000C,(04)23274275,(04)23288582,2025,5,12,9,40,臺中市,大雅區,0,1,0,7,2,6,50,5,2,1,5,4,6,6,4,4,5,5,5,1,11,3,10,3,1,B03,7,6,1,8,2,8,,84,84,1,13,4,120.646171,24.239066,2
4365,66000,387130000C,(04)23274275,(04)23288582,2025,5,12,9,40,臺中市,霧峰區,0,0,0,7,,,50,,,,,,,,,,,,,,,,,,,C03,,,1,,2,,,51,51,1,13,4,120.692374,24.045671,3
4366,66000,387130000C,(04)23274275,(04)23288582,2025,5,12,9,42,臺中市,大里區,0,0,0,7,,,50,,,,,,,,,,,,,,,,,,,B03,,,1,,1,,,8,8,1,13,4,120.682177,24.093174,3
4367,66000,387130000C,(04)23274275,(04)23288582,2025,5,12,9,43,臺中市,烏日區,0,0,0,7,,,50,,,,,,,,,,,,,,14,,,,,B03,,,1,,2,,,49,49,1,13,4,120.598287,24.110882,3
4368,66000,387130000C,(04)23274275,(04)23288582,2025,5,12,9,50,臺中市,西區,0,2,0,7,2,6,50,3,1,1,5,4,6,6,1,1,5,4,5,2,17,2,9,1,1,C03,7,6,1,10,2,12,,39,39,1,13,4,120.656765,24.150853,2
4369,66000,387130000C,(04)23274275,(04)23288582,2025,5,12,9,50,臺中市,南屯區,0,0,0,7,,,50,,,,,,,,,,,,,,13,,,,,B02,,,1,,1,,,58,58,1,12,4,120.643842,24.150606,3
4370,66000,387130000C,(04)23274275,(04)23288582,2025,5,12,9,52,臺中市,大雅區,0,0,0,7,,,50,,,,,,,,,,,,,,,,,,,B03,,,1,,9,,,4,4,1,12,4,120.643294,24.219955,3
4371,66000,387130000C,(04)23274275,(04)23288582,2025,5,12,9,54,臺中市,潭子區,0,0,0,7,,,50,,,,,,,,,,,,,,16,,,,,B03,,,1,,2,,,45,45,1,13,4,120.700548,24.21228,3
4372,66000,387130000C,(04)23274275,(04)23288582,2025,5,12,9,54,臺中市,太平區,0,0,0,7,,,50,,,,,,,,,,,,,,13,,,,,B03,,,1,,2,,,84,84,1,6,4,120.735743,24.133488,3
4373,66000,387130000C,(04)23274275,(04)23288582,2025,5,12,9,55,臺中市,西屯區,0,0,0,7,,,50,,,,,,,,,,,,,,13,,,,,B03,,,1,,1,,,7,7,1,12,4,120.636749,24.171358,3