序號,縣市別代碼,機關代碼,市話,傳真,年,月,日,時,分,縣市,區,死亡數量,受傷數量,2-30,天候,道路照明設備,道路類別,道路速限,道路型態,事故位置,路面鋪裝,路面狀態,路面缺陷,障礙物,視距,號誌種類,號誌動作,分向設施,快車道或一般車道間,快慢車道間,路面邊線,事故類型及型態,受傷程度,主要傷處,保護裝備,行動電話或功能裝置,當事者區分(類別),車輛用途,當事者行動狀態,駕照狀態,駕照種類,飲酒情形,車輛撞擊部位最初,車輛撞擊部位其他,肇事因素個別,肇事因素主要,肇事逃逸,職業,共享經濟或外送平台,GPS座標X,GPS座標Y,事故類別
4374,66000,387130000C,(04)23274275,(04)23288582,2025,5,12,9,59,臺中市,西屯區,0,0,0,6,3,9,0,18,24,2,5,4,6,6,4,4,10,5,5,2,14,,,,,B01,,,1,,1,,,49,49,1,12,4,120.64553,24.172028,3
4375,66000,387130000C,(04)23274275,(04)23288582,2025,5,12,10,0,臺中市,潭子區,0,0,0,6,,,30,,,,,,,,,,,,,,,,,,,B03,,,1,,2,,,49,49,1,13,4,120.690625,24.211988,3
4376,66000,387130000C,(04)23274275,(04)23288582,2025,5,12,10,2,臺中市,北區,0,1,0,7,2,6,50,13,9,1,5,4,6,6,4,4,5,4,5,2,12,3,10,3,1,B12,7,7,1,8,2,6,,40,40,1,6,4,120.688228,24.150454,2
4377,66000,387130000C,(04)23274275,(04)23288582,2025,5,12,10,4,臺中市,北屯區,0,0,0,7,,,50,,,,,,,,,,,,,,,,,,,B03,,,1,,1,,,49,49,1,13,4,120.737465,24.175326,3
4378,66000,387130000C,(04)23274275,(04)23288582,2025,5,12,10,4,臺中市,沙鹿區,0,0,0,7,,,50,,,,,,,,,,,,,,,,,,,B03,,,1,,2,,,58,58,1,6,4,120.570638,24.217516,3
4379,66000,387130000C,(04)23274275,(04)23288582,2025,5,12,10,4,臺中市,豐原區,0,1,0,7,3,6,50,5,1,1,5,4,6,6,4,4,10,5,5,2,16,2,9,1,4,C03,7,6,1,10,2,12,,14,14,1,12,4,120.71777,24.245241,2
4380,66000,387130000C,(04)23274275,(04)23288582,2025,5,12,10,5,臺中市,大里區,0,0,0,6,,,50,,,,,,,,,,,,,,17,,,,,C03,,,1,,1,,,84,84,1,12,4,120.694043,24.100114,3
4381,66000,387130000C,(04)23274275,(04)23288582,2025,5,12,10,6,臺中市,潭子區,0,0,0,7,,,50,,,,,,,,,,,,,,,,,,,B03,,,1,,2,,,26,26,1,12,4,120.709422,24.200329,3
4382,66000,387130000C,(04)23274275,(04)23288582,2025,5,12,10,9,臺中市,西屯區,0,2,0,7,2,6,40,4,1,1,5,4,6,6,1,1,10,5,5,2,13,2,9,1,4,C03,7,9,1,10,2,11,,7,7,1,13,4,120.611745,24.184341,2
4383,66000,387130000C,(04)23274275,(04)23288582,2025,5,12,10,10,臺中市,南屯區,0,2,0,7,3,6,50,4,1,1,5,4,6,6,1,1,5,2,5,2,16,2,9,1,1,C03,7,9,3,19,2,12,,21,21,1,12,4,120.642638,24.146872,2
4384,66000,387130000C,(04)23274275,(04)23288582,2025,5,12,10,11,臺中市,潭子區,0,0,0,7,,,60,,,,,,,,,,,,,,,,,,,B03,,,1,,2,,,59,59,1,12,4,120.705385,24.209873,3
4385,66000,387130000C,(04)23274275,(04)23288582,2025,5,12,10,17,臺中市,大里區,0,0,0,7,,,50,,,,,,,,,,,,,,,,,,,C03,,,1,,2,,,7,7,1,12,4,120.681191,24.094326,3
4386,66000,387130000C,(04)23274275,(04)23288582,2025,5,12,10,19,臺中市,豐原區,0,0,0,7,,,50,,,,,,,,,,,,,,16,,,,,B03,,,1,,1,,,21,21,1,12,4,120.705637,24.252334,3
4387,66000,387130000C,(04)23274275,(04)23288582,2025,5,12,10,20,臺中市,北屯區,0,1,0,7,2,6,25,11,11,1,4,4,6,6,4,4,1,2,5,1,13,2,9,2,1,C03,7,9,1,10,2,11,,84,84,1,12,4,120.787136,24.20513,2
4388,66000,387130000C,(04)23274275,(04)23288582,2025,5,12,10,23,臺中市,沙鹿區,0,1,0,7,2,6,50,3,1,1,5,4,6,6,1,1,3,4,5,2,17,3,10,3,1,B03,7,6,1,8,2,4,,11,11,1,13,4,120.564972,24.241809,2
4389,66000,387130000C,(04)23274275,(04)23288582,2025,5,12,10,27,臺中市,豐原區,0,2,0,7,2,6,30,4,1,1,5,4,6,6,4,4,5,5,5,1,16,2,9,5,4,C03,7,6,1,10,2,14,,13,13,1,12,4,120.719171,24.244742,2
4390,66000,387130000C,(04)23274275,(04)23288582,2025,5,12,10,30,臺中市,梧棲區,0,0,0,7,,,30,,,,,,,,,,,,,,14,,,,,B11,,,1,,2,,,49,49,1,6,4,120.536632,24.226615,3
4391,66000,387130000C,(04)23274275,(04)23288582,2025,5,12,10,34,臺中市,西屯區,0,1,0,6,2,6,50,3,2,1,5,4,6,6,4,4,5,5,4,2,16,2,9,2,1,C03,7,1,1,10,2,14,,51,51,1,13,4,120.649216,24.171255,2
4392,66000,387130000C,(04)23274275,(04)23288582,2025,5,12,10,35,臺中市,北屯區,0,1,0,7,2,6,50,13,7,1,5,4,6,6,4,4,5,5,4,2,17,2,9,6,1,F02,7,9,7,21,2,14,,82,82,1,11,4,120.662644,24.186891,2
4393,66000,387130000C,(04)23274275,(04)23288582,2025,5,12,10,35,臺中市,大里區,0,0,0,7,2,6,30,13,9,1,5,4,6,6,4,4,10,5,5,2,17,,,,,B12,,,1,,1,,,78,78,1,13,4,120.681204,24.097224,3
4394,66000,387130000C,(04)23274275,(04)23288582,2025,5,12,10,36,臺中市,西區,0,0,0,7,,,50,,,,,,,,,,,,,,,,,,,B03,,,1,,1,,,84,84,1,13,4,120.669462,24.149147,3
4395,66000,387130000C,(04)23274275,(04)23288582,2025,5,12,10,40,臺中市,烏日區,0,0,0,7,2,6,50,3,1,1,5,4,6,6,1,1,1,4,5,2,12,3,10,3,1,B03,7,9,1,7,1,2,,26,26,1,6,4,120.616844,24.116186,3
4396,66000,387130000C,(04)23274275,(04)23288582,2025,5,12,10,44,臺中市,南屯區,0,0,0,7,,,50,,,,,,,,,,,,,,13,,,,,C02,,,1,,1,,,7,7,1,6,4,120.639599,24.14152,3
4397,66000,387130000C,(04)23274275,(04)23288582,2025,5,12,10,46,臺中市,中區,0,2,0,7,2,6,50,5,1,1,5,4,6,6,2,1,5,4,5,2,17,2,9,2,1,C03,7,1,1,10,2,14,,51,51,1,12,4,120.67932,24.143761,2
4398,66000,387130000C,(04)23274275,(04)23288582,2025,5,12,10,55,臺中市,東區,0,0,0,7,,,30,,,,,,,,,,,,,,17,,,,,B03,,,1,,1,,,87,87,1,12,4,120.684559,24.132519,3
4399,66000,387130000C,(04)23274275,(04)23288582,2025,5,12,10,55,臺中市,西屯區,0,1,0,7,3,6,50,4,8,1,5,4,6,6,1,1,3,4,4,2,12,3,10,3,1,B03,7,7,1,8,2,6,,40,40,1,13,4,120.658344,24.194915,2
4400,66000,387130000C,(04)23274275,(04)23288582,2025,5,12,10,56,臺中市,梧棲區,0,0,0,7,,,40,,,,,,,,,,,,,,17,,,,,B03,,,1,,1,,,8,8,1,6,4,120.544062,24.246917,4
4401,66000,387130000C,(04)23274275,(04)23288582,2025,5,12,10,58,臺中市,烏日區,0,0,0,7,,,30,,,,,,,,,,,,,,14,,,,,A12,,,1,,9,,,59,59,1,13,4,120.644626,24.108442,3
4402,66000,387130000C,(04)23274275,(04)23288582,2025,5,12,11,0,臺中市,南屯區,0,0,0,7,,,50,,,,,,,,,,,,,,,,,,,B02,,,1,,1,,,59,59,1,6,4,120.625808,24.148909,3
4403,66000,387130000C,(04)23274275,(04)23288582,2025,5,12,11,1,臺中市,南屯區,0,1,0,7,2,6,50,4,1,1,5,4,6,6,4,4,10,5,5,2,15,2,9,2,4,C03,7,9,1,10,2,14,,12,12,1,13,4,120.650678,24.133355,2
4404,66000,387130000C,(04)23274275,(04)23288582,2025,5,12,11,5,臺中市,西屯區,0,1,0,7,2,6,40,4,1,1,5,4,6,6,2,1,1,5,1,2,16,3,10,5,4,B03,7,5,1,8,2,2,,11,11,1,12,4,120.614123,24.183851,2
4405,66000,387130000C,(04)23274275,(04)23288582,2025,5,12,11,8,臺中市,西屯區,0,0,0,7,,,50,,,,,,,,,,,,,,13,,,,,B03,,,1,,2,,,78,78,1,13,4,120.64393,24.171323,3
4406,66000,387130000C,(04)23274275,(04)23288582,2025,5,12,11,10,臺中市,西區,0,2,0,7,2,6,50,4,1,1,5,4,6,6,1,1,10,5,5,2,17,2,9,3,1,B01,7,11,1,4,2,1,,45,45,1,13,4,120.661701,24.149017,2
4407,66000,387130000C,(04)23274275,(04)23288582,2025,5,12,11,15,臺中市,太平區,0,0,0,7,2,6,50,,,,,,,,,,,,,,,,,,,B03,,,1,,2,1,,58,58,1,12,4,120.71683,24.132005,3
4408,66000,387130000C,(04)23274275,(04)23288582,2025,5,12,11,16,臺中市,大雅區,0,1,0,7,2,6,30,4,1,1,5,4,6,6,4,4,10,5,5,2,15,2,9,1,1,C03,7,9,1,10,2,11,,15,15,1,13,4,120.655082,24.21193,2
4409,66000,387130000C,(04)23274275,(04)23288582,2025,5,12,11,25,臺中市,清水區,0,2,0,7,3,6,50,4,1,1,5,4,6,6,4,4,9,4,5,2,15,2,9,1,1,C03,7,9,1,10,2,12,,12,12,1,12,4,120.5786,24.271033,2
4410,66000,387130000C,(04)23274275,(04)23288582,2025,5,12,11,27,臺中市,西屯區,0,0,0,7,,,60,,,,,,,,,,,,,,13,,,,,B12,,,1,,1,,,59,59,1,13,4,120.639414,24.188611,3
4411,66000,387130000C,(04)23274275,(04)23288582,2025,5,12,11,32,臺中市,西屯區,0,0,0,7,,,30,,,,,,,,,,,,,,17,,,,,A12,,,1,,2,,,49,49,1,13,4,120.593604,24.180641,3
4412,66000,387130000C,(04)23274275,(04)23288582,2025,5,12,11,33,臺中市,西屯區,0,1,0,7,2,6,50,13,9,1,5,4,6,6,4,4,10,5,5,2,17,3,10,5,4,B02,7,14,1,8,2,4,,76,76,1,13,4,120.64653,24.165198,2
4413,66000,387130000C,(04)23274275,(04)23288582,2025,5,12,11,34,臺中市,東區,0,0,0,7,,,50,,,,,,,,,,,,,,13,,,,,B03,,,1,,9,,,59,59,2,13,4,120.694301,24.142763,3
4414,66000,387130000C,(04)23274275,(04)23288582,2025,5,12,11,34,臺中市,沙鹿區,0,0,0,7,,,60,,,,,,,,,,,,,,13,,,,,A41,,,1,,1,,,7,7,1,6,4,120.582649,24.250313,3
4415,66000,387130000C,(04)23274275,(04)23288582,2025,5,12,11,38,臺中市,太平區,0,0,0,7,,,50,,,,,,,,,,,,,,13,,,,,B03,,,1,,2,,,84,84,1,12,4,120.736918,24.132301,3
4416,66000,387130000C,(04)23274275,(04)23288582,2025,5,12,11,39,臺中市,西區,0,0,0,7,,,30,,,,,,,,,,,,,,,,,,,C03,,,1,,9,,,84,84,1,12,4,120.664203,24.129508,3
4417,66000,387130000C,(04)23274275,(04)23288582,2025,5,12,11,40,臺中市,沙鹿區,0,0,0,7,,,60,,,,,,,,,,,,,,,,,,,B03,,,1,,1,,,40,40,1,6,4,120.564449,24.23934,3
4418,66000,387130000C,(04)23274275,(04)23288582,2025,5,12,11,44,臺中市,沙鹿區,0,1,0,7,2,6,50,4,1,1,5,4,6,6,1,1,5,5,5,2,17,2,9,1,1,C03,7,9,1,10,2,11,,84,84,1,13,4,120.559512,24.23629,2
4419,66000,387130000C,(04)23274275,(04)23288582,2025,5,12,11,47,臺中市,霧峰區,0,0,0,7,,,60,,,,,,,,,,,,,,,,,,,B03,,,1,,2,,,50,50,1,13,4,120.697876,24.071109,3
4420,66000,387130000C,(04)23274275,(04)23288582,2025,5,12,11,48,臺中市,中區,0,0,0,7,,,50,,,,,,,,,,,,,,16,,,,,C03,,,1,,9,,,84,84,1,10,4,120.678021,24.14097,3
4421,66000,387130000C,(04)23274275,(04)23288582,2025,5,12,11,54,臺中市,太平區,0,1,0,7,3,6,40,13,7,1,5,4,6,6,4,4,5,2,5,1,12,2,9,1,1,C03,7,11,1,10,2,14,,39,39,1,6,4,120.712428,24.126043,2
4422,66000,387130000C,(04)23274275,(04)23288582,2025,5,12,12,0,臺中市,西屯區,0,2,0,7,3,6,50,4,1,1,5,4,6,6,4,4,10,5,5,2,17,2,7,1,1,C03,7,9,1,10,1,11,,84,84,1,13,2,120.641848,24.1698,2
4423,66000,387130000C,(04)23274275,(04)23288582,2025,5,12,12,0,臺中市,霧峰區,0,1,0,7,2,6,50,4,1,1,5,4,6,6,4,4,10,5,5,2,11,3,10,2,1,C03,7,6,1,10,2,14,,41,41,1,5,4,120.704253,24.070151,2
4424,66000,387130000C,(04)23274275,(04)23288582,2025,5,12,12,1,臺中市,外埔區,0,1,0,7,3,6,50,4,2,1,5,4,6,6,4,4,5,4,5,1,15,2,9,1,1,C03,7,9,3,19,2,11,,12,12,1,6,4,120.649406,24.325135,2
4425,66000,387130000C,(04)23274275,(04)23288582,2025,5,12,12,2,臺中市,南區,0,1,0,7,2,6,50,4,2,1,5,4,6,6,2,1,1,4,5,2,18,2,9,1,1,C03,7,1,1,10,2,12,,84,84,1,12,4,120.652989,24.117971,2
4426,66000,387130000C,(04)23274275,(04)23288582,2025,5,12,12,5,臺中市,北區,0,0,0,7,,,50,,,,,,,,,,,,,,17,,,,,A12,,,1,,2,,,87,87,1,13,4,120.671365,24.155897,3
4427,66000,387130000C,(04)23274275,(04)23288582,2025,5,12,12,5,臺中市,西屯區,0,0,0,7,,,30,,,,,,,,,,,,,,30,,,,,B11,,,1,,2,,,84,84,1,12,4,120.64097,24.17041,3
4428,66000,387130000C,(04)23274275,(04)23288582,2025,5,12,12,6,臺中市,霧峰區,0,0,0,7,,,40,,,,,,,,,,,,,,,,,,,B03,,,1,,1,,,51,51,1,13,4,120.682948,24.052356,3
4429,66000,387130000C,(04)23274275,(04)23288582,2025,5,12,12,8,臺中市,大雅區,0,0,0,7,,,0,,,,,,,,,,,,,,,,,,,B03,,,1,,1,,,45,45,1,13,4,120.648298,24.221932,3
4430,66000,387130000C,(04)23274275,(04)23288582,2025,5,12,12,10,臺中市,霧峰區,0,1,0,7,2,6,40,3,1,1,5,4,6,6,4,4,10,5,5,2,17,2,9,2,1,C03,7,9,1,10,2,12,,84,84,1,5,4,120.666924,24.070115,2
4431,66000,387130000C,(04)23274275,(04)23288582,2025,5,12,12,11,臺中市,太平區,0,0,0,7,2,6,50,,,,,,,,,,,,,,,,,,,B12,,,1,,2,7,,49,49,1,12,4,120.720004,24.15734,3
4432,66000,387130000C,(04)23274275,(04)23288582,2025,5,12,12,13,臺中市,潭子區,0,2,0,7,2,6,30,3,1,1,5,4,6,6,4,4,5,5,4,2,17,2,7,2,1,C03,7,6,1,10,2,11,,13,13,1,13,2,120.706587,24.205317,2
4433,66000,387130000C,(04)23274275,(04)23288582,2025,5,12,12,15,臺中市,大里區,0,0,0,7,,,50,,,,,,,,,,,,,,,,,,,B03,,,1,,9,,,84,84,1,12,4,120.688263,24.110624,3
4434,66000,387130000C,(04)23274275,(04)23288582,2025,5,12,12,17,臺中市,清水區,0,0,0,7,,,60,,,,,,,,,,,,,,,,,,,B03,,,1,,2,,,7,7,1,12,4,120.536411,24.281544,3
4435,66000,387130000C,(04)23274275,(04)23288582,2025,5,12,12,19,臺中市,北區,0,0,0,7,,,50,,,,,,,,,,,,,,17,,,,,C03,,,1,,1,,,82,82,1,12,4,120.689046,24.162169,3
4436,66000,387130000C,(04)23274275,(04)23288582,2025,5,12,12,22,臺中市,大雅區,0,1,0,7,3,6,50,5,2,1,5,4,6,6,1,1,5,2,4,1,17,2,9,1,1,C03,7,9,1,10,2,11,,54,54,1,12,4,120.673177,24.215435,2
4437,66000,387130000C,(04)23274275,(04)23288582,2025,5,12,12,28,臺中市,東勢區,0,0,0,7,,,50,,,,,,,,,,,,,,,,,,,A06,,,1,,2,,,84,,1,13,4,120.822849,24.261489,3
4438,66000,387130000C,(04)23274275,(04)23288582,2025,5,12,12,29,臺中市,西屯區,0,1,0,7,2,6,30,4,2,1,5,4,6,6,4,4,5,5,5,2,16,3,10,5,4,B02,7,5,1,8,2,8,,14,14,1,13,4,120.6454,24.168836,2
4439,66000,387130000C,(04)23274275,(04)23288582,2025,5,12,12,36,臺中市,潭子區,0,1,0,7,2,6,30,3,1,1,5,4,6,6,4,4,10,5,5,2,17,2,9,1,1,C03,7,9,1,10,2,12,,43,43,1,13,4,120.692693,24.220644,2
4440,66000,387130000C,(04)23274275,(04)23288582,2025,5,12,12,37,臺中市,神岡區,0,1,0,7,1,6,40,5,1,1,5,4,6,6,1,1,5,4,4,2,16,3,10,5,4,B03,7,5,1,8,2,5,,20,20,1,12,4,120.655749,24.258493,2
4441,66000,387130000C,(04)23274275,(04)23288582,2025,5,12,12,38,臺中市,大里區,0,1,0,7,2,6,50,4,2,1,5,4,6,6,1,1,5,2,5,1,17,3,10,3,1,B03,7,7,1,8,2,16,,39,39,1,13,4,120.688179,24.101516,2
4442,66000,387130000C,(04)23274275,(04)23288582,2025,5,12,12,38,臺中市,大肚區,0,1,0,7,2,6,50,11,9,1,5,4,6,6,4,4,9,5,5,1,17,3,10,1,1,C03,7,5,1,10,2,11,,84,84,1,6,4,120.573936,24.152019,2
4443,66000,387130000C,(04)23274275,(04)23288582,2025,5,12,12,40,臺中市,北屯區,0,2,0,7,3,6,50,3,1,1,5,4,6,6,1,1,10,5,5,2,12,2,9,2,1,C03,7,6,1,10,2,14,,25,25,1,6,4,120.665781,24.182774,2
4444,66000,387130000C,(04)23274275,(04)23288582,2025,5,12,12,47,臺中市,西區,0,0,0,7,3,6,50,13,9,1,5,4,6,6,4,4,10,5,5,2,14,,,,,B03,,,1,,1,,,49,49,1,13,4,120.662872,24.151669,3
4445,66000,387130000C,(04)23274275,(04)23288582,2025,5,12,12,54,臺中市,豐原區,0,0,0,7,,,1,,,,,,,,,,,,,,,,,,,B12,,,1,,2,,,58,58,1,13,4,120.760993,24.277137,3
4446,66000,387130000C,(04)23274275,(04)23288582,2025,5,12,13,0,臺中市,沙鹿區,0,1,0,7,2,6,40,13,8,1,5,4,6,6,4,4,1,4,1,2,18,2,9,1,1,C03,7,9,1,10,2,14,,57,57,1,12,4,120.580931,24.203402,2
4447,66000,387130000C,(04)23274275,(04)23288582,2025,5,12,13,5,臺中市,北屯區,0,0,0,7,,,50,,,,,,,,,,,,,,,,,,,B03,,,1,,1,,,84,84,1,13,4,120.721166,24.162558,3
4448,66000,387130000C,(04)23274275,(04)23288582,2025,5,12,13,6,臺中市,北屯區,0,0,0,7,,,50,,,,,,,,,,,,,,14,,,,,B12,,,1,,1,,,49,49,1,6,4,120.667289,24.178297,4
4449,66000,387130000C,(04)23274275,(04)23288582,2025,5,12,13,9,臺中市,大雅區,0,0,0,7,,,40,,,,,,,,,,,,,,,,,,,B12,,,1,,1,,,49,49,1,13,4,120.658608,24.219952,3
4450,66000,387130000C,(04)23274275,(04)23288582,2025,5,12,13,12,臺中市,大肚區,0,0,0,7,,,70,,,,,,,,,,,,,,,,,,,B03,,,1,,1,,,59,59,1,6,4,120.553853,24.132941,3
4451,66000,387130000C,(04)23274275,(04)23288582,2025,5,12,13,15,臺中市,沙鹿區,0,1,0,7,2,6,60,3,8,1,5,4,6,6,1,1,1,3,4,1,12,3,10,3,1,B03,7,5,1,8,2,5,,11,11,1,12,4,120.60079,24.249871,2
4452,66000,387130000C,(04)23274275,(04)23288582,2025,5,12,13,23,臺中市,豐原區,0,1,0,7,2,6,30,13,9,1,5,4,6,6,4,4,10,5,5,2,17,3,10,5,4,B03,7,1,1,8,2,1,,51,51,1,12,4,120.719404,24.266258,2
4453,66000,387130000C,(04)23274275,(04)23288582,2025,5,12,13,28,臺中市,東區,0,0,0,7,,,30,,,,,,,,,,,,,,17,,,,,B03,,,1,,1,,,49,49,1,12,4,120.684287,24.129124,3
4454,66000,387130000C,(04)23274275,(04)23288582,2025,5,12,13,33,臺中市,神岡區,0,1,0,7,2,6,50,3,1,1,5,4,6,6,1,1,10,5,5,2,16,3,10,5,4,B03,7,6,1,8,2,5,,11,11,1,13,4,120.695651,24.239661,2
4455,66000,387130000C,(04)23274275,(04)23288582,2025,5,12,13,35,臺中市,神岡區,0,0,0,7,,,50,,,,,,,,,,,,,,14,,,,,B03,,,1,,1,,,78,78,1,12,4,120.684926,24.249647,3
4456,66000,387130000C,(04)23274275,(04)23288582,2025,5,12,13,36,臺中市,太平區,0,1,0,7,3,6,50,3,1,1,5,4,6,6,4,4,5,5,5,1,16,2,7,2,1,C03,7,6,1,10,2,11,,14,14,1,12,2,120.718638,24.126524,2
4457,66000,387130000C,(04)23274275,(04)23288582,2025,5,12,13,38,臺中市,北區,0,1,0,7,3,6,50,18,9,1,5,4,6,6,1,1,5,4,5,2,17,2,9,1,1,C03,7,9,1,10,2,12,,85,85,1,12,4,120.664115,24.162193,2
4458,66000,387130000C,(04)23274275,(04)23288582,2025,5,12,13,39,臺中市,西屯區,0,0,0,7,,,50,,,,,,,,,,,,,,13,,,,,B01,,,1,,2,,,7,7,1,13,4,120.647894,24.174161,3
4459,66000,387130000C,(04)23274275,(04)23288582,2025,5,12,13,40,臺中市,新社區,0,0,0,7,,,30,,,,,,,,,,,,,,,,,,,B12,,,1,,2,,,49,49,1,13,4,120.804553,24.234189,3
4460,66000,387130000C,(04)23274275,(04)23288582,2025,5,12,13,50,臺中市,太平區,0,0,0,7,,,50,,,,,,,,,,,,,,16,,,,,B03,,,1,,2,,,11,11,1,6,4,120.712582,24.144296,3
4461,66000,387130000C,(04)23274275,(04)23288582,2025,5,12,13,51,臺中市,大里區,0,2,0,6,1,6,50,4,1,1,5,4,6,6,1,1,10,5,5,2,15,2,9,1,1,C03,7,9,1,10,2,11,,21,21,1,12,4,120.680985,24.115182,2
4462,66000,387130000C,(04)23274275,(04)23288582,2025,5,12,13,54,臺中市,北屯區,0,2,0,7,2,6,40,4,1,1,5,4,6,6,2,1,5,5,4,2,15,2,8,2,1,C03,7,9,1,10,2,14,,21,21,1,12,4,120.724547,24.169405,2
4463,66000,387130000C,(04)23274275,(04)23288582,2025,5,12,13,58,臺中市,龍井區,0,0,0,7,,,50,,,,,,,,,,,,,,,,,,,B03,,,1,,2,,,15,15,1,12,4,120.514561,24.222137,3
4464,66000,387130000C,(04)23274275,(04)23288582,2025,5,12,13,59,臺中市,大里區,0,1,0,7,2,6,30,4,1,1,5,4,6,6,4,4,5,5,4,2,15,3,10,1,1,C03,7,14,1,10,2,13,,84,84,1,13,4,120.703218,24.108333,2
4465,66000,387130000C,(04)23274275,(04)23288582,2025,5,12,14,0,臺中市,西屯區,0,2,0,7,2,6,50,3,1,1,5,4,6,6,2,1,10,5,5,2,13,2,9,2,1,C03,7,9,1,10,2,11,,84,84,1,13,4,120.644553,24.161064,2
4466,66000,387130000C,(04)23274275,(04)23288582,2025,5,12,14,6,臺中市,西屯區,0,0,0,7,,,0,,,,,,,,,,,,,,13,,,,,F01,,,,,,,,84,84,1,,,120.655124,24.19022,4
4467,66000,387130000C,(04)23274275,(04)23288582,2025,5,12,14,16,臺中市,大里區,0,0,0,6,,,50,,,,,,,,,,,,,,17,,,,,B12,,,1,,2,,,51,51,1,12,4,120.67163,24.099019,3
4468,66000,387130000C,(04)23274275,(04)23288582,2025,5,12,14,19,臺中市,大里區,0,1,0,7,2,6,30,4,1,1,5,4,6,6,4,4,10,5,5,2,30,2,9,2,1,C03,7,9,1,11,2,14,,6,6,1,13,4,120.70613,24.083495,2
4469,66000,387130000C,(04)23274275,(04)23288582,2025,5,12,14,20,臺中市,梧棲區,0,0,0,7,,,30,,,,,,,,,,,,,,15,,,,,B12,,,1,,1,,,12,12,1,12,4,120.548332,24.250565,3
4470,66000,387130000C,(04)23274275,(04)23288582,2025,5,12,14,22,臺中市,烏日區,0,1,0,7,2,6,40,3,1,1,5,4,6,6,4,4,10,5,5,2,16,3,10,3,1,B12,7,6,1,7,2,5,,14,14,1,6,4,120.650304,24.093782,2
4471,66000,387130000C,(04)23274275,(04)23288582,2025,5,12,14,26,臺中市,大肚區,0,1,0,7,2,6,50,4,1,1,5,4,6,6,1,1,10,5,5,2,16,3,10,3,1,B03,7,6,1,8,2,5,,48,48,1,6,4,120.543669,24.15951,2
4472,66000,387130000C,(04)23274275,(04)23288582,2025,5,12,14,29,臺中市,清水區,0,1,0,7,3,6,50,4,1,1,5,4,6,6,1,1,1,4,4,2,16,2,8,1,1,C03,7,6,2,19,2,14,,48,48,1,12,4,120.575374,24.268685,2
4473,66000,387130000C,(04)23274275,(04)23288582,2025,5,12,14,32,臺中市,烏日區,0,1,0,7,1,6,50,13,8,1,5,4,6,6,4,4,5,5,4,1,3,2,9,6,5,H01,8,16,7,21,10,17,,95,95,1,12,5,120.621426,24.106601,2
4474,66000,387130000C,(04)23274275,(04)23288582,2025,5,12,14,34,臺中市,清水區,0,0,0,7,,,40,,,,,,,,,,,,,,,,,,,B12,,,1,,2,,,49,49,1,12,4,120.577067,24.27424,3
4475,66000,387130000C,(04)23274275,(04)23288582,2025,5,12,14,35,臺中市,南屯區,0,0,0,7,,,80,,,,,,,,,,,,,,16,,,,,B12,,,1,,1,,,40,40,1,13,4,120.621812,24.135192,3
4476,66000,387130000C,(04)23274275,(04)23288582,2025,5,12,14,35,臺中市,霧峰區,0,0,0,7,,,40,,,,,,,,,,,,,,,,,,,B03,,,1,,2,,,84,84,1,13,4,120.661568,24.055632,3
4477,66000,387130000C,(04)23274275,(04)23288582,2025,5,12,14,39,臺中市,西屯區,0,0,0,7,,,50,,,,,,,,,,,,,,12,,,,,B03,,,1,,2,,,51,51,1,13,4,120.637647,24.176688,3
4478,66000,387130000C,(04)23274275,(04)23288582,2025,5,12,14,43,臺中市,西屯區,0,0,0,7,,,50,,,,,,,,,,,,,,13,,,,,B03,,,1,,1,,,7,7,1,12,4,120.655771,24.19961,3
4479,66000,387130000C,(04)23274275,(04)23288582,2025,5,12,14,48,臺中市,西屯區,0,0,0,7,,,50,,,,,,,,,,,,,,12,,,,,C03,,,1,,1,,,8,8,1,13,4,120.639214,24.17983,4
4480,66000,387130000C,(04)23274275,(04)23288582,2025,5,12,14,48,臺中市,外埔區,0,0,0,7,,,30,,,,,,,,,,,,,,16,,,,,B03,,,1,,2,,,14,14,1,12,4,120.66071,24.321907,3
4481,66000,387130000C,(04)23274275,(04)23288582,2025,5,12,14,55,臺中市,南區,0,0,0,7,,,40,,,,,,,,,,,,,,15,,,,,B12,,,1,,9,,,84,84,2,6,4,120.656007,24.113909,3
4482,66000,387130000C,(04)23274275,(04)23288582,2025,5,12,15,1,臺中市,烏日區,0,2,0,7,2,6,30,11,9,1,5,4,6,6,4,4,10,5,5,1,11,3,10,5,4,C03,7,5,1,10,2,12,,59,59,1,13,4,120.587845,24.128415,2
4483,66000,387130000C,(04)23274275,(04)23288582,2025,5,12,15,5,臺中市,北區,0,1,0,7,2,6,50,4,9,1,5,4,6,6,2,1,5,5,5,2,17,2,9,1,1,C04,7,9,1,8,2,11,11,7,7,1,13,4,120.685859,24.155935,2
4484,66000,387130000C,(04)23274275,(04)23288582,2025,5,12,15,8,臺中市,太平區,0,0,0,7,,,80,,,,,,,,,,,,,,,,,,,B03,,,1,,1,,,7,7,1,12,4,120.71637,24.153371,3
4485,66000,387130000C,(04)23274275,(04)23288582,2025,5,12,15,9,臺中市,西屯區,0,0,0,7,,,80,,,,,,,,,,,,,,13,,,,,A11,,,1,,2,,,7,7,1,13,4,120.651212,24.197624,3