序號,縣市別代碼,機關代碼,市話,傳真,年,月,日,時,分,縣市,區,死亡數量,受傷數量,2-30,天候,道路照明設備,道路類別,道路速限,道路型態,事故位置,路面鋪裝,路面狀態,路面缺陷,障礙物,視距,號誌種類,號誌動作,分向設施,快車道或一般車道間,快慢車道間,路面邊線,事故類型及型態,受傷程度,主要傷處,保護裝備,行動電話或功能裝置,當事者區分(類別),車輛用途,當事者行動狀態,駕照狀態,駕照種類,飲酒情形,車輛撞擊部位最初,車輛撞擊部位其他,肇事因素個別,肇事因素主要,肇事逃逸,職業,共享經濟或外送平台,GPS座標X,GPS座標Y,事故類別
4821,66000,387130000C,(04)23274275,(04)23288582,2025,5,13,11,0,臺中市,沙鹿區,0,0,0,7,,,30,,,,,,,,,,,,,,14,,,,,B12,,,1,,1,,,49,49,1,6,4,120.557885,24.232293,3
4822,66000,387130000C,(04)23274275,(04)23288582,2025,5,13,11,0,臺中市,豐原區,0,0,0,7,,,50,,,,,,,,,,,,,,15,,,,,B03,,,1,,2,,,83,83,1,12,4,120.718801,24.25267,3
4823,66000,387130000C,(04)23274275,(04)23288582,2025,5,13,11,4,臺中市,南區,0,0,0,7,,,50,,,,,,,,,,,,,,17,,,,,B03,,,1,,1,,,48,48,1,12,4,120.681212,24.122156,3
4824,66000,387130000C,(04)23274275,(04)23288582,2025,5,13,11,5,臺中市,后里區,0,0,0,7,,,50,,,,,,,,,,,,,,12,,,,,A06,,,1,,2,,,8,8,1,12,4,120.689202,24.314444,3
4825,66000,387130000C,(04)23274275,(04)23288582,2025,5,13,11,6,臺中市,豐原區,0,1,0,7,2,6,50,3,1,1,5,4,1,6,2,1,1,4,5,2,17,2,9,2,1,C03,7,9,1,10,2,14,,59,59,1,12,4,120.701228,24.249123,2
4826,66000,387130000C,(04)23274275,(04)23288582,2025,5,13,11,9,臺中市,大里區,0,0,0,7,,,50,,,,,,,,,,,,,,17,,,,,A11,,,1,,1,,,84,84,1,12,4,120.706447,24.095009,3
4827,66000,387130000C,(04)23274275,(04)23288582,2025,5,13,11,9,臺中市,沙鹿區,0,1,0,7,2,6,60,3,2,1,5,4,6,6,1,1,3,3,3,1,17,3,10,5,4,A02,7,5,1,6,11,10,,94,94,1,13,4,120.62103,24.242262,2
4828,66000,387130000C,(04)23274275,(04)23288582,2025,5,13,11,15,臺中市,豐原區,0,2,0,7,2,6,50,3,2,1,5,4,6,6,1,1,5,5,4,2,13,2,9,1,4,C03,7,9,1,10,2,11,,84,84,1,12,4,120.717754,24.238486,2
4829,66000,387130000C,(04)23274275,(04)23288582,2025,5,13,11,22,臺中市,梧棲區,0,1,0,7,2,6,50,4,1,1,5,4,6,6,4,4,10,5,5,2,15,3,10,3,1,B12,7,9,1,8,2,8,,12,12,1,13,4,120.547495,24.233242,2
4830,66000,387130000C,(04)23274275,(04)23288582,2025,5,13,11,23,臺中市,北屯區,0,0,0,7,,,30,,,,,,,,,,,,,,9,,,,,A11,,,1,,2,,,8,8,1,6,4,120.664745,24.179624,3
4831,66000,387130000C,(04)23274275,(04)23288582,2025,5,13,11,23,臺中市,霧峰區,0,0,0,7,,,40,,,,,,,,,,,,,,13,,,,,B12,,,1,,2,,,7,7,1,13,4,120.695411,24.065894,3
4832,66000,387130000C,(04)23274275,(04)23288582,2025,5,13,11,25,臺中市,豐原區,0,1,0,7,2,6,50,3,9,1,5,4,6,6,4,4,5,5,5,2,16,2,9,1,1,C03,7,6,1,10,2,11,,39,39,1,12,4,120.72587,24.253055,2
4833,66000,387130000C,(04)23274275,(04)23288582,2025,5,13,11,31,臺中市,北區,0,1,0,7,2,6,50,4,1,1,5,4,6,6,2,1,10,5,5,2,16,3,10,3,1,B03,7,6,1,8,2,5,,59,59,1,12,4,120.673773,24.165153,2
4834,66000,387130000C,(04)23274275,(04)23288582,2025,5,13,11,34,臺中市,北屯區,0,0,0,7,,,50,,,,,,,,,,,,,,,,,,,B03,,,1,,1,,,7,7,1,12,4,120.694259,24.16491,3
4835,66000,387130000C,(04)23274275,(04)23288582,2025,5,13,11,39,臺中市,南區,0,0,0,7,,,50,,,,,,,,,,,,,,17,,,,,B03,,,1,,1,,,49,49,1,12,4,120.655838,24.11506,3
4836,66000,387130000C,(04)23274275,(04)23288582,2025,5,13,11,39,臺中市,西屯區,0,2,0,7,2,6,50,13,9,1,5,4,6,6,4,4,1,4,5,2,12,2,9,2,1,C03,7,1,1,10,2,14,,51,51,1,12,4,120.607553,24.187152,2
4837,66000,387130000C,(04)23274275,(04)23288582,2025,5,13,11,40,臺中市,南屯區,0,1,0,7,2,6,50,3,2,1,5,4,6,6,1,1,5,5,5,2,17,3,10,3,1,B03,7,11,1,8,1,4,,39,39,1,13,4,120.654596,24.138908,2
4838,66000,387130000C,(04)23274275,(04)23288582,2025,5,13,11,40,臺中市,烏日區,0,1,0,7,2,6,30,13,9,1,5,4,6,3,4,4,10,5,5,2,3,2,8,6,5,H01,8,16,7,21,10,17,,109,109,1,6,5,120.639556,24.10358,2
4839,66000,387130000C,(04)23274275,(04)23288582,2025,5,13,11,43,臺中市,大雅區,0,0,0,7,,,40,,,,,,,,,,,,,,,,,,,C03,,,1,,2,,,49,49,1,13,4,120.649794,24.222012,3
4840,66000,387130000C,(04)23274275,(04)23288582,2025,5,13,11,45,臺中市,北屯區,0,1,0,7,2,6,50,13,8,1,5,4,6,6,4,4,5,4,4,2,12,3,10,4,1,B03,7,15,1,8,2,4,,76,76,1,12,4,120.666121,24.191808,2
4841,66000,387130000C,(04)23274275,(04)23288582,2025,5,13,11,47,臺中市,南區,0,1,0,7,3,6,40,13,8,1,5,4,6,6,4,4,9,5,4,2,17,3,10,2,1,C03,7,1,1,10,1,11,,51,51,1,6,2,120.683277,24.12628,2
4842,66000,387130000C,(04)23274275,(04)23288582,2025,5,13,11,47,臺中市,霧峰區,0,0,0,7,,,60,,,,,,,,,,,,,,,,,,,B03,,,1,,2,,,56,56,1,13,4,120.696795,24.026,3
4843,66000,387130000C,(04)23274275,(04)23288582,2025,5,13,11,49,臺中市,太平區,0,0,0,7,,,50,,,,,,,,,,,,,,21,,,,,A12,,,1,,2,,,93,93,1,12,4,120.717699,24.158471,3
4844,66000,387130000C,(04)23274275,(04)23288582,2025,5,13,11,52,臺中市,北區,0,2,0,7,2,6,50,4,1,1,5,4,6,6,2,1,2,4,4,2,13,2,9,1,1,C03,7,6,1,10,2,11,14,7,7,1,13,4,120.687399,24.155637,2
4845,66000,387130000C,(04)23274275,(04)23288582,2025,5,13,11,52,臺中市,南區,0,1,0,7,2,6,40,3,1,1,5,4,6,6,4,4,10,5,5,2,17,3,10,3,1,B03,7,1,1,8,2,8,,51,51,1,12,4,120.674185,24.128799,2
4846,66000,387130000C,(04)23274275,(04)23288582,2025,5,13,11,53,臺中市,西屯區,0,2,0,7,2,6,50,4,1,1,5,4,6,6,2,1,10,5,5,2,16,2,9,2,1,C03,7,6,3,19,2,12,,11,11,1,13,4,120.636996,24.172147,2
4847,66000,387130000C,(04)23274275,(04)23288582,2025,5,13,11,55,臺中市,南區,0,2,0,7,2,6,50,4,2,1,5,4,6,6,2,1,3,4,4,2,12,2,9,2,1,C03,7,9,1,10,2,11,,84,84,1,13,4,120.66224,24.122571,2
4848,66000,387130000C,(04)23274275,(04)23288582,2025,5,13,11,55,臺中市,清水區,0,1,0,7,3,6,50,3,1,1,5,4,6,6,4,4,1,4,4,2,16,3,10,3,1,B12,7,5,1,8,2,5,,20,20,1,12,4,120.549602,24.265551,2
4849,66000,387130000C,(04)23274275,(04)23288582,2025,5,13,12,0,臺中市,北屯區,0,1,0,7,2,6,50,4,1,1,5,4,6,6,4,4,10,5,5,2,15,3,10,3,1,B03,7,9,1,8,2,1,,15,15,1,12,4,120.715878,24.170899,2
4850,66000,387130000C,(04)23274275,(04)23288582,2025,5,13,12,0,臺中市,西屯區,0,0,0,7,,,50,,,,,,,,,,,,,,14,,,,,A12,,,1,,1,,,49,49,1,12,4,120.637327,24.174229,3
4851,66000,387130000C,(04)23274275,(04)23288582,2025,5,13,12,7,臺中市,西區,0,1,0,7,2,6,50,4,1,1,5,4,6,6,1,1,10,5,5,2,15,2,8,1,1,C03,7,9,1,10,2,12,,15,15,1,13,4,120.660184,24.155275,2
4852,66000,387130000C,(04)23274275,(04)23288582,2025,5,13,12,8,臺中市,梧棲區,0,0,0,7,,,60,,,,,,,,,,,,,,12,,,,,C01,,,1,,1,,,8,8,1,12,4,120.535631,24.248706,3
4853,66000,387130000C,(04)23274275,(04)23288582,2025,5,13,12,10,臺中市,龍井區,0,0,0,7,,,40,,,,,,,,,,,,,,,,,,,B13,,,1,,1,,,49,49,1,12,4,120.575632,24.177897,3
4854,66000,387130000C,(04)23274275,(04)23288582,2025,5,13,12,12,臺中市,西屯區,0,2,0,7,2,6,35,13,8,1,5,4,6,6,4,4,1,5,5,1,17,2,9,2,1,C03,7,11,1,10,2,11,,26,26,1,12,4,120.630524,24.173254,2
4855,66000,387130000C,(04)23274275,(04)23288582,2025,5,13,12,13,臺中市,南屯區,0,0,0,7,,,40,,,,,,,,,,,,,,16,,,,,B01,,,1,,2,,,84,84,1,13,4,120.614202,24.153645,3
4856,66000,387130000C,(04)23274275,(04)23288582,2025,5,13,12,15,臺中市,西屯區,0,3,0,7,2,6,30,3,1,1,5,4,6,6,4,4,10,5,5,2,16,2,9,5,4,C03,7,6,1,10,2,11,,14,14,1,12,4,120.64442,24.17758,2
4857,66000,387130000C,(04)23274275,(04)23288582,2025,5,13,12,15,臺中市,西屯區,0,1,0,7,3,6,30,13,9,1,5,4,6,6,4,4,10,5,5,2,13,2,8,1,4,C03,7,9,1,12,2,14,,7,7,1,12,4,120.664455,24.165068,2
4858,66000,387130000C,(04)23274275,(04)23288582,2025,5,13,12,15,臺中市,大里區,0,0,0,7,2,3,80,13,9,1,5,4,5,6,4,4,1,3,5,1,30,,,,,C03,,,1,,2,,,87,87,1,13,4,120.683134,24.085766,3
4859,66000,387130000C,(04)23274275,(04)23288582,2025,5,13,12,17,臺中市,北屯區,0,0,0,7,,,50,,,,,,,,,,,,,,,,,,,B12,,,1,,2,,,40,40,1,6,4,120.685374,24.201509,3
4860,66000,387130000C,(04)23274275,(04)23288582,2025,5,13,12,21,臺中市,南區,0,2,0,7,3,6,30,4,1,1,5,4,6,6,4,4,10,5,5,2,15,2,9,2,1,C03,7,9,1,10,2,12,,15,15,1,12,4,120.681746,24.130287,2
4861,66000,387130000C,(04)23274275,(04)23288582,2025,5,13,12,24,臺中市,潭子區,0,0,0,7,,,50,,,,,,,,,,,,,,,,,,,C03,,,1,,2,,,84,84,1,13,4,120.703141,24.207778,3
4862,66000,387130000C,(04)23274275,(04)23288582,2025,5,13,12,24,臺中市,北區,0,1,0,7,3,6,50,4,9,1,5,4,6,6,1,1,1,4,5,2,17,2,8,1,1,C03,7,9,1,10,2,11,,7,7,1,12,4,120.669177,24.162989,2
4863,66000,387130000C,(04)23274275,(04)23288582,2025,5,13,12,25,臺中市,南屯區,0,2,0,7,2,6,40,3,2,1,5,4,6,6,4,4,8,5,5,2,12,2,9,2,4,C03,7,15,1,10,2,11,,84,84,1,13,4,120.640171,24.138714,2
4864,66000,387130000C,(04)23274275,(04)23288582,2025,5,13,12,28,臺中市,西屯區,0,0,0,7,,,50,,,,,,,,,,,,,,17,,,,,B03,,,3,,1,,,40,40,2,12,4,120.599166,24.192026,3
4865,66000,387130000C,(04)23274275,(04)23288582,2025,5,13,12,32,臺中市,西區,0,0,0,7,,,50,,,,,,,,,,,,,,,,,,,,,,,,,,,119,119,1,,,120.668892,24.132286,3
4866,66000,387130000C,(04)23274275,(04)23288582,2025,5,13,12,33,臺中市,外埔區,0,0,0,7,2,6,50,3,7,1,5,4,6,6,1,1,4,5,4,1,13,3,10,3,1,B03,7,9,1,8,2,1,,84,84,1,12,4,120.637734,24.342599,3
4867,66000,387130000C,(04)23274275,(04)23288582,2025,5,13,12,40,臺中市,沙鹿區,0,0,0,7,2,6,40,13,14,1,5,4,6,6,4,4,4,3,4,2,16,,,,,C03,,,1,,1,,,84,84,1,12,4,120.570902,24.238198,3
4868,66000,387130000C,(04)23274275,(04)23288582,2025,5,13,12,40,臺中市,豐原區,0,1,0,7,2,6,50,13,8,1,5,4,6,6,4,4,5,4,4,2,12,2,8,2,1,C03,7,9,1,10,2,12,,8,8,1,6,4,120.707305,24.254883,2
4869,66000,387130000C,(04)23274275,(04)23288582,2025,5,13,12,42,臺中市,北屯區,0,1,0,7,2,6,50,4,1,1,5,4,6,6,2,1,1,4,5,2,11,3,10,3,1,B03,7,7,1,8,2,1,,40,40,1,12,4,120.673786,24.174055,2
4870,66000,387130000C,(04)23274275,(04)23288582,2025,5,13,12,45,臺中市,潭子區,0,1,0,7,2,6,30,4,2,1,5,3,1,6,4,4,10,5,5,2,24,,,,,,,,,,,,,116,116,1,,,120.70403,24.190741,2
4871,66000,387130000C,(04)23274275,(04)23288582,2025,5,13,12,45,臺中市,南屯區,0,1,0,7,1,6,50,4,1,1,5,4,6,6,2,1,10,5,5,2,17,3,10,3,1,B03,7,5,1,8,2,2,,11,11,1,6,4,120.63363,24.148275,2
4872,66000,387130000C,(04)23274275,(04)23288582,2025,5,13,12,46,臺中市,中區,0,1,0,7,2,6,50,13,9,1,5,4,6,6,4,4,5,4,5,2,13,3,10,3,1,B03,7,9,1,8,2,1,,84,84,1,12,4,120.680994,24.14383,2
4873,66000,387130000C,(04)23274275,(04)23288582,2025,5,13,12,53,臺中市,西區,0,0,0,7,,,50,,,,,,,,,,,,,,,,,,,B03,,,1,,1,,,49,49,1,6,4,120.662855,24.151586,3
4874,66000,387130000C,(04)23274275,(04)23288582,2025,5,13,12,53,臺中市,大里區,0,1,0,7,2,6,50,4,1,1,5,4,6,6,1,1,10,5,5,2,17,3,10,3,1,B03,7,1,1,8,2,16,,51,51,1,12,4,120.688235,24.101743,2
4875,66000,387130000C,(04)23274275,(04)23288582,2025,5,13,12,53,臺中市,沙鹿區,0,1,0,7,2,6,30,3,1,1,5,4,6,6,4,4,10,5,5,2,17,3,10,1,1,C03,7,6,1,10,2,16,,48,48,1,6,4,120.575561,24.222165,2
4876,66000,387130000C,(04)23274275,(04)23288582,2025,5,13,12,55,臺中市,太平區,0,1,0,7,2,6,40,13,8,1,5,4,6,6,4,4,5,4,4,2,17,2,9,5,4,C03,7,9,1,10,2,12,,84,84,1,6,4,120.716273,24.133749,2
4877,66000,387130000C,(04)23274275,(04)23288582,2025,5,13,12,58,臺中市,霧峰區,0,2,0,7,2,6,50,4,1,1,5,4,6,6,3,1,10,5,5,2,15,2,7,2,1,C03,7,9,1,10,2,11,,20,20,1,13,4,120.700082,24.067368,2
4878,66000,387130000C,(04)23274275,(04)23288582,2025,5,13,13,0,臺中市,西屯區,0,0,0,7,,,60,,,,,,,,,,,,,,13,,,,,B03,,,3,,1,,,7,7,1,13,4,120.653251,24.16064,3
4879,66000,387130000C,(04)23274275,(04)23288582,2025,5,13,13,2,臺中市,南屯區,0,0,0,7,,,10,,,,,,,,,,,,,,17,,,,,C03,,,1,,9,,,50,50,1,12,4,120.610334,24.135676,3
4880,66000,387130000C,(04)23274275,(04)23288582,2025,5,13,13,10,臺中市,西屯區,0,0,0,7,,,30,,,,,,,,,,,,,,17,,,,,B03,,,1,,1,,,8,8,1,13,4,120.642966,24.166776,3
4881,66000,387130000C,(04)23274275,(04)23288582,2025,5,13,13,11,臺中市,大里區,0,1,0,7,2,6,50,13,9,1,5,4,6,6,1,1,3,4,5,1,17,3,10,3,1,B02,7,14,1,8,2,8,,76,76,1,13,4,120.696796,24.084513,2
4882,66000,387130000C,(04)23274275,(04)23288582,2025,5,13,13,20,臺中市,太平區,0,1,0,7,2,6,50,3,1,1,5,4,6,6,4,4,10,5,5,2,17,3,10,3,1,B13,7,6,1,8,2,1,,14,14,1,12,4,120.723398,24.126192,2
4883,66000,387130000C,(04)23274275,(04)23288582,2025,5,13,13,20,臺中市,東勢區,0,1,0,7,2,6,30,13,9,1,5,4,6,6,4,4,10,5,5,2,18,2,7,1,4,C03,7,1,1,10,2,14,,84,84,1,12,4,120.829019,24.250316,2
4884,66000,387130000C,(04)23274275,(04)23288582,2025,5,13,13,35,臺中市,南屯區,0,1,0,7,2,6,50,4,1,1,5,4,6,6,2,1,9,4,5,2,11,3,10,3,1,B03,7,6,1,8,2,6,,11,11,1,12,4,120.652977,24.141847,2
4885,66000,387130000C,(04)23274275,(04)23288582,2025,5,13,13,36,臺中市,南區,0,2,0,7,3,6,50,13,9,1,5,4,6,6,4,4,5,4,5,2,17,2,9,3,1,B03,7,9,1,8,2,5,,84,84,1,13,4,120.684431,24.13135,2
4886,66000,387130000C,(04)23274275,(04)23288582,2025,5,13,13,36,臺中市,大里區,0,1,0,7,2,6,50,3,1,1,5,4,6,6,4,4,5,5,5,1,16,2,9,1,1,C03,7,4,1,10,2,14,,1,1,1,13,4,120.701588,24.099688,2
4887,66000,387130000C,(04)23274275,(04)23288582,2025,5,13,13,48,臺中市,大里區,0,1,0,7,2,6,50,4,2,1,5,4,6,6,1,1,10,5,5,1,16,2,8,4,1,F01,7,9,7,21,9,11,,21,21,1,12,4,120.692636,24.121261,2
4888,66000,387130000C,(04)23274275,(04)23288582,2025,5,13,13,48,臺中市,大甲區,0,1,0,7,2,6,30,4,1,1,5,4,6,6,4,4,10,5,5,2,16,3,10,3,1,B03,7,6,1,8,2,8,,14,14,1,6,4,120.616406,24.348514,2
4889,66000,387130000C,(04)23274275,(04)23288582,2025,5,13,13,50,臺中市,烏日區,0,0,0,7,,,60,,,,,,,,,,,,,,17,,,,,A12,,,1,,2,,,84,84,1,6,4,120.648345,24.085851,3
4890,66000,387130000C,(04)23274275,(04)23288582,2025,5,13,13,52,臺中市,南區,0,0,0,7,,,30,,,,,,,,,,,,,,14,,,,,B03,,,1,,2,,,49,49,1,12,4,120.652521,24.115562,3
4891,66000,387130000C,(04)23274275,(04)23288582,2025,5,13,13,55,臺中市,清水區,0,2,0,7,3,6,50,3,1,1,5,4,6,6,4,4,9,4,5,1,16,2,8,1,1,C03,7,11,1,10,2,11,,4,4,1,12,4,120.570493,24.269389,2
4892,66000,387130000C,(04)23274275,(04)23288582,2025,5,13,13,58,臺中市,北屯區,0,0,0,7,,,50,,,,,,,,,,,,,,9,,,,,C03,,,1,,2,,,84,84,1,6,4,120.699578,24.160482,3
4893,66000,387130000C,(04)23274275,(04)23288582,2025,5,13,14,0,臺中市,龍井區,0,0,0,7,,,50,,,,,,,,,,,,,,14,,,,,B03,,,1,,2,,,49,49,1,6,4,120.559783,24.201974,3
4894,66000,387130000C,(04)23274275,(04)23288582,2025,5,13,14,0,臺中市,神岡區,0,0,0,7,1,6,50,13,9,1,5,4,6,6,1,1,1,4,5,1,13,,,,,B03,,,3,,2,,,55,55,1,12,4,120.687565,24.24734,3
4895,66000,387130000C,(04)23274275,(04)23288582,2025,5,13,14,3,臺中市,大里區,0,2,0,7,2,6,50,3,1,1,5,4,6,6,4,4,10,5,5,2,17,2,9,1,1,C03,7,9,3,19,2,11,,34,34,1,12,4,120.70119,24.110679,2
4896,66000,387130000C,(04)23274275,(04)23288582,2025,5,13,14,4,臺中市,南區,0,0,0,7,,,50,,,,,,,,,,,,,,13,,,,,B03,,,1,,1,,,84,84,1,12,4,120.661886,24.129335,3
4897,66000,387130000C,(04)23274275,(04)23288582,2025,5,13,14,4,臺中市,西屯區,0,0,0,7,3,6,50,13,9,1,5,4,6,6,4,4,5,5,5,2,17,,,,,B03,,,1,,1,,,50,50,1,12,4,120.618784,24.178083,3
4898,66000,387130000C,(04)23274275,(04)23288582,2025,5,13,14,11,臺中市,南區,0,1,0,7,3,6,50,4,1,1,5,4,6,6,1,1,10,5,5,2,18,2,9,2,1,C03,7,9,1,10,2,16,,84,84,1,12,4,120.675528,24.131328,2
4899,66000,387130000C,(04)23274275,(04)23288582,2025,5,13,14,15,臺中市,西屯區,0,0,0,7,,,50,,,,,,,,,,,,,,16,,,,,C03,,,1,,1,,,12,12,1,12,4,120.649939,24.163302,3
4900,66000,387130000C,(04)23274275,(04)23288582,2025,5,13,14,19,臺中市,西區,0,1,0,7,2,6,50,13,8,1,5,4,6,6,4,4,1,4,4,2,12,3,10,3,1,B12,7,7,1,8,2,6,,40,40,1,12,4,120.65712,24.140839,2
4901,66000,387130000C,(04)23274275,(04)23288582,2025,5,13,14,19,臺中市,南區,0,0,0,7,,,50,,,,,,,,,,,,,,17,,,,,B03,,,1,,1,,,50,50,1,12,4,120.662369,24.125364,3
4902,66000,387130000C,(04)23274275,(04)23288582,2025,5,13,14,23,臺中市,北屯區,0,0,0,7,,,50,,,,,,,,,,,,,,14,,,,,B12,,,1,,1,,,49,49,1,6,4,120.72659,24.165859,3
4903,66000,387130000C,(04)23274275,(04)23288582,2025,5,13,14,34,臺中市,東區,0,0,0,7,,,30,,,,,,,,,,,,,,14,,,,,B12,,,1,,1,,,49,49,1,6,4,120.703048,24.130948,3
4904,66000,387130000C,(04)23274275,(04)23288582,2025,5,13,14,34,臺中市,南屯區,0,0,0,7,,,80,,,,,,,,,,,,,,,,,,,B02,,,1,,1,,,40,40,1,12,4,120.620413,24.131384,3
4905,66000,387130000C,(04)23274275,(04)23288582,2025,5,13,14,36,臺中市,大里區,0,0,0,7,,,40,,,,,,,,,,,,,,,,,,,,,,,,,,,86,86,1,,,120.676281,24.080613,3
4906,66000,387130000C,(04)23274275,(04)23288582,2025,5,13,14,36,臺中市,烏日區,0,0,0,7,,,50,,,,,,,,,,,,,,14,,,,,B12,,,1,,1,,,49,49,1,13,4,120.645454,24.086027,3
4907,66000,387130000C,(04)23274275,(04)23288582,2025,5,13,14,37,臺中市,烏日區,0,0,0,7,2,6,40,13,9,1,5,4,6,6,4,4,10,5,5,1,25,,,,,B02,,,1,,2,,,84,84,1,6,4,120.653724,24.090895,3
4908,66000,387130000C,(04)23274275,(04)23288582,2025,5,13,14,41,臺中市,北區,0,0,0,7,,,50,,,,,,,,,,,,,,17,,,,,B03,,,1,,2,2,,8,8,1,12,4,120.685717,24.163103,3
4909,66000,387130000C,(04)23274275,(04)23288582,2025,5,13,14,41,臺中市,清水區,0,1,0,7,3,6,50,3,1,1,5,4,6,6,4,4,9,4,4,2,17,3,10,3,1,B03,7,11,1,8,2,4,,45,45,1,12,4,120.577916,24.26784,2
4910,66000,387130000C,(04)23274275,(04)23288582,2025,5,13,14,44,臺中市,大雅區,0,0,0,7,,,50,,,,,,,,,,,,,,,,,,,B03,,,1,,1,,,47,47,1,13,4,120.644876,24.221476,3
4911,66000,387130000C,(04)23274275,(04)23288582,2025,5,13,14,45,臺中市,豐原區,0,0,0,7,2,6,50,13,14,1,5,4,6,6,4,4,5,5,5,1,14,3,10,3,1,A12,7,2,1,1,1,3,,49,49,1,12,4,120.724135,24.221868,3
4912,66000,387130000C,(04)23274275,(04)23288582,2025,5,13,14,48,臺中市,西區,0,0,0,7,,,50,,,,,,,,,,,,,,,,,,,B03,,,1,,1,,,40,40,1,6,4,120.661699,24.150845,3
4913,66000,387130000C,(04)23274275,(04)23288582,2025,5,13,14,52,臺中市,龍井區,0,0,0,7,,,50,,,,,,,,,,,,,,,,,,,B03,,,1,,2,,,23,23,1,6,4,120.514072,24.198408,3
4914,66000,387130000C,(04)23274275,(04)23288582,2025,5,13,14,59,臺中市,南屯區,0,0,0,7,3,6,50,13,9,1,5,4,6,6,4,4,10,5,5,2,17,,,,,B03,,,1,,1,,,51,51,1,12,4,120.611798,24.141958,3
4915,66000,387130000C,(04)23274275,(04)23288582,2025,5,13,15,1,臺中市,西屯區,0,0,0,7,,,50,,,,,,,,,,,,,,12,,,,,B03,,,1,,2,,,8,8,1,12,4,120.614245,24.174777,3
4916,66000,387130000C,(04)23274275,(04)23288582,2025,5,13,15,6,臺中市,西區,0,1,0,7,2,6,50,4,1,1,5,4,6,6,2,1,10,5,5,2,18,2,9,1,1,C03,7,9,1,10,2,14,,43,43,1,6,4,120.661688,24.140163,2
4917,66000,387130000C,(04)23274275,(04)23288582,2025,5,13,15,7,臺中市,北屯區,0,0,0,7,,,50,,,,,,,,,,,,,,13,,,,,C03,,,1,,2,,,7,7,1,13,4,120.685027,24.193567,3
4918,66000,387130000C,(04)23274275,(04)23288582,2025,5,13,15,8,臺中市,東區,0,0,0,7,,,50,,,,,,,,,,,,,,13,,,,,B03,,,1,,2,,,84,84,1,12,4,120.697296,24.147958,3
4919,66000,387130000C,(04)23274275,(04)23288582,2025,5,13,15,9,臺中市,東區,0,1,0,7,2,6,50,3,1,1,5,4,6,6,4,4,10,5,5,2,16,3,10,3,1,B03,7,6,1,8,2,2,,14,14,1,12,4,120.708915,24.149247,2
4920,66000,387130000C,(04)23274275,(04)23288582,2025,5,13,15,13,臺中市,霧峰區,0,1,0,7,2,6,40,3,1,1,5,4,6,6,4,4,10,5,5,2,13,3,10,3,1,B03,7,6,1,8,2,1,,84,84,1,6,4,120.684221,24.020032,2
4921,66000,387130000C,(04)23274275,(04)23288582,2025,5,13,15,15,臺中市,北屯區,0,1,0,7,2,6,50,3,1,1,5,4,6,6,4,4,10,4,5,2,17,3,10,3,1,B03,7,1,1,8,2,4,,51,51,1,12,4,120.71107,24.172113,2
4922,66000,387130000C,(04)23274275,(04)23288582,2025,5,13,15,18,臺中市,南屯區,0,1,0,7,2,6,50,13,9,1,5,4,6,6,4,4,9,4,5,2,17,2,9,1,1,C04,7,9,1,10,2,14,,84,84,1,12,4,120.644055,24.143749,2
4923,66000,387130000C,(04)23274275,(04)23288582,2025,5,13,15,19,臺中市,大里區,0,0,0,7,,,40,,,,,,,,,,,,,,,,,,,C03,,,1,,2,,,7,7,1,12,4,120.688227,24.094453,3
4924,66000,387130000C,(04)23274275,(04)23288582,2025,5,13,15,20,臺中市,和平區,0,0,0,7,3,9,30,12,9,1,5,4,6,6,4,4,10,5,5,1,16,3,10,3,1,B13,7,15,1,3,2,2,,8,8,1,12,4,121.259384,24.255756,3
4925,66000,387130000C,(04)23274275,(04)23288582,2025,5,13,15,23,臺中市,大雅區,0,1,0,7,1,6,50,4,1,1,5,4,6,6,1,1,5,5,5,1,17,3,10,3,1,B12,7,9,1,2,2,4,,21,21,1,13,4,120.655125,24.228298,2
4926,66000,387130000C,(04)23274275,(04)23288582,2025,5,13,15,23,臺中市,南區,0,2,0,7,3,6,30,4,1,1,5,4,6,6,4,4,10,5,5,2,15,2,9,5,4,C03,7,9,1,10,2,11,,15,15,1,12,4,120.666636,24.12229,2
4927,66000,387130000C,(04)23274275,(04)23288582,2025,5,13,15,30,臺中市,中區,0,0,0,7,,,50,,,,,,,,,,,,,,,,,,,C03,,,1,,1,,,84,84,1,12,4,120.678567,24.141503,3
4928,66000,387130000C,(04)23274275,(04)23288582,2025,5,13,15,30,臺中市,清水區,0,1,0,7,3,6,40,4,1,1,5,4,6,6,2,1,2,4,4,1,16,2,9,1,1,C03,7,9,1,10,2,11,,6,6,1,12,4,120.563091,24.263853,2
4929,66000,387130000C,(04)23274275,(04)23288582,2025,5,13,15,31,臺中市,西區,0,0,0,7,,,50,,,,,,,,,,,,,,,,,,,B12,,,1,,2,,,40,40,1,6,4,120.663795,24.146611,3
4930,66000,387130000C,(04)23274275,(04)23288582,2025,5,13,15,31,臺中市,烏日區,0,1,0,7,3,6,50,3,1,1,5,4,6,6,4,4,10,5,4,2,16,2,9,2,1,C03,7,6,1,10,2,12,,13,13,1,12,4,120.600649,24.111989,2