序號,縣市別代碼,機關代碼,市話,傳真,年,月,日,時,分,縣市,區,死亡數量,受傷數量,2-30,天候,道路照明設備,道路類別,道路速限,道路型態,事故位置,路面鋪裝,路面狀態,路面缺陷,障礙物,視距,號誌種類,號誌動作,分向設施,快車道或一般車道間,快慢車道間,路面邊線,事故類型及型態,受傷程度,主要傷處,保護裝備,行動電話或功能裝置,當事者區分(類別),車輛用途,當事者行動狀態,駕照狀態,駕照種類,飲酒情形,車輛撞擊部位最初,車輛撞擊部位其他,肇事因素個別,肇事因素主要,肇事逃逸,職業,共享經濟或外送平台,GPS座標X,GPS座標Y,事故類別
4931,66000,387130000C,(04)23274275,(04)23288582,2025,5,13,15,32,臺中市,潭子區,0,1,0,7,2,6,50,13,9,1,5,4,6,6,4,4,5,5,5,1,13,2,9,2,1,C03,7,9,1,10,2,11,,59,59,1,13,4,120.70639,24.204148,2
4932,66000,387130000C,(04)23274275,(04)23288582,2025,5,13,15,33,臺中市,西區,0,0,0,7,,,50,,,,,,,,,,,,,,17,,,,,B03,,,1,,1,,,84,84,1,12,4,120.670682,24.149887,3
4933,66000,387130000C,(04)23274275,(04)23288582,2025,5,13,15,34,臺中市,大里區,0,2,0,7,2,6,50,4,1,1,5,4,6,6,1,1,5,4,5,2,15,2,9,2,1,C03,7,9,1,10,2,11,,21,21,1,12,4,120.672465,24.104281,2
4934,66000,387130000C,(04)23274275,(04)23288582,2025,5,13,15,35,臺中市,南屯區,0,0,0,7,,,50,,,,,,,,,,,,,,13,,,,,B12,,,1,,2,,,84,84,1,12,4,120.622888,24.140467,3
4935,66000,387130000C,(04)23274275,(04)23288582,2025,5,13,15,37,臺中市,北屯區,0,2,0,7,2,6,30,4,1,1,5,4,6,6,4,4,10,5,5,2,15,3,10,1,1,C03,7,9,1,10,2,11,,15,15,1,6,4,120.66838,24.178866,2
4936,66000,387130000C,(04)23274275,(04)23288582,2025,5,13,15,40,臺中市,北屯區,0,1,0,7,2,6,50,13,9,1,5,4,6,6,4,4,9,5,5,2,11,3,10,3,1,B03,7,11,1,8,2,5,,45,45,1,12,4,120.721916,24.169969,2
4937,66000,387130000C,(04)23274275,(04)23288582,2025,5,13,15,40,臺中市,梧棲區,0,1,0,7,2,6,50,3,1,1,5,4,6,6,3,1,10,5,5,2,16,3,10,3,1,A41,7,5,1,1,2,2,,14,14,1,12,4,120.536178,24.265628,2
4938,66000,387130000C,(04)23274275,(04)23288582,2025,5,13,15,42,臺中市,霧峰區,0,0,0,7,,,50,,,,,,,,,,,,,,13,,,,,B03,,,1,,1,,,7,7,1,12,4,120.662454,24.06873,3
4939,66000,387130000C,(04)23274275,(04)23288582,2025,5,13,15,47,臺中市,豐原區,0,0,0,7,,,50,,,,,,,,,,,,,,17,,,,,B03,,,1,,1,,,11,11,1,12,4,120.708833,24.245611,3
4940,66000,387130000C,(04)23274275,(04)23288582,2025,5,13,15,47,臺中市,豐原區,0,1,0,7,2,6,30,13,9,1,5,4,6,6,4,4,10,5,5,2,17,3,10,3,1,B12,7,1,1,8,2,5,,51,51,1,13,4,120.720213,24.251222,2
4941,66000,387130000C,(04)23274275,(04)23288582,2025,5,13,15,50,臺中市,西區,0,1,0,7,3,6,50,4,2,1,4,4,6,6,1,1,1,4,5,2,13,3,10,3,1,B03,7,5,1,8,1,1,,7,7,1,6,4,120.661688,24.140163,2
4942,66000,387130000C,(04)23274275,(04)23288582,2025,5,13,15,50,臺中市,西區,0,1,0,7,2,6,50,4,1,1,5,4,6,6,4,4,5,5,5,2,15,3,10,3,1,B03,7,9,1,8,2,2,,12,12,1,12,4,120.660215,24.149024,2
4943,66000,387130000C,(04)23274275,(04)23288582,2025,5,13,15,50,臺中市,太平區,0,0,0,7,,,30,,,,,,,,,,,,,,,,,,,A12,,,1,,2,,,84,84,1,6,4,120.712418,24.129501,3
4944,66000,387130000C,(04)23274275,(04)23288582,2025,5,13,15,54,臺中市,西屯區,0,0,0,7,,,50,,,,,,,,,,,,,,13,,,,,B03,,,1,,1,,,59,59,1,13,4,120.619882,24.184148,3
4945,66000,387130000C,(04)23274275,(04)23288582,2025,5,13,15,58,臺中市,豐原區,0,0,0,7,,,50,,,,,,,,,,,,,,13,,,,,B03,,,1,,2,,,7,7,1,12,4,120.722306,24.254021,3
4946,66000,387130000C,(04)23274275,(04)23288582,2025,5,13,16,0,臺中市,東區,0,0,0,7,,,50,,,,,,,,,,,,,,30,,,,,B03,,,1,,9,,,59,59,1,6,4,120.696562,24.130183,3
4947,66000,387130000C,(04)23274275,(04)23288582,2025,5,13,16,0,臺中市,北屯區,0,0,0,7,,,30,,,,,,,,,,,,,,14,,,,,B03,,,1,8,1,,,49,49,1,12,4,120.666116,24.193005,3
4948,66000,387130000C,(04)23274275,(04)23288582,2025,5,13,16,0,臺中市,太平區,0,0,0,7,,,50,,,,,,,,,,,,,,17,,,,,C03,,,5,,9,,,84,84,1,12,4,120.73324,24.142752,3
4949,66000,387130000C,(04)23274275,(04)23288582,2025,5,13,16,0,臺中市,太平區,0,1,0,7,2,6,50,4,1,1,5,4,6,6,1,1,10,5,5,2,17,3,10,3,1,B03,7,6,1,8,2,6,,11,11,1,12,4,120.716532,24.158744,2
4950,66000,387130000C,(04)23274275,(04)23288582,2025,5,13,16,2,臺中市,大里區,0,0,0,7,,,50,,,,,,,,,,,,,,,,,,,B03,,,1,,2,,,56,56,1,12,4,120.674616,24.114709,3
4951,66000,387130000C,(04)23274275,(04)23288582,2025,5,13,16,3,臺中市,東區,0,0,0,7,,,50,,,,,,,,,,,,,,,,,,,A42,,,1,,2,,,73,73,1,12,4,120.706347,24.136694,3
4952,66000,387130000C,(04)23274275,(04)23288582,2025,5,13,16,3,臺中市,梧棲區,0,0,0,7,,,50,,,,,,,,,,,,,,13,,,,,B03,,,1,,2,,,56,56,1,12,4,120.534396,24.246512,3
4953,66000,387130000C,(04)23274275,(04)23288582,2025,5,13,16,5,臺中市,北屯區,0,0,0,7,,,30,,,,,,,,,,,,,,2,,,,,B03,,,1,,1,,,8,8,1,13,4,120.698389,24.178479,3
4954,66000,387130000C,(04)23274275,(04)23288582,2025,5,13,16,7,臺中市,大里區,0,1,0,7,2,6,50,3,2,1,5,4,6,6,4,4,10,5,5,2,17,2,8,2,1,C03,7,1,1,10,2,14,,51,51,1,12,4,120.704025,24.091409,2
4955,66000,387130000C,(04)23274275,(04)23288582,2025,5,13,16,9,臺中市,東勢區,0,3,0,7,2,6,50,13,9,1,5,4,6,6,4,4,8,5,5,1,10,2,9,1,1,C03,7,9,1,10,2,14,,4,4,1,12,4,120.832092,24.247578,2
4956,66000,387130000C,(04)23274275,(04)23288582,2025,5,13,16,10,臺中市,大甲區,0,1,0,6,1,6,50,4,1,1,5,4,6,6,1,1,5,5,5,1,18,2,9,1,1,C02,7,6,1,9,2,16,,84,84,1,12,4,120.624932,24.347631,2
4957,66000,387130000C,(04)23274275,(04)23288582,2025,5,13,16,15,臺中市,北屯區,0,0,0,7,,,60,,,,,,,,,,,,,,13,,,,,B12,,,1,,1,,,7,7,1,6,4,120.709625,24.164693,3
4958,66000,387130000C,(04)23274275,(04)23288582,2025,5,13,16,16,臺中市,北區,0,0,0,7,,,50,,,,,,,,,,,,,,17,,,,,C03,,,6,,2,,,85,85,1,13,4,120.673757,24.159339,4
4959,66000,387130000C,(04)23274275,(04)23288582,2025,5,13,16,19,臺中市,南屯區,0,1,0,7,2,6,50,4,1,1,5,4,6,6,1,1,10,5,5,2,17,3,10,3,1,B03,7,11,1,8,2,8,,45,45,1,12,4,120.651383,24.134897,2
4960,66000,387130000C,(04)23274275,(04)23288582,2025,5,13,16,19,臺中市,西屯區,0,1,0,7,2,6,60,3,1,1,5,4,6,6,4,4,5,4,5,2,16,3,10,3,1,B03,7,11,1,8,2,2,,45,45,1,12,4,120.620711,24.174673,2
4961,66000,387130000C,(04)23274275,(04)23288582,2025,5,13,16,22,臺中市,西屯區,0,1,0,7,2,6,50,13,9,2,5,4,6,6,4,4,9,4,5,2,12,2,9,5,4,C03,7,9,1,10,2,14,,59,59,1,13,4,120.642146,24.169317,2
4962,66000,387130000C,(04)23274275,(04)23288582,2025,5,13,16,22,臺中市,大里區,0,1,0,7,2,6,50,13,9,1,5,4,6,6,4,4,5,4,5,2,13,2,8,2,1,C03,7,9,1,10,2,11,,7,7,1,12,4,120.692375,24.106324,2
4963,66000,387130000C,(04)23274275,(04)23288582,2025,5,13,16,23,臺中市,大里區,0,0,0,7,,,50,,,,,,,,,,,,,,15,,,,,C03,,,1,,2,,,51,51,1,12,4,120.699608,24.096429,3
4964,66000,387130000C,(04)23274275,(04)23288582,2025,5,13,16,25,臺中市,潭子區,0,0,0,7,,,40,,,,,,,,,,,,,,,,,,,B01,,,1,,2,,,8,8,1,6,4,120.708928,24.207621,3
4965,66000,387130000C,(04)23274275,(04)23288582,2025,5,13,16,26,臺中市,烏日區,0,1,0,7,2,6,50,4,1,1,5,4,6,6,2,1,10,5,5,2,12,3,10,5,4,B02,7,5,1,8,2,5,,11,11,1,13,4,120.628559,24.102036,2
4966,66000,387130000C,(04)23274275,(04)23288582,2025,5,13,16,26,臺中市,后里區,0,0,0,7,,,50,,,,,,,,,,,,,,14,,,,,B02,,,1,,2,,,49,49,1,12,4,120.72386,24.311144,3
4967,66000,387130000C,(04)23274275,(04)23288582,2025,5,13,16,28,臺中市,大雅區,0,1,0,7,1,6,50,3,1,1,5,4,6,6,1,1,1,4,5,2,17,3,10,3,1,B03,7,11,1,8,2,1,,84,84,1,13,4,120.644795,24.226515,2
4968,66000,387130000C,(04)23274275,(04)23288582,2025,5,13,16,29,臺中市,西屯區,0,0,0,7,,,50,,,,,,,,,,,,,,14,,,,,B12,,,1,,1,,,49,49,1,12,4,120.640846,24.186535,3
4969,66000,387130000C,(04)23274275,(04)23288582,2025,5,13,16,32,臺中市,外埔區,0,0,0,7,,,60,,,,,,,,,,,,,,2,,,,,B12,,,1,,1,,,87,87,1,12,4,120.639983,24.340763,3
4970,66000,387130000C,(04)23274275,(04)23288582,2025,5,13,16,32,臺中市,神岡區,0,1,0,7,2,6,50,3,1,1,5,4,6,6,4,4,10,5,5,2,16,3,10,5,4,B01,7,5,1,4,2,2,,84,84,1,12,4,120.676671,24.250897,2
4971,66000,387130000C,(04)23274275,(04)23288582,2025,5,13,16,38,臺中市,北屯區,0,1,0,7,3,6,50,13,9,1,5,4,6,6,4,4,9,5,5,2,17,3,10,3,1,B03,7,1,1,8,2,8,,51,51,1,13,4,120.668475,24.192035,2
4972,66000,387130000C,(04)23274275,(04)23288582,2025,5,13,16,43,臺中市,西屯區,0,0,0,7,,,30,,,,,,,,,,,,,,14,,,,,B03,,,1,,1,,,49,49,1,13,4,120.644348,24.196643,3
4973,66000,387130000C,(04)23274275,(04)23288582,2025,5,13,16,43,臺中市,神岡區,0,0,0,7,1,6,50,5,2,1,5,4,6,6,1,1,5,5,5,1,13,,,,,B03,,,1,,2,,,7,7,1,12,4,120.655444,24.258523,3
4974,66000,387130000C,(04)23274275,(04)23288582,2025,5,13,16,45,臺中市,南屯區,0,0,0,7,3,6,40,13,8,1,5,4,6,6,4,4,5,5,4,2,30,,,,,B03,,,1,,9,,,87,87,1,12,4,120.632914,24.148409,3
4975,66000,387130000C,(04)23274275,(04)23288582,2025,5,13,16,50,臺中市,南區,0,0,0,7,,,50,,,,,,,,,,,,,,14,,,,,B03,,,1,,1,,,50,50,1,13,4,120.658207,24.124135,3
4976,66000,387130000C,(04)23274275,(04)23288582,2025,5,13,16,54,臺中市,北屯區,0,0,0,7,,,50,,,,,,,,,,,,,,17,,,,,B03,,,1,,1,,,8,8,1,12,4,120.698168,24.160855,3
4977,66000,387130000C,(04)23274275,(04)23288582,2025,5,13,16,55,臺中市,烏日區,0,3,0,7,2,6,80,13,9,1,5,4,6,6,4,4,1,4,5,1,13,3,10,3,1,B03,7,9,1,8,2,1,,84,84,1,6,4,120.613139,24.103481,2
4978,66000,387130000C,(04)23274275,(04)23288582,2025,5,13,16,59,臺中市,北屯區,0,0,0,7,,,40,,,,,,,,,,,,,,17,,,,,B03,,,1,,2,,,84,84,1,12,4,120.686323,24.192678,3
4979,66000,387130000C,(04)23274275,(04)23288582,2025,5,13,17,0,臺中市,清水區,0,1,0,7,3,6,50,4,1,1,5,4,6,6,2,1,1,4,5,2,13,2,9,1,1,C03,7,9,1,10,2,12,,7,7,1,12,4,120.572096,24.264094,2
4980,66000,387130000C,(04)23274275,(04)23288582,2025,5,13,17,1,臺中市,西區,0,1,0,7,1,6,50,3,24,1,5,4,6,6,4,4,10,5,5,2,18,2,9,5,4,F01,7,9,7,21,11,15,,87,87,1,12,4,120.6684,24.153074,2
4981,66000,387130000C,(04)23274275,(04)23288582,2025,5,13,17,1,臺中市,西屯區,0,0,0,7,2,6,50,4,2,1,5,4,6,6,1,1,9,4,5,2,12,,,,,B03,,,1,,1,,,40,40,1,13,4,120.63713,24.18149,3
4982,66000,387130000C,(04)23274275,(04)23288582,2025,5,13,17,6,臺中市,南屯區,0,0,0,7,,,50,,,,,,,,,,,,,,13,,,,,C03,,,3,,2,,,7,7,1,12,4,120.621023,24.139626,3
4983,66000,387130000C,(04)23274275,(04)23288582,2025,5,13,17,6,臺中市,大里區,0,0,0,7,,,50,,,,,,,,,,,,,,,,,,,B12,,,1,,1,,,7,7,1,12,4,120.679538,24.117547,3
4984,66000,387130000C,(04)23274275,(04)23288582,2025,5,13,17,6,臺中市,大里區,0,1,0,7,2,6,50,4,1,1,5,4,6,6,1,1,10,5,5,1,16,3,10,1,1,C03,7,6,1,10,2,12,,11,11,1,12,4,120.67174,24.108033,2
4985,66000,387130000C,(04)23274275,(04)23288582,2025,5,13,17,8,臺中市,大甲區,0,1,0,7,1,6,50,4,1,1,5,4,6,6,1,1,1,3,4,1,16,3,10,3,1,B03,7,5,1,8,2,2,,85,85,1,12,4,120.617625,24.351597,2
4986,66000,387130000C,(04)23274275,(04)23288582,2025,5,13,17,8,臺中市,東勢區,0,2,0,7,2,6,40,3,1,1,5,4,6,6,4,4,10,5,5,1,17,2,8,1,4,C03,7,1,1,10,2,14,,51,51,1,12,4,120.816413,24.278726,2
4987,66000,387130000C,(04)23274275,(04)23288582,2025,5,13,17,10,臺中市,西屯區,0,2,0,7,2,6,50,3,1,1,5,4,6,6,4,4,4,3,4,2,13,2,9,5,4,C03,7,9,1,10,2,11,,7,7,1,13,4,120.648454,24.173663,2
4988,66000,387130000C,(04)23274275,(04)23288582,2025,5,13,17,13,臺中市,大里區,0,1,0,7,2,6,50,13,9,1,5,4,6,6,4,4,5,5,5,1,17,2,9,6,1,F01,7,9,7,21,2,15,,84,84,1,13,4,120.700153,24.089115,2
4989,66000,387130000C,(04)23274275,(04)23288582,2025,5,13,17,13,臺中市,太平區,0,1,0,7,2,6,50,3,1,1,5,4,6,6,4,4,5,5,5,1,16,2,7,2,1,C03,7,9,1,10,2,11,,7,7,1,6,4,120.723529,24.131444,2
4990,66000,387130000C,(04)23274275,(04)23288582,2025,5,13,17,16,臺中市,北屯區,0,0,0,7,,,50,,,,,,,,,,,,,,16,,,,,B03,,,1,,1,,,20,20,1,6,4,120.676031,24.201399,3
4991,66000,387130000C,(04)23274275,(04)23288582,2025,5,13,17,17,臺中市,霧峰區,0,0,0,7,,,50,,,,,,,,,,,,,,13,,,,,C03,,,1,,2,,,7,7,1,12,4,120.698891,24.065211,3
4992,66000,387130000C,(04)23274275,(04)23288582,2025,5,13,17,17,臺中市,龍井區,0,0,0,7,,,50,,,,,,,,,,,,,,,,,,,C03,,,1,,1,,,6,6,1,6,4,120.504364,24.210511,3
4993,66000,387130000C,(04)23274275,(04)23288582,2025,5,13,17,20,臺中市,西屯區,0,2,0,7,2,6,50,3,1,1,5,4,6,6,4,4,10,5,5,2,13,2,8,1,1,C03,7,9,1,10,2,11,,7,7,1,12,4,120.64948,24.1752,2
4994,66000,387130000C,(04)23274275,(04)23288582,2025,5,13,17,20,臺中市,大肚區,0,0,0,7,,,50,,,,,,,,,,,,,,12,,,,,B03,,,1,,2,,,50,50,1,6,4,120.571685,24.120913,3
4995,66000,387130000C,(04)23274275,(04)23288582,2025,5,13,17,20,臺中市,沙鹿區,0,1,0,6,2,6,40,5,1,1,5,4,6,6,2,1,1,4,1,2,16,2,9,1,1,C03,7,9,1,10,2,14,,84,84,1,12,4,120.569884,24.237006,2
4996,66000,387130000C,(04)23274275,(04)23288582,2025,5,13,17,21,臺中市,霧峰區,0,0,0,7,,,50,,,,,,,,,,,,,,13,,,,,B03,,,1,,2,,,58,58,1,12,4,120.678945,24.063213,3
4997,66000,387130000C,(04)23274275,(04)23288582,2025,5,13,17,23,臺中市,中區,0,1,0,7,2,6,50,3,1,1,5,4,6,6,4,4,10,5,5,2,16,2,9,2,1,C03,7,4,1,10,2,14,,84,84,1,12,4,120.68338,24.141003,2
4998,66000,387130000C,(04)23274275,(04)23288582,2025,5,13,17,25,臺中市,南屯區,0,1,0,7,2,6,50,13,9,1,5,4,6,6,4,4,5,4,5,2,17,3,10,2,1,C03,7,1,1,10,1,11,,51,51,1,13,4,120.652945,24.140314,2
4999,66000,387130000C,(04)23274275,(04)23288582,2025,5,13,17,25,臺中市,北屯區,0,1,0,7,2,6,50,4,1,1,5,4,6,6,2,1,10,5,5,2,16,3,10,3,1,B03,7,5,3,19,2,2,,11,11,1,12,4,120.721003,24.175968,2
5000,66000,387130000C,(04)23274275,(04)23288582,2025,5,13,17,25,臺中市,烏日區,0,1,0,7,2,6,40,4,1,1,5,4,6,1,4,4,10,5,5,2,15,3,10,3,1,B03,7,9,1,8,2,1,,15,15,1,6,4,120.642046,24.104601,2
5001,66000,387130000C,(04)23274275,(04)23288582,2025,5,13,17,27,臺中市,南屯區,0,0,0,7,,,50,,,,,,,,,,,,,,,,,,,B03,,,1,,1,,,7,7,1,12,4,120.64179,24.141331,3
5002,66000,387130000C,(04)23274275,(04)23288582,2025,5,13,17,27,臺中市,大里區,0,1,0,7,2,6,50,13,9,1,5,4,6,6,4,4,5,4,5,1,12,3,10,2,1,C03,7,6,1,10,2,14,,48,48,1,12,4,120.689537,24.114853,2
5003,66000,387130000C,(04)23274275,(04)23288582,2025,5,13,17,28,臺中市,南屯區,0,0,0,7,,,50,,,,,,,,,,,,,,12,,,,,B03,,,1,,1,,,50,50,1,12,4,120.644534,24.138971,3
5004,66000,387130000C,(04)23274275,(04)23288582,2025,5,13,17,28,臺中市,西屯區,1,0,0,7,2,6,50,13,9,1,5,4,6,6,4,4,5,4,5,1,18,1,9,2,4,C03,7,9,1,10,9,14,,59,59,1,13,4,120.656924,24.182867,1
5005,66000,387130000C,(04)23274275,(04)23288582,2025,5,13,17,30,臺中市,南屯區,0,1,0,7,2,6,30,4,1,1,5,4,6,6,4,4,9,4,5,2,15,2,9,1,1,C03,7,9,1,10,2,12,,15,15,1,12,4,120.64189,24.147808,2
5006,66000,387130000C,(04)23274275,(04)23288582,2025,5,13,17,31,臺中市,南屯區,0,0,0,7,,,50,,,,,,,,,,,,,,11,,,,,C03,,,1,,2,,,45,45,1,12,4,120.610335,24.135479,3
5007,66000,387130000C,(04)23274275,(04)23288582,2025,5,13,17,33,臺中市,北屯區,0,0,0,7,,,30,,,,,,,,,,,,,,10,,,,,C03,,,1,,2,,,59,59,1,13,4,120.66413,24.187286,3
5008,66000,387130000C,(04)23274275,(04)23288582,2025,5,13,17,35,臺中市,潭子區,0,0,0,7,,,50,,,,,,,,,,,,,,,,,,,B03,,,1,,1,,,50,50,1,13,4,120.709968,24.206773,3
5009,66000,387130000C,(04)23274275,(04)23288582,2025,5,13,17,35,臺中市,北屯區,0,1,0,7,2,6,50,4,1,1,5,4,6,6,2,1,10,5,5,2,12,2,9,1,1,C03,7,6,1,10,2,12,,39,39,1,6,4,120.690606,24.172762,2
5010,66000,387130000C,(04)23274275,(04)23288582,2025,5,13,17,36,臺中市,北屯區,0,0,0,7,,,,,,,,,,,,,,,,,9,,,,,,,,,,,,,119,119,1,,,120.724255,24.164173,3
5011,66000,387130000C,(04)23274275,(04)23288582,2025,5,13,17,37,臺中市,北屯區,0,1,0,7,3,6,60,13,7,1,5,4,6,6,4,4,1,4,4,1,13,3,10,3,1,B03,7,9,1,8,2,1,,7,7,1,13,4,120.716231,24.163628,2
5012,66000,387130000C,(04)23274275,(04)23288582,2025,5,13,17,40,臺中市,南區,0,1,0,7,2,6,50,13,9,1,5,4,6,6,4,4,1,4,5,2,12,2,9,2,1,C03,7,15,1,10,2,13,12,42,42,1,12,4,120.646175,24.110394,2
5013,66000,387130000C,(04)23274275,(04)23288582,2025,5,13,17,44,臺中市,北屯區,0,1,0,7,1,6,50,4,1,1,5,4,6,6,2,1,10,5,5,2,18,2,9,1,1,C03,7,9,1,10,2,12,,85,85,1,12,4,120.680215,24.175131,2
5014,66000,387130000C,(04)23274275,(04)23288582,2025,5,13,17,44,臺中市,沙鹿區,0,1,0,7,2,6,60,3,19,1,5,4,6,6,1,1,10,5,5,2,3,2,9,2,1,C03,7,9,1,10,2,11,,10,10,1,5,4,120.614964,24.244093,2
5015,66000,387130000C,(04)23274275,(04)23288582,2025,5,13,17,45,臺中市,大里區,0,2,0,7,2,6,50,4,1,1,5,4,6,6,1,1,10,5,5,2,17,2,9,2,1,C03,7,6,1,10,2,14,,84,84,1,13,4,120.695387,24.096919,2
5016,66000,387130000C,(04)23274275,(04)23288582,2025,5,13,17,46,臺中市,大雅區,0,0,0,7,1,6,30,13,9,1,5,4,6,6,4,4,10,5,5,2,17,,,,,B03,,,1,,9,,,8,8,1,13,4,120.624083,24.209466,3
5017,66000,387130000C,(04)23274275,(04)23288582,2025,5,13,17,46,臺中市,北區,0,1,0,7,2,6,50,13,9,1,5,4,6,6,4,4,5,5,5,2,17,3,10,3,1,B03,7,9,1,8,2,2,,84,84,1,13,4,120.680057,24.159382,2
5018,66000,387130000C,(04)23274275,(04)23288582,2025,5,13,17,46,臺中市,西屯區,0,0,0,7,,,50,,,,,,,,,,,,,,13,,,,,B03,,,1,,1,,,7,7,1,12,4,120.611668,24.186895,3
5019,66000,387130000C,(04)23274275,(04)23288582,2025,5,13,17,50,臺中市,西區,0,0,0,7,,,50,,,,,,,,,,,,,,,,,,,C03,,,1,,1,,,7,7,1,6,4,120.661613,24.137444,3
5020,66000,387130000C,(04)23274275,(04)23288582,2025,5,13,17,50,臺中市,西屯區,0,0,0,7,,,30,,,,,,,,,,,,,,,,,,,C03,,,1,,1,,,59,59,1,12,4,120.627131,24.187117,3
5021,66000,387130000C,(04)23274275,(04)23288582,2025,5,13,17,50,臺中市,霧峰區,0,3,0,7,1,6,30,5,2,1,5,4,6,6,4,4,10,5,5,1,12,2,9,1,1,C03,7,6,1,10,2,14,,84,84,1,12,4,120.664545,24.064135,2
5022,66000,387130000C,(04)23274275,(04)23288582,2025,5,13,17,53,臺中市,南區,0,0,0,7,,,50,,,,,,,,,,,,,,13,,,,,C03,,,1,,9,,,7,7,1,12,4,120.672828,24.130051,3
5023,66000,387130000C,(04)23274275,(04)23288582,2025,5,13,17,54,臺中市,北屯區,0,1,0,7,2,6,50,4,1,1,5,4,6,6,2,1,10,5,5,2,17,3,10,5,4,B03,7,9,1,8,2,8,,84,84,1,12,4,120.692189,24.169024,2
5024,66000,387130000C,(04)23274275,(04)23288582,2025,5,13,17,54,臺中市,太平區,0,2,0,7,2,6,50,8,9,1,5,4,6,6,4,4,5,4,5,2,13,2,9,2,1,C03,7,9,1,10,2,11,,84,84,1,12,4,120.72334,24.149459,2
5025,66000,387130000C,(04)23274275,(04)23288582,2025,5,13,17,56,臺中市,大里區,0,1,0,7,2,6,40,13,9,1,5,4,6,6,4,4,5,5,5,2,18,2,9,1,1,C03,7,9,1,10,2,14,,54,54,1,12,4,120.671322,24.083152,2
5026,66000,387130000C,(04)23274275,(04)23288582,2025,5,13,17,58,臺中市,南屯區,0,1,0,7,2,6,50,4,2,1,5,4,6,6,2,1,1,4,4,2,3,3,10,3,1,B03,7,5,1,8,2,1,,10,10,1,12,4,120.640564,24.153793,2
5027,66000,387130000C,(04)23274275,(04)23288582,2025,5,13,18,0,臺中市,梧棲區,0,0,0,7,,,50,,,,,,,,,,,,,,13,,,,,B03,,,1,,2,,,51,51,1,13,4,120.536148,24.259224,3
5028,66000,387130000C,(04)23274275,(04)23288582,2025,5,13,18,2,臺中市,北區,0,1,0,7,2,6,50,13,9,1,5,4,6,6,4,4,5,4,5,2,17,3,10,3,1,B03,7,3,1,8,2,6,,50,50,1,12,4,120.670384,24.156828,2
5029,66000,387130000C,(04)23274275,(04)23288582,2025,5,13,18,3,臺中市,東區,0,0,0,7,,,50,,,,,,,,,,,,,,,,,,,A11,,,1,,2,,,40,40,1,12,4,120.694453,24.151108,3
5030,66000,387130000C,(04)23274275,(04)23288582,2025,5,13,18,6,臺中市,北屯區,0,0,0,7,,,30,,,,,,,,,,,,,,12,,,,,B03,,,1,,2,,,59,59,1,12,4,120.710026,24.168674,3
5031,66000,387130000C,(04)23274275,(04)23288582,2025,5,13,18,6,臺中市,北屯區,0,0,0,7,,,50,,,,,,,,,,,,,,,,,,,B03,,,1,,2,,,40,40,1,12,4,120.692207,24.162491,3
5032,66000,387130000C,(04)23274275,(04)23288582,2025,5,13,18,6,臺中市,西屯區,0,0,0,7,,,60,,,,,,,,,,,,,,16,,,,,B03,,,1,,1,,,87,87,1,13,4,120.587624,24.185457,4
5033,66000,387130000C,(04)23274275,(04)23288582,2025,5,13,18,10,臺中市,西屯區,0,0,0,7,,,60,,,,,,,,,,,,,,,,,,,B03,,,1,,2,,,43,43,1,12,4,120.64254,24.181848,3
5034,66000,387130000C,(04)23274275,(04)23288582,2025,5,13,18,11,臺中市,外埔區,0,1,0,7,1,6,50,3,1,1,5,4,6,6,4,4,10,5,5,2,16,3,10,1,1,C03,7,6,3,19,9,11,14,4,4,2,12,4,120.648252,24.320329,2
5035,66000,387130000C,(04)23274275,(04)23288582,2025,5,13,18,12,臺中市,大安區,0,1,0,7,2,6,50,13,9,1,5,4,6,6,4,4,5,5,5,2,11,3,10,3,1,B03,7,9,1,8,2,8,,34,34,1,6,4,120.591365,24.351419,2
5036,66000,387130000C,(04)23274275,(04)23288582,2025,5,13,18,13,臺中市,太平區,0,2,0,7,2,6,50,3,1,1,5,4,6,6,4,4,10,5,5,2,15,2,8,2,1,C03,7,9,1,10,2,11,,20,20,1,6,4,120.725106,24.157821,2
5037,66000,387130000C,(04)23274275,(04)23288582,2025,5,13,18,14,臺中市,北區,0,0,0,7,,,50,,,,,,,,,,,,,,16,,,,,C03,,,1,,1,,,11,11,1,13,4,120.666325,24.159404,3
5038,66000,387130000C,(04)23274275,(04)23288582,2025,5,13,18,14,臺中市,豐原區,0,0,0,7,,,50,,,,,,,,,,,,,,12,,,,,B03,,,1,,3,,,8,8,1,6,4,120.732793,24.250904,3
5039,66000,387130000C,(04)23274275,(04)23288582,2025,5,13,18,15,臺中市,潭子區,0,1,0,7,3,6,60,13,8,1,5,4,6,6,4,4,3,4,4,1,17,2,9,1,1,C04,7,9,3,19,2,11,,84,84,1,12,4,120.705751,24.218608,2
5040,66000,387130000C,(04)23274275,(04)23288582,2025,5,13,18,17,臺中市,南屯區,0,0,0,7,,,50,,,,,,,,,,,,,,,,,,,B03,,,1,,1,,,84,84,1,12,4,120.622349,24.149124,3
5041,66000,387130000C,(04)23274275,(04)23288582,2025,5,13,18,17,臺中市,西屯區,0,0,0,7,1,6,50,4,1,1,5,4,6,6,2,1,9,4,5,2,13,,,,,C03,,,1,,1,,,7,7,1,13,4,120.6261,24.184575,3