序號,縣市別代碼,機關代碼,市話,傳真,年,月,日,時,分,縣市,區,死亡數量,受傷數量,2-30,天候,道路照明設備,道路類別,道路速限,道路型態,事故位置,路面鋪裝,路面狀態,路面缺陷,障礙物,視距,號誌種類,號誌動作,分向設施,快車道或一般車道間,快慢車道間,路面邊線,事故類型及型態,受傷程度,主要傷處,保護裝備,行動電話或功能裝置,當事者區分(類別),車輛用途,當事者行動狀態,駕照狀態,駕照種類,飲酒情形,車輛撞擊部位最初,車輛撞擊部位其他,肇事因素個別,肇事因素主要,肇事逃逸,職業,共享經濟或外送平台,GPS座標X,GPS座標Y,事故類別
5042,66000,387130000C,(04)23274275,(04)23288582,2025,5,13,18,18,臺中市,大雅區,0,0,0,7,,,50,,,,,,,,,,,,,,,,,,,C03,,,1,,9,,,7,7,1,13,4,120.653566,24.224072,3
5043,66000,387130000C,(04)23274275,(04)23288582,2025,5,13,18,19,臺中市,北區,0,2,0,7,1,6,50,4,1,1,5,4,6,6,2,1,10,5,5,2,13,2,9,1,1,C03,7,9,1,10,2,12,,59,59,1,13,4,120.673773,24.165153,2
5044,66000,387130000C,(04)23274275,(04)23288582,2025,5,13,18,20,臺中市,沙鹿區,0,0,0,7,2,6,50,3,9,1,5,4,6,6,4,4,4,4,5,2,14,,,,,A02,,,1,,2,,,49,49,1,12,4,120.56555,24.23713,3
5045,66000,387130000C,(04)23274275,(04)23288582,2025,5,13,18,20,臺中市,新社區,0,1,0,7,1,6,50,11,9,1,5,4,6,6,4,4,5,5,5,2,18,2,9,5,4,C03,7,9,1,10,1,16,,87,87,1,13,4,120.80452,24.234629,2
5046,66000,387130000C,(04)23274275,(04)23288582,2025,5,13,18,21,臺中市,大雅區,0,1,0,7,1,6,0,13,14,1,5,4,6,6,4,4,10,5,5,2,18,2,8,1,1,C03,7,5,1,10,2,14,,84,84,1,13,4,120.654277,24.229614,2
5047,66000,387130000C,(04)23274275,(04)23288582,2025,5,13,18,22,臺中市,東區,0,1,0,7,2,6,50,13,9,1,5,4,6,6,4,4,5,5,5,2,13,2,9,2,1,C03,7,9,1,10,2,14,,7,7,1,13,4,120.695167,24.144932,2
5048,66000,387130000C,(04)23274275,(04)23288582,2025,5,13,18,22,臺中市,南屯區,0,1,0,7,2,6,50,3,9,1,5,4,6,6,4,4,5,4,5,2,12,2,8,2,1,C03,7,9,1,10,2,14,,59,59,1,12,4,120.611986,24.140275,2
5049,66000,387130000C,(04)23274275,(04)23288582,2025,5,13,18,22,臺中市,北屯區,0,1,0,7,1,6,50,13,8,1,5,4,6,6,4,4,1,3,1,2,12,3,10,3,1,B03,7,9,1,8,2,2,,8,8,1,13,4,120.722992,24.162233,2
5050,66000,387130000C,(04)23274275,(04)23288582,2025,5,13,18,22,臺中市,太平區,0,0,0,7,,,30,,,,,,,,,,,,,,11,,,,,C03,,,3,,1,,,41,41,1,12,4,120.718578,24.14974,3
5051,66000,387130000C,(04)23274275,(04)23288582,2025,5,13,18,25,臺中市,東區,0,0,0,7,,,50,,,,,,,,,,,,,,,,,,,B12,,,1,,1,,,7,7,1,12,4,120.707135,24.142734,3
5052,66000,387130000C,(04)23274275,(04)23288582,2025,5,13,18,30,臺中市,龍井區,0,1,0,7,1,6,50,4,1,1,5,4,6,6,1,1,10,5,5,2,16,3,10,3,1,B03,7,11,1,8,2,8,,45,45,1,6,4,120.523829,24.208369,2
5053,66000,387130000C,(04)23274275,(04)23288582,2025,5,13,18,31,臺中市,南屯區,0,1,0,7,2,6,50,13,7,1,5,4,6,6,4,4,9,4,4,2,12,3,10,3,1,B03,7,11,1,8,2,2,,39,39,1,12,4,120.607703,24.138647,2
5054,66000,387130000C,(04)23274275,(04)23288582,2025,5,13,18,32,臺中市,東區,0,1,0,7,1,6,50,4,1,1,5,4,6,6,1,1,10,5,5,2,17,2,9,1,1,C03,7,9,1,10,2,11,,85,85,1,12,4,120.694457,24.147985,2
5055,66000,387130000C,(04)23274275,(04)23288582,2025,5,13,18,33,臺中市,清水區,0,1,0,7,3,6,50,13,9,1,5,4,6,6,1,1,8,3,4,1,17,2,9,1,1,C03,7,9,1,10,1,11,,58,58,1,12,4,120.572411,24.261368,2
5056,66000,387130000C,(04)23274275,(04)23288582,2025,5,13,18,34,臺中市,北屯區,0,0,0,7,,,50,,,,,,,,,,,,,,14,,,,,B03,,,1,8,1,,,49,49,1,12,4,120.68941,24.183039,3
5057,66000,387130000C,(04)23274275,(04)23288582,2025,5,13,18,40,臺中市,南屯區,0,2,0,7,2,6,50,4,1,1,5,4,6,6,1,1,9,4,5,2,12,2,9,1,1,C03,7,9,1,10,2,11,,7,7,1,12,4,120.646802,24.146809,2
5058,66000,387130000C,(04)23274275,(04)23288582,2025,5,13,18,45,臺中市,大雅區,0,2,0,7,1,6,60,4,2,1,5,4,6,6,1,1,1,3,5,1,9,2,9,2,1,C01,7,5,1,9,2,14,,10,10,1,13,4,120.664485,24.233821,2
5059,66000,387130000C,(04)23274275,(04)23288582,2025,5,13,18,45,臺中市,太平區,0,2,0,7,1,6,50,3,2,1,5,4,6,6,4,4,10,5,5,2,13,2,9,2,1,C03,7,9,1,10,2,14,,84,84,1,5,4,120.717776,24.148768,2
5060,66000,387130000C,(04)23274275,(04)23288582,2025,5,13,18,47,臺中市,南區,0,0,0,7,,,30,,,,,,,,,,,,,,12,,,,,B03,,,1,,1,,,84,84,1,12,4,120.682167,24.129839,3
5061,66000,387130000C,(04)23274275,(04)23288582,2025,5,13,19,2,臺中市,太平區,0,1,0,7,1,6,50,3,1,1,5,4,6,6,3,1,10,5,5,2,16,2,9,2,1,C03,7,1,1,10,2,14,,24,24,1,13,4,120.735865,24.13335,2
5062,66000,387130000C,(04)23274275,(04)23288582,2025,5,13,19,4,臺中市,太平區,0,0,0,7,,,50,,,,,,,,,,,,,,10,,,,,B03,,,1,,2,,,84,84,1,12,4,120.724779,24.149643,3
5063,66000,387130000C,(04)23274275,(04)23288582,2025,5,13,19,5,臺中市,沙鹿區,0,2,0,6,1,6,50,4,1,1,5,4,6,6,4,4,5,5,5,2,11,2,9,1,1,C03,7,15,1,10,2,12,,4,4,1,12,4,120.556607,24.232432,2
5064,66000,387130000C,(04)23274275,(04)23288582,2025,5,13,19,8,臺中市,南屯區,0,0,0,7,,,50,,,,,,,,,,,,,,,,,,,B03,,,1,,1,,,84,84,1,12,4,120.635082,24.146409,3
5065,66000,387130000C,(04)23274275,(04)23288582,2025,5,13,19,10,臺中市,北區,0,1,0,7,1,6,50,13,9,1,5,4,6,6,4,4,5,5,5,2,17,3,10,1,1,C03,7,15,1,10,1,11,,42,42,1,12,4,120.685816,24.149023,2
5066,66000,387130000C,(04)23274275,(04)23288582,2025,5,13,19,11,臺中市,西區,0,1,0,7,1,6,50,18,24,1,5,4,6,6,4,4,10,5,5,2,17,2,8,5,4,C03,7,15,1,10,2,12,,7,7,1,12,4,120.659108,24.156876,2
5067,66000,387130000C,(04)23274275,(04)23288582,2025,5,13,19,11,臺中市,西區,0,1,0,7,2,6,40,13,8,1,5,4,6,6,1,1,5,5,4,2,13,2,9,1,1,F03,7,9,7,21,2,14,,7,7,1,12,4,120.658012,24.133972,2
5068,66000,387130000C,(04)23274275,(04)23288582,2025,5,13,19,13,臺中市,大里區,0,2,0,7,1,6,50,4,19,1,5,4,6,6,2,1,9,4,5,1,6,2,9,2,1,C03,7,9,1,10,2,12,,20,20,1,12,4,120.687781,24.11032,2
5069,66000,387130000C,(04)23274275,(04)23288582,2025,5,13,19,16,臺中市,南區,0,3,0,7,1,6,50,3,1,1,5,4,6,6,1,1,9,4,5,2,16,2,7,1,1,C03,7,11,1,10,2,11,,39,39,1,12,4,120.682929,24.134431,2
5070,66000,387130000C,(04)23274275,(04)23288582,2025,5,13,19,18,臺中市,西屯區,0,0,0,7,,,30,,,,,,,,,,,,,,,,,,,C03,,,1,,2,,,59,59,1,12,2,120.644632,24.179909,3
5071,66000,387130000C,(04)23274275,(04)23288582,2025,5,13,19,21,臺中市,南區,0,2,0,7,2,6,40,4,1,1,5,4,6,6,2,1,10,5,5,2,16,2,9,1,1,C03,7,6,1,10,2,12,14,48,48,1,12,4,120.67391,24.129249,2
5072,66000,387130000C,(04)23274275,(04)23288582,2025,5,13,19,22,臺中市,西屯區,0,2,0,7,1,6,30,4,1,1,5,4,6,6,4,4,10,5,5,2,15,2,6,2,1,C03,7,9,1,10,2,12,,15,15,1,12,2,120.61715,24.18913,2
5073,66000,387130000C,(04)23274275,(04)23288582,2025,5,13,19,24,臺中市,東區,0,3,0,7,1,6,50,4,1,1,5,4,6,6,1,1,10,5,5,2,16,3,10,3,1,B12,7,6,1,8,2,1,,48,48,1,12,4,120.689699,24.1328,2
5074,66000,387130000C,(04)23274275,(04)23288582,2025,5,13,19,31,臺中市,北屯區,0,0,0,7,,,50,,,,,,,,,,,,,,12,,,,,B03,,,1,,1,,,40,40,1,13,4,120.684084,24.172353,3
5075,66000,387130000C,(04)23274275,(04)23288582,2025,5,13,19,32,臺中市,西屯區,0,0,0,7,2,6,50,3,2,1,5,4,6,6,2,1,9,4,5,2,12,,,,,B03,,,1,,1,,,51,51,1,13,4,120.63827,24.167665,3
5076,66000,387130000C,(04)23274275,(04)23288582,2025,5,13,19,34,臺中市,大里區,0,2,0,7,1,6,50,4,4,1,5,4,6,6,1,1,10,5,5,1,13,2,9,1,1,C03,7,9,1,10,2,11,,7,7,1,12,4,120.692063,24.100609,2
5077,66000,387130000C,(04)23274275,(04)23288582,2025,5,13,19,35,臺中市,西屯區,0,3,0,7,1,6,50,4,1,1,5,4,6,6,4,4,10,5,5,2,15,2,9,5,4,C03,7,9,1,10,2,12,,15,15,1,13,4,120.617242,24.187386,2
5078,66000,387130000C,(04)23274275,(04)23288582,2025,5,13,19,37,臺中市,大里區,0,1,0,7,2,6,50,13,9,1,5,4,6,6,4,4,9,4,5,1,17,3,10,2,1,C03,7,1,1,10,2,11,,51,51,1,12,4,120.678706,24.109607,2
5079,66000,387130000C,(04)23274275,(04)23288582,2025,5,13,19,42,臺中市,北屯區,0,0,0,7,,,50,,,,,,,,,,,,,,13,,,,,B03,,,1,,1,,,84,84,1,12,4,120.711449,24.180609,4
5080,66000,387130000C,(04)23274275,(04)23288582,2025,5,13,19,43,臺中市,北屯區,0,2,0,7,1,6,60,3,2,1,5,4,6,6,2,1,1,4,4,1,17,3,10,5,4,B03,7,7,1,8,2,2,,40,40,1,12,4,120.709654,24.164798,2
5081,66000,387130000C,(04)23274275,(04)23288582,2025,5,13,19,47,臺中市,西屯區,0,0,0,7,,,60,,,,,,,,,,,,,,13,,,,,B03,,,1,,1,,,59,59,1,12,4,120.628822,24.206032,3
5082,66000,387130000C,(04)23274275,(04)23288582,2025,5,13,19,49,臺中市,后里區,0,2,0,7,1,6,50,4,19,1,5,4,6,6,1,1,1,4,4,2,3,3,10,3,1,B03,7,9,1,8,2,1,,10,10,1,12,4,120.701857,24.324371,2
5083,66000,387130000C,(04)23274275,(04)23288582,2025,5,13,20,0,臺中市,北區,0,0,0,7,,,50,,,,,,,,,,,,,,13,,,,,B02,,,1,,1,,,84,84,1,12,4,120.678269,24.166983,3
5084,66000,387130000C,(04)23274275,(04)23288582,2025,5,13,20,0,臺中市,北屯區,0,1,0,7,1,6,50,4,2,1,5,4,6,6,2,1,5,2,5,2,13,2,9,2,1,C03,7,12,1,10,1,11,,7,7,1,5,4,120.7175,24.175504,2
5085,66000,387130000C,(04)23274275,(04)23288582,2025,5,13,20,4,臺中市,東區,0,2,0,7,1,6,50,3,2,1,5,4,6,6,3,1,9,4,5,2,11,2,9,1,1,C03,7,6,1,10,2,14,,26,26,1,12,4,120.684998,24.126384,2
5086,66000,387130000C,(04)23274275,(04)23288582,2025,5,13,20,5,臺中市,沙鹿區,0,2,0,7,1,6,30,18,9,1,5,4,5,6,4,4,10,5,5,1,25,3,10,3,1,A05,7,9,1,2,2,4,,84,84,1,12,4,120.571781,24.240275,2
5087,66000,387130000C,(04)23274275,(04)23288582,2025,5,13,20,14,臺中市,清水區,0,0,0,7,,,60,,,,,,,,,,,,,,,,,,,B03,,,1,,1,,,43,43,1,12,4,120.542517,24.264893,3
5088,66000,387130000C,(04)23274275,(04)23288582,2025,5,13,20,18,臺中市,西屯區,0,0,0,7,,,50,,,,,,,,,,,,,,,,,,,C03,,,1,,1,,,7,7,1,12,4,120.648319,24.1693,3
5089,66000,387130000C,(04)23274275,(04)23288582,2025,5,13,20,33,臺中市,西屯區,0,1,0,7,1,6,50,4,1,1,5,4,6,6,2,1,9,4,5,2,13,3,10,5,4,C03,7,5,1,10,2,13,,47,47,1,13,4,120.653478,24.195259,2
5090,66000,387130000C,(04)23274275,(04)23288582,2025,5,13,20,38,臺中市,清水區,0,1,0,7,1,6,50,4,1,1,5,4,6,6,1,1,8,3,4,1,17,3,10,3,1,B03,7,6,1,8,2,1,,20,20,1,12,4,120.547198,24.267061,2
5091,66000,387130000C,(04)23274275,(04)23288582,2025,5,13,20,42,臺中市,大里區,0,0,0,7,,,50,,,,,,,,,,,,,,,,,,,C03,,,1,,2,,,47,47,1,12,4,120.704015,24.108392,3
5092,66000,387130000C,(04)23274275,(04)23288582,2025,5,13,20,44,臺中市,南屯區,0,0,0,7,,,50,,,,,,,,,,,,,,,,,,,C03,,,1,,2,,,59,59,1,12,4,120.65458,24.14012,3
5093,66000,387130000C,(04)23274275,(04)23288582,2025,5,13,20,45,臺中市,南屯區,0,0,0,7,,,50,,,,,,,,,,,,,,,,,,,B03,,,1,,2,,,50,50,1,12,4,120.589126,24.143119,3
5094,66000,387130000C,(04)23274275,(04)23288582,2025,5,13,20,46,臺中市,北屯區,0,2,0,7,1,6,50,4,2,1,5,4,6,6,2,1,5,4,4,2,13,3,10,3,1,B03,7,9,1,8,2,1,,84,84,1,12,4,120.721596,24.181863,2
5095,66000,387130000C,(04)23274275,(04)23288582,2025,5,13,20,53,臺中市,大里區,0,1,0,7,2,6,50,13,9,1,5,4,6,6,4,4,5,4,4,1,17,2,9,1,1,C03,7,5,1,10,2,12,,42,42,1,12,4,120.680679,24.109649,2
5096,66000,387130000C,(04)23274275,(04)23288582,2025,5,13,20,59,臺中市,大肚區,0,1,0,7,1,6,70,4,1,1,5,4,6,6,2,1,10,5,5,2,16,3,10,3,1,B12,7,5,1,8,2,3,,11,11,1,6,4,120.550743,24.138422,2
5097,66000,387130000C,(04)23274275,(04)23288582,2025,5,13,21,9,臺中市,南區,0,1,0,7,1,6,50,3,1,1,5,4,6,6,4,4,10,5,5,2,17,3,10,5,1,B03,7,13,1,8,9,4,,76,76,1,12,4,120.659724,24.118757,2
5098,66000,387130000C,(04)23274275,(04)23288582,2025,5,13,21,18,臺中市,大里區,0,0,0,7,,,50,,,,,,,,,,,,,,,,,,,C03,,,1,,2,,,85,85,1,12,2,120.690803,24.109874,3
5099,66000,387130000C,(04)23274275,(04)23288582,2025,5,13,21,19,臺中市,大里區,0,1,0,7,1,6,50,3,9,1,5,4,6,6,4,4,5,5,5,1,13,2,9,2,1,C03,7,9,1,10,2,11,,84,84,1,12,4,120.70678,24.111633,2
5100,66000,387130000C,(04)23274275,(04)23288582,2025,5,13,21,27,臺中市,太平區,0,0,0,7,,,30,,,,,,,,,,,,,,17,,,,,B03,,,1,,2,,,84,84,1,13,4,120.733594,24.144473,3
5101,66000,387130000C,(04)23274275,(04)23288582,2025,5,13,21,33,臺中市,西區,0,2,0,7,1,6,50,4,1,1,5,4,6,6,1,1,10,5,5,1,17,2,9,5,4,C03,7,7,1,10,2,12,,35,35,1,12,4,120.662609,24.155678,2
5102,66000,387130000C,(04)23274275,(04)23288582,2025,5,13,21,39,臺中市,神岡區,0,4,0,7,1,6,30,5,1,1,5,4,6,6,4,4,10,5,5,2,15,2,9,1,1,C03,7,9,2,19,4,11,,53,53,1,12,4,120.684703,24.249195,2
5103,66000,387130000C,(04)23274275,(04)23288582,2025,5,13,21,43,臺中市,北屯區,0,0,0,7,,,50,,,,,,,,,,,,,,15,,,,,B03,,,1,,2,,,12,12,1,13,4,120.662813,24.197538,3
5104,66000,387130000C,(04)23274275,(04)23288582,2025,5,13,21,50,臺中市,烏日區,0,2,0,7,1,6,30,4,1,1,5,4,6,6,4,4,10,5,5,2,15,2,9,1,1,C03,7,9,1,10,2,12,,15,15,1,6,4,120.641562,24.102817,2
5105,66000,387130000C,(04)23274275,(04)23288582,2025,5,13,21,57,臺中市,沙鹿區,0,2,0,7,1,6,50,13,7,1,5,4,6,6,4,4,5,4,4,2,12,2,9,2,1,C03,7,8,1,10,2,13,,40,40,1,6,4,120.561187,24.242436,2
5106,66000,387130000C,(04)23274275,(04)23288582,2025,5,13,22,5,臺中市,西屯區,0,0,0,7,,,50,,,,,,,,,,,,,,15,,,,,B03,,,1,,9,,,21,21,1,12,4,120.65263,24.166498,3
5107,66000,387130000C,(04)23274275,(04)23288582,2025,5,13,22,5,臺中市,西屯區,0,0,0,6,,,50,,,,,,,,,,,,,,,,,,,B03,,,1,,9,,,51,51,1,13,4,120.653861,24.165194,3
5108,66000,387130000C,(04)23274275,(04)23288582,2025,5,13,22,16,臺中市,西屯區,0,0,0,7,,,50,,,,,,,,,,,,,,17,,,,,B03,,,1,,9,,,4,4,2,13,4,120.647101,24.170907,3
5109,66000,387130000C,(04)23274275,(04)23288582,2025,5,13,22,18,臺中市,潭子區,0,1,0,7,1,6,50,13,9,1,5,4,6,6,4,4,3,4,5,2,28,2,9,1,1,C03,7,9,1,10,2,11,,59,59,1,12,4,120.713092,24.224133,2
5110,66000,387130000C,(04)23274275,(04)23288582,2025,5,13,22,19,臺中市,霧峰區,0,0,0,7,,,50,,,,,,,,,,,,,,16,,,,,C03,,,1,,1,,,12,12,1,12,4,120.696994,24.065113,3
5111,66000,387130000C,(04)23274275,(04)23288582,2025,5,13,22,47,臺中市,太平區,0,1,0,7,1,6,50,3,7,1,5,4,6,6,4,4,5,4,4,2,17,3,10,3,1,B03,7,11,1,8,2,4,,45,45,1,12,4,120.733318,24.152316,2
5112,66000,387130000C,(04)23274275,(04)23288582,2025,5,13,23,5,臺中市,北屯區,0,1,0,7,1,6,50,4,1,1,5,4,6,6,2,1,10,5,5,2,23,2,1,3,1,B02,7,6,1,10,1,8,,59,59,1,12,4,120.686102,24.180218,2
5113,66000,387130000C,(04)23274275,(04)23288582,2025,5,13,23,17,臺中市,西屯區,0,0,0,7,,,30,,,,,,,,,,,,,,14,,,,,B03,,,1,,1,,,49,49,1,12,4,120.640201,24.181287,3
5114,66000,387130000C,(04)23274275,(04)23288582,2025,5,13,23,18,臺中市,北區,0,0,0,7,,,40,,,,,,,,,,,,,,17,,,,,B03,,,1,,9,,,85,85,1,13,4,120.672208,24.15441,3
5115,66000,387130000C,(04)23274275,(04)23288582,2025,5,14,0,0,臺中市,北屯區,0,0,0,7,,,50,,,,,,,,,,,,,,25,,,,,B02,,,1,,2,,,84,84,1,5,4,120.694623,24.184158,3
5116,66000,387130000C,(04)23274275,(04)23288582,2025,5,14,0,18,臺中市,西屯區,0,0,0,7,,,50,,,,,,,,,,,,,,17,,,,,B03,,,1,,2,,,51,51,1,13,4,120.640324,24.170926,3
5117,66000,387130000C,(04)23274275,(04)23288582,2025,5,14,0,54,臺中市,北區,0,0,0,7,,,50,,,,,,,,,,,,,,17,,,,,B03,,,1,,1,,,84,84,1,13,4,120.673632,24.167342,3
5118,66000,387130000C,(04)23274275,(04)23288582,2025,5,14,1,15,臺中市,東區,0,0,0,7,,,50,,,,,,,,,,,,,,,,,,,B03,,,1,,2,,,84,84,1,6,4,120.692473,24.149252,3
5119,66000,387130000C,(04)23274275,(04)23288582,2025,5,14,1,24,臺中市,石岡區,0,1,0,7,1,6,70,13,9,1,5,4,6,6,4,4,1,4,5,1,26,2,9,5,4,B03,7,9,1,8,5,1,,53,53,1,12,4,120.76159,24.277216,2
5120,66000,387130000C,(04)23274275,(04)23288582,2025,5,14,1,38,臺中市,中區,0,0,0,7,,,50,,,,,,,,,,,,,,25,,,,,B03,,,1,,2,,,82,82,1,13,4,120.678858,24.142908,3
5121,66000,387130000C,(04)23274275,(04)23288582,2025,5,14,3,30,臺中市,大甲區,0,0,0,7,,,90,,,,,,,,,,,,,,,,,,,A11,,,1,,2,,,73,73,1,12,4,120.621383,24.424586,3
5122,66000,387130000C,(04)23274275,(04)23288582,2025,5,14,5,13,臺中市,西屯區,0,0,0,7,,,50,,,,,,,,,,,,,,,,,,,B03,,,1,,2,,,51,51,1,12,4,120.606372,24.186784,3
5123,66000,387130000C,(04)23274275,(04)23288582,2025,5,14,5,26,臺中市,東區,0,2,0,7,3,6,50,13,7,1,5,4,6,6,4,4,9,5,4,2,12,2,9,1,1,C03,7,11,1,10,2,13,,46,46,1,6,4,120.689702,24.132232,2
5124,66000,387130000C,(04)23274275,(04)23288582,2025,5,14,5,49,臺中市,西屯區,0,0,0,7,,,40,,,,,,,,,,,,,,27,,,,,B03,,,1,,2,,,84,84,1,13,4,120.615105,24.183545,3
5125,66000,387130000C,(04)23274275,(04)23288582,2025,5,14,6,30,臺中市,西屯區,0,0,0,7,,,50,,,,,,,,,,,,,,,,,,,C03,,,1,,1,,,21,21,1,12,4,120.663024,24.176287,3
5126,66000,387130000C,(04)23274275,(04)23288582,2025,5,14,6,49,臺中市,南屯區,0,2,0,7,2,6,50,4,1,1,5,4,6,6,1,1,8,3,5,1,12,2,9,1,1,C03,7,6,1,10,1,14,,48,48,1,12,4,120.652978,24.142647,2
5127,66000,387130000C,(04)23274275,(04)23288582,2025,5,14,6,50,臺中市,大雅區,0,1,0,7,2,6,50,13,9,1,5,4,6,6,4,4,5,4,5,1,17,3,10,3,1,B03,7,9,1,8,2,5,,85,85,1,12,4,120.646766,24.212307,2
5128,66000,387130000C,(04)23274275,(04)23288582,2025,5,14,6,55,臺中市,大里區,0,0,0,7,,,50,,,,,,,,,,,,,,,,,,,B03,,,1,,2,,,84,84,1,6,4,120.695733,24.096298,3
5129,66000,387130000C,(04)23274275,(04)23288582,2025,5,14,6,55,臺中市,大肚區,0,1,0,7,3,6,30,3,1,1,5,4,6,6,4,4,10,5,5,2,16,2,9,2,1,C03,7,5,1,10,2,13,,11,11,1,6,4,120.53786,24.14948,2
5130,66000,387130000C,(04)23274275,(04)23288582,2025,5,14,7,4,臺中市,太平區,0,0,0,7,,,50,,,,,,,,,,,,,,16,,,,,B03,,,1,,2,,,40,40,1,6,4,120.716703,24.148794,3
5131,66000,387130000C,(04)23274275,(04)23288582,2025,5,14,7,5,臺中市,東區,0,1,0,7,2,6,50,4,1,1,5,4,6,6,1,1,10,5,5,2,16,3,10,3,1,B12,7,5,1,8,2,5,,84,84,1,12,4,120.699391,24.147935,2
5132,66000,387130000C,(04)23274275,(04)23288582,2025,5,14,7,8,臺中市,東區,0,1,0,7,3,6,50,11,9,1,5,4,6,6,4,4,10,5,5,2,11,3,10,3,1,B03,7,9,1,8,2,8,,41,41,1,12,4,120.691773,24.145659,2
5133,66000,387130000C,(04)23274275,(04)23288582,2025,5,14,7,10,臺中市,西屯區,0,0,0,7,,,50,,,,,,,,,,,,,,12,,,,,C03,,,1,,1,,,8,8,1,12,4,120.640174,24.175168,3
5134,66000,387130000C,(04)23274275,(04)23288582,2025,5,14,7,17,臺中市,西屯區,0,0,0,7,,,70,,,,,,,,,,,,,,12,,,,,B11,,,1,,2,,,39,39,1,12,4,120.621135,24.180294,3
5135,66000,387130000C,(04)23274275,(04)23288582,2025,5,14,7,18,臺中市,大肚區,0,1,0,7,3,6,50,13,7,1,5,4,6,6,4,4,1,4,4,1,12,3,10,3,1,B02,7,1,1,8,2,7,,51,51,1,6,4,120.54883,24.146191,2
5136,66000,387130000C,(04)23274275,(04)23288582,2025,5,14,7,20,臺中市,大雅區,0,1,0,7,2,6,50,13,9,1,5,4,6,6,4,4,5,4,5,1,18,2,9,1,1,C03,7,12,1,10,2,14,,84,84,1,12,4,120.644636,24.220627,2
5137,66000,387130000C,(04)23274275,(04)23288582,2025,5,14,7,23,臺中市,神岡區,0,1,0,7,2,6,50,4,1,1,5,4,6,6,4,4,10,5,5,2,11,3,10,5,4,B03,7,8,1,8,2,4,,35,35,1,12,4,120.698849,24.251042,2
5138,66000,387130000C,(04)23274275,(04)23288582,2025,5,14,7,24,臺中市,大甲區,0,1,0,7,3,6,40,3,2,1,5,4,6,6,1,1,5,5,5,1,13,3,10,3,1,B03,7,9,1,8,2,1,,59,59,1,12,4,120.62952,24.340583,2
5139,66000,387130000C,(04)23274275,(04)23288582,2025,5,14,7,25,臺中市,烏日區,0,0,0,7,,,50,,,,,,,,,,,,,,14,,,,,B03,,,1,,9,,,49,49,1,13,4,120.59524,24.109702,3
5140,66000,387130000C,(04)23274275,(04)23288582,2025,5,14,7,29,臺中市,烏日區,0,0,0,7,,,80,,,,,,,,,,,,,,13,,,,,B03,,,1,,1,,,7,7,1,13,4,120.612445,24.102628,3
5141,66000,387130000C,(04)23274275,(04)23288582,2025,5,14,7,30,臺中市,太平區,0,0,0,7,,,40,,,,,,,,,,,,,,13,,,,,C03,,,3,,2,,,7,7,1,6,4,120.730135,24.1103,3
5142,66000,387130000C,(04)23274275,(04)23288582,2025,5,14,7,32,臺中市,西區,0,1,0,7,2,6,50,4,1,1,5,4,6,6,1,1,9,4,5,2,17,3,10,3,1,B03,7,6,1,8,2,16,,11,11,1,12,4,120.649891,24.146771,2
5143,66000,387130000C,(04)23274275,(04)23288582,2025,5,14,7,33,臺中市,太平區,0,0,0,7,,,50,,,,,,,,,,,,,,13,,,,,C03,,,1,,1,,,7,7,1,12,4,120.735857,24.133195,3
5144,66000,387130000C,(04)23274275,(04)23288582,2025,5,14,7,34,臺中市,霧峰區,0,0,0,7,,,50,,,,,,,,,,,,,,,,,,,B03,,,1,,2,,,7,7,1,6,4,120.719531,24.07842,3
5145,66000,387130000C,(04)23274275,(04)23288582,2025,5,14,7,36,臺中市,南屯區,0,0,0,7,,,50,,,,,,,,,,,,,,,,,,,B03,,,1,,1,,,43,43,1,13,4,120.616039,24.146715,3
5146,66000,387130000C,(04)23274275,(04)23288582,2025,5,14,7,36,臺中市,大里區,0,1,0,7,2,6,50,4,1,1,5,4,6,6,1,1,5,2,5,1,16,2,8,1,1,C03,7,5,3,19,2,12,,47,47,1,13,4,120.689083,24.104647,2
5147,66000,387130000C,(04)23274275,(04)23288582,2025,5,14,7,36,臺中市,太平區,0,2,0,7,3,6,30,3,2,1,5,4,6,6,4,4,10,5,5,2,13,2,9,1,1,C03,7,9,1,10,2,11,,7,7,1,6,4,120.708888,24.121367,2
5148,66000,387130000C,(04)23274275,(04)23288582,2025,5,14,7,39,臺中市,潭子區,0,0,0,7,,,50,,,,,,,,,,,,,,,,,,,B03,,,1,,2,,,51,51,1,13,4,120.697944,24.194648,3
5149,66000,387130000C,(04)23274275,(04)23288582,2025,5,14,7,40,臺中市,梧棲區,0,1,0,7,3,6,40,13,8,1,5,4,6,6,4,4,1,4,1,1,13,2,9,1,1,C03,7,9,1,10,2,11,,7,7,1,6,4,120.538888,24.254761,2
5150,66000,387130000C,(04)23274275,(04)23288582,2025,5,14,7,41,臺中市,東區,0,2,0,7,2,6,50,3,1,1,5,4,6,6,4,4,9,4,5,2,17,2,9,1,1,C03,7,11,1,10,1,11,,48,48,1,12,4,120.686972,24.143243,2
5151,66000,387130000C,(04)23274275,(04)23288582,2025,5,14,7,41,臺中市,大里區,0,0,0,7,,,50,,,,,,,,,,,,,,17,,,,,B03,,,1,,2,,,8,8,1,12,4,120.68897,24.115297,3