序號,縣市別代碼,機關代碼,市話,傳真,年,月,日,時,分,縣市,區,死亡數量,受傷數量,2-30,天候,道路照明設備,道路類別,道路速限,道路型態,事故位置,路面鋪裝,路面狀態,路面缺陷,障礙物,視距,號誌種類,號誌動作,分向設施,快車道或一般車道間,快慢車道間,路面邊線,事故類型及型態,受傷程度,主要傷處,保護裝備,行動電話或功能裝置,當事者區分(類別),車輛用途,當事者行動狀態,駕照狀態,駕照種類,飲酒情形,車輛撞擊部位最初,車輛撞擊部位其他,肇事因素個別,肇事因素主要,肇事逃逸,職業,共享經濟或外送平台,GPS座標X,GPS座標Y,事故類別
5263,66000,387130000C,(04)23274275,(04)23288582,2025,5,14,12,2,臺中市,新社區,0,1,0,7,2,6,50,4,1,1,5,4,6,6,4,4,10,5,5,2,12,2,9,1,1,C03,7,6,1,10,2,14,,85,85,1,12,4,120.806957,24.240576,2
5264,66000,387130000C,(04)23274275,(04)23288582,2025,5,14,12,4,臺中市,大里區,0,1,0,7,2,6,50,3,2,1,5,4,6,6,4,4,5,4,5,1,13,2,9,2,1,C03,7,9,1,10,2,11,,7,7,1,12,4,120.700465,24.10365,2
5265,66000,387130000C,(04)23274275,(04)23288582,2025,5,14,12,5,臺中市,大里區,0,2,0,7,3,6,50,13,9,1,5,4,6,6,4,4,10,5,5,2,16,2,8,2,1,C03,7,6,1,10,2,14,,84,84,1,13,4,120.693586,24.086844,2
5266,66000,387130000C,(04)23274275,(04)23288582,2025,5,14,12,7,臺中市,大甲區,0,0,0,7,,,50,,,,,,,,,,,,,,30,,,,,B03,,,1,,2,,,50,50,1,6,4,120.621692,24.347714,3
5267,66000,387130000C,(04)23274275,(04)23288582,2025,5,14,12,10,臺中市,西區,0,2,0,7,3,6,50,3,1,1,5,4,6,6,2,1,10,5,5,2,3,3,10,3,1,B12,7,9,1,8,1,2,,10,10,1,13,4,120.671241,24.142718,2
5268,66000,387130000C,(04)23274275,(04)23288582,2025,5,14,12,13,臺中市,清水區,0,0,0,7,,,50,,,,,,,,,,,,,,,,,,,B03,,,1,,2,,,40,40,1,12,4,120.580995,24.281016,3
5269,66000,387130000C,(04)23274275,(04)23288582,2025,5,14,12,17,臺中市,西區,0,0,0,7,,,50,,,,,,,,,,,,,,,,,,,B03,,,1,,1,,,84,84,1,6,4,120.655174,24.15173,3
5270,66000,387130000C,(04)23274275,(04)23288582,2025,5,14,12,20,臺中市,大雅區,0,2,0,7,1,6,30,4,1,1,5,4,6,6,4,4,10,5,5,2,17,2,9,1,1,C03,7,9,1,10,2,11,,15,15,1,13,4,120.64905,24.227569,2
5271,66000,387130000C,(04)23274275,(04)23288582,2025,5,14,12,20,臺中市,大里區,0,0,0,7,,,60,,,,,,,,,,,,,,,,,,,B03,,,1,,2,,,7,7,1,6,4,120.687535,24.086028,3
5272,66000,387130000C,(04)23274275,(04)23288582,2025,5,14,12,20,臺中市,太平區,0,0,0,7,,,50,,,,,,,,,,,,,,14,,,,,B03,,,1,,2,,,49,49,1,12,4,120.717471,24.116558,3
5273,66000,387130000C,(04)23274275,(04)23288582,2025,5,14,12,26,臺中市,烏日區,0,0,0,7,,,50,,,,,,,,,,,,,,13,,,,,B03,,,1,,1,,,7,7,1,6,4,120.608822,24.116088,3
5274,66000,387130000C,(04)23274275,(04)23288582,2025,5,14,12,29,臺中市,北區,0,2,0,7,2,6,50,4,1,1,5,4,6,6,2,1,1,4,4,2,15,2,9,6,1,F02,7,9,7,21,2,11,12,21,21,1,13,1,120.667958,24.161612,2
5275,66000,387130000C,(04)23274275,(04)23288582,2025,5,14,12,30,臺中市,烏日區,0,0,0,7,,,40,,,,,,,,,,,,,,2,,,,,B03,,,1,,2,,,20,20,1,6,4,120.640411,24.116672,3
5276,66000,387130000C,(04)23274275,(04)23288582,2025,5,14,12,39,臺中市,西區,0,1,0,7,3,6,50,4,1,1,5,4,6,6,2,1,10,5,5,2,18,2,9,1,1,C03,7,9,1,10,2,14,,84,84,1,13,4,120.653915,24.150963,2
5277,66000,387130000C,(04)23274275,(04)23288582,2025,5,14,12,40,臺中市,南屯區,0,0,0,7,,,50,,,,,,,,,,,,,,17,,,,,C04,,,1,,9,,,87,87,1,12,4,120.638118,24.137939,3
5278,66000,387130000C,(04)23274275,(04)23288582,2025,5,14,12,42,臺中市,東區,0,1,0,7,2,6,50,5,1,1,5,4,6,6,2,1,10,5,5,2,12,2,9,2,1,C03,7,9,1,10,2,14,,84,84,1,12,4,120.693361,24.132885,2
5279,66000,387130000C,(04)23274275,(04)23288582,2025,5,14,12,44,臺中市,太平區,0,2,0,7,3,6,50,3,1,1,5,4,6,6,4,4,10,5,5,2,12,2,9,1,1,C03,7,9,1,10,2,11,,58,58,1,6,4,120.723389,24.122849,2
5280,66000,387130000C,(04)23274275,(04)23288582,2025,5,14,12,45,臺中市,南屯區,0,0,0,7,,,50,,,,,,,,,,,,,,12,,,,,C03,,,1,,1,,,59,59,1,13,4,120.634526,24.148397,3
5281,66000,387130000C,(04)23274275,(04)23288582,2025,5,14,12,50,臺中市,北屯區,0,0,0,7,,,50,,,,,,,,,,,,,,,,,,,B03,,,1,,9,,,49,49,1,12,4,120.747326,24.193804,3
5282,66000,387130000C,(04)23274275,(04)23288582,2025,5,14,12,50,臺中市,西屯區,0,2,0,7,2,6,50,3,9,1,5,4,6,6,4,4,1,4,5,1,13,2,9,1,1,C03,7,9,1,10,2,11,,7,7,1,12,4,120.635175,24.172385,2
5283,66000,387130000C,(04)23274275,(04)23288582,2025,5,14,12,51,臺中市,西屯區,0,0,0,7,,,30,,,,,,,,,,,,,,17,,,,,B03,,,1,,1,,,51,51,1,12,4,120.645727,24.179279,3
5284,66000,387130000C,(04)23274275,(04)23288582,2025,5,14,12,52,臺中市,北區,0,1,0,7,2,6,50,4,1,1,5,4,6,6,1,1,5,4,5,2,17,3,10,5,1,C03,7,9,1,10,2,12,,21,21,1,13,4,120.685395,24.152786,2
5285,66000,387130000C,(04)23274275,(04)23288582,2025,5,14,12,53,臺中市,中區,0,1,0,7,1,6,50,3,1,1,5,4,6,6,1,1,10,5,5,2,17,2,7,5,4,C03,7,9,1,10,2,12,,84,84,1,12,4,120.6684,24.153074,2
5286,66000,387130000C,(04)23274275,(04)23288582,2025,5,14,12,59,臺中市,西區,0,1,0,7,2,6,50,4,2,1,5,4,6,6,1,1,9,4,5,2,12,3,10,3,1,B03,7,4,1,8,2,2,,34,34,1,12,4,120.65397,24.148827,2
5287,66000,387130000C,(04)23274275,(04)23288582,2025,5,14,13,3,臺中市,中區,0,1,0,7,2,6,30,4,1,1,5,4,6,6,4,4,10,5,5,2,15,2,9,2,1,C03,7,9,1,10,2,11,,15,15,1,13,4,120.682019,24.142156,2
5288,66000,387130000C,(04)23274275,(04)23288582,2025,5,14,13,4,臺中市,北區,0,2,0,7,2,6,50,13,7,1,5,4,6,6,4,4,5,5,4,2,13,2,9,1,1,C04,7,9,1,10,2,11,,7,7,1,12,4,120.689261,24.158994,2
5289,66000,387130000C,(04)23274275,(04)23288582,2025,5,14,13,4,臺中市,北區,0,1,0,7,2,6,50,13,7,1,5,4,6,6,4,4,5,5,4,2,18,2,9,1,1,C03,7,9,1,10,2,14,,84,84,1,12,4,120.689249,24.158997,2
5290,66000,387130000C,(04)23274275,(04)23288582,2025,5,14,13,6,臺中市,西屯區,0,0,0,7,,,40,,,,,,,,,,,,,,,,,,,B12,,,1,,1,,,84,84,1,12,4,120.634498,24.176232,3
5291,66000,387130000C,(04)23274275,(04)23288582,2025,5,14,13,6,臺中市,大里區,0,0,0,7,,,50,,,,,,,,,,,,,,,,,,,B12,,,1,,1,,,8,8,1,12,4,120.702051,24.08289,3
5292,66000,387130000C,(04)23274275,(04)23288582,2025,5,14,13,9,臺中市,西屯區,0,0,0,7,,,50,,,,,,,,,,,,,,12,,,,,B12,,,1,,9,,,85,85,1,12,4,120.645824,24.172834,3
5293,66000,387130000C,(04)23274275,(04)23288582,2025,5,14,13,13,臺中市,東區,0,1,0,7,3,6,50,4,1,1,5,4,6,6,1,1,10,5,5,2,18,2,9,2,1,C03,7,9,1,10,7,11,,84,84,1,12,4,120.689507,24.138868,2
5294,66000,387130000C,(04)23274275,(04)23288582,2025,5,14,13,18,臺中市,西屯區,0,1,0,7,3,6,40,4,1,1,5,4,6,6,1,1,5,4,4,2,13,3,10,2,1,C03,7,9,1,10,2,11,,7,7,1,12,4,120.635983,24.169188,2
5295,66000,387130000C,(04)23274275,(04)23288582,2025,5,14,13,24,臺中市,豐原區,0,0,0,7,2,6,50,13,9,1,5,4,6,6,4,4,5,5,4,2,13,3,10,3,1,B03,7,15,1,8,2,1,,59,59,1,12,4,120.70968,24.25044,3
5296,66000,387130000C,(04)23274275,(04)23288582,2025,5,14,13,28,臺中市,南屯區,0,0,0,7,,,50,,,,,,,,,,,,,,,,,,,B03,,,1,,2,,,57,57,1,6,4,120.623475,24.144817,3
5297,66000,387130000C,(04)23274275,(04)23288582,2025,5,14,13,30,臺中市,中區,0,0,0,7,,,30,,,,,,,,,,,,,,17,,,,,C03,,,5,,2,,,12,12,1,12,4,120.677634,24.146076,4
5298,66000,387130000C,(04)23274275,(04)23288582,2025,5,14,13,33,臺中市,北屯區,0,1,0,7,2,6,50,5,1,1,5,4,6,6,2,1,10,5,5,2,13,3,10,3,1,B03,7,9,1,8,2,5,,84,84,1,12,4,120.697881,24.170419,2
5299,66000,387130000C,(04)23274275,(04)23288582,2025,5,14,13,34,臺中市,北區,0,0,0,7,,,50,,,,,,,,,,,,,,17,,,,,F01,,,7,,2,,,83,83,1,13,4,120.695378,24.159814,3
5300,66000,387130000C,(04)23274275,(04)23288582,2025,5,14,13,35,臺中市,北屯區,0,0,0,7,,,50,,,,,,,,,,,,,,,,,,,B03,,,1,,2,,,51,51,1,6,4,120.73066,24.17259,3
5301,66000,387130000C,(04)23274275,(04)23288582,2025,5,14,13,39,臺中市,大肚區,0,0,0,7,,,50,,,,,,,,,,,,,,11,,,,,B03,,,1,,2,,,11,,1,6,4,120.556597,24.128135,3
5302,66000,387130000C,(04)23274275,(04)23288582,2025,5,14,13,45,臺中市,北屯區,0,0,0,7,,,30,,,,,,,,,,,,,,17,,,,,B12,,,1,,1,,,84,84,2,12,4,120.669592,24.177236,3
5303,66000,387130000C,(04)23274275,(04)23288582,2025,5,14,13,46,臺中市,西區,0,0,0,7,,,50,,,,,,,,,,,,,,,,,,,B03,,,1,,1,,,84,84,1,6,4,120.661688,24.140163,3
5304,66000,387130000C,(04)23274275,(04)23288582,2025,5,14,13,50,臺中市,北屯區,0,0,0,7,,,50,,,,,,,,,,,,,,13,,,,,B03,,,1,,9,,,86,86,2,6,4,120.698189,24.170361,3
5305,66000,387130000C,(04)23274275,(04)23288582,2025,5,14,13,50,臺中市,太平區,0,0,0,7,,,50,,,,,,,,,,,,,,17,,,,,B03,,,1,,2,,,50,50,1,12,4,120.73419,24.144919,3
5306,66000,387130000C,(04)23274275,(04)23288582,2025,5,14,13,52,臺中市,霧峰區,0,1,0,7,3,6,50,4,1,1,5,4,6,6,1,1,10,5,5,2,18,2,9,2,1,C03,7,6,1,10,2,16,,84,84,1,12,4,120.69322,24.073193,2
5307,66000,387130000C,(04)23274275,(04)23288582,2025,5,14,13,53,臺中市,北屯區,0,1,0,7,2,6,50,13,9,1,5,4,6,6,4,4,1,4,5,2,12,3,10,3,1,B02,7,15,1,8,2,2,,8,8,1,6,4,120.686163,24.178729,2
5308,66000,387130000C,(04)23274275,(04)23288582,2025,5,14,14,7,臺中市,西屯區,0,2,0,7,2,6,50,3,1,1,5,4,6,6,1,1,1,4,5,2,12,2,9,5,4,C03,7,8,1,11,2,13,,40,40,1,12,4,120.657795,24.200683,2
5309,66000,387130000C,(04)23274275,(04)23288582,2025,5,14,14,10,臺中市,東區,0,1,0,7,1,6,1,13,7,1,5,4,6,6,1,1,5,4,5,2,17,3,10,1,1,C03,7,9,5,10,2,14,,84,84,1,12,4,120.690163,24.131725,2
5310,66000,387130000C,(04)23274275,(04)23288582,2025,5,14,14,15,臺中市,南區,0,0,0,7,,,50,,,,,,,,,,,,,,17,,,,,B12,,,1,,1,,,51,51,1,12,4,120.666619,24.117244,3
5311,66000,387130000C,(04)23274275,(04)23288582,2025,5,14,14,17,臺中市,西區,0,1,0,7,2,6,50,13,8,1,5,4,6,6,1,1,1,4,4,2,17,2,9,1,1,C03,7,9,1,10,2,12,,85,85,1,12,4,120.657533,24.145438,2
5312,66000,387130000C,(04)23274275,(04)23288582,2025,5,14,14,17,臺中市,北區,0,0,0,7,,,50,,,,,,,,,,,,,,,,,,,C03,,,1,,2,,,84,84,1,12,4,120.670538,24.162985,3
5313,66000,387130000C,(04)23274275,(04)23288582,2025,5,14,14,22,臺中市,北區,0,0,0,7,,,30,,,,,,,,,,,,,,17,,,,,C03,,,3,,1,,,46,46,1,12,4,120.668779,24.155348,3
5314,66000,387130000C,(04)23274275,(04)23288582,2025,5,14,14,26,臺中市,西屯區,0,0,0,7,,,50,,,,,,,,,,,,,,12,,,,,B03,,,1,,2,,,84,84,2,12,4,120.650782,24.164039,3
5315,66000,387130000C,(04)23274275,(04)23288582,2025,5,14,14,30,臺中市,龍井區,0,0,0,7,,,40,,,,,,,,,,,,,,14,,,,,B11,,,1,,1,,,49,49,1,12,4,120.497085,24.202468,3
5316,66000,387130000C,(04)23274275,(04)23288582,2025,5,14,14,33,臺中市,豐原區,0,0,0,7,,,50,,,,,,,,,,,,,,13,,,,,B03,,,1,,2,,,84,84,1,12,4,120.726191,24.242846,3
5317,66000,387130000C,(04)23274275,(04)23288582,2025,5,14,14,38,臺中市,西區,0,1,0,7,2,6,50,4,1,1,5,4,6,6,1,1,10,5,5,2,17,3,10,2,1,C03,7,9,1,10,2,11,,85,85,1,13,2,120.671487,24.136982,2
5318,66000,387130000C,(04)23274275,(04)23288582,2025,5,14,14,40,臺中市,豐原區,0,0,0,7,,,50,,,,,,,,,,,,,,13,,,,,B03,,,1,,2,,,59,59,1,13,4,120.699881,24.248964,3
5319,66000,387130000C,(04)23274275,(04)23288582,2025,5,14,14,49,臺中市,西屯區,0,1,0,7,2,6,50,4,1,1,5,4,6,6,2,1,10,5,5,2,16,3,10,3,1,B03,7,5,1,8,2,2,,47,47,1,12,4,120.657786,24.158256,2
5320,66000,387130000C,(04)23274275,(04)23288582,2025,5,14,14,51,臺中市,南屯區,0,0,0,7,,,50,,,,,,,,,,,,,,13,,,,,B03,,,1,,1,,,7,7,1,12,4,120.652978,24.142647,3
5321,66000,387130000C,(04)23274275,(04)23288582,2025,5,14,14,52,臺中市,東區,0,1,0,7,2,6,50,3,4,1,5,4,6,6,2,1,1,4,5,2,13,3,10,3,1,B12,7,9,1,8,2,5,,84,84,1,12,4,120.686706,24.135947,2
5322,66000,387130000C,(04)23274275,(04)23288582,2025,5,14,15,3,臺中市,沙鹿區,0,1,0,7,3,6,30,4,1,1,5,4,6,6,4,4,10,5,5,2,15,3,10,3,1,B03,7,9,1,8,2,1,,12,12,1,12,4,120.565136,24.250441,2
5323,66000,387130000C,(04)23274275,(04)23288582,2025,5,14,15,5,臺中市,西區,0,0,0,7,,,0,,,,,,,,,,,,,,17,,,,,B03,,,1,,9,,,85,85,1,12,4,120.671157,24.142633,4
5324,66000,387130000C,(04)23274275,(04)23288582,2025,5,14,15,5,臺中市,南區,0,0,0,7,,,50,,,,,,,,,,,,,,,,,,,C03,,,1,,1,,,8,8,1,6,4,120.663287,24.119266,4
5325,66000,387130000C,(04)23274275,(04)23288582,2025,5,14,15,9,臺中市,潭子區,0,1,0,7,3,6,60,4,1,1,5,4,6,6,1,1,1,4,5,1,17,3,10,3,1,B03,7,5,1,8,2,5,,47,47,1,13,4,120.705359,24.211544,2
5326,66000,387130000C,(04)23274275,(04)23288582,2025,5,14,15,10,臺中市,北區,0,0,0,7,,,50,,,,,,,,,,,,,,17,,,,,B03,,,6,,10,,,84,84,1,13,4,120.68433,24.162881,3
5327,66000,387130000C,(04)23274275,(04)23288582,2025,5,14,15,15,臺中市,南屯區,0,0,0,7,3,6,50,13,9,1,5,4,6,6,4,4,3,4,5,2,12,,,,,B03,,,1,,2,,,40,40,1,12,4,120.653436,24.140262,3
5328,66000,387130000C,(04)23274275,(04)23288582,2025,5,14,15,16,臺中市,大里區,0,2,0,7,2,6,40,13,12,1,5,4,6,6,4,4,3,4,4,1,17,2,9,1,1,C03,7,9,1,10,2,12,,7,7,1,13,4,120.698493,24.08031,2
5329,66000,387130000C,(04)23274275,(04)23288582,2025,5,14,15,21,臺中市,大里區,0,0,0,7,,,50,,,,,,,,,,,,,,,,,,,B03,,,1,,1,,,13,13,1,12,4,120.688116,24.086029,3
5330,66000,387130000C,(04)23274275,(04)23288582,2025,5,14,15,24,臺中市,西區,0,0,0,7,,,50,,,,,,,,,,,,,,,,,,,B13,,,1,,1,,,50,50,1,6,4,120.663021,24.149034,3
5331,66000,387130000C,(04)23274275,(04)23288582,2025,5,14,15,26,臺中市,西區,0,1,0,7,1,6,50,4,1,1,5,4,6,6,1,1,10,5,5,2,18,2,9,5,4,C03,7,9,1,10,2,15,,84,84,1,12,4,120.657074,24.136305,2
5332,66000,387130000C,(04)23274275,(04)23288582,2025,5,14,15,26,臺中市,烏日區,0,2,0,7,2,6,50,4,2,1,5,4,6,6,1,1,1,4,4,2,13,2,9,5,4,C03,7,9,1,10,2,11,,7,7,1,13,4,120.649711,24.111414,2
5333,66000,387130000C,(04)23274275,(04)23288582,2025,5,14,15,29,臺中市,西屯區,0,0,0,7,,,50,,,,,,,,,,,,,,16,,,,,B03,,,1,,1,,,20,20,1,12,4,120.644934,24.162756,3
5334,66000,387130000C,(04)23274275,(04)23288582,2025,5,14,15,29,臺中市,大里區,0,1,0,7,3,6,50,13,9,1,5,4,6,6,4,4,10,5,5,1,13,2,9,5,4,F01,7,9,7,21,2,11,,7,7,1,13,4,120.695755,24.115197,2
5335,66000,387130000C,(04)23274275,(04)23288582,2025,5,14,15,31,臺中市,大甲區,0,0,0,7,,,50,,,,,,,,,,,,,,14,,,,,B03,,,1,,2,,,49,49,1,12,4,120.61627,24.346437,3
5336,66000,387130000C,(04)23274275,(04)23288582,2025,5,14,15,32,臺中市,南屯區,0,1,0,7,2,6,40,13,8,1,5,4,6,6,4,4,5,5,4,2,14,3,10,3,1,B03,7,2,1,8,2,6,,49,49,1,13,4,120.651968,24.153444,2
5337,66000,387130000C,(04)23274275,(04)23288582,2025,5,14,15,38,臺中市,南屯區,0,0,0,7,,,50,,,,,,,,,,,,,,,,,,,B03,,,1,,2,,,61,61,1,6,4,120.613149,24.149658,3
5338,66000,387130000C,(04)23274275,(04)23288582,2025,5,14,15,38,臺中市,太平區,0,0,0,7,,,50,,,,,,,,,,,,,,17,,,,,B03,,,1,,2,,,59,59,1,6,4,120.70137,24.15384,3
5339,66000,387130000C,(04)23274275,(04)23288582,2025,5,14,15,40,臺中市,西區,0,1,0,7,2,6,30,11,9,1,5,4,6,6,4,4,10,5,5,2,11,3,10,1,1,C03,7,6,1,10,2,14,,41,41,1,12,4,120.671745,24.148192,2
5340,66000,387130000C,(04)23274275,(04)23288582,2025,5,14,15,44,臺中市,南屯區,0,2,0,7,2,6,50,3,1,1,1,4,6,6,3,1,9,4,5,2,16,3,10,3,1,B03,7,6,1,8,2,1,,85,85,1,12,4,120.607449,24.138739,2
5341,66000,387130000C,(04)23274275,(04)23288582,2025,5,14,15,44,臺中市,霧峰區,0,0,0,7,,,50,,,,,,,,,,,,,,13,,,,,C03,,,1,,2,,,21,21,1,12,4,120.709285,24.080698,3
5342,66000,387130000C,(04)23274275,(04)23288582,2025,5,14,15,46,臺中市,霧峰區,0,0,0,6,,,,,,,,,,,,,,,,,18,,,,,,,,,,,,,119,119,1,,,120.685219,24.055757,3
5343,66000,387130000C,(04)23274275,(04)23288582,2025,5,14,15,47,臺中市,北區,0,1,0,7,3,6,50,3,1,1,5,4,6,6,4,4,5,5,5,2,16,2,9,2,1,C03,7,6,1,10,2,11,,12,12,1,12,4,120.688697,24.152433,2
5344,66000,387130000C,(04)23274275,(04)23288582,2025,5,14,15,48,臺中市,大肚區,0,1,0,7,3,6,50,5,1,1,5,4,6,6,2,1,10,5,5,2,16,2,9,2,1,C03,7,5,1,10,2,11,,11,11,1,6,4,120.548836,24.146951,2
5345,66000,387130000C,(04)23274275,(04)23288582,2025,5,14,15,49,臺中市,西屯區,0,0,0,7,,,50,,,,,,,,,,,,,,17,,,,,B03,,,1,,1,,,51,51,1,12,4,120.620614,24.184046,3
5346,66000,387130000C,(04)23274275,(04)23288582,2025,5,14,15,50,臺中市,沙鹿區,0,2,0,7,2,6,50,4,1,1,5,4,6,6,4,4,5,5,5,2,16,3,10,3,1,B03,7,6,5,19,2,8,,14,14,1,11,4,120.566638,24.236238,2
5347,66000,387130000C,(04)23274275,(04)23288582,2025,5,14,15,54,臺中市,大安區,0,0,0,7,,,30,,,,,,,,,,,,,,14,,,,,B03,,,1,,1,,,49,49,1,6,4,120.590199,24.345994,3
5348,66000,387130000C,(04)23274275,(04)23288582,2025,5,14,15,55,臺中市,南區,0,1,0,7,1,6,50,3,1,1,5,4,6,6,4,4,9,4,5,2,16,3,10,3,1,B01,7,9,1,8,2,4,,84,84,1,12,4,120.659141,24.128516,2
5349,66000,387130000C,(04)23274275,(04)23288582,2025,5,14,15,56,臺中市,西屯區,0,1,0,7,2,6,40,13,9,1,5,4,6,6,2,1,1,4,3,2,13,2,9,2,1,C02,7,9,3,19,2,11,,7,7,1,12,4,120.614178,24.183825,2
5350,66000,387130000C,(04)23274275,(04)23288582,2025,5,14,16,5,臺中市,烏日區,0,0,0,7,,,60,,,,,,,,,,,,,,13,,,,,B12,,,1,,2,,,7,7,1,6,4,120.645898,24.058756,3
5351,66000,387130000C,(04)23274275,(04)23288582,2025,5,14,16,8,臺中市,西屯區,0,0,0,7,,,30,,,,,,,,,,,,,,14,,,,,B03,,,1,,9,,,49,49,1,12,4,120.638428,24.179277,3
5352,66000,387130000C,(04)23274275,(04)23288582,2025,5,14,16,11,臺中市,南區,0,2,0,7,2,6,50,13,7,1,5,4,6,6,1,1,10,5,5,2,13,2,8,3,1,B03,7,9,1,8,2,1,,7,7,1,11,4,120.658071,24.133724,2
5353,66000,387130000C,(04)23274275,(04)23288582,2025,5,14,16,14,臺中市,西屯區,0,0,0,7,,,50,,,,,,,,,,,,,,,,,,,B01,,,1,,2,,,51,51,1,13,4,120.603829,24.185202,3
5354,66000,387130000C,(04)23274275,(04)23288582,2025,5,14,16,15,臺中市,太平區,0,2,0,7,2,6,30,4,1,1,5,4,6,6,4,4,5,5,5,2,15,2,9,1,1,C03,7,9,3,19,2,11,,12,12,1,6,4,120.721545,24.118705,2
5355,66000,387130000C,(04)23274275,(04)23288582,2025,5,14,16,16,臺中市,大里區,0,0,0,7,,,50,,,,,,,,,,,,,,,,,,,C03,,,1,,1,,,84,84,1,12,4,120.679293,24.107044,3
5356,66000,387130000C,(04)23274275,(04)23288582,2025,5,14,16,17,臺中市,北屯區,0,0,0,7,,,50,,,,,,,,,,,,,,13,,,,,C03,,,1,,1,,,7,7,1,13,4,120.704635,24.169413,3
5357,66000,387130000C,(04)23274275,(04)23288582,2025,5,14,16,18,臺中市,西屯區,0,2,0,7,2,6,0,13,8,1,5,4,6,6,4,4,1,4,1,2,12,2,9,1,1,C03,7,1,1,10,2,11,14,84,84,1,12,4,120.605975,24.183739,2
5358,66000,387130000C,(04)23274275,(04)23288582,2025,5,14,16,23,臺中市,梧棲區,0,1,0,7,2,6,50,13,9,1,5,4,6,6,4,4,5,4,4,2,16,3,10,3,1,B03,7,1,1,8,2,1,,51,51,1,12,4,120.530406,24.254658,2
5359,66000,387130000C,(04)23274275,(04)23288582,2025,5,14,16,24,臺中市,大雅區,0,0,0,7,,,60,,,,,,,,,,,,,,,,,,,B03,,,1,,1,,,84,84,1,13,4,120.647954,24.220329,3
5360,66000,387130000C,(04)23274275,(04)23288582,2025,5,14,16,25,臺中市,北區,0,0,0,7,,,50,,,,,,,,,,,,,,17,,,,,B03,,,1,,2,,,84,84,1,13,4,120.671988,24.156383,3
5361,66000,387130000C,(04)23274275,(04)23288582,2025,5,14,16,25,臺中市,南屯區,0,1,0,7,2,6,50,4,1,1,5,4,6,6,2,1,9,4,5,2,11,3,10,3,1,B03,7,6,1,8,2,2,,11,11,1,12,4,120.648711,24.15078,2
5362,66000,387130000C,(04)23274275,(04)23288582,2025,5,14,16,25,臺中市,大肚區,0,1,0,7,3,6,60,3,2,1,5,4,6,6,1,1,1,3,4,2,20,2,9,2,1,C03,7,6,1,10,2,11,,5,5,1,6,4,120.54302,24.163155,2
5363,66000,387130000C,(04)23274275,(04)23288582,2025,5,14,16,25,臺中市,沙鹿區,0,0,0,7,,,50,,,,,,,,,,,,,,17,,,,,B03,,,1,,2,,,20,20,1,12,4,120.562048,24.233064,3
5364,66000,387130000C,(04)23274275,(04)23288582,2025,5,14,16,28,臺中市,南區,0,0,0,7,,,50,,,,,,,,,,,,,,17,,,,,C03,,,1,,9,,,84,84,1,12,4,120.678171,24.132176,3
5365,66000,387130000C,(04)23274275,(04)23288582,2025,5,14,16,29,臺中市,大里區,0,1,0,7,3,6,50,13,8,1,5,4,6,6,4,4,3,4,4,1,12,3,10,5,4,B03,7,14,1,8,2,4,,76,76,1,13,4,120.663646,24.107327,2
5366,66000,387130000C,(04)23274275,(04)23288582,2025,5,14,16,31,臺中市,北區,0,0,0,7,,,50,,,,,,,,,,,,,,13,,,,,B03,,,1,,2,,,7,7,1,13,4,120.667652,24.162735,3
5367,66000,387130000C,(04)23274275,(04)23288582,2025,5,14,16,32,臺中市,北屯區,0,0,0,7,,,50,,,,,,,,,,,,,,17,,,,,B03,,,1,,1,,,34,34,1,12,4,120.693185,24.173109,3
5368,66000,387130000C,(04)23274275,(04)23288582,2025,5,14,16,33,臺中市,烏日區,0,0,0,7,,,30,,,,,,,,,,,,,,17,,,,,C03,,,1,,2,,,8,8,1,6,4,120.642912,24.062867,3
5369,66000,387130000C,(04)23274275,(04)23288582,2025,5,14,16,36,臺中市,大里區,0,1,0,7,2,6,50,3,1,1,5,4,6,6,4,4,10,5,5,2,16,2,9,1,1,C03,7,9,1,10,2,12,,6,6,1,12,4,120.68638,24.049807,2
5370,66000,387130000C,(04)23274275,(04)23288582,2025,5,14,16,37,臺中市,豐原區,0,0,0,7,,,50,,,,,,,,,,,,,,13,,,,,B03,,,1,,2,,,57,57,1,13,4,120.724004,24.244293,3
5371,66000,387130000C,(04)23274275,(04)23288582,2025,5,14,16,38,臺中市,北屯區,0,0,0,7,,,50,,,,,,,,,,,,,,12,,,,,B03,,,1,,1,,,59,59,1,12,4,120.691175,24.173402,3
5372,66000,387130000C,(04)23274275,(04)23288582,2025,5,14,16,39,臺中市,霧峰區,0,1,0,7,2,6,40,11,8,1,5,4,6,6,4,4,1,4,1,1,17,2,9,1,1,C03,7,9,3,19,2,11,,84,84,1,12,4,120.660967,24.084231,2
5373,66000,387130000C,(04)23274275,(04)23288582,2025,5,14,16,44,臺中市,太平區,0,0,0,7,,,30,,,,,,,,,,,,,,,,,,,B12,,,1,,2,,,49,49,1,12,4,120.716746,24.147373,3
5374,66000,387130000C,(04)23274275,(04)23288582,2025,5,14,16,46,臺中市,西屯區,0,2,0,7,2,6,50,13,9,1,5,4,6,6,1,1,1,4,5,2,13,2,9,2,1,C03,7,9,1,10,2,11,,7,7,1,12,4,120.649796,24.162755,2