序號,縣市別代碼,機關代碼,市話,傳真,年,月,日,時,分,縣市,區,死亡數量,受傷數量,2-30,天候,道路照明設備,道路類別,道路速限,道路型態,事故位置,路面鋪裝,路面狀態,路面缺陷,障礙物,視距,號誌種類,號誌動作,分向設施,快車道或一般車道間,快慢車道間,路面邊線,事故類型及型態,受傷程度,主要傷處,保護裝備,行動電話或功能裝置,當事者區分(類別),車輛用途,當事者行動狀態,駕照狀態,駕照種類,飲酒情形,車輛撞擊部位最初,車輛撞擊部位其他,肇事因素個別,肇事因素主要,肇事逃逸,職業,共享經濟或外送平台,GPS座標X,GPS座標Y,事故類別
5485,66000,387130000C,(04)23274275,(04)23288582,2025,5,14,20,12,臺中市,大肚區,0,1,0,6,1,6,50,3,1,1,5,4,6,6,4,4,10,5,5,2,13,3,10,3,1,B03,7,9,1,8,2,1,,84,84,1,6,4,120.574428,24.170014,2
5486,66000,387130000C,(04)23274275,(04)23288582,2025,5,14,20,13,臺中市,西屯區,0,1,0,7,1,6,50,4,1,1,5,4,6,6,2,1,10,5,5,2,16,3,10,3,1,B03,7,6,1,8,2,5,,84,84,1,12,4,120.636439,24.160617,2
5487,66000,387130000C,(04)23274275,(04)23288582,2025,5,14,20,14,臺中市,沙鹿區,0,1,0,7,1,6,40,3,1,1,5,4,6,6,1,1,10,5,5,2,16,2,8,2,1,C03,7,9,1,10,2,11,,21,21,1,6,4,120.575797,24.226961,2
5488,66000,387130000C,(04)23274275,(04)23288582,2025,5,14,20,16,臺中市,潭子區,0,1,0,7,1,6,50,13,7,1,5,4,6,6,4,4,5,4,4,2,17,3,10,1,1,C03,7,9,1,10,2,11,,85,85,1,12,4,120.706574,24.205833,2
5489,66000,387130000C,(04)23274275,(04)23288582,2025,5,14,20,20,臺中市,南屯區,0,0,0,7,,,50,,,,,,,,,,,,,,17,,,,,B03,,,1,,1,,,87,87,1,12,4,120.607994,24.148381,3
5490,66000,387130000C,(04)23274275,(04)23288582,2025,5,14,20,33,臺中市,西屯區,0,0,0,7,,,30,,,,,,,,,,,,,,17,,,,,B03,,,1,,2,,,8,8,1,12,4,120.644238,24.180008,3
5491,66000,387130000C,(04)23274275,(04)23288582,2025,5,14,20,35,臺中市,東區,0,0,0,7,,,50,,,,,,,,,,,,,,,,,,,B03,,,1,,2,,,7,7,1,6,4,120.706544,24.137325,3
5492,66000,387130000C,(04)23274275,(04)23288582,2025,5,14,20,36,臺中市,豐原區,0,0,0,7,,,50,,,,,,,,,,,,,,12,,,,,C03,,,1,,2,,,26,26,1,13,4,120.725079,24.255015,3
5493,66000,387130000C,(04)23274275,(04)23288582,2025,5,14,20,48,臺中市,大里區,0,0,0,7,,,50,,,,,,,,,,,,,,,,,,,B03,,,1,,2,,,8,8,1,12,4,120.704088,24.107984,3
5494,66000,387130000C,(04)23274275,(04)23288582,2025,5,14,20,50,臺中市,西屯區,0,0,0,7,,,50,,,,,,,,,,,,,,,,,,,A11,,,1,,2,,,49,49,1,13,4,120.639909,24.185618,3
5495,66000,387130000C,(04)23274275,(04)23288582,2025,5,14,21,0,臺中市,中區,0,0,0,7,,,50,,,,,,,,,,,,,,,,,,,B03,,,1,,1,,,84,84,1,12,4,120.680613,24.146958,3
5496,66000,387130000C,(04)23274275,(04)23288582,2025,5,14,21,2,臺中市,北區,0,0,0,7,,,50,,,,,,,,,,,,,,14,,,,,B03,,,1,,1,,,49,49,1,13,4,120.669358,24.15979,3
5497,66000,387130000C,(04)23274275,(04)23288582,2025,5,14,21,2,臺中市,梧棲區,0,0,0,7,,,50,,,,,,,,,,,,,,13,,,,,B03,,,1,,1,,,78,78,1,6,4,120.529791,24.239535,3
5498,66000,387130000C,(04)23274275,(04)23288582,2025,5,14,21,6,臺中市,西屯區,0,0,0,7,,,50,,,,,,,,,,,,,,12,,,,,B03,,,1,,1,,,2,2,1,12,4,120.657127,24.200899,3
5499,66000,387130000C,(04)23274275,(04)23288582,2025,5,14,21,8,臺中市,北屯區,0,0,0,7,,,50,,,,,,,,,,,,,,14,,,,,B03,,,1,,11,,,49,49,1,12,4,120.721553,24.182276,3
5500,66000,387130000C,(04)23274275,(04)23288582,2025,5,14,21,15,臺中市,沙鹿區,0,0,0,7,,,60,,,,,,,,,,,,,,13,,,,,B03,,,1,,2,,,7,7,1,8,4,120.579948,24.219152,3
5501,66000,387130000C,(04)23274275,(04)23288582,2025,5,14,21,22,臺中市,太平區,0,1,0,7,1,6,50,3,1,1,5,4,6,6,4,4,5,5,4,2,16,2,9,1,1,C03,7,4,3,19,2,12,,1,1,1,4,4,120.716021,24.119256,2
5502,66000,387130000C,(04)23274275,(04)23288582,2025,5,14,21,22,臺中市,豐原區,0,2,0,7,2,6,50,3,1,1,5,4,6,6,4,4,5,2,5,1,12,3,10,5,4,B03,7,5,1,8,2,5,,47,47,1,13,4,120.73027,24.242559,2
5503,66000,387130000C,(04)23274275,(04)23288582,2025,5,14,21,30,臺中市,北區,0,0,0,7,,,50,,,,,,,,,,,,,,17,,,,,C03,,,1,,2,,,85,85,1,12,4,120.685282,24.154168,3
5504,66000,387130000C,(04)23274275,(04)23288582,2025,5,14,21,35,臺中市,南屯區,0,0,0,7,,,50,,,,,,,,,,,,,,,,,,,C03,,,1,,2,,,2,2,1,13,4,120.609845,24.137943,3
5505,66000,387130000C,(04)23274275,(04)23288582,2025,5,14,21,38,臺中市,烏日區,0,0,0,7,,,70,,,,,,,,,,,,,,13,,,,,B03,,,1,,1,,,7,7,1,12,4,120.608744,24.108089,3
5506,66000,387130000C,(04)23274275,(04)23288582,2025,5,14,21,40,臺中市,北區,0,0,0,7,,,50,,,,,,,,,,,,,,17,,,,,C03,,,1,,2,,,11,11,1,13,4,120.675606,24.171504,3
5507,66000,387130000C,(04)23274275,(04)23288582,2025,5,14,21,46,臺中市,龍井區,0,2,0,6,1,6,40,13,8,1,5,4,6,6,4,4,10,2,3,1,13,3,10,3,1,B03,7,7,1,8,2,6,,35,35,1,6,4,120.580157,24.189864,2
5508,66000,387130000C,(04)23274275,(04)23288582,2025,5,14,21,50,臺中市,龍井區,0,2,0,6,1,6,50,4,1,1,5,4,6,6,2,1,10,5,5,2,16,2,9,1,1,C03,7,6,1,10,2,11,,11,11,1,5,4,120.583294,24.186912,2
5509,66000,387130000C,(04)23274275,(04)23288582,2025,5,14,21,53,臺中市,北屯區,0,1,0,7,1,6,50,13,9,1,5,4,6,6,4,4,5,5,5,2,17,3,10,5,4,C03,7,11,1,10,2,11,,39,39,1,13,4,120.6822,24.176178,2
5510,66000,387130000C,(04)23274275,(04)23288582,2025,5,14,21,54,臺中市,太平區,0,0,0,7,,,50,,,,,,,,,,,,,,,,,,,B03,,,1,,2,,,50,50,1,12,4,120.7181,24.14933,3
5511,66000,387130000C,(04)23274275,(04)23288582,2025,5,14,21,58,臺中市,北屯區,0,1,0,7,1,6,50,13,9,1,5,4,6,6,4,4,1,3,5,2,16,3,10,3,1,B03,7,1,1,8,2,8,,51,51,1,13,4,120.680979,24.172903,2
5512,66000,387130000C,(04)23274275,(04)23288582,2025,5,14,22,2,臺中市,沙鹿區,0,0,0,7,,,50,,,,,,,,,,,,,,17,,,,,C03,,,1,,1,,,78,78,1,6,4,120.578106,24.221982,3
5513,66000,387130000C,(04)23274275,(04)23288582,2025,5,14,22,4,臺中市,南區,0,0,0,7,,,50,,,,,,,,,,,,,,,,,,,C03,,,1,,1,,,49,49,1,12,4,120.655282,24.123101,3
5514,66000,387130000C,(04)23274275,(04)23288582,2025,5,14,22,8,臺中市,南區,0,1,0,7,1,6,50,13,9,1,5,4,6,6,4,4,1,4,5,2,12,3,10,3,1,A02,7,7,1,2,2,6,,40,40,1,12,4,120.657379,24.131307,2
5515,66000,387130000C,(04)23274275,(04)23288582,2025,5,14,22,9,臺中市,豐原區,0,1,0,7,1,6,50,4,1,1,5,4,6,6,4,4,10,5,5,2,15,3,10,5,4,B03,7,9,1,8,2,1,,15,15,1,12,4,120.719915,24.252733,2
5516,66000,387130000C,(04)23274275,(04)23288582,2025,5,14,22,13,臺中市,太平區,0,0,0,7,,,50,,,,,,,,,,,,,,13,,,,,B03,,,1,,2,,,84,84,1,12,4,120.73224,24.134639,3
5517,66000,387130000C,(04)23274275,(04)23288582,2025,5,14,22,14,臺中市,西區,0,0,0,7,,,50,,,,,,,,,,,,,,13,,,,,B03,,,1,,1,,,59,59,1,12,4,120.657387,24.15723,3
5518,66000,387130000C,(04)23274275,(04)23288582,2025,5,14,22,15,臺中市,龍井區,0,0,0,7,,,30,,,,,,,,,,,,,,12,,,,,B03,,,1,,2,,,84,84,1,12,4,120.587471,24.181611,3
5519,66000,387130000C,(04)23274275,(04)23288582,2025,5,14,22,34,臺中市,大里區,0,1,0,7,1,6,50,13,9,1,5,4,6,6,4,4,1,4,5,2,18,2,9,2,1,C03,7,9,2,19,2,12,,84,84,1,13,4,120.682203,24.080209,2
5520,66000,387130000C,(04)23274275,(04)23288582,2025,5,14,22,34,臺中市,太平區,0,0,0,7,1,6,50,3,7,1,5,4,6,6,4,4,5,5,4,2,13,3,10,1,1,C03,7,9,1,10,2,14,,84,84,1,6,4,120.717217,24.14853,3
5521,66000,387130000C,(04)23274275,(04)23288582,2025,5,14,22,39,臺中市,北區,0,0,0,7,,,50,,,,,,,,,,,,,,30,,,,,B12,,,1,,2,,,84,84,1,13,4,120.684211,24.149854,3
5522,66000,387130000C,(04)23274275,(04)23288582,2025,5,14,22,41,臺中市,西屯區,0,1,0,7,1,6,50,3,1,1,5,4,6,6,4,4,10,5,5,2,13,3,10,1,1,C03,7,6,1,10,2,11,,7,7,1,12,4,120.645,24.180957,2
5523,66000,387130000C,(04)23274275,(04)23288582,2025,5,14,22,49,臺中市,太平區,0,3,0,7,1,6,50,13,9,1,5,4,6,6,4,4,5,5,4,2,16,2,9,2,1,C03,7,8,1,10,2,14,,42,42,1,12,4,120.733972,24.148115,2
5524,66000,387130000C,(04)23274275,(04)23288582,2025,5,14,22,52,臺中市,龍井區,0,2,0,7,1,6,50,13,9,1,5,4,6,6,4,4,9,5,5,1,2,2,9,2,1,C03,7,9,1,10,2,11,,6,6,1,5,4,120.58815,24.181087,2
5525,66000,387130000C,(04)23274275,(04)23288582,2025,5,14,23,2,臺中市,大里區,0,0,0,7,,,30,,,,,,,,,,,,,,17,,,,,B03,,,1,,2,,,14,14,1,13,4,120.699805,24.08903,3
5526,66000,387130000C,(04)23274275,(04)23288582,2025,5,15,0,19,臺中市,大里區,0,2,0,6,1,6,50,13,9,1,5,4,6,6,1,1,5,2,5,1,16,2,9,1,1,C03,7,6,1,10,2,11,,39,39,1,12,4,120.689809,24.111403,2
5527,66000,387130000C,(04)23274275,(04)23288582,2025,5,15,0,30,臺中市,沙鹿區,0,0,0,7,,,0,,,,,,,,,,,,,,17,,,,,C03,,,1,,2,,,49,49,1,6,4,120.581101,24.21567,3
5528,66000,387130000C,(04)23274275,(04)23288582,2025,5,15,0,44,臺中市,西屯區,0,0,0,7,,,60,,,,,,,,,,,,,,,,,,,B03,,,1,,2,,,49,49,1,12,4,120.622569,24.176316,3
5529,66000,387130000C,(04)23274275,(04)23288582,2025,5,15,1,3,臺中市,南屯區,0,1,0,7,1,6,50,4,1,1,5,4,6,6,2,1,8,3,4,1,30,2,9,6,1,F01,7,9,7,21,9,14,,82,82,1,12,4,120.6514,24.150796,2
5530,66000,387130000C,(04)23274275,(04)23288582,2025,5,15,1,13,臺中市,西屯區,0,0,0,7,,,30,,,,,,,,,,,,,,,,,,,C03,,,1,,9,,,50,50,1,12,4,120.646183,24.181052,3
5531,66000,387130000C,(04)23274275,(04)23288582,2025,5,15,1,37,臺中市,西屯區,0,1,0,7,1,6,60,4,2,1,5,4,6,6,2,1,5,4,4,2,16,3,10,3,2,B03,7,5,5,19,2,5,,4,4,1,12,4,120.634622,24.165023,2
5532,66000,387130000C,(04)23274275,(04)23288582,2025,5,15,2,32,臺中市,大里區,0,0,0,7,,,60,,,,,,,,,,,,,,17,,,,,B03,,,1,,1,,,84,84,1,12,4,120.689479,24.075394,3
5533,66000,387130000C,(04)23274275,(04)23288582,2025,5,15,2,58,臺中市,中區,0,1,0,7,1,6,50,13,7,1,5,4,6,6,4,4,5,4,4,2,9,2,9,1,1,C03,7,9,1,11,2,12,,84,84,1,12,4,120.679271,24.146521,2
5534,66000,387130000C,(04)23274275,(04)23288582,2025,5,15,4,27,臺中市,大里區,0,1,0,6,1,6,30,3,1,1,5,4,6,6,4,4,10,5,5,2,16,3,10,3,1,B03,7,6,1,8,2,5,,14,14,1,12,4,120.689067,24.11197,2
5535,66000,387130000C,(04)23274275,(04)23288582,2025,5,15,6,5,臺中市,太平區,0,2,0,7,2,6,40,3,2,1,5,4,6,6,2,1,5,5,4,1,13,2,9,1,1,C03,7,9,1,10,2,11,,21,21,1,6,4,120.709977,24.15926,2
5536,66000,387130000C,(04)23274275,(04)23288582,2025,5,15,6,10,臺中市,龍井區,0,1,0,7,3,6,30,4,1,1,5,4,6,6,4,4,10,5,5,2,15,2,9,1,1,C03,7,9,1,10,2,12,,15,15,1,6,4,120.545592,24.217889,2
5537,66000,387130000C,(04)23274275,(04)23288582,2025,5,15,6,23,臺中市,清水區,0,1,0,7,3,6,40,4,1,1,5,4,6,6,2,1,1,4,1,1,15,2,9,2,1,C03,7,9,1,10,2,11,,58,58,1,12,4,120.558435,24.273284,2
5538,66000,387130000C,(04)23274275,(04)23288582,2025,5,15,6,30,臺中市,沙鹿區,0,1,0,7,3,6,40,3,1,1,5,4,6,6,1,1,10,4,1,1,17,3,10,3,1,B03,7,1,1,8,2,8,,51,51,1,13,4,120.576688,24.225541,2
5539,66000,387130000C,(04)23274275,(04)23288582,2025,5,15,6,40,臺中市,大里區,0,2,0,7,3,6,30,3,1,1,5,4,6,6,4,4,10,5,5,2,15,2,9,1,1,C03,7,9,5,19,2,11,,85,85,1,12,4,120.688839,24.112312,2
5540,66000,387130000C,(04)23274275,(04)23288582,2025,5,15,6,43,臺中市,大甲區,0,2,0,7,3,6,50,3,9,1,5,4,6,6,4,4,10,5,5,2,17,3,10,3,1,B03,7,1,1,8,2,8,,51,51,1,12,4,120.615041,24.348783,2
5541,66000,387130000C,(04)23274275,(04)23288582,2025,5,15,6,46,臺中市,西屯區,0,0,0,7,,,50,,,,,,,,,,,,,,17,,,,,B02,,,1,,1,,,59,59,1,13,4,120.640404,24.166279,3
5542,66000,387130000C,(04)23274275,(04)23288582,2025,5,15,6,47,臺中市,龍井區,0,1,0,7,3,6,50,13,8,1,5,4,6,6,4,4,1,4,4,2,16,3,10,3,1,B03,7,7,1,8,2,2,,40,40,1,6,4,120.550395,24.210506,2
5543,66000,387130000C,(04)23274275,(04)23288582,2025,5,15,6,54,臺中市,北區,0,2,0,7,2,6,50,4,2,1,5,4,6,6,1,1,1,4,5,2,13,2,9,1,1,C03,7,9,1,10,2,11,,7,7,1,12,4,120.691561,24.160019,2
5544,66000,387130000C,(04)23274275,(04)23288582,2025,5,15,6,57,臺中市,豐原區,0,1,0,7,2,6,50,4,1,1,5,4,6,6,1,1,5,4,4,2,17,3,10,5,4,B03,7,6,1,8,2,6,,11,11,1,12,4,120.732386,24.241871,2
5545,66000,387130000C,(04)23274275,(04)23288582,2025,5,15,6,59,臺中市,神岡區,0,0,0,7,,,50,,,,,,,,,,,,,,27,,,,,B03,,,1,,2,,,56,56,1,6,4,120.686734,24.245628,3
5546,66000,387130000C,(04)23274275,(04)23288582,2025,5,15,7,0,臺中市,北屯區,0,0,0,7,,,50,,,,,,,,,,,,,,16,,,,,B12,,,1,,1,,,11,11,1,6,4,120.720724,24.172608,3
5547,66000,387130000C,(04)23274275,(04)23288582,2025,5,15,7,3,臺中市,大肚區,0,1,0,7,2,6,50,3,2,1,5,4,6,6,4,4,5,5,5,1,12,2,9,5,4,C03,7,9,1,10,2,14,,8,8,1,6,4,120.579499,24.170308,2
5548,66000,387130000C,(04)23274275,(04)23288582,2025,5,15,7,7,臺中市,沙鹿區,0,1,0,7,2,6,30,13,9,1,5,4,6,6,4,4,10,5,5,2,17,2,9,1,1,C03,7,9,3,19,2,14,,84,84,1,13,4,120.589948,24.219431,2
5549,66000,387130000C,(04)23274275,(04)23288582,2025,5,15,7,10,臺中市,南屯區,0,2,0,7,2,6,50,4,2,1,5,4,6,6,2,1,9,4,4,2,13,2,9,1,1,C03,7,9,1,10,2,11,,7,7,1,12,4,120.645071,24.132065,2
5550,66000,387130000C,(04)23274275,(04)23288582,2025,5,15,7,10,臺中市,西屯區,0,0,0,7,,,50,,,,,,,,,,,,,,13,,,,,B03,,,1,,1,,,56,56,1,12,4,120.655601,24.199887,3
5551,66000,387130000C,(04)23274275,(04)23288582,2025,5,15,7,11,臺中市,龍井區,0,0,0,7,,,60,,,,,,,,,,,,,,,,,,,B03,,,1,,1,,,40,40,1,6,4,120.520106,24.21199,3
5552,66000,387130000C,(04)23274275,(04)23288582,2025,5,15,7,16,臺中市,潭子區,0,1,0,7,3,6,50,3,1,1,5,4,6,6,4,4,5,4,4,2,17,2,9,2,1,C03,7,5,1,10,2,12,,85,85,1,13,4,120.709197,24.200796,2
5553,66000,387130000C,(04)23274275,(04)23288582,2025,5,15,7,18,臺中市,太平區,0,1,0,7,2,6,30,3,1,1,5,4,6,6,4,4,10,5,5,2,16,3,10,1,1,C03,7,5,1,10,2,13,,14,14,1,12,4,120.726577,24.145646,2
5554,66000,387130000C,(04)23274275,(04)23288582,2025,5,15,7,18,臺中市,龍井區,0,2,0,7,2,6,50,4,1,1,5,4,6,6,1,1,10,5,5,2,15,2,9,5,4,C03,7,9,1,10,2,11,,21,21,1,6,4,120.583352,24.179648,2
5555,66000,387130000C,(04)23274275,(04)23288582,2025,5,15,7,20,臺中市,大雅區,0,1,0,7,1,6,40,4,1,1,5,4,6,6,1,1,5,5,4,1,17,2,9,1,1,C03,7,9,1,10,2,11,,84,84,1,13,4,120.636572,24.217051,2
5556,66000,387130000C,(04)23274275,(04)23288582,2025,5,15,7,22,臺中市,北區,0,1,0,7,3,6,30,4,2,1,5,4,6,6,4,4,5,4,5,2,15,3,10,5,4,B03,7,9,1,8,2,1,,15,15,1,13,4,120.675034,24.164016,2
5557,66000,387130000C,(04)23274275,(04)23288582,2025,5,15,7,22,臺中市,霧峰區,0,3,0,7,2,6,70,13,8,1,5,4,6,6,4,4,1,3,4,2,17,2,9,3,1,A01,7,9,1,6,2,1,,7,7,1,6,4,120.672484,24.042527,2
5558,66000,387130000C,(04)23274275,(04)23288582,2025,5,15,7,23,臺中市,烏日區,0,1,0,7,2,6,50,3,2,1,5,4,6,6,1,1,5,4,5,1,13,3,10,3,1,B12,7,9,1,8,2,1,,59,59,1,6,4,120.608662,24.103938,2
5559,66000,387130000C,(04)23274275,(04)23288582,2025,5,15,7,25,臺中市,西屯區,0,1,0,7,2,6,50,13,9,1,5,4,6,6,4,4,5,4,5,2,17,3,10,5,1,B03,7,13,5,19,1,16,,76,76,1,12,4,120.63229,24.18297,2
5560,66000,387130000C,(04)23274275,(04)23288582,2025,5,15,7,27,臺中市,大里區,0,0,0,7,,,30,,,,,,,,,,,,,,,,,,,C03,,,5,,2,,,7,7,1,6,4,120.704001,24.09748,3
5561,66000,387130000C,(04)23274275,(04)23288582,2025,5,15,7,28,臺中市,西屯區,0,1,0,7,2,6,30,13,9,1,5,4,6,6,4,4,10,5,5,2,12,2,9,2,1,C03,7,1,1,10,2,14,,51,51,1,13,4,120.625913,24.202329,2
5562,66000,387130000C,(04)23274275,(04)23288582,2025,5,15,7,29,臺中市,龍井區,0,0,0,7,,,40,,,,,,,,,,,,,,13,,,,,B03,,,1,,1,,,7,7,1,12,4,120.532195,24.19329,3
5563,66000,387130000C,(04)23274275,(04)23288582,2025,5,15,7,29,臺中市,豐原區,0,0,0,7,,,30,,,,,,,,,,,,,,17,,,,,B03,,,1,,2,,,49,49,1,13,4,120.730373,24.242316,3
5564,66000,387130000C,(04)23274275,(04)23288582,2025,5,15,7,30,臺中市,清水區,0,2,0,7,3,6,40,3,1,1,5,4,6,6,4,4,1,4,4,1,12,2,9,1,1,C03,7,8,1,10,2,11,,7,7,1,12,4,120.572087,24.275704,2
5565,66000,387130000C,(04)23274275,(04)23288582,2025,5,15,7,30,臺中市,清水區,0,0,0,7,,,50,,,,,,,,,,,,,,17,,,,,B03,,,1,,2,,,50,50,1,12,4,120.576382,24.270097,3
5566,66000,387130000C,(04)23274275,(04)23288582,2025,5,15,7,30,臺中市,大甲區,0,0,0,7,,,50,,,,,,,,,,,,,,,,,,,C03,,,1,,1,,,41,41,1,6,4,120.637132,24.396679,3
5567,66000,387130000C,(04)23274275,(04)23288582,2025,5,15,7,30,臺中市,豐原區,0,0,0,7,,,50,,,,,,,,,,,,,,17,,,,,F03,,,7,,2,,,84,84,1,13,4,120.715535,24.248068,3
5568,66000,387130000C,(04)23274275,(04)23288582,2025,5,15,7,32,臺中市,太平區,0,1,0,7,2,6,50,3,1,1,5,4,6,6,4,4,10,5,5,2,17,2,8,5,4,F03,7,6,7,21,2,12,,12,12,1,6,4,120.716386,24.11869,2
5569,66000,387130000C,(04)23274275,(04)23288582,2025,5,15,7,33,臺中市,西區,0,0,0,7,,,40,,,,,,,,,,,,,,13,,,,,C03,,,1,,1,,,7,7,1,12,4,120.6596,24.157525,3
5570,66000,387130000C,(04)23274275,(04)23288582,2025,5,15,7,33,臺中市,神岡區,0,0,0,7,,,50,,,,,,,,,,,,,,2,,,,,B03,,,1,,1,,,40,40,1,12,4,120.668507,24.278909,3
5571,66000,387130000C,(04)23274275,(04)23288582,2025,5,15,7,41,臺中市,霧峰區,0,2,0,7,2,6,50,3,2,1,5,4,6,6,4,4,4,3,5,1,17,2,9,1,1,C03,7,6,1,10,2,14,,14,14,1,6,4,120.686301,24.049697,2
5572,66000,387130000C,(04)23274275,(04)23288582,2025,5,15,7,48,臺中市,北屯區,0,1,0,7,2,6,50,4,1,1,5,4,6,6,4,4,10,5,5,2,15,2,9,1,1,C03,7,9,1,10,2,11,,12,12,1,11,4,120.684495,24.173477,2
5573,66000,387130000C,(04)23274275,(04)23288582,2025,5,15,7,49,臺中市,大里區,0,0,0,7,,,50,,,,,,,,,,,,,,13,,,,,B03,,,1,,2,,,7,7,1,13,4,120.667416,24.09654,3
5574,66000,387130000C,(04)23274275,(04)23288582,2025,5,15,7,51,臺中市,西區,0,2,0,7,2,6,50,4,1,1,5,4,6,6,4,4,9,4,5,2,17,3,10,3,1,B03,7,6,1,8,2,8,,48,48,1,12,4,120.658836,24.149021,2
5575,66000,387130000C,(04)23274275,(04)23288582,2025,5,15,7,51,臺中市,西屯區,0,2,0,7,2,6,40,4,2,1,5,4,6,6,1,1,10,5,5,2,13,2,9,1,1,C03,7,9,1,10,2,11,,7,7,1,12,4,120.646454,24.164454,2
5576,66000,387130000C,(04)23274275,(04)23288582,2025,5,15,7,56,臺中市,北屯區,0,0,0,7,,,50,,,,,,,,,,,,,,12,,,,,B03,,,1,,1,,,8,8,1,12,4,120.698241,24.172787,3
5577,66000,387130000C,(04)23274275,(04)23288582,2025,5,15,8,0,臺中市,南屯區,0,1,0,7,3,6,60,13,8,1,5,4,6,6,4,4,1,5,1,2,18,2,9,2,1,C03,7,9,1,10,2,14,,84,84,1,12,4,120.594609,24.156815,2
5578,66000,387130000C,(04)23274275,(04)23288582,2025,5,15,8,0,臺中市,北屯區,0,0,0,7,,,50,,,,,,,,,,,,,,13,,,,,B03,,,1,,1,,,7,7,1,6,4,120.692511,24.162364,3
5579,66000,387130000C,(04)23274275,(04)23288582,2025,5,15,8,0,臺中市,西屯區,0,1,0,7,2,6,50,13,9,1,5,4,6,6,4,4,3,4,5,2,12,3,10,1,1,C03,7,9,1,10,2,14,,8,8,1,12,4,120.639009,24.18558,2
5580,66000,387130000C,(04)23274275,(04)23288582,2025,5,15,8,2,臺中市,北屯區,0,2,0,7,2,6,50,13,7,1,5,4,6,6,4,4,1,3,4,2,12,2,9,1,1,C03,7,8,1,10,2,11,,84,84,1,6,4,120.685958,24.176391,2
5581,66000,387130000C,(04)23274275,(04)23288582,2025,5,15,8,4,臺中市,梧棲區,0,1,0,7,3,6,50,4,1,1,5,4,6,6,1,1,10,5,5,2,16,2,9,1,1,F03,7,6,7,21,2,14,,48,48,1,6,4,120.541283,24.242675,2
5582,66000,387130000C,(04)23274275,(04)23288582,2025,5,15,8,7,臺中市,北區,0,0,0,7,,,50,,,,,,,,,,,,,,17,,,,,B12,,,1,,1,,,58,58,1,13,4,120.694553,24.156839,3
5583,66000,387130000C,(04)23274275,(04)23288582,2025,5,15,8,8,臺中市,北區,0,0,0,7,,,50,,,,,,,,,,,,,,,,,,,B03,,,1,,1,,,7,7,1,12,4,120.678362,24.162684,3
5584,66000,387130000C,(04)23274275,(04)23288582,2025,5,15,8,8,臺中市,東區,0,0,0,7,,,50,,,,,,,,,,,,,,13,,,,,C03,,,1,,1,,,84,84,1,12,4,120.683975,24.134812,4
5585,66000,387130000C,(04)23274275,(04)23288582,2025,5,15,8,9,臺中市,北區,0,0,0,7,,,50,,,,,,,,,,,,,,,,,,,B03,,,1,,2,,,39,39,1,12,4,120.684622,24.142498,3
5586,66000,387130000C,(04)23274275,(04)23288582,2025,5,15,8,10,臺中市,大雅區,0,1,0,7,3,6,50,4,2,1,5,4,6,6,1,1,5,2,5,1,17,3,10,3,1,B03,7,6,1,8,2,4,,48,48,1,12,4,120.646892,24.225967,2
5587,66000,387130000C,(04)23274275,(04)23288582,2025,5,15,8,13,臺中市,南屯區,0,1,0,7,2,6,30,13,9,1,5,4,6,6,4,4,10,5,5,2,18,2,9,1,1,C03,7,9,1,10,2,14,,84,84,1,12,4,120.613323,24.150713,2
5588,66000,387130000C,(04)23274275,(04)23288582,2025,5,15,8,15,臺中市,北屯區,0,1,0,7,3,6,50,13,24,1,5,4,6,6,4,4,1,5,5,2,13,2,9,2,1,C03,7,9,1,10,2,11,,84,84,1,6,4,120.664983,24.184567,2
5589,66000,387130000C,(04)23274275,(04)23288582,2025,5,15,8,19,臺中市,南屯區,0,2,0,7,2,6,50,4,2,1,5,4,6,6,3,1,10,3,4,2,16,2,9,2,4,C03,7,1,1,10,2,14,,51,51,1,13,4,120.633977,24.159431,2
5590,66000,387130000C,(04)23274275,(04)23288582,2025,5,15,8,20,臺中市,潭子區,0,0,0,7,,,50,,,,,,,,,,,,,,2,,,,,B13,,,1,,2,,,51,51,1,12,4,120.700954,24.211783,3
5591,66000,387130000C,(04)23274275,(04)23288582,2025,5,15,8,20,臺中市,西屯區,0,0,0,7,2,6,50,13,9,1,5,4,6,6,4,4,9,5,5,2,17,,,,,B03,,,1,,9,,,7,7,1,13,4,120.663459,24.173114,3
5592,66000,387130000C,(04)23274275,(04)23288582,2025,5,15,8,28,臺中市,南屯區,0,1,0,6,2,6,50,4,1,1,5,3,6,6,4,4,9,5,5,2,15,2,9,1,1,C03,7,9,1,10,2,12,,15,15,1,12,4,120.608483,24.147118,2
5593,66000,387130000C,(04)23274275,(04)23288582,2025,5,15,8,28,臺中市,太平區,0,0,0,7,,,50,,,,,,,,,,,,,,13,,,,,B03,,,1,,2,,,7,7,1,12,4,120.716538,24.132391,3
5594,66000,387130000C,(04)23274275,(04)23288582,2025,5,15,8,30,臺中市,北屯區,0,0,0,7,,,50,,,,,,,,,,,,,,17,,,,,B01,,,1,,9,,,50,50,1,6,4,120.734189,24.177124,3
5595,66000,387130000C,(04)23274275,(04)23288582,2025,5,15,8,35,臺中市,大雅區,0,0,0,7,1,6,40,3,2,1,5,4,6,6,1,1,5,5,4,2,17,,,,,B12,,,1,,9,,,49,49,1,13,4,120.650618,24.216419,3