序號,縣市別代碼,機關代碼,市話,傳真,年,月,日,時,分,縣市,區,死亡數量,受傷數量,2-30,天候,道路照明設備,道路類別,道路速限,道路型態,事故位置,路面鋪裝,路面狀態,路面缺陷,障礙物,視距,號誌種類,號誌動作,分向設施,快車道或一般車道間,快慢車道間,路面邊線,事故類型及型態,受傷程度,主要傷處,保護裝備,行動電話或功能裝置,當事者區分(類別),車輛用途,當事者行動狀態,駕照狀態,駕照種類,飲酒情形,車輛撞擊部位最初,車輛撞擊部位其他,肇事因素個別,肇事因素主要,肇事逃逸,職業,共享經濟或外送平台,GPS座標X,GPS座標Y,事故類別
5596,66000,387130000C,(04)23274275,(04)23288582,2025,5,15,8,35,臺中市,大肚區,0,1,0,7,2,6,50,13,9,1,5,4,6,6,4,4,5,5,5,1,17,3,10,5,4,B03,7,13,1,8,2,15,,76,76,1,12,4,120.580533,24.172952,2
5597,66000,387130000C,(04)23274275,(04)23288582,2025,5,15,8,38,臺中市,南區,0,1,0,7,2,6,50,3,1,1,5,4,6,6,4,4,9,5,5,2,17,2,9,1,1,C03,7,6,1,10,2,14,,12,12,1,12,4,120.652946,24.110494,2
5598,66000,387130000C,(04)23274275,(04)23288582,2025,5,15,8,40,臺中市,北屯區,0,1,0,7,2,6,50,13,9,1,5,4,6,6,4,4,1,4,5,2,12,3,10,3,1,B03,7,5,1,8,2,2,,84,84,1,12,4,120.66188,24.189041,2
5599,66000,387130000C,(04)23274275,(04)23288582,2025,5,15,8,42,臺中市,南區,0,0,0,7,,,50,,,,,,,,,,,,,,16,,,,,B03,,,1,,1,,,14,14,1,13,4,120.651631,24.119205,3
5600,66000,387130000C,(04)23274275,(04)23288582,2025,5,15,8,47,臺中市,中區,0,2,0,7,3,6,50,13,9,1,5,4,6,6,4,4,1,4,5,2,13,2,9,1,1,F01,7,9,7,21,2,11,,84,84,1,13,4,120.682942,24.136114,2
5601,66000,387130000C,(04)23274275,(04)23288582,2025,5,15,8,48,臺中市,西屯區,0,1,0,7,2,6,50,13,7,1,5,4,6,6,4,4,5,4,4,2,16,3,10,5,4,B02,7,11,1,8,2,2,,45,45,1,12,4,120.64623,24.185392,2
5602,66000,387130000C,(04)23274275,(04)23288582,2025,5,15,8,48,臺中市,大里區,0,0,0,7,,,80,,,,,,,,,,,,,,13,,,,,B03,,,1,,1,,,7,7,1,13,4,120.686875,24.057295,3
5603,66000,387130000C,(04)23274275,(04)23288582,2025,5,15,8,48,臺中市,太平區,0,1,0,7,2,6,40,3,2,1,5,4,6,6,4,4,5,2,4,1,8,3,10,1,4,F03,7,3,7,21,2,11,,84,84,1,12,4,120.726637,24.149974,2
5604,66000,387130000C,(04)23274275,(04)23288582,2025,5,15,8,50,臺中市,西屯區,0,0,0,7,,,50,,,,,,,,,,,,,,17,,,,,B02,,,1,,1,,,59,59,1,12,4,120.634808,24.169092,3
5605,66000,387130000C,(04)23274275,(04)23288582,2025,5,15,8,50,臺中市,大里區,0,1,0,7,3,6,40,4,2,1,5,4,6,6,1,1,1,2,4,2,13,2,8,1,1,C03,7,9,1,10,2,11,,7,7,1,6,4,120.687968,24.101915,2
5606,66000,387130000C,(04)23274275,(04)23288582,2025,5,15,8,50,臺中市,烏日區,0,1,0,7,2,6,50,4,2,1,5,4,6,6,4,4,5,3,5,1,12,2,9,1,1,C03,7,8,1,10,2,14,,40,40,1,6,4,120.624964,24.106272,2
5607,66000,387130000C,(04)23274275,(04)23288582,2025,5,15,8,51,臺中市,大雅區,0,1,0,7,3,6,30,4,2,1,5,4,6,6,4,4,10,5,4,1,17,3,10,3,1,B12,7,9,1,8,2,2,,15,15,1,12,4,120.654387,24.21114,2
5608,66000,387130000C,(04)23274275,(04)23288582,2025,5,15,8,52,臺中市,西屯區,0,0,0,7,,,50,,,,,,,,,,,,,,13,,,,,B03,,,1,,1,,,7,7,1,12,4,120.605728,24.170696,3
5609,66000,387130000C,(04)23274275,(04)23288582,2025,5,15,8,54,臺中市,西區,0,0,0,7,2,6,50,4,1,1,5,4,6,6,1,1,10,5,5,2,17,,,,,B12,,,1,,1,,,45,45,1,13,4,120.668198,24.146717,3
5610,66000,387130000C,(04)23274275,(04)23288582,2025,5,15,8,54,臺中市,梧棲區,0,0,0,7,,,30,,,,,,,,,,,,,,17,,,,,A11,,,1,,2,,,59,59,1,6,4,120.53528,24.235948,3
5611,66000,387130000C,(04)23274275,(04)23288582,2025,5,15,8,54,臺中市,沙鹿區,0,0,0,7,,,60,,,,,,,,,,,,,,,,,,,A41,,,1,,2,,,78,78,1,12,4,120.566023,24.204845,3
5612,66000,387130000C,(04)23274275,(04)23288582,2025,5,15,8,54,臺中市,豐原區,0,2,0,7,2,6,50,13,9,1,5,4,6,6,4,4,1,4,5,2,17,2,9,5,4,C03,7,9,1,10,2,11,,85,85,1,12,4,120.707186,24.250017,2
5613,66000,387130000C,(04)23274275,(04)23288582,2025,5,15,8,55,臺中市,北區,0,1,0,7,2,6,50,4,2,1,5,4,6,6,2,1,10,5,5,2,17,3,10,3,1,B03,7,9,1,8,2,8,,21,21,1,13,4,120.673755,24.152406,2
5614,66000,387130000C,(04)23274275,(04)23288582,2025,5,15,8,55,臺中市,豐原區,0,1,0,7,2,6,50,3,2,1,5,4,6,6,4,4,1,2,5,1,16,3,10,5,4,B13,7,5,1,7,3,5,,65,65,1,13,4,120.722211,24.276311,2
5615,66000,387130000C,(04)23274275,(04)23288582,2025,5,15,8,57,臺中市,北屯區,0,1,0,7,2,6,50,5,1,1,5,4,6,6,2,1,1,1,5,2,12,3,10,3,1,B03,7,9,1,8,2,5,,8,8,1,12,4,120.697745,24.170349,2
5616,66000,387130000C,(04)23274275,(04)23288582,2025,5,15,8,57,臺中市,外埔區,0,2,0,7,2,6,50,4,1,1,5,4,6,6,1,1,10,5,5,2,15,2,9,1,1,C03,7,9,1,10,2,14,12,21,21,1,12,4,120.648764,24.324315,2
5617,66000,387130000C,(04)23274275,(04)23288582,2025,5,15,8,58,臺中市,南屯區,0,0,0,7,,,50,,,,,,,,,,,,,,17,,,,,B03,,,1,,2,,,49,49,1,12,4,120.623158,24.140429,3
5618,66000,387130000C,(04)23274275,(04)23288582,2025,5,15,9,0,臺中市,西屯區,0,0,0,7,,,50,,,,,,,,,,,,,,,,,,,C03,,,1,,1,,,8,8,1,12,4,120.6381,24.185822,3
5619,66000,387130000C,(04)23274275,(04)23288582,2025,5,15,9,0,臺中市,霧峰區,0,0,0,7,,,30,,,,,,,,,,,,,,,,,,,B03,,,1,,1,,,8,8,1,13,4,120.699639,24.058513,3
5620,66000,387130000C,(04)23274275,(04)23288582,2025,5,15,9,1,臺中市,西屯區,0,0,0,7,,,60,,,,,,,,,,,,,,12,,,,,B03,,,1,,1,,,40,40,1,12,4,120.645925,24.16455,3
5621,66000,387130000C,(04)23274275,(04)23288582,2025,5,15,9,1,臺中市,大里區,0,1,0,7,2,6,50,5,1,1,5,4,6,6,2,1,5,4,4,1,16,3,10,3,1,B03,7,5,1,8,2,2,,84,84,1,6,4,120.690106,24.112515,2
5622,66000,387130000C,(04)23274275,(04)23288582,2025,5,15,9,3,臺中市,東區,0,1,0,7,2,6,50,4,1,1,5,4,6,6,2,1,10,5,5,2,16,2,9,2,1,C03,7,6,3,19,2,13,,48,48,1,12,4,120.696638,24.133109,2
5623,66000,387130000C,(04)23274275,(04)23288582,2025,5,15,9,5,臺中市,北屯區,0,0,0,7,,,50,,,,,,,,,,,,,,13,,,,,B12,,,1,,1,,,7,7,1,6,4,120.722537,24.189561,3
5624,66000,387130000C,(04)23274275,(04)23288582,2025,5,15,9,6,臺中市,北屯區,0,0,0,7,,,50,,,,,,,,,,,,,,9,,,,,B03,,,1,,2,,,40,40,1,6,4,120.72262,24.190046,3
5625,66000,387130000C,(04)23274275,(04)23288582,2025,5,15,9,17,臺中市,南屯區,0,1,0,7,3,6,50,13,9,1,5,4,6,6,1,1,5,4,5,2,12,2,9,1,1,C03,7,6,1,10,2,14,,48,48,1,12,4,120.646802,24.146809,2
5626,66000,387130000C,(04)23274275,(04)23288582,2025,5,15,9,18,臺中市,南屯區,0,1,0,7,2,6,40,11,9,1,5,4,6,6,4,4,10,5,5,2,11,2,8,2,4,C03,7,6,1,10,2,11,14,41,41,1,13,4,120.610982,24.158236,2
5627,66000,387130000C,(04)23274275,(04)23288582,2025,5,15,9,18,臺中市,梧棲區,0,0,0,7,,,70,,,,,,,,,,,,,,13,,,,,B03,,,1,,1,,,84,84,1,6,4,120.551977,24.2443,3
5628,66000,387130000C,(04)23274275,(04)23288582,2025,5,15,9,18,臺中市,梧棲區,0,0,0,7,,,50,,,,,,,,,,,,,,17,,,,,A31,,,1,,1,,,48,48,1,6,4,120.521016,24.227977,3
5629,66000,387130000C,(04)23274275,(04)23288582,2025,5,15,9,21,臺中市,大里區,0,2,0,7,3,6,30,4,1,1,5,4,6,6,3,1,10,5,5,2,15,2,9,2,1,C03,7,9,3,19,2,12,,24,24,1,13,4,120.677085,24.094397,2
5630,66000,387130000C,(04)23274275,(04)23288582,2025,5,15,9,25,臺中市,西屯區,0,0,0,7,,,50,,,,,,,,,,,,,,13,,,,,B03,,,1,,2,,,8,8,1,13,4,120.646977,24.158807,3
5631,66000,387130000C,(04)23274275,(04)23288582,2025,5,15,9,27,臺中市,北屯區,0,1,0,7,2,6,50,13,8,1,5,4,6,6,4,4,1,5,1,2,12,2,9,2,1,C03,7,9,1,10,2,11,,84,84,1,12,4,120.726095,24.16162,2
5632,66000,387130000C,(04)23274275,(04)23288582,2025,5,15,9,30,臺中市,西區,0,0,0,7,,,50,,,,,,,,,,,,,,17,,,,,B03,,,1,,1,,,50,50,1,12,4,120.654916,24.15293,3
5633,66000,387130000C,(04)23274275,(04)23288582,2025,5,15,9,30,臺中市,太平區,0,0,0,7,,,50,,,,,,,,,,,,,,,,,,,C03,,,1,,2,,,40,40,1,6,4,120.701383,24.151281,3
5634,66000,387130000C,(04)23274275,(04)23288582,2025,5,15,9,33,臺中市,霧峰區,0,1,0,7,2,6,30,4,1,1,5,4,6,6,4,4,10,5,5,2,30,2,9,1,1,C03,7,9,1,10,2,14,,6,6,1,6,4,120.689049,24.029438,2
5635,66000,387130000C,(04)23274275,(04)23288582,2025,5,15,9,34,臺中市,大肚區,0,2,0,7,2,6,50,13,9,1,5,4,6,6,4,4,9,5,5,1,17,2,9,5,4,C03,7,9,1,10,2,15,,85,85,1,12,4,120.578761,24.175094,2
5636,66000,387130000C,(04)23274275,(04)23288582,2025,5,15,9,37,臺中市,豐原區,0,0,0,7,,,50,,,,,,,,,,,,,,17,,,,,B01,,,1,,2,,,11,11,1,12,4,120.729321,24.252431,3
5637,66000,387130000C,(04)23274275,(04)23288582,2025,5,15,9,38,臺中市,潭子區,0,0,0,7,,,50,,,,,,,,,,,,,,13,,,,,G03,,,1,,2,,,7,7,1,12,4,120.722459,24.203038,3
5638,66000,387130000C,(04)23274275,(04)23288582,2025,5,15,9,39,臺中市,大雅區,0,1,0,7,1,6,70,13,7,1,5,4,6,6,4,4,1,4,4,1,17,3,10,3,1,A12,7,9,1,7,2,5,,8,8,1,13,4,120.630976,24.240147,2
5639,66000,387130000C,(04)23274275,(04)23288582,2025,5,15,9,40,臺中市,烏日區,0,0,0,7,,,30,,,,,,,,,,,,,,,,,,,C03,,,1,,1,,,7,7,1,13,4,120.605955,24.117674,3
5640,66000,387130000C,(04)23274275,(04)23288582,2025,5,15,9,41,臺中市,潭子區,0,0,0,7,,,60,,,,,,,,,,,,,,,,,,,B11,,,1,,2,,,84,84,1,13,4,120.702633,24.196934,3
5641,66000,387130000C,(04)23274275,(04)23288582,2025,5,15,9,41,臺中市,西屯區,0,0,0,7,,,50,,,,,,,,,,,,,,12,,,,,B12,,,1,,1,,,50,50,1,12,4,120.639132,24.177197,3
5642,66000,387130000C,(04)23274275,(04)23288582,2025,5,15,9,42,臺中市,北屯區,0,1,0,7,2,6,50,5,1,1,5,4,6,6,2,1,10,5,5,2,13,2,9,2,1,C03,7,9,1,10,2,11,,84,84,1,12,4,120.66732,24.179859,2
5643,66000,387130000C,(04)23274275,(04)23288582,2025,5,15,9,47,臺中市,梧棲區,0,0,0,7,,,50,,,,,,,,,,,,,,17,,,,,B12,,,1,,2,,,50,50,1,6,4,120.541567,24.243381,3
5644,66000,387130000C,(04)23274275,(04)23288582,2025,5,15,9,50,臺中市,南屯區,0,1,0,7,2,6,10,13,7,1,5,4,6,6,4,4,9,4,4,2,11,3,10,3,1,B03,7,1,1,8,2,1,,51,51,1,12,4,120.627396,24.112765,2
5645,66000,387130000C,(04)23274275,(04)23288582,2025,5,15,9,50,臺中市,西屯區,0,0,0,7,,,30,,,,,,,,,,,,,,17,,,,,H01,,,7,,10,,,109,109,1,12,5,120.639026,24.180262,3
5646,66000,387130000C,(04)23274275,(04)23288582,2025,5,15,9,51,臺中市,大里區,0,0,0,7,,,50,,,,,,,,,,,,,,17,,,,,B03,,,1,,1,,,7,7,1,12,4,120.692037,24.115787,3
5647,66000,387130000C,(04)23274275,(04)23288582,2025,5,15,9,56,臺中市,潭子區,0,1,0,7,3,6,50,13,8,1,5,4,6,6,4,4,1,4,4,1,17,3,10,3,1,B03,7,7,1,8,2,2,,40,40,1,13,4,120.704227,24.215919,2
5648,66000,387130000C,(04)23274275,(04)23288582,2025,5,15,9,56,臺中市,北屯區,0,2,0,7,2,6,50,3,1,1,5,4,6,6,4,4,10,5,5,2,17,2,9,1,1,C03,7,6,3,19,2,14,,4,4,1,12,4,120.716463,24.165909,2
5649,66000,387130000C,(04)23274275,(04)23288582,2025,5,15,9,57,臺中市,南區,0,1,0,7,2,6,50,3,2,1,5,4,6,6,4,4,9,4,5,2,17,3,10,3,1,B03,7,6,1,8,2,1,,48,48,1,12,4,120.680213,24.132226,2
5650,66000,387130000C,(04)23274275,(04)23288582,2025,5,15,10,0,臺中市,北屯區,0,1,0,7,3,6,50,4,1,1,5,4,6,6,1,1,10,5,5,2,16,3,10,3,1,B03,7,5,1,8,2,2,,11,11,1,6,4,120.659876,24.192706,2
5651,66000,387130000C,(04)23274275,(04)23288582,2025,5,15,10,0,臺中市,神岡區,0,0,0,7,,,30,,,,,,,,,,,,,,16,,,,,A12,,,1,,2,,,59,59,1,12,4,120.696891,24.245462,3
5652,66000,387130000C,(04)23274275,(04)23288582,2025,5,15,10,2,臺中市,豐原區,0,0,0,7,,,50,,,,,,,,,,,,,,12,,,,,B12,,,1,,2,,,8,8,1,13,4,120.703428,24.249486,3
5653,66000,387130000C,(04)23274275,(04)23288582,2025,5,15,10,7,臺中市,大安區,0,0,0,7,,,50,,,,,,,,,,,,,,12,,,,,B02,,,1,,1,,,39,39,1,12,4,120.609038,24.387618,3
5654,66000,387130000C,(04)23274275,(04)23288582,2025,5,15,10,11,臺中市,西屯區,0,0,0,7,,,40,,,,,,,,,,,,,,13,,,,,C03,,,1,,1,,,7,7,1,13,4,120.603187,24.183027,3
5655,66000,387130000C,(04)23274275,(04)23288582,2025,5,15,10,14,臺中市,東區,0,2,0,7,3,6,50,13,9,1,5,4,6,6,4,4,9,4,5,2,18,2,9,2,1,C03,7,9,1,10,2,12,,7,7,1,13,4,120.690521,24.135081,2
5656,66000,387130000C,(04)23274275,(04)23288582,2025,5,15,10,24,臺中市,西區,0,0,0,7,,,50,,,,,,,,,,,,,,13,,,,,B03,,,1,,1,,,59,59,1,12,4,120.669792,24.143996,3
5657,66000,387130000C,(04)23274275,(04)23288582,2025,5,15,10,30,臺中市,潭子區,0,0,0,7,,,50,,,,,,,,,,,,,,9,,,,,B03,,,1,,9,,,85,85,1,12,4,120.705844,24.217038,3
5658,66000,387130000C,(04)23274275,(04)23288582,2025,5,15,10,34,臺中市,北屯區,0,2,0,7,2,6,50,13,9,1,5,4,6,6,4,4,1,4,5,2,12,2,9,2,1,C03,7,10,1,10,2,14,,42,42,1,12,4,120.693116,24.171499,2
5659,66000,387130000C,(04)23274275,(04)23288582,2025,5,15,10,39,臺中市,北屯區,0,2,0,7,2,6,50,13,9,1,5,4,6,6,4,4,9,4,5,2,17,3,10,3,1,B03,7,4,1,8,2,2,,84,84,1,12,4,120.719801,24.180815,2
5660,66000,387130000C,(04)23274275,(04)23288582,2025,5,15,10,43,臺中市,北屯區,0,2,0,7,2,6,50,13,9,1,5,4,6,6,4,4,5,5,5,2,13,2,8,2,1,C03,7,9,1,10,2,11,,84,84,1,12,4,120.722501,24.160986,2
5661,66000,387130000C,(04)23274275,(04)23288582,2025,5,15,10,44,臺中市,西區,0,0,0,7,,,50,,,,,,,,,,,,,,,,,,,C03,,,1,,2,,,84,84,1,13,4,120.664284,24.151616,3
5662,66000,387130000C,(04)23274275,(04)23288582,2025,5,15,10,45,臺中市,南屯區,0,0,0,7,,,40,,,,,,,,,,,,,,13,,,,,B03,,,1,,1,,,84,84,1,12,4,120.622301,24.13512,3
5663,66000,387130000C,(04)23274275,(04)23288582,2025,5,15,10,45,臺中市,龍井區,0,0,0,7,,,40,,,,,,,,,,,,,,,,,,,B12,,,1,,1,,,50,50,1,6,4,120.504431,24.210683,3
5664,66000,387130000C,(04)23274275,(04)23288582,2025,5,15,10,46,臺中市,西屯區,0,0,0,7,,,50,,,,,,,,,,,,,,12,,,,,B03,,,1,,1,,,8,8,1,12,4,120.60339,24.185623,3
5665,66000,387130000C,(04)23274275,(04)23288582,2025,5,15,10,48,臺中市,北屯區,0,0,0,7,,,30,,,,,,,,,,,,,,12,,,,,F01,,,7,,9,,,59,59,1,12,4,120.692184,24.179922,3
5666,66000,387130000C,(04)23274275,(04)23288582,2025,5,15,10,48,臺中市,霧峰區,0,0,0,7,,,50,,,,,,,,,,,,,,17,,,,,B03,,,1,,1,,,49,49,1,6,4,120.699734,24.057947,3
5667,66000,387130000C,(04)23274275,(04)23288582,2025,5,15,10,48,臺中市,太平區,0,0,0,7,,,50,,,,,,,,,,,,,,17,,,,,B03,,,1,,1,,,84,84,1,12,4,120.719183,24.148326,3
5668,66000,387130000C,(04)23274275,(04)23288582,2025,5,15,10,50,臺中市,南屯區,0,0,0,7,,,80,,,,,,,,,,,,,,16,,,,,A11,,,1,,2,,,40,40,1,13,4,120.619726,24.123946,3
5669,66000,387130000C,(04)23274275,(04)23288582,2025,5,15,10,50,臺中市,西屯區,0,0,0,7,,,50,,,,,,,,,,,,,,13,,,,,C03,,,1,,1,,,7,7,1,12,4,120.639995,24.179184,3
5670,66000,387130000C,(04)23274275,(04)23288582,2025,5,15,10,57,臺中市,南區,0,1,0,7,3,6,50,4,1,1,5,4,6,6,4,4,10,5,5,2,17,2,9,2,1,C03,7,9,1,10,2,11,,85,85,1,12,4,120.67265,24.125517,2
5671,66000,387130000C,(04)23274275,(04)23288582,2025,5,15,11,0,臺中市,霧峰區,0,2,0,7,3,6,50,11,9,1,5,4,6,6,4,4,5,5,5,2,17,2,8,1,1,C03,7,11,1,10,2,11,,46,46,1,12,4,120.700203,24.064537,2
5672,66000,387130000C,(04)23274275,(04)23288582,2025,5,15,11,3,臺中市,北區,0,2,0,7,3,6,50,4,2,1,5,4,6,6,1,1,3,2,5,2,16,2,9,5,4,C03,7,6,1,10,2,11,,84,84,1,13,4,120.673889,24.17383,2
5673,66000,387130000C,(04)23274275,(04)23288582,2025,5,15,11,5,臺中市,清水區,0,0,0,7,,,50,,,,,,,,,,,,,,,,,,,B03,,,1,,11,,,20,20,1,12,4,120.575198,24.26486,3
5674,66000,387130000C,(04)23274275,(04)23288582,2025,5,15,11,10,臺中市,北屯區,0,1,0,7,3,6,50,4,1,1,5,4,6,6,1,1,10,5,5,2,13,3,10,2,1,C03,7,9,1,10,1,11,,43,43,1,6,4,120.719281,24.176865,2
5675,66000,387130000C,(04)23274275,(04)23288582,2025,5,15,11,11,臺中市,大里區,0,0,0,7,,,50,,,,,,,,,,,,,,17,,,,,B03,,,1,,2,,,8,8,1,12,4,120.689124,24.105181,3
5676,66000,387130000C,(04)23274275,(04)23288582,2025,5,15,11,13,臺中市,西屯區,0,1,0,7,3,9,30,4,1,1,5,4,6,6,4,4,10,5,5,2,15,3,10,5,4,C03,7,9,1,10,2,13,,15,15,1,12,4,120.616719,24.189863,2
5677,66000,387130000C,(04)23274275,(04)23288582,2025,5,15,11,13,臺中市,豐原區,0,1,0,7,2,6,50,5,1,1,5,4,6,6,1,1,10,5,5,2,16,2,9,2,1,C03,7,6,1,10,2,12,,48,48,1,13,4,120.720298,24.249344,2
5678,66000,387130000C,(04)23274275,(04)23288582,2025,5,15,11,22,臺中市,南屯區,0,1,0,7,2,6,50,13,9,1,5,4,5,6,4,4,4,3,5,2,18,2,9,2,4,C03,7,9,1,10,2,12,,84,84,1,13,4,120.619168,24.139666,2
5679,66000,387130000C,(04)23274275,(04)23288582,2025,5,15,11,22,臺中市,神岡區,0,1,0,7,2,6,50,13,9,1,5,4,6,6,4,4,9,4,4,1,14,3,10,5,4,B03,7,2,1,8,2,7,,49,49,1,12,4,120.665397,24.257572,2
5680,66000,387130000C,(04)23274275,(04)23288582,2025,5,15,11,23,臺中市,太平區,0,0,0,7,,,50,,,,,,,,,,,,,,17,,,,,B12,,,1,,2,,,58,58,1,6,4,120.72517,24.149582,3
5681,66000,387130000C,(04)23274275,(04)23288582,2025,5,15,11,32,臺中市,西屯區,0,1,0,7,2,6,50,4,1,1,5,4,6,6,2,1,10,5,5,2,16,3,10,3,4,B03,7,11,1,8,2,5,,45,45,1,12,4,120.635989,24.169183,2
5682,66000,387130000C,(04)23274275,(04)23288582,2025,5,15,11,41,臺中市,大里區,0,0,0,7,,,40,,,,,,,,,,,,,,12,,,,,B03,,,1,,2,,,42,42,1,6,4,120.691574,24.100434,3
5683,66000,387130000C,(04)23274275,(04)23288582,2025,5,15,11,42,臺中市,龍井區,0,1,0,7,3,6,40,5,2,1,5,4,6,6,1,1,1,3,1,1,13,3,10,3,1,A41,7,9,1,1,2,5,,7,7,1,6,4,120.510923,24.199615,2
5684,66000,387130000C,(04)23274275,(04)23288582,2025,5,15,11,43,臺中市,北區,0,0,0,7,,,50,,,,,,,,,,,,,,,,,,,B03,,,1,,1,,,51,51,1,12,4,120.682562,24.153383,3
5685,66000,387130000C,(04)23274275,(04)23288582,2025,5,15,11,43,臺中市,大里區,0,1,0,7,2,6,50,3,1,1,5,4,6,6,1,1,5,5,4,1,16,3,10,3,1,B03,7,5,1,8,2,2,,47,47,1,12,4,120.715082,24.094209,2
5686,66000,387130000C,(04)23274275,(04)23288582,2025,5,15,11,44,臺中市,西區,0,0,0,7,,,60,,,,,,,,,,,,,,,,,,,B12,,,1,,1,,,35,35,1,6,4,120.673348,24.147808,3
5687,66000,387130000C,(04)23274275,(04)23288582,2025,5,15,11,48,臺中市,西屯區,0,2,0,7,2,6,0,4,1,1,5,4,6,6,1,1,10,5,5,2,17,2,9,1,1,C03,7,1,1,10,2,12,,51,51,1,12,4,120.626891,24.159742,2
5688,66000,387130000C,(04)23274275,(04)23288582,2025,5,15,11,50,臺中市,南屯區,0,1,0,7,2,6,50,4,2,1,5,4,6,6,2,1,9,4,1,2,13,2,9,1,1,C03,7,9,1,10,2,11,,7,7,1,12,4,120.646629,24.140096,2
5689,66000,387130000C,(04)23274275,(04)23288582,2025,5,15,11,58,臺中市,南屯區,0,0,0,7,,,50,,,,,,,,,,,,,,14,,,,,B03,,,1,,1,,,49,49,1,12,4,120.615515,24.153481,3
5690,66000,387130000C,(04)23274275,(04)23288582,2025,5,15,11,59,臺中市,北屯區,0,0,0,7,,,50,,,,,,,,,,,,,,,,,,,C03,,,1,,1,,,14,14,1,12,4,120.681244,24.188981,3
5691,66000,387130000C,(04)23274275,(04)23288582,2025,5,15,12,0,臺中市,西屯區,0,0,0,7,,,50,,,,,,,,,,,,,,16,,,,,B03,,,1,,2,,,45,45,1,13,4,120.65481,24.198964,3
5692,66000,387130000C,(04)23274275,(04)23288582,2025,5,15,12,0,臺中市,清水區,0,0,0,7,,,50,,,,,,,,,,,,,,,,,,,A31,,,1,,11,,,8,8,1,12,4,120.536452,24.281275,3
5693,66000,387130000C,(04)23274275,(04)23288582,2025,5,15,12,1,臺中市,沙鹿區,0,0,0,7,,,40,,,,,,,,,,,,,,,,,,,B01,,,1,,2,,,78,78,1,12,4,120.558966,24.235377,3
5694,66000,387130000C,(04)23274275,(04)23288582,2025,5,15,12,1,臺中市,大甲區,0,1,0,7,2,6,30,13,9,1,5,4,6,6,4,4,10,5,5,2,25,2,7,3,1,B03,7,9,1,8,2,8,,54,54,1,6,4,120.660098,24.383345,2
5695,66000,387130000C,(04)23274275,(04)23288582,2025,5,15,12,3,臺中市,中區,0,0,0,7,,,50,,,,,,,,,,,,,,30,,,,,B03,,,1,,2,,,58,58,1,12,4,120.678172,24.14209,4
5696,66000,387130000C,(04)23274275,(04)23288582,2025,5,15,12,5,臺中市,大雅區,0,0,0,7,,,0,,,,,,,,,,,,,,,,,,,B12,,,1,,1,,,49,49,1,13,4,120.654394,24.233871,3
5697,66000,387130000C,(04)23274275,(04)23288582,2025,5,15,12,10,臺中市,北屯區,0,1,0,7,2,6,50,4,1,1,5,4,6,6,2,1,10,5,5,2,16,2,9,2,1,C03,7,6,1,10,2,14,,36,36,1,12,4,120.72727,24.166723,2
5698,66000,387130000C,(04)23274275,(04)23288582,2025,5,15,12,10,臺中市,清水區,0,0,0,7,,,40,,,,,,,,,,,,,,13,,,,,A31,,,1,,1,,,7,7,1,12,4,120.54491,24.270453,3
5699,66000,387130000C,(04)23274275,(04)23288582,2025,5,15,12,12,臺中市,西屯區,0,1,0,7,2,6,50,3,1,1,5,4,6,6,4,4,9,5,4,2,12,3,10,5,4,C03,7,9,1,10,2,12,,8,8,1,13,4,120.636241,24.170128,2
5700,66000,387130000C,(04)23274275,(04)23288582,2025,5,15,12,14,臺中市,西區,0,0,0,7,,,50,,,,,,,,,,,,,,,,,,,C03,,,1,,1,,,84,84,1,5,4,120.680836,24.137077,3
5701,66000,387130000C,(04)23274275,(04)23288582,2025,5,15,12,17,臺中市,北區,0,0,0,7,,,0,,,,,,,,,,,,,,17,,,,,C03,,,1,,9,,,84,84,2,13,4,120.68165,24.151052,3
5702,66000,387130000C,(04)23274275,(04)23288582,2025,5,15,12,18,臺中市,豐原區,0,2,0,7,2,6,30,3,1,1,5,4,6,6,4,4,10,5,5,1,17,2,8,1,1,C03,7,1,1,10,2,11,,51,51,1,6,4,120.747769,24.270935,2
5703,66000,387130000C,(04)23274275,(04)23288582,2025,5,15,12,20,臺中市,南屯區,0,1,0,7,2,6,50,4,1,1,5,4,6,6,1,1,10,5,5,2,11,3,10,3,1,B03,7,6,1,8,2,5,,25,25,1,12,4,120.646629,24.140096,2
5704,66000,387130000C,(04)23274275,(04)23288582,2025,5,15,12,23,臺中市,大雅區,0,2,0,7,1,6,30,5,1,1,5,4,6,6,1,1,10,5,5,2,17,2,8,1,1,C03,7,6,1,10,2,14,,84,84,1,13,2,120.650804,24.227376,2
5705,66000,387130000C,(04)23274275,(04)23288582,2025,5,15,12,37,臺中市,霧峰區,0,1,0,7,3,6,50,4,1,1,5,4,6,6,1,1,10,5,5,1,16,3,10,3,1,B03,7,6,1,8,2,2,,25,25,1,12,4,120.695046,24.059629,2
5706,66000,387130000C,(04)23274275,(04)23288582,2025,5,15,12,42,臺中市,南屯區,0,0,0,7,,,50,,,,,,,,,,,,,,16,,,,,B03,,,1,,1,,,45,45,1,13,4,120.612063,24.140289,3
5707,66000,387130000C,(04)23274275,(04)23288582,2025,5,15,12,42,臺中市,北屯區,0,1,0,7,2,6,40,13,8,1,5,4,6,6,4,4,1,4,4,1,18,2,9,5,4,C03,7,9,1,10,2,16,,58,58,1,12,4,120.712698,24.164482,2