序號,縣市別代碼,機關代碼,市話,傳真,年,月,日,時,分,縣市,區,死亡數量,受傷數量,2-30,天候,道路照明設備,道路類別,道路速限,道路型態,事故位置,路面鋪裝,路面狀態,路面缺陷,障礙物,視距,號誌種類,號誌動作,分向設施,快車道或一般車道間,快慢車道間,路面邊線,事故類型及型態,受傷程度,主要傷處,保護裝備,行動電話或功能裝置,當事者區分(類別),車輛用途,當事者行動狀態,駕照狀態,駕照種類,飲酒情形,車輛撞擊部位最初,車輛撞擊部位其他,肇事因素個別,肇事因素主要,肇事逃逸,職業,共享經濟或外送平台,GPS座標X,GPS座標Y,事故類別
5820,66000,387130000C,(04)23274275,(04)23288582,2025,5,15,17,0,臺中市,南區,0,0,0,7,,,50,,,,,,,,,,,,,,,,,,,B03,,,1,,2,,,7,7,1,6,4,120.660897,24.122613,3
5821,66000,387130000C,(04)23274275,(04)23288582,2025,5,15,17,0,臺中市,豐原區,0,1,0,7,1,6,50,4,1,1,5,4,6,6,1,1,1,4,4,1,17,3,10,3,1,B12,7,5,1,8,2,2,,11,11,1,6,4,120.754602,24.274061,2
5822,66000,387130000C,(04)23274275,(04)23288582,2025,5,15,17,1,臺中市,西屯區,0,2,0,7,3,6,30,4,1,1,5,4,6,6,4,4,5,5,5,2,13,2,9,2,4,C03,7,9,1,10,2,11,13,7,7,1,12,4,120.642941,24.188064,2
5823,66000,387130000C,(04)23274275,(04)23288582,2025,5,15,17,2,臺中市,南屯區,0,1,0,7,2,6,50,4,1,1,5,4,6,6,1,1,9,4,5,2,15,3,10,3,1,B03,7,9,1,8,2,1,,21,21,1,12,4,120.599769,24.139412,2
5824,66000,387130000C,(04)23274275,(04)23288582,2025,5,15,17,3,臺中市,大雅區,0,0,0,7,,,60,,,,,,,,,,,,,,,,,,,A41,,,1,,1,,,84,84,1,12,4,120.648023,24.220126,3
5825,66000,387130000C,(04)23274275,(04)23288582,2025,5,15,17,4,臺中市,豐原區,0,2,0,7,2,6,50,5,1,1,5,4,6,6,1,1,10,5,5,2,16,2,9,1,1,C03,7,11,1,10,2,14,,45,45,1,12,4,120.718188,24.251941,2
5826,66000,387130000C,(04)23274275,(04)23288582,2025,5,15,17,7,臺中市,大甲區,0,0,0,7,,,50,,,,,,,,,,,,,,16,,,,,B03,,,1,,2,,,15,15,1,6,4,120.61816,24.351399,3
5827,66000,387130000C,(04)23274275,(04)23288582,2025,5,15,17,10,臺中市,大雅區,0,1,0,7,3,6,30,4,1,1,5,4,6,6,1,1,10,5,5,1,17,3,10,1,1,C03,7,9,1,10,2,11,,7,7,1,13,4,120.642887,24.210217,2
5828,66000,387130000C,(04)23274275,(04)23288582,2025,5,15,17,11,臺中市,南區,0,0,0,7,,,40,,,,,,,,,,,,,,12,,,,,B03,,,1,,2,,,84,84,1,12,4,120.672807,24.12659,3
5829,66000,387130000C,(04)23274275,(04)23288582,2025,5,15,17,15,臺中市,北屯區,0,0,0,7,,,50,,,,,,,,,,,,,,12,,,,,B03,,,1,,9,,,40,40,2,13,4,120.695364,24.164923,3
5830,66000,387130000C,(04)23274275,(04)23288582,2025,5,15,17,17,臺中市,西屯區,0,1,0,7,2,6,50,13,9,1,5,4,6,6,1,1,5,5,5,2,13,2,8,2,1,C03,7,9,1,10,1,11,,7,7,1,12,4,120.618466,24.177555,2
5831,66000,387130000C,(04)23274275,(04)23288582,2025,5,15,17,27,臺中市,西區,0,1,0,7,2,6,50,13,9,1,5,4,6,6,4,4,5,5,5,2,17,3,10,5,1,B03,7,1,1,8,2,8,,51,51,1,6,4,120.664719,24.152774,2
5832,66000,387130000C,(04)23274275,(04)23288582,2025,5,15,17,27,臺中市,太平區,0,1,0,7,2,6,40,3,1,1,5,4,6,6,4,4,10,5,5,2,16,2,8,1,1,C03,7,9,1,10,2,11,,39,39,1,6,4,120.701195,24.11243,2
5833,66000,387130000C,(04)23274275,(04)23288582,2025,5,15,17,27,臺中市,沙鹿區,0,0,0,7,,,50,,,,,,,,,,,,,,30,,,,,B03,,,1,,9,,,85,85,1,6,4,120.571564,24.227589,3
5834,66000,387130000C,(04)23274275,(04)23288582,2025,5,15,17,27,臺中市,大甲區,0,0,0,7,,,50,,,,,,,,,,,,,,13,,,,,B03,,,1,,1,,,84,84,1,13,4,120.633623,24.344953,3
5835,66000,387130000C,(04)23274275,(04)23288582,2025,5,15,17,28,臺中市,北屯區,0,1,0,7,2,6,50,4,19,1,5,4,6,6,2,1,10,5,5,2,1,3,10,1,1,C03,7,9,1,10,2,11,,21,21,1,6,4,120.687678,24.171873,2
5836,66000,387130000C,(04)23274275,(04)23288582,2025,5,15,17,30,臺中市,西區,0,0,0,7,,,50,,,,,,,,,,,,,,,,,,,B03,,,1,,1,,,40,40,1,12,4,120.657147,24.140061,3
5837,66000,387130000C,(04)23274275,(04)23288582,2025,5,15,17,30,臺中市,太平區,0,1,0,7,2,6,50,13,9,1,5,4,6,6,4,4,9,5,5,1,13,2,9,2,1,C03,7,9,1,10,2,11,,83,83,1,6,4,120.706365,24.111557,2
5838,66000,387130000C,(04)23274275,(04)23288582,2025,5,15,17,33,臺中市,大里區,0,1,0,7,2,6,30,4,1,1,5,4,6,6,4,4,10,5,5,2,15,2,9,1,1,C03,7,9,1,10,2,11,,12,12,1,12,4,120.687908,24.113138,2
5839,66000,387130000C,(04)23274275,(04)23288582,2025,5,15,17,35,臺中市,南屯區,0,0,0,7,,,50,,,,,,,,,,,,,,,,,,,C03,,,1,,9,,,85,85,1,6,4,120.639678,24.13921,3
5840,66000,387130000C,(04)23274275,(04)23288582,2025,5,15,17,35,臺中市,大里區,0,2,0,7,2,6,50,13,9,1,5,4,6,6,4,4,5,5,4,1,16,2,9,1,1,F01,7,8,7,21,2,14,,40,40,1,4,4,120.689624,24.106855,2
5841,66000,387130000C,(04)23274275,(04)23288582,2025,5,15,17,38,臺中市,西屯區,0,0,0,7,,,30,,,,,,,,,,,,,,14,,,,,B03,,,1,,2,,,49,49,1,12,4,120.637338,24.182125,3
5842,66000,387130000C,(04)23274275,(04)23288582,2025,5,15,17,38,臺中市,太平區,0,1,0,7,2,6,50,4,1,1,5,4,6,6,2,1,10,5,5,2,15,3,10,2,1,C03,7,9,1,10,2,11,,21,21,1,6,4,120.719236,24.159415,2
5843,66000,387130000C,(04)23274275,(04)23288582,2025,5,15,17,39,臺中市,大里區,0,2,0,7,2,6,50,13,9,1,5,4,6,6,4,4,9,5,5,1,16,2,9,1,1,C03,7,6,1,10,2,12,14,48,48,1,6,4,120.685918,24.1034,2
5844,66000,387130000C,(04)23274275,(04)23288582,2025,5,15,17,40,臺中市,北區,0,0,0,7,,,50,,,,,,,,,,,,,,17,,,,,C03,,,1,,2,,,51,51,1,12,4,120.702014,24.159809,4
5845,66000,387130000C,(04)23274275,(04)23288582,2025,5,15,17,40,臺中市,北屯區,0,1,0,7,2,6,50,4,1,1,5,4,6,6,1,1,10,5,5,2,17,2,8,1,1,C03,7,1,1,10,2,14,,51,51,1,12,4,120.680471,24.17116,2
5846,66000,387130000C,(04)23274275,(04)23288582,2025,5,15,17,40,臺中市,大甲區,0,0,0,7,,,50,,,,,,,,,,,,,,13,,,,,A11,,,1,,2,,,7,7,1,12,4,120.621775,24.347729,3
5847,66000,387130000C,(04)23274275,(04)23288582,2025,5,15,17,43,臺中市,大里區,0,0,0,7,,,50,,,,,,,,,,,,,,13,,,,,B03,,,1,,2,,,7,7,1,13,4,120.682912,24.09271,3
5848,66000,387130000C,(04)23274275,(04)23288582,2025,5,15,17,43,臺中市,霧峰區,0,1,0,7,2,6,50,4,1,1,5,4,6,6,1,1,10,5,5,2,18,2,9,1,1,C03,7,9,1,10,2,12,,59,59,1,12,4,120.709326,24.080683,2
5849,66000,387130000C,(04)23274275,(04)23288582,2025,5,15,17,45,臺中市,太平區,0,1,0,7,3,6,30,13,9,1,5,4,6,6,4,4,10,5,5,2,11,3,10,1,1,C03,7,9,1,10,2,14,,8,8,1,6,4,120.72412,24.141777,2
5850,66000,387130000C,(04)23274275,(04)23288582,2025,5,15,17,46,臺中市,西屯區,0,1,0,7,2,6,50,13,9,1,5,4,6,6,4,4,5,4,5,2,17,2,8,5,4,C03,7,9,1,10,2,12,,59,59,1,13,4,120.611343,24.190958,2
5851,66000,387130000C,(04)23274275,(04)23288582,2025,5,15,17,46,臺中市,大里區,0,2,0,7,3,6,60,4,1,1,5,4,6,6,1,1,5,4,4,1,15,2,9,5,4,C03,7,9,1,10,2,11,,85,85,1,13,4,120.667044,24.105244,2
5852,66000,387130000C,(04)23274275,(04)23288582,2025,5,15,17,46,臺中市,太平區,0,1,0,7,2,6,50,4,1,1,5,4,6,6,2,1,10,5,5,2,12,3,10,1,1,C03,7,9,1,10,2,15,,85,85,1,6,4,120.719105,24.154984,2
5853,66000,387130000C,(04)23274275,(04)23288582,2025,5,15,17,47,臺中市,豐原區,0,0,0,7,,,50,,,,,,,,,,,,,,,,,,,B03,,,1,,2,,,40,40,1,13,4,120.717861,24.277883,3
5854,66000,387130000C,(04)23274275,(04)23288582,2025,5,15,17,48,臺中市,梧棲區,0,0,0,7,,,50,,,,,,,,,,,,,,13,,,,,B03,,,1,,1,,,84,84,1,6,4,120.52618,24.235575,3
5855,66000,387130000C,(04)23274275,(04)23288582,2025,5,15,17,49,臺中市,北屯區,0,2,0,7,1,6,50,4,1,1,5,4,6,6,2,1,10,5,5,2,17,3,10,5,4,B03,7,11,1,8,2,8,,45,45,1,13,4,120.696322,24.185335,2
5856,66000,387130000C,(04)23274275,(04)23288582,2025,5,15,17,52,臺中市,潭子區,0,0,0,7,,,80,,,,,,,,,,,,,,,,,,,B03,,,1,,2,,,59,59,1,13,4,120.715131,24.199834,3
5857,66000,387130000C,(04)23274275,(04)23288582,2025,5,15,17,52,臺中市,西區,0,1,0,7,2,6,50,4,1,1,5,4,6,6,1,1,10,5,5,2,16,3,10,3,1,B03,7,5,1,8,2,5,,11,11,1,12,4,120.657377,24.13383,2
5858,66000,387130000C,(04)23274275,(04)23288582,2025,5,15,17,52,臺中市,大肚區,0,2,0,7,3,6,30,5,1,1,5,4,6,6,4,4,10,5,5,2,15,2,9,2,1,C03,7,1,1,10,2,11,,13,13,1,6,4,120.547732,24.148273,2
5859,66000,387130000C,(04)23274275,(04)23288582,2025,5,15,17,53,臺中市,西屯區,0,0,0,7,,,50,,,,,,,,,,,,,,17,,,,,B03,,,1,,1,,,40,40,1,13,4,120.647847,24.196114,3
5860,66000,387130000C,(04)23274275,(04)23288582,2025,5,15,17,54,臺中市,西區,0,0,0,7,,,50,,,,,,,,,,,,,,9,,,,,B03,,,1,,2,,,8,8,1,12,4,120.674407,24.141596,3
5861,66000,387130000C,(04)23274275,(04)23288582,2025,5,15,17,54,臺中市,西區,0,1,0,7,2,6,50,4,1,1,5,4,6,6,1,1,10,5,5,2,16,3,10,3,1,B03,7,5,1,8,2,5,,84,84,1,12,4,120.666736,24.141067,2
5862,66000,387130000C,(04)23274275,(04)23288582,2025,5,15,17,58,臺中市,大里區,0,0,0,7,,,30,,,,,,,,,,,,,,,,,,,B03,,,1,,1,,,50,50,1,13,4,120.701455,24.09525,3
5863,66000,387130000C,(04)23274275,(04)23288582,2025,5,15,18,0,臺中市,北屯區,0,2,0,7,2,6,50,4,2,1,5,4,6,6,1,1,5,5,4,2,13,3,10,3,1,B03,7,9,1,8,1,5,,58,58,1,6,4,120.693402,24.19053,2
5864,66000,387130000C,(04)23274275,(04)23288582,2025,5,15,18,0,臺中市,太平區,0,0,0,7,,,40,,,,,,,,,,,,,,13,,,,,C03,,,1,,2,,,7,7,1,6,4,120.722817,24.1423,3
5865,66000,387130000C,(04)23274275,(04)23288582,2025,5,15,18,0,臺中市,神岡區,0,1,0,7,2,6,50,3,1,1,5,4,6,6,1,1,10,5,5,2,13,3,10,5,4,C03,7,9,1,10,1,11,,59,59,1,13,4,120.694766,24.248261,2
5866,66000,387130000C,(04)23274275,(04)23288582,2025,5,15,18,2,臺中市,南屯區,0,0,0,7,,,60,,,,,,,,,,,,,,17,,,,,B03,,,1,,2,,,50,50,1,4,4,120.627991,24.135475,3
5867,66000,387130000C,(04)23274275,(04)23288582,2025,5,15,18,5,臺中市,南屯區,0,0,0,7,,,50,,,,,,,,,,,,,,17,,,,,B03,,,1,,1,,,51,51,1,12,4,120.652025,24.139104,3
5868,66000,387130000C,(04)23274275,(04)23288582,2025,5,15,18,5,臺中市,梧棲區,0,1,0,7,2,6,50,4,1,1,5,4,6,6,1,1,1,5,5,2,15,3,10,3,1,B03,7,9,1,8,2,1,,21,21,1,12,4,120.533163,24.264062,2
5869,66000,387130000C,(04)23274275,(04)23288582,2025,5,15,18,6,臺中市,西區,0,0,0,7,,,50,,,,,,,,,,,,,,,,,,,C03,,,1,,1,,,84,84,1,12,4,120.666525,24.140576,3
5870,66000,387130000C,(04)23274275,(04)23288582,2025,5,15,18,10,臺中市,沙鹿區,0,0,0,7,,,50,,,,,,,,,,,,,,17,,,,,B03,,,1,,1,,,85,85,1,6,4,120.580299,24.208833,4
5871,66000,387130000C,(04)23274275,(04)23288582,2025,5,15,18,11,臺中市,大甲區,0,1,0,7,2,6,50,5,1,1,5,4,6,6,1,1,10,5,5,2,13,3,10,2,1,C03,7,9,1,10,2,11,,7,7,1,6,4,120.621997,24.344222,2
5872,66000,387130000C,(04)23274275,(04)23288582,2025,5,15,18,13,臺中市,西屯區,0,0,0,7,,,50,,,,,,,,,,,,,,13,,,,,B12,,,1,,1,,,59,59,1,12,4,120.647253,24.158406,3
5873,66000,387130000C,(04)23274275,(04)23288582,2025,5,15,18,14,臺中市,西區,0,0,0,7,,,50,,,,,,,,,,,,,,24,,,,,B03,,,1,,11,,,82,82,2,13,4,120.67075,24.13614,3
5874,66000,387130000C,(04)23274275,(04)23288582,2025,5,15,18,14,臺中市,西屯區,0,1,0,7,1,6,40,3,1,1,5,4,6,6,1,1,1,4,1,2,16,3,10,5,4,B03,7,5,1,8,2,2,,11,11,1,12,4,120.639069,24.168932,2
5875,66000,387130000C,(04)23274275,(04)23288582,2025,5,15,18,15,臺中市,西屯區,0,1,0,7,1,6,40,4,1,1,5,4,6,6,1,1,1,4,1,2,16,3,10,3,1,B03,7,5,1,8,2,2,,84,84,1,12,4,120.644444,24.201836,2
5876,66000,387130000C,(04)23274275,(04)23288582,2025,5,15,18,15,臺中市,沙鹿區,0,0,0,7,,,0,,,,,,,,,,,,,,17,,,,,B03,,,1,,9,,,85,85,1,12,4,120.561885,24.232274,3
5877,66000,387130000C,(04)23274275,(04)23288582,2025,5,15,18,18,臺中市,西區,0,0,0,7,,,50,,,,,,,,,,,,,,9,,,,,B03,,,1,,1,,,7,7,1,12,4,120.669424,24.137131,3
5878,66000,387130000C,(04)23274275,(04)23288582,2025,5,15,18,18,臺中市,大里區,0,3,0,7,3,6,50,4,1,1,5,4,6,6,2,1,3,4,4,1,16,2,9,5,4,C03,7,6,1,10,2,11,,11,11,1,13,4,120.679096,24.112335,2
5879,66000,387130000C,(04)23274275,(04)23288582,2025,5,15,18,28,臺中市,北區,0,0,0,7,,,50,,,,,,,,,,,,,,13,,,,,B03,,,1,,2,,,7,7,1,13,4,120.673641,24.166353,3
5880,66000,387130000C,(04)23274275,(04)23288582,2025,5,15,18,30,臺中市,大里區,0,0,0,7,,,50,,,,,,,,,,,,,,16,,,,,C03,,,1,,9,,,11,11,1,12,4,120.691748,24.103664,3
5881,66000,387130000C,(04)23274275,(04)23288582,2025,5,15,18,31,臺中市,豐原區,0,0,0,7,,,50,,,,,,,,,,,,,,17,,,,,B03,,,1,,9,,,51,51,1,12,4,120.712618,24.250559,3
5882,66000,387130000C,(04)23274275,(04)23288582,2025,5,15,18,32,臺中市,西屯區,0,1,0,7,1,6,40,13,8,1,5,4,6,6,4,4,1,5,5,2,13,2,9,1,1,C03,7,9,1,10,2,11,,7,7,1,12,4,120.593417,24.183008,2
5883,66000,387130000C,(04)23274275,(04)23288582,2025,5,15,18,35,臺中市,北屯區,0,0,0,7,,,50,,,,,,,,,,,,,,13,,,,,B03,,,1,,1,,,7,7,1,12,4,120.72147,24.162428,3
5884,66000,387130000C,(04)23274275,(04)23288582,2025,5,15,18,41,臺中市,西屯區,0,0,0,7,,,30,,,,,,,,,,,,,,17,,,,,B03,,,1,,2,,,8,8,1,13,4,120.659512,24.196938,3
5885,66000,387130000C,(04)23274275,(04)23288582,2025,5,15,18,45,臺中市,大里區,0,1,0,7,1,6,50,5,2,1,5,4,6,6,1,1,10,5,4,2,13,3,10,3,1,B03,7,9,1,8,2,5,,59,59,1,12,4,120.714281,24.095899,2
5886,66000,387130000C,(04)23274275,(04)23288582,2025,5,15,18,47,臺中市,東區,0,1,0,7,1,6,50,13,9,1,5,4,6,6,4,4,9,5,5,2,13,2,8,1,1,C03,7,9,2,19,2,11,,84,84,1,12,4,120.70892,24.139433,2
5887,66000,387130000C,(04)23274275,(04)23288582,2025,5,15,18,50,臺中市,豐原區,0,0,0,7,,,50,,,,,,,,,,,,,,17,,,,,F01,,,7,,2,,,8,8,1,13,4,120.716615,24.260173,3
5888,66000,387130000C,(04)23274275,(04)23288582,2025,5,15,18,58,臺中市,西屯區,0,0,0,7,,,80,,,,,,,,,,,,,,13,,,,,B03,,,1,,1,,,7,7,1,13,4,120.634948,24.179291,3
5889,66000,387130000C,(04)23274275,(04)23288582,2025,5,15,18,59,臺中市,北屯區,0,1,0,7,1,6,50,13,9,1,5,4,6,6,4,4,1,4,5,2,17,2,9,5,4,C03,7,9,1,10,2,11,,87,87,1,13,4,120.713198,24.178074,2
5890,66000,387130000C,(04)23274275,(04)23288582,2025,5,15,19,0,臺中市,西屯區,0,0,0,7,,,50,,,,,,,,,,,,,,13,,,,,B03,,,1,,1,,,59,59,1,12,4,120.618907,24.184707,3
5891,66000,387130000C,(04)23274275,(04)23288582,2025,5,15,19,0,臺中市,梧棲區,0,1,0,7,1,6,50,13,9,1,5,4,6,6,4,4,5,5,5,2,2,3,10,3,1,B12,7,9,1,8,2,2,,59,59,1,6,4,120.547392,24.227861,2
5892,66000,387130000C,(04)23274275,(04)23288582,2025,5,15,19,0,臺中市,大甲區,0,1,0,7,1,6,50,13,9,1,5,4,6,6,4,4,4,5,5,1,2,3,10,5,4,C03,7,9,1,10,2,12,,84,84,1,6,4,120.626958,24.422694,2
5893,66000,387130000C,(04)23274275,(04)23288582,2025,5,15,19,5,臺中市,西屯區,0,1,0,7,1,6,50,13,9,1,5,4,6,6,4,4,5,5,5,2,13,2,8,4,1,F03,7,1,7,21,2,14,,51,51,1,12,4,120.618617,24.178623,2
5894,66000,387130000C,(04)23274275,(04)23288582,2025,5,15,19,20,臺中市,新社區,0,1,0,7,1,6,50,13,24,1,5,4,6,6,4,4,9,5,5,1,19,2,9,5,4,C03,7,9,3,19,8,15,,53,53,1,13,4,120.803335,24.224457,2
5895,66000,387130000C,(04)23274275,(04)23288582,2025,5,15,19,28,臺中市,南屯區,0,0,0,7,,,50,,,,,,,,,,,,,,14,,,,,B03,,,1,,2,,,50,50,1,12,4,120.60425,24.146928,3
5896,66000,387130000C,(04)23274275,(04)23288582,2025,5,15,19,39,臺中市,西屯區,0,1,0,7,1,6,50,13,8,1,5,4,6,6,3,1,1,4,5,2,13,3,10,3,1,B03,7,1,1,8,2,3,,51,51,1,12,4,120.638275,24.187801,2
5897,66000,387130000C,(04)23274275,(04)23288582,2025,5,15,19,41,臺中市,梧棲區,0,0,0,7,,,50,,,,,,,,,,,,,,13,,,,,B03,,,1,,9,,,7,7,1,6,4,120.550414,24.241466,3
5898,66000,387130000C,(04)23274275,(04)23288582,2025,5,15,19,45,臺中市,西屯區,0,1,0,7,1,6,50,5,1,1,5,4,6,6,4,4,5,5,5,2,15,,,,,,,9,,,,,,86,86,2,,,120.584477,24.173024,2
5899,66000,387130000C,(04)23274275,(04)23288582,2025,5,15,19,45,臺中市,神岡區,0,0,0,7,,,60,,,,,,,,,,,,,,13,,,,,B03,,,1,,2,,,84,84,1,12,4,120.680664,24.24512,3
5900,66000,387130000C,(04)23274275,(04)23288582,2025,5,15,19,55,臺中市,西屯區,0,0,0,7,,,50,,,,,,,,,,,,,,17,,,,,B03,,,1,,9,,,49,49,1,13,4,120.640913,24.176202,3
5901,66000,387130000C,(04)23274275,(04)23288582,2025,5,15,20,4,臺中市,霧峰區,0,2,0,7,1,6,50,4,1,1,5,4,6,6,1,1,10,5,5,2,16,2,9,2,1,C03,7,6,1,10,2,12,,48,48,1,13,4,120.693083,24.073061,2
5902,66000,387130000C,(04)23274275,(04)23288582,2025,5,15,20,10,臺中市,大雅區,0,0,0,7,,,50,,,,,,,,,,,,,,,,,,,B03,,,1,,1,,,7,7,1,13,4,120.667746,24.216376,3
5903,66000,387130000C,(04)23274275,(04)23288582,2025,5,15,20,18,臺中市,北區,0,0,0,7,1,6,50,4,1,1,5,4,6,6,2,1,10,5,5,2,17,,,,,C03,,,1,,1,,,59,59,1,13,4,120.680948,24.159108,3
5904,66000,387130000C,(04)23274275,(04)23288582,2025,5,15,20,20,臺中市,北區,0,0,0,7,,,30,,,,,,,,,,,,,,17,,,,,B01,,,1,,1,,,8,8,1,13,4,120.692601,24.160197,3
5905,66000,387130000C,(04)23274275,(04)23288582,2025,5,15,20,27,臺中市,大里區,0,1,0,7,1,6,50,4,1,1,5,4,6,6,1,1,5,5,4,1,16,3,10,3,1,B03,7,6,1,8,2,8,,11,11,1,13,4,120.703742,24.093107,2
5906,66000,387130000C,(04)23274275,(04)23288582,2025,5,15,20,50,臺中市,大雅區,0,0,0,7,,,50,,,,,,,,,,,,,,,,,,,A41,,,1,,2,,,51,51,1,12,4,120.647558,24.215411,3
5907,66000,387130000C,(04)23274275,(04)23288582,2025,5,15,20,50,臺中市,大甲區,0,1,0,7,1,6,50,13,9,1,5,4,6,6,4,4,5,5,5,1,13,3,10,5,4,B03,7,9,1,8,2,1,,7,7,1,6,4,120.626177,24.349341,2
5908,66000,387130000C,(04)23274275,(04)23288582,2025,5,15,20,57,臺中市,南區,0,1,0,7,1,6,50,4,1,1,5,4,6,6,1,1,9,4,5,2,12,3,10,3,1,B03,7,5,1,8,2,5,,47,47,1,12,4,120.670095,24.119043,2
5909,66000,387130000C,(04)23274275,(04)23288582,2025,5,15,21,0,臺中市,龍井區,0,1,0,6,1,6,50,13,7,1,5,4,6,6,4,4,5,4,4,1,16,3,10,3,1,B03,7,11,1,8,2,1,,39,39,1,6,4,120.530736,24.178063,2
5910,66000,387130000C,(04)23274275,(04)23288582,2025,5,15,21,2,臺中市,西屯區,0,2,0,7,1,9,50,3,1,1,5,4,6,6,4,4,5,4,5,2,16,2,9,2,1,F01,7,6,7,21,2,14,,14,14,1,12,4,120.621146,24.184498,2
5911,66000,387130000C,(04)23274275,(04)23288582,2025,5,15,21,4,臺中市,東區,0,0,0,7,,,50,,,,,,,,,,,,,,17,,,,,B03,,,1,,2,,,51,51,1,12,4,120.701378,24.131758,3
5912,66000,387130000C,(04)23274275,(04)23288582,2025,5,15,21,15,臺中市,北區,0,0,0,7,,,50,,,,,,,,,,,,,,13,,,,,C03,,,1,,2,,,58,58,1,12,4,120.67066,24.160212,3
5913,66000,387130000C,(04)23274275,(04)23288582,2025,5,15,21,17,臺中市,太平區,0,0,0,7,,,50,,,,,,,,,,,,,,13,,,,,B03,,,1,,1,,,55,55,1,12,4,120.718133,24.159709,3
5914,66000,387130000C,(04)23274275,(04)23288582,2025,5,15,21,19,臺中市,豐原區,0,0,0,7,,,50,,,,,,,,,,,,,,12,,,,,B01,,,1,,2,,,8,8,1,13,4,120.710417,24.23653,3
5915,66000,387130000C,(04)23274275,(04)23288582,2025,5,15,21,22,臺中市,西屯區,0,0,0,7,,,40,,,,,,,,,,,,,,17,,,,,C03,,,1,,2,,,59,59,1,12,4,120.633047,24.161955,3
5916,66000,387130000C,(04)23274275,(04)23288582,2025,5,15,21,24,臺中市,大里區,0,2,0,7,1,6,50,3,1,1,5,4,6,6,4,4,10,5,5,1,16,2,9,1,1,C03,7,6,1,10,2,12,,14,14,1,12,4,120.707823,24.091174,2
5917,66000,387130000C,(04)23274275,(04)23288582,2025,5,15,21,40,臺中市,清水區,0,1,0,7,2,6,50,3,2,1,5,4,6,6,4,4,9,4,4,1,17,2,9,1,1,C03,7,12,1,10,1,16,,84,84,1,12,4,120.558488,24.26954,2
5918,66000,387130000C,(04)23274275,(04)23288582,2025,5,15,21,47,臺中市,西屯區,0,0,0,7,,,50,,,,,,,,,,,,,,13,,,,,C03,,,1,,2,,,7,7,1,13,4,120.612347,24.190602,4
5919,66000,387130000C,(04)23274275,(04)23288582,2025,5,15,21,59,臺中市,北區,0,1,0,7,3,6,50,3,1,1,5,4,6,6,4,4,9,5,5,2,17,3,10,5,4,B03,7,2,1,8,2,3,,49,49,1,13,4,120.678879,24.15651,2
5920,66000,387130000C,(04)23274275,(04)23288582,2025,5,15,22,5,臺中市,太平區,0,2,0,7,1,6,50,13,9,1,5,4,6,6,4,4,5,4,5,2,17,2,9,1,1,C03,7,6,1,10,2,14,,84,84,1,6,4,120.710343,24.127357,2
5921,66000,387130000C,(04)23274275,(04)23288582,2025,5,15,22,26,臺中市,西屯區,0,0,0,7,,,40,,,,,,,,,,,,,,17,,,,,C03,,,1,,2,,,84,84,1,13,4,120.609833,24.186216,3
5922,66000,387130000C,(04)23274275,(04)23288582,2025,5,15,22,27,臺中市,沙鹿區,0,1,0,7,1,6,50,3,1,1,5,4,6,6,1,1,10,5,5,2,13,3,10,3,1,B03,7,9,1,8,2,1,,59,59,1,6,4,120.569942,24.225283,2
5923,66000,387130000C,(04)23274275,(04)23288582,2025,5,15,22,30,臺中市,西屯區,0,0,0,7,,,0,,,,,,,,,,,,,,,,,,,,,,,,,,,119,119,1,,,120.609382,24.184874,3
5924,66000,387130000C,(04)23274275,(04)23288582,2025,5,15,22,31,臺中市,北屯區,0,0,0,7,,,50,,,,,,,,,,,,,,14,,,,,B03,,,1,,2,,,50,50,1,13,4,120.679645,24.172371,3
5925,66000,387130000C,(04)23274275,(04)23288582,2025,5,15,22,38,臺中市,西屯區,0,2,0,7,1,6,50,3,1,1,5,4,6,6,4,4,5,5,5,2,16,2,9,2,1,C03,7,5,1,10,2,14,,14,14,1,12,4,120.61946,24.177198,2
5926,66000,387130000C,(04)23274275,(04)23288582,2025,5,15,22,41,臺中市,北屯區,0,0,0,7,,,50,,,,,,,,,,,,,,13,,,,,B03,,,1,,1,,,59,59,1,12,4,120.702572,24.18649,3
5927,66000,387130000C,(04)23274275,(04)23288582,2025,5,15,22,45,臺中市,南屯區,0,0,0,7,,,50,,,,,,,,,,,,,,,,,,,B03,,,1,,2,,,49,49,1,13,4,120.611653,24.140179,3
5928,66000,387130000C,(04)23274275,(04)23288582,2025,5,15,23,2,臺中市,西區,0,0,0,7,,,30,,,,,,,,,,,,,,,,,,,B02,,,1,,2,,,49,49,1,12,4,120.658019,24.15339,4
5929,66000,387130000C,(04)23274275,(04)23288582,2025,5,15,23,10,臺中市,大里區,0,0,0,6,,,,,,,,,,,,,,,,,18,,,,,,,,,,,,,119,119,1,,,120.729365,24.09292,3
5930,66000,387130000C,(04)23274275,(04)23288582,2025,5,15,23,15,臺中市,清水區,0,0,0,7,1,6,60,4,2,1,5,4,6,6,2,1,1,4,4,1,12,3,10,3,1,B03,7,11,3,19,7,7,,26,26,1,12,4,120.54416,24.268027,3
5931,66000,387130000C,(04)23274275,(04)23288582,2025,5,15,23,31,臺中市,南屯區,0,1,0,7,1,6,50,4,2,1,5,4,6,6,2,1,1,5,5,2,18,2,1,5,4,F03,7,9,7,21,2,14,,84,84,1,13,4,120.634897,24.126164,2