序號,縣市別代碼,機關代碼,市話,傳真,年,月,日,時,分,縣市,區,死亡數量,受傷數量,2-30,天候,道路照明設備,道路類別,道路速限,道路型態,事故位置,路面鋪裝,路面狀態,路面缺陷,障礙物,視距,號誌種類,號誌動作,分向設施,快車道或一般車道間,快慢車道間,路面邊線,事故類型及型態,受傷程度,主要傷處,保護裝備,行動電話或功能裝置,當事者區分(類別),車輛用途,當事者行動狀態,駕照狀態,駕照種類,飲酒情形,車輛撞擊部位最初,車輛撞擊部位其他,肇事因素個別,肇事因素主要,肇事逃逸,職業,共享經濟或外送平台,GPS座標X,GPS座標Y,事故類別
6044,66000,387130000C,(04)23274275,(04)23288582,2025,5,16,8,59,臺中市,西屯區,0,1,0,7,2,6,50,13,9,1,5,4,6,6,4,4,9,5,5,2,16,3,10,5,4,B03,7,11,1,8,2,5,,45,45,1,12,4,120.602898,24.174732,2
6045,66000,387130000C,(04)23274275,(04)23288582,2025,5,16,9,3,臺中市,北區,0,0,0,7,,,50,,,,,,,,,,,,,,,,,,,C03,,,1,,1,,,7,7,1,12,4,120.688938,24.158996,3
6046,66000,387130000C,(04)23274275,(04)23288582,2025,5,16,9,4,臺中市,北屯區,0,0,0,7,,,50,,,,,,,,,,,,,,13,,,,,C03,,,1,,1,,,7,7,1,6,4,120.726947,24.173392,4
6047,66000,387130000C,(04)23274275,(04)23288582,2025,5,16,9,10,臺中市,烏日區,0,1,0,7,3,6,30,3,1,1,5,4,6,6,4,4,5,4,5,1,16,3,10,3,1,B03,7,9,1,8,2,1,,13,13,1,6,4,120.642235,24.068692,2
6048,66000,387130000C,(04)23274275,(04)23288582,2025,5,16,9,12,臺中市,北屯區,0,3,0,7,3,6,40,13,8,1,5,4,6,6,4,4,1,4,4,2,12,2,7,2,1,C03,7,9,3,19,2,12,,84,84,1,6,4,120.694216,24.161734,2
6049,66000,387130000C,(04)23274275,(04)23288582,2025,5,16,9,12,臺中市,烏日區,0,1,0,7,2,6,30,13,9,1,5,4,6,6,4,4,10,5,5,2,10,2,9,2,1,C03,7,15,1,10,2,11,,41,41,1,6,4,120.630023,24.1005,2
6050,66000,387130000C,(04)23274275,(04)23288582,2025,5,16,9,16,臺中市,大里區,0,0,0,7,,,50,,,,,,,,,,,,,,17,,,,,B03,,,1,,2,,,51,51,1,6,4,120.678962,24.108115,3
6051,66000,387130000C,(04)23274275,(04)23288582,2025,5,16,9,20,臺中市,南屯區,0,1,0,7,3,6,40,4,1,1,5,4,6,6,1,1,5,5,4,2,12,3,10,3,1,B12,7,5,1,8,2,2,,11,11,1,12,4,120.614854,24.145286,2
6052,66000,387130000C,(04)23274275,(04)23288582,2025,5,16,9,20,臺中市,大里區,0,1,0,7,2,6,50,13,9,1,5,4,6,6,4,4,4,3,5,1,17,3,10,1,1,C03,7,9,1,10,2,12,,7,7,1,6,4,120.704394,24.095376,2
6053,66000,387130000C,(04)23274275,(04)23288582,2025,5,16,9,22,臺中市,中區,0,0,0,7,,,50,,,,,,,,,,,,,,,,,,,B03,,,1,,2,,,84,84,1,6,4,120.675616,24.141889,3
6054,66000,387130000C,(04)23274275,(04)23288582,2025,5,16,9,25,臺中市,北屯區,0,0,0,7,,,50,,,,,,,,,,,,,,14,,,,,B12,,,1,,1,,,84,84,1,6,4,120.7217,24.166753,3
6055,66000,387130000C,(04)23274275,(04)23288582,2025,5,16,9,27,臺中市,西區,0,1,0,7,2,6,50,4,1,1,5,4,6,6,4,4,9,4,4,2,17,2,7,1,1,C03,7,6,1,10,2,11,,12,12,1,12,4,120.655141,24.143227,2
6056,66000,387130000C,(04)23274275,(04)23288582,2025,5,16,9,29,臺中市,中區,0,1,0,7,1,6,50,3,1,1,5,4,6,6,4,4,10,5,5,2,17,3,10,5,4,B12,7,6,1,8,2,8,,48,48,1,12,4,120.679578,24.145199,2
6057,66000,387130000C,(04)23274275,(04)23288582,2025,5,16,9,34,臺中市,西區,0,0,0,7,,,50,,,,,,,,,,,,,,17,,,,,B12,,,1,,1,,,8,8,1,12,4,120.658346,24.154801,3
6058,66000,387130000C,(04)23274275,(04)23288582,2025,5,16,9,38,臺中市,北區,0,1,0,7,2,6,30,3,1,1,5,4,6,6,4,4,10,5,5,2,16,3,10,3,1,B02,7,5,1,8,2,8,,14,14,1,13,4,120.666926,24.170325,2
6059,66000,387130000C,(04)23274275,(04)23288582,2025,5,16,9,42,臺中市,中區,0,0,0,7,,,50,,,,,,,,,,,,,,13,,,,,B03,,,1,,1,,,7,7,1,12,4,120.680682,24.143543,3
6060,66000,387130000C,(04)23274275,(04)23288582,2025,5,16,9,44,臺中市,太平區,0,0,0,7,,,50,,,,,,,,,,,,,,13,,,,,C03,,,1,,1,,,7,7,1,12,4,120.715298,24.141775,3
6061,66000,387130000C,(04)23274275,(04)23288582,2025,5,16,9,44,臺中市,神岡區,0,0,0,7,,,50,,,,,,,,,,,,,,17,,,,,B03,,,1,,2,,,84,84,1,6,4,120.696049,24.236042,3
6062,66000,387130000C,(04)23274275,(04)23288582,2025,5,16,9,45,臺中市,南區,0,1,0,7,2,6,50,4,1,1,5,4,6,6,2,1,10,5,5,2,17,3,10,3,1,B01,7,6,1,4,2,16,,11,11,1,12,4,120.684179,24.126353,2
6063,66000,387130000C,(04)23274275,(04)23288582,2025,5,16,9,48,臺中市,中區,0,1,0,7,3,6,30,4,1,1,5,4,6,6,4,4,10,5,5,2,15,3,10,3,1,B03,7,9,1,8,2,2,,15,15,1,6,4,120.678476,24.145842,2
6064,66000,387130000C,(04)23274275,(04)23288582,2025,5,16,9,50,臺中市,南屯區,0,2,0,7,3,6,40,13,8,1,5,4,6,6,1,1,5,5,4,2,13,2,9,1,1,C03,7,9,1,10,1,11,,7,7,1,12,4,120.634095,24.158268,2
6065,66000,387130000C,(04)23274275,(04)23288582,2025,5,16,9,57,臺中市,南屯區,0,2,0,7,2,6,50,3,1,1,5,4,6,6,4,4,10,5,5,2,9,2,9,6,5,H01,8,21,7,21,10,17,,109,109,1,12,5,120.63829,24.138795,2
6066,66000,387130000C,(04)23274275,(04)23288582,2025,5,16,9,58,臺中市,南區,0,1,0,7,3,6,50,3,1,1,5,4,6,6,1,1,10,5,5,2,13,3,10,3,1,B03,7,9,1,8,2,1,,84,84,1,12,4,120.651538,24.120901,2
6067,66000,387130000C,(04)23274275,(04)23288582,2025,5,16,10,2,臺中市,西屯區,0,2,0,7,2,6,30,13,9,1,5,4,6,6,4,4,10,5,5,2,17,2,9,2,1,C03,7,11,1,10,2,14,,45,45,1,5,4,120.647973,24.182008,2
6068,66000,387130000C,(04)23274275,(04)23288582,2025,5,16,10,7,臺中市,太平區,0,0,0,7,,,50,,,,,,,,,,,,,,13,,,,,B03,,,1,,1,,,84,84,1,12,4,120.712102,24.141089,3
6069,66000,387130000C,(04)23274275,(04)23288582,2025,5,16,10,10,臺中市,南屯區,0,0,0,7,3,6,60,13,7,1,5,4,6,6,1,1,3,4,3,2,12,,,,,B03,,,1,,2,,,40,40,1,12,4,120.612797,24.150219,3
6070,66000,387130000C,(04)23274275,(04)23288582,2025,5,16,10,17,臺中市,潭子區,0,0,0,7,,,40,,,,,,,,,,,,,,,,,,,B02,,,1,,1,,,90,90,1,13,4,120.701359,24.201171,3
6071,66000,387130000C,(04)23274275,(04)23288582,2025,5,16,10,18,臺中市,大雅區,0,0,0,7,,,50,,,,,,,,,,,,,,,,,,,B03,,,1,,1,,,49,49,1,13,4,120.669423,24.222204,3
6072,66000,387130000C,(04)23274275,(04)23288582,2025,5,16,10,18,臺中市,霧峰區,0,0,0,7,,,50,,,,,,,,,,,,,,17,,,,,B03,,,1,2,2,,,51,51,1,13,4,120.697747,24.052325,3
6073,66000,387130000C,(04)23274275,(04)23288582,2025,5,16,10,19,臺中市,豐原區,0,1,0,7,2,6,50,3,2,1,5,4,6,6,4,4,5,5,5,1,13,3,10,5,4,B03,7,9,1,8,2,5,,84,84,1,13,4,120.72122,24.24909,2
6074,66000,387130000C,(04)23274275,(04)23288582,2025,5,16,10,20,臺中市,潭子區,0,0,0,7,,,30,,,,,,,,,,,,,,,,,,,B03,,,1,,2,,,51,51,1,13,4,120.713487,24.203796,3
6075,66000,387130000C,(04)23274275,(04)23288582,2025,5,16,10,24,臺中市,龍井區,0,2,0,7,2,6,50,13,9,1,5,4,6,6,4,4,5,5,5,1,17,2,8,5,4,C03,7,9,1,10,2,11,,87,87,1,6,4,120.582833,24.178425,2
6076,66000,387130000C,(04)23274275,(04)23288582,2025,5,16,10,24,臺中市,豐原區,0,0,0,7,,,50,,,,,,,,,,,,,,,,,,,B12,,,1,,2,,,49,49,1,13,4,120.725735,24.255933,3
6077,66000,387130000C,(04)23274275,(04)23288582,2025,5,16,10,25,臺中市,北屯區,0,1,0,7,2,6,50,13,7,1,5,4,6,6,4,4,1,4,4,2,29,2,9,1,1,C03,7,15,1,10,2,11,,59,59,1,6,4,120.67899,24.184325,2
6078,66000,387130000C,(04)23274275,(04)23288582,2025,5,16,10,29,臺中市,南區,0,1,0,7,2,6,50,4,1,1,5,4,6,6,2,1,5,4,5,2,12,3,10,3,1,B03,7,5,1,8,2,5,,11,11,1,13,4,120.652498,24.122127,2
6079,66000,387130000C,(04)23274275,(04)23288582,2025,5,16,10,30,臺中市,西屯區,0,0,0,7,,,40,,,,,,,,,,,,,,12,,,,,B03,,,1,,1,,,8,8,1,12,4,120.663263,24.163328,3
6080,66000,387130000C,(04)23274275,(04)23288582,2025,5,16,10,30,臺中市,和平區,0,0,0,7,3,6,40,13,9,1,5,4,6,6,4,4,9,5,5,1,16,,,,,C03,,,1,,2,,,84,84,1,12,4,120.882605,24.175013,4
6081,66000,387130000C,(04)23274275,(04)23288582,2025,5,16,10,35,臺中市,大雅區,0,0,0,7,,,70,,,,,,,,,,,,,,,,,,,B03,,,1,,1,,,7,7,1,12,4,120.631168,24.239777,3
6082,66000,387130000C,(04)23274275,(04)23288582,2025,5,16,10,36,臺中市,大里區,0,1,0,7,3,6,50,4,1,1,5,4,6,6,1,1,10,5,5,2,13,3,10,3,1,B03,7,9,1,8,2,5,,7,7,1,13,4,120.680319,24.099893,2
6083,66000,387130000C,(04)23274275,(04)23288582,2025,5,16,10,37,臺中市,北屯區,0,0,0,7,,,50,,,,,,,,,,,,,,12,,,,,B03,,,1,,2,,,40,40,1,6,4,120.721014,24.181916,3
6084,66000,387130000C,(04)23274275,(04)23288582,2025,5,16,10,37,臺中市,北屯區,0,0,0,7,,,50,,,,,,,,,,,,,,,,,,,C03,,,1,,11,,,84,84,1,12,4,120.683943,24.180202,3
6085,66000,387130000C,(04)23274275,(04)23288582,2025,5,16,10,38,臺中市,潭子區,0,1,0,7,3,6,40,13,7,1,5,4,6,6,4,4,5,4,4,2,17,3,10,3,1,B12,7,15,1,8,2,8,,76,76,1,13,4,120.723406,24.194028,2
6086,66000,387130000C,(04)23274275,(04)23288582,2025,5,16,10,38,臺中市,西區,0,0,0,7,,,30,,,,,,,,,,,,,,15,,,,,B01,,,1,,1,,,12,12,1,12,4,120.658868,24.137378,3
6087,66000,387130000C,(04)23274275,(04)23288582,2025,5,16,10,39,臺中市,太平區,0,1,0,7,3,6,50,4,1,1,5,4,6,6,2,1,10,5,5,2,13,2,7,1,1,C03,7,9,1,10,2,11,,7,7,1,12,4,120.716119,24.148733,2
6088,66000,387130000C,(04)23274275,(04)23288582,2025,5,16,10,45,臺中市,北屯區,0,0,0,7,,,40,,,,,,,,,,,,,,14,,,,,B03,,,1,8,1,,,49,49,1,6,4,120.694557,24.173256,3
6089,66000,387130000C,(04)23274275,(04)23288582,2025,5,16,10,49,臺中市,大里區,0,1,0,7,2,6,50,13,9,1,5,4,6,6,4,4,1,5,5,1,13,2,9,1,1,C03,7,9,1,10,2,11,14,7,7,1,6,4,120.700284,24.11846,2
6090,66000,387130000C,(04)23274275,(04)23288582,2025,5,16,10,55,臺中市,西屯區,0,1,0,7,2,6,30,3,2,1,5,4,6,6,4,4,5,5,5,1,16,3,10,3,1,B03,7,5,1,8,2,8,,12,12,1,12,4,120.657446,24.165077,2
6091,66000,387130000C,(04)23274275,(04)23288582,2025,5,16,10,59,臺中市,外埔區,0,0,0,7,3,6,50,13,9,1,5,4,6,6,4,4,5,4,4,1,24,3,10,3,1,B03,7,9,1,8,2,5,,43,43,1,6,4,120.626988,24.334685,3
6092,66000,387130000C,(04)23274275,(04)23288582,2025,5,16,11,0,臺中市,南區,0,0,0,7,,,40,,,,,,,,,,,,,,17,,,,,C03,,,1,,10,,,85,85,1,12,4,120.661465,24.113141,3
6093,66000,387130000C,(04)23274275,(04)23288582,2025,5,16,11,0,臺中市,北屯區,0,1,0,7,3,6,50,13,7,1,5,4,6,6,4,4,9,5,4,2,13,2,9,2,1,C03,7,9,1,10,2,11,,7,7,1,6,4,120.692462,24.174915,2
6094,66000,387130000C,(04)23274275,(04)23288582,2025,5,16,11,2,臺中市,中區,0,0,0,7,,,50,,,,,,,,,,,,,,,,,,,B03,,,1,,2,,,85,85,1,12,4,120.675795,24.142883,3
6095,66000,387130000C,(04)23274275,(04)23288582,2025,5,16,11,7,臺中市,西屯區,0,0,0,7,,,30,,,,,,,,,,,,,,14,,,,,B03,,,1,,1,,,49,49,1,12,4,120.618527,24.188668,4
6096,66000,387130000C,(04)23274275,(04)23288582,2025,5,16,11,8,臺中市,北屯區,0,1,0,7,2,6,50,13,9,1,5,4,6,6,4,4,1,4,5,2,17,3,10,3,1,B03,7,9,1,8,2,2,,85,85,1,12,4,120.707283,24.187767,2
6097,66000,387130000C,(04)23274275,(04)23288582,2025,5,16,11,10,臺中市,神岡區,0,0,0,7,,,30,,,,,,,,,,,,,,17,,,,,B02,,,1,,1,,,84,84,1,13,4,120.698174,24.248881,3
6098,66000,387130000C,(04)23274275,(04)23288582,2025,5,16,11,15,臺中市,大雅區,0,2,0,7,3,6,30,4,1,1,5,4,6,6,4,4,10,5,5,2,17,2,8,3,1,B12,7,9,1,8,2,1,,6,6,1,12,4,120.668059,24.225013,2
6099,66000,387130000C,(04)23274275,(04)23288582,2025,5,16,11,18,臺中市,北屯區,0,0,0,7,,,50,,,,,,,,,,,,,,,,,,,B03,,,1,,1,,,84,84,1,12,4,120.682438,24.191938,3
6100,66000,387130000C,(04)23274275,(04)23288582,2025,5,16,11,23,臺中市,潭子區,0,2,0,7,3,6,60,3,1,1,5,4,6,6,1,1,1,4,4,1,13,2,9,2,1,C03,7,9,1,10,2,11,,7,7,1,13,4,120.686616,24.20911,2
6101,66000,387130000C,(04)23274275,(04)23288582,2025,5,16,11,26,臺中市,西屯區,0,1,0,7,2,6,50,3,1,1,5,4,6,6,4,4,5,5,5,2,13,2,9,2,1,C03,7,6,3,19,1,11,,58,58,1,13,4,120.592443,24.178136,2
6102,66000,387130000C,(04)23274275,(04)23288582,2025,5,16,11,27,臺中市,西屯區,0,0,0,7,,,30,,,,,,,,,,,,,,14,,,,,B03,,,1,,2,,,49,49,1,12,4,120.660751,24.200649,3
6103,66000,387130000C,(04)23274275,(04)23288582,2025,5,16,11,30,臺中市,西屯區,0,0,0,7,,,40,,,,,,,,,,,,,,14,,,,,B12,,,1,,1,,,49,49,1,12,4,120.658048,24.176005,3
6104,66000,387130000C,(04)23274275,(04)23288582,2025,5,16,11,30,臺中市,太平區,0,1,0,7,2,6,50,13,9,1,5,4,6,6,4,4,5,4,5,1,17,2,9,5,4,C03,7,1,1,10,2,14,,51,51,1,6,4,120.720102,24.133529,2
6105,66000,387130000C,(04)23274275,(04)23288582,2025,5,16,11,30,臺中市,清水區,0,0,0,7,,,40,,,,,,,,,,,,,,17,,,,,C03,,,3,,9,,,42,42,1,12,4,120.573023,24.262897,3
6106,66000,387130000C,(04)23274275,(04)23288582,2025,5,16,11,32,臺中市,南屯區,0,1,0,7,3,6,50,13,9,1,5,4,6,6,4,4,1,4,5,2,17,2,9,2,1,C03,7,8,1,10,2,14,,42,42,1,12,4,120.646773,24.14741,2
6107,66000,387130000C,(04)23274275,(04)23288582,2025,5,16,11,32,臺中市,大里區,0,0,0,7,,,30,,,,,,,,,,,,,,17,,,,,B03,,,1,,2,,,84,84,1,12,4,120.687323,24.096813,3
6108,66000,387130000C,(04)23274275,(04)23288582,2025,5,16,11,40,臺中市,烏日區,0,0,0,7,,,30,,,,,,,,,,,,,,,,,,,B12,,,1,,1,,,84,84,1,6,4,120.635448,24.109024,3
6109,66000,387130000C,(04)23274275,(04)23288582,2025,5,16,11,40,臺中市,沙鹿區,0,0,0,7,2,6,50,13,9,1,5,4,6,6,4,4,4,5,5,2,12,,,,,C03,,,1,,1,,,8,8,1,12,4,120.575488,24.226378,3
6110,66000,387130000C,(04)23274275,(04)23288582,2025,5,16,11,41,臺中市,西區,0,0,0,7,,,50,,,,,,,,,,,,,,13,,,,,B03,,,1,,1,,,7,7,1,12,4,120.663128,24.14306,3
6111,66000,387130000C,(04)23274275,(04)23288582,2025,5,16,11,46,臺中市,烏日區,0,0,0,7,,,70,,,,,,,,,,,,,,12,,,,,B03,,,1,,2,,,40,40,1,6,4,120.588622,24.113983,3
6112,66000,387130000C,(04)23274275,(04)23288582,2025,5,16,11,47,臺中市,中區,0,0,0,7,,,50,,,,,,,,,,,,,,14,,,,,B03,,,1,,2,,,84,84,1,12,4,120.677946,24.14336,3
6113,66000,387130000C,(04)23274275,(04)23288582,2025,5,16,11,47,臺中市,西屯區,0,2,0,7,2,6,50,3,2,1,5,4,6,6,4,4,1,4,5,2,13,2,9,1,1,C03,7,9,1,10,1,11,,7,7,1,12,4,120.636815,24.179053,2
6114,66000,387130000C,(04)23274275,(04)23288582,2025,5,16,11,48,臺中市,神岡區,0,0,0,7,,,50,,,,,,,,,,,,,,17,,,,,B03,,,1,,2,,,7,7,1,6,4,120.709198,24.260009,3
6115,66000,387130000C,(04)23274275,(04)23288582,2025,5,16,11,50,臺中市,大甲區,0,1,0,7,2,6,50,11,8,1,5,4,6,6,4,4,5,5,4,1,12,3,10,3,1,B03,7,3,1,8,2,4,,50,50,1,6,4,120.63103,24.346414,2
6116,66000,387130000C,(04)23274275,(04)23288582,2025,5,16,11,50,臺中市,大甲區,0,2,0,7,3,6,50,4,1,1,5,4,6,6,4,4,10,5,5,2,15,2,7,1,1,C03,7,9,1,10,8,14,,15,15,1,6,4,120.616428,24.348449,2
6117,66000,387130000C,(04)23274275,(04)23288582,2025,5,16,11,52,臺中市,太平區,0,0,0,7,,,50,,,,,,,,,,,,,,15,,,,,B12,,,1,,2,,,15,15,1,6,4,120.718566,24.113739,3
6118,66000,387130000C,(04)23274275,(04)23288582,2025,5,16,11,56,臺中市,西屯區,0,1,0,7,2,6,40,13,8,1,5,4,6,6,4,4,1,4,1,1,12,3,10,3,1,B03,7,8,1,8,2,8,,40,40,1,12,4,120.657796,24.158564,2
6119,66000,387130000C,(04)23274275,(04)23288582,2025,5,16,11,57,臺中市,西屯區,0,0,0,7,,,50,,,,,,,,,,,,,,11,,,,,B03,,,1,,2,,,39,39,1,12,4,120.650116,24.18348,3
6120,66000,387130000C,(04)23274275,(04)23288582,2025,5,16,11,58,臺中市,南屯區,0,0,0,7,3,6,50,13,21,1,5,4,6,6,4,4,3,2,4,2,14,,,,,B12,,,1,,2,,,49,49,1,12,4,120.624557,24.152096,3
6121,66000,387130000C,(04)23274275,(04)23288582,2025,5,16,12,0,臺中市,北區,0,0,0,7,,,50,,,,,,,,,,,,,,12,,,,,B03,,,1,,1,,,85,85,1,13,4,120.669329,24.155364,3
6122,66000,387130000C,(04)23274275,(04)23288582,2025,5,16,12,0,臺中市,大里區,0,0,0,7,,,50,,,,,,,,,,,,,,13,,,,,C03,,,1,,2,,,59,59,1,6,4,120.684775,24.115276,3
6123,66000,387130000C,(04)23274275,(04)23288582,2025,5,16,12,3,臺中市,西區,0,0,0,7,,,40,,,,,,,,,,,,,,13,,,,,C03,,,1,,1,,,7,7,1,12,4,120.659063,24.157066,3
6124,66000,387130000C,(04)23274275,(04)23288582,2025,5,16,12,8,臺中市,南屯區,0,0,0,7,3,6,40,13,8,1,5,4,6,6,4,4,5,5,4,2,12,,,,,B12,,,1,,2,,,59,59,1,12,4,120.61532,24.149035,3
6125,66000,387130000C,(04)23274275,(04)23288582,2025,5,16,12,11,臺中市,西區,0,1,0,7,3,6,50,4,1,1,5,4,6,6,1,1,10,5,5,2,16,3,10,3,1,B03,7,6,1,8,2,6,,11,11,1,6,4,120.662743,24.161205,2
6126,66000,387130000C,(04)23274275,(04)23288582,2025,5,16,12,12,臺中市,北屯區,0,0,0,7,,,30,,,,,,,,,,,,,,17,,,,,B11,,,1,,1,,,43,43,1,6,4,120.703831,24.167626,3
6127,66000,387130000C,(04)23274275,(04)23288582,2025,5,16,12,13,臺中市,西區,0,1,0,7,3,6,40,13,7,1,5,4,6,6,4,4,9,5,4,2,17,3,10,1,1,C04,7,6,1,10,1,14,,84,84,1,12,4,120.661711,24.135503,2
6128,66000,387130000C,(04)23274275,(04)23288582,2025,5,16,12,13,臺中市,豐原區,0,0,0,7,,,30,,,,,,,,,,,,,,16,,,,,C03,,,1,,2,,,14,14,1,13,4,120.735594,24.264424,3
6129,66000,387130000C,(04)23274275,(04)23288582,2025,5,16,12,15,臺中市,大雅區,0,0,0,7,,,50,,,,,,,,,,,,,,,,,,,C03,,,1,,1,,,7,7,1,13,4,120.653812,24.230191,3
6130,66000,387130000C,(04)23274275,(04)23288582,2025,5,16,12,16,臺中市,東區,0,0,0,7,,,50,,,,,,,,,,,,,,13,,,,,C03,,,1,,1,,,84,84,1,12,4,120.700394,24.132369,3
6131,66000,387130000C,(04)23274275,(04)23288582,2025,5,16,12,17,臺中市,豐原區,0,1,0,7,2,6,40,13,7,1,5,4,6,6,4,4,5,5,4,2,17,3,10,5,4,C03,7,11,1,10,2,12,,32,32,1,13,4,120.719501,24.253341,2
6132,66000,387130000C,(04)23274275,(04)23288582,2025,5,16,12,19,臺中市,北區,0,0,0,7,2,6,40,13,8,1,5,4,6,6,4,4,1,4,4,2,17,3,10,3,1,B03,7,3,1,8,1,2,,50,50,1,12,4,120.680868,24.152527,3
6133,66000,387130000C,(04)23274275,(04)23288582,2025,5,16,12,20,臺中市,北屯區,0,1,0,7,3,6,50,3,1,1,5,4,6,6,4,4,10,5,5,2,17,3,10,1,1,C03,7,4,1,10,2,11,,85,85,1,12,4,120.714946,24.174145,2
6134,66000,387130000C,(04)23274275,(04)23288582,2025,5,16,12,23,臺中市,西屯區,0,2,0,7,2,6,40,18,19,1,5,4,6,6,2,1,1,5,5,2,3,2,9,6,5,H01,8,16,7,21,10,17,,96,96,1,13,5,120.603201,24.182725,2
6135,66000,387130000C,(04)23274275,(04)23288582,2025,5,16,12,25,臺中市,南屯區,0,0,0,7,,,50,,,,,,,,,,,,,,,,,,,B03,,,1,,1,,,39,39,1,12,4,120.639038,24.141299,3
6136,66000,387130000C,(04)23274275,(04)23288582,2025,5,16,12,26,臺中市,西區,0,1,0,7,2,6,30,4,1,1,5,4,6,6,4,4,9,4,5,2,17,3,10,3,1,B03,7,5,1,8,2,8,,12,12,1,12,4,120.661699,24.149694,2
6137,66000,387130000C,(04)23274275,(04)23288582,2025,5,16,12,27,臺中市,東區,0,1,0,7,3,6,50,13,9,1,5,4,6,6,4,4,5,5,5,2,12,3,10,3,1,B03,7,4,1,8,2,2,,1,1,1,12,4,120.685124,24.128907,2
6138,66000,387130000C,(04)23274275,(04)23288582,2025,5,16,12,31,臺中市,烏日區,0,2,0,7,3,6,30,4,1,1,5,4,6,6,4,4,10,5,5,2,16,2,7,1,1,C03,7,9,1,10,2,11,12,15,15,1,12,4,120.629636,24.102511,2
6139,66000,387130000C,(04)23274275,(04)23288582,2025,5,16,12,32,臺中市,西區,0,0,0,7,,,50,,,,,,,,,,,,,,17,,,,,C03,,,1,,1,,,8,8,1,12,4,120.661954,24.135766,3
6140,66000,387130000C,(04)23274275,(04)23288582,2025,5,16,12,33,臺中市,神岡區,0,0,0,7,,,60,,,,,,,,,,,,,,12,,,,,A11,,,1,,2,,,7,7,1,13,4,120.698827,24.235116,3
6141,66000,387130000C,(04)23274275,(04)23288582,2025,5,16,12,34,臺中市,南屯區,0,0,0,7,3,6,50,13,9,1,5,4,6,6,4,4,3,4,5,2,13,,,,,C03,,,3,,1,,,7,7,1,12,4,120.639599,24.14152,3
6142,66000,387130000C,(04)23274275,(04)23288582,2025,5,16,12,40,臺中市,北屯區,0,1,0,7,3,6,50,4,1,1,5,4,6,6,1,1,10,5,5,2,16,3,10,3,1,B12,7,11,1,8,2,2,,39,39,1,6,4,120.695444,24.17346,2
6143,66000,387130000C,(04)23274275,(04)23288582,2025,5,16,12,41,臺中市,西屯區,0,1,0,7,2,6,50,4,1,1,5,4,6,6,4,4,10,5,5,2,15,2,9,5,4,C03,7,9,1,10,2,12,,12,12,1,12,4,120.641499,24.161002,2
6144,66000,387130000C,(04)23274275,(04)23288582,2025,5,16,12,45,臺中市,北區,0,1,0,7,3,6,50,13,9,1,5,4,6,6,4,4,3,2,5,2,13,2,9,5,4,C03,7,9,1,8,2,11,,7,7,1,13,4,120.685282,24.154168,2
6145,66000,387130000C,(04)23274275,(04)23288582,2025,5,16,12,47,臺中市,大里區,0,2,0,7,2,6,50,3,1,1,5,4,6,6,4,4,10,5,5,2,16,3,10,3,1,B03,7,6,1,8,2,8,,48,48,1,12,4,120.714143,24.090324,2
6146,66000,387130000C,(04)23274275,(04)23288582,2025,5,16,12,47,臺中市,豐原區,0,0,0,7,,,50,,,,,,,,,,,,,,,,,,,B03,,,1,,2,,,49,49,1,13,4,120.713966,24.259087,3
6147,66000,387130000C,(04)23274275,(04)23288582,2025,5,16,12,52,臺中市,梧棲區,0,0,0,7,,,40,,,,,,,,,,,,,,12,,,,,A11,,,1,,2,,,94,94,1,12,4,120.518083,24.239235,3
6148,66000,387130000C,(04)23274275,(04)23288582,2025,5,16,13,1,臺中市,東區,0,2,0,7,2,6,50,13,9,1,5,4,6,6,4,4,5,4,5,2,12,3,10,3,1,B03,7,7,1,8,2,2,,40,40,1,13,4,120.696685,24.147835,2
6149,66000,387130000C,(04)23274275,(04)23288582,2025,5,16,13,7,臺中市,大肚區,0,0,0,7,,,50,,,,,,,,,,,,,,,,,,,B03,,,1,,2,,,7,7,1,12,4,120.578937,24.168403,3
6150,66000,387130000C,(04)23274275,(04)23288582,2025,5,16,13,11,臺中市,大里區,0,1,0,7,2,6,40,13,14,1,5,4,6,6,4,4,1,4,4,1,17,2,7,5,4,C03,7,9,1,10,2,11,,84,84,1,13,4,120.691921,24.090992,2
6151,66000,387130000C,(04)23274275,(04)23288582,2025,5,16,13,14,臺中市,大里區,0,0,0,7,,,50,,,,,,,,,,,,,,17,,,,,B03,,,1,,2,,,8,8,1,6,4,120.687762,24.104639,3
6152,66000,387130000C,(04)23274275,(04)23288582,2025,5,16,13,14,臺中市,龍井區,0,0,0,7,,,30,,,,,,,,,,,,,,,,,,,C03,,,1,,11,,,85,85,1,5,4,120.587888,24.181076,3
6153,66000,387130000C,(04)23274275,(04)23288582,2025,5,16,13,15,臺中市,南屯區,0,0,0,7,,,50,,,,,,,,,,,,,,,,,,,A12,,,1,,2,,,84,84,1,12,4,120.639055,24.132315,3
6154,66000,387130000C,(04)23274275,(04)23288582,2025,5,16,13,16,臺中市,豐原區,0,0,0,7,,,50,,,,,,,,,,,,,,13,,,,,B03,,,1,,2,,,7,7,1,13,4,120.718962,24.249585,3