序號,縣市別代碼,機關代碼,市話,傳真,年,月,日,時,分,縣市,區,死亡數量,受傷數量,2-30,天候,道路照明設備,道路類別,道路速限,道路型態,事故位置,路面鋪裝,路面狀態,路面缺陷,障礙物,視距,號誌種類,號誌動作,分向設施,快車道或一般車道間,快慢車道間,路面邊線,事故類型及型態,受傷程度,主要傷處,保護裝備,行動電話或功能裝置,當事者區分(類別),車輛用途,當事者行動狀態,駕照狀態,駕照種類,飲酒情形,車輛撞擊部位最初,車輛撞擊部位其他,肇事因素個別,肇事因素主要,肇事逃逸,職業,共享經濟或外送平台,GPS座標X,GPS座標Y,事故類別
6266,66000,387130000C,(04)23274275,(04)23288582,2025,5,16,17,1,臺中市,龍井區,0,0,0,7,2,6,50,13,9,1,5,4,6,6,4,4,10,5,5,1,12,3,10,3,1,B03,7,9,1,8,2,8,,8,8,1,6,4,120.589332,24.181272,3
6267,66000,387130000C,(04)23274275,(04)23288582,2025,5,16,17,2,臺中市,北屯區,0,1,0,7,2,6,50,13,9,1,5,4,6,6,4,4,5,4,5,2,16,3,10,3,1,B03,7,6,1,8,2,2,,34,34,1,6,4,120.715688,24.165182,2
6268,66000,387130000C,(04)23274275,(04)23288582,2025,5,16,17,2,臺中市,西屯區,0,0,0,7,,,50,,,,,,,,,,,,,,13,,,,,B03,,,1,,1,,,82,82,1,12,4,120.590212,24.177388,3
6269,66000,387130000C,(04)23274275,(04)23288582,2025,5,16,17,4,臺中市,大里區,0,1,0,7,2,6,50,3,14,1,5,4,6,6,3,1,10,5,5,1,17,2,9,3,1,B03,7,9,3,19,2,5,,84,84,1,12,4,120.68073,24.107366,2
6270,66000,387130000C,(04)23274275,(04)23288582,2025,5,16,17,6,臺中市,大肚區,0,2,0,7,2,6,30,4,1,1,5,4,6,6,4,4,10,5,5,2,15,2,9,2,1,C03,7,9,1,10,2,12,,15,15,1,6,4,120.536105,24.150076,2
6271,66000,387130000C,(04)23274275,(04)23288582,2025,5,16,17,8,臺中市,西屯區,0,0,0,7,,,50,,,,,,,,,,,,,,,,,,,C03,,,1,,1,,,7,7,1,12,4,120.654038,24.167953,3
6272,66000,387130000C,(04)23274275,(04)23288582,2025,5,16,17,8,臺中市,大里區,0,0,0,7,,,50,,,,,,,,,,,,,,,,,,,B12,,,1,,1,,,8,8,1,6,4,120.703288,24.091878,3
6273,66000,387130000C,(04)23274275,(04)23288582,2025,5,16,17,10,臺中市,北區,0,0,0,7,,,30,,,,,,,,,,,,,,17,,,,,B03,,,1,,2,,,8,8,1,13,4,120.673714,24.162666,3
6274,66000,387130000C,(04)23274275,(04)23288582,2025,5,16,17,10,臺中市,龍井區,0,1,0,7,3,6,40,3,2,1,5,4,6,6,1,1,1,4,5,1,12,3,10,5,4,B03,7,9,3,19,9,5,,6,6,2,13,4,120.539443,24.216566,2
6275,66000,387130000C,(04)23274275,(04)23288582,2025,5,16,17,10,臺中市,后里區,0,1,0,7,2,6,30,4,1,1,5,4,6,6,4,4,10,5,5,2,15,2,9,1,1,C03,7,9,1,10,2,12,,15,15,1,12,4,120.711121,24.302611,2
6276,66000,387130000C,(04)23274275,(04)23288582,2025,5,16,17,12,臺中市,大里區,0,0,0,7,,,50,,,,,,,,,,,,,,16,,,,,B03,,,1,,2,,,84,84,1,12,4,120.694407,24.111467,3
6277,66000,387130000C,(04)23274275,(04)23288582,2025,5,16,17,13,臺中市,龍井區,0,1,0,7,3,6,40,13,8,1,5,4,1,6,4,4,1,4,3,2,29,2,9,2,1,C03,7,9,1,10,2,11,,6,6,1,6,4,120.537412,24.219012,2
6278,66000,387130000C,(04)23274275,(04)23288582,2025,5,16,17,13,臺中市,沙鹿區,0,1,0,7,2,6,40,13,8,1,5,4,6,6,4,4,1,4,3,1,17,3,10,3,1,B03,7,5,1,8,2,6,,47,47,1,6,4,120.572301,24.233289,2
6279,66000,387130000C,(04)23274275,(04)23288582,2025,5,16,17,13,臺中市,清水區,0,0,0,7,2,6,50,3,1,1,5,4,6,6,4,4,9,3,5,1,13,,,,,C03,,,1,,1,,,7,7,1,12,4,120.577742,24.279889,3
6280,66000,387130000C,(04)23274275,(04)23288582,2025,5,16,17,15,臺中市,神岡區,0,0,0,7,,,50,,,,,,,,,,,,,,13,,,,,B03,,,1,,1,,,59,59,1,13,4,120.656953,24.263194,3
6281,66000,387130000C,(04)23274275,(04)23288582,2025,5,16,17,16,臺中市,南屯區,0,0,0,7,,,50,,,,,,,,,,,,,,,,,,,B12,,,1,,1,,,78,78,1,12,4,120.612079,24.154231,3
6282,66000,387130000C,(04)23274275,(04)23288582,2025,5,16,17,16,臺中市,大甲區,0,1,0,7,1,6,50,13,9,1,5,4,6,6,4,4,10,5,5,2,13,2,9,1,1,C03,7,9,1,10,2,11,,7,7,1,12,4,120.633783,24.355988,2
6283,66000,387130000C,(04)23274275,(04)23288582,2025,5,16,17,17,臺中市,霧峰區,0,0,0,7,,,40,,,,,,,,,,,,,,16,,,,,B03,,,1,,1,,,20,20,1,13,4,120.664112,24.076706,3
6284,66000,387130000C,(04)23274275,(04)23288582,2025,5,16,17,18,臺中市,神岡區,0,1,0,7,2,6,50,13,9,1,5,4,6,6,4,4,9,5,5,1,12,3,10,5,4,C03,7,9,1,10,2,12,,1,1,1,12,4,120.686978,24.246247,2
6285,66000,387130000C,(04)23274275,(04)23288582,2025,5,16,17,20,臺中市,北區,0,0,0,7,3,6,50,13,24,1,5,4,6,6,4,4,3,5,5,2,13,,,,,B03,,,1,,2,,,59,59,1,13,4,120.685711,24.146397,3
6286,66000,387130000C,(04)23274275,(04)23288582,2025,5,16,17,20,臺中市,北屯區,0,2,0,7,3,6,50,5,1,1,5,4,6,6,4,4,10,5,5,2,16,3,10,3,1,B03,7,6,1,8,2,1,,14,14,1,13,4,120.719404,24.177835,2
6287,66000,387130000C,(04)23274275,(04)23288582,2025,5,16,17,20,臺中市,西屯區,0,0,0,7,,,50,,,,,,,,,,,,,,17,,,,,B01,,,1,,2,,,23,23,1,12,4,120.655359,24.158092,3
6288,66000,387130000C,(04)23274275,(04)23288582,2025,5,16,17,20,臺中市,梧棲區,0,0,0,7,,,40,,,,,,,,,,,,,,16,,,,,B03,,,1,,2,,,14,14,1,12,4,120.515968,24.233504,3
6289,66000,387130000C,(04)23274275,(04)23288582,2025,5,16,17,21,臺中市,西屯區,0,0,0,7,,,50,,,,,,,,,,,,,,13,,,,,C03,,,1,,1,,,7,7,1,12,4,120.613992,24.174798,3
6290,66000,387130000C,(04)23274275,(04)23288582,2025,5,16,17,22,臺中市,南屯區,0,1,0,7,2,6,50,3,1,1,5,4,6,6,4,4,5,5,5,2,17,3,10,3,1,B03,7,14,1,8,2,2,,76,76,1,6,4,120.636931,24.152829,2
6291,66000,387130000C,(04)23274275,(04)23288582,2025,5,16,17,23,臺中市,西屯區,0,0,0,7,,,,,,,,,,,,,,,,,17,,,,,,,,,,,,,119,119,1,,,120.663836,24.181602,4
6292,66000,387130000C,(04)23274275,(04)23288582,2025,5,16,17,24,臺中市,潭子區,0,0,0,7,,,50,,,,,,,,,,,,,,14,,,,,B03,,,1,,2,,,49,49,1,12,4,120.70266,24.191746,3
6293,66000,387130000C,(04)23274275,(04)23288582,2025,5,16,17,25,臺中市,南屯區,0,1,0,7,1,6,50,3,1,1,5,4,6,6,4,4,5,4,4,2,16,2,8,2,1,C03,7,6,1,10,2,12,,14,14,1,12,4,120.630824,24.145706,2
6294,66000,387130000C,(04)23274275,(04)23288582,2025,5,16,17,25,臺中市,東勢區,0,1,0,7,2,6,50,4,1,1,5,4,6,6,1,1,10,5,5,2,12,3,10,5,4,B03,7,9,1,8,2,8,,8,8,1,13,4,120.827213,24.26006,2
6295,66000,387130000C,(04)23274275,(04)23288582,2025,5,16,17,26,臺中市,霧峰區,0,1,0,7,2,6,50,13,9,1,5,4,6,6,1,1,5,5,5,1,12,2,9,5,4,C03,7,9,1,11,2,14,,8,8,1,12,4,120.701598,24.070631,2
6296,66000,387130000C,(04)23274275,(04)23288582,2025,5,16,17,34,臺中市,西屯區,0,0,0,7,,,30,,,,,,,,,,,,,,16,,,,,B03,,,1,,1,,,14,14,1,12,4,120.65094,24.164841,3
6297,66000,387130000C,(04)23274275,(04)23288582,2025,5,16,17,35,臺中市,西屯區,0,0,0,7,,,50,,,,,,,,,,,,,,13,,,,,C03,,,1,,1,,,7,7,1,12,4,120.645545,24.172416,3
6298,66000,387130000C,(04)23274275,(04)23288582,2025,5,16,17,38,臺中市,西屯區,0,0,0,7,,,50,,,,,,,,,,,,,,12,,,,,B03,,,1,,9,,,2,2,1,12,4,120.656796,24.199781,3
6299,66000,387130000C,(04)23274275,(04)23288582,2025,5,16,17,38,臺中市,沙鹿區,0,1,0,7,3,6,30,13,9,1,5,4,6,5,4,4,10,5,5,2,10,3,10,3,1,B03,7,9,1,8,2,8,,8,8,1,6,4,120.592225,24.212833,2
6300,66000,387130000C,(04)23274275,(04)23288582,2025,5,16,17,40,臺中市,北屯區,0,2,0,7,2,6,50,13,9,1,5,4,6,6,4,4,1,4,5,2,17,2,8,1,1,C03,7,9,1,10,2,12,,84,84,1,13,4,120.686159,24.171791,2
6301,66000,387130000C,(04)23274275,(04)23288582,2025,5,16,17,41,臺中市,西區,0,0,0,7,,,50,,,,,,,,,,,,,,14,,,,,B03,,,1,,1,,,49,49,1,12,4,120.662488,24.13116,3
6302,66000,387130000C,(04)23274275,(04)23288582,2025,5,16,17,41,臺中市,北屯區,0,0,0,7,,,50,,,,,,,,,,,,,,13,,,,,B03,,,1,,2,,,58,58,1,6,4,120.717212,24.188038,3
6303,66000,387130000C,(04)23274275,(04)23288582,2025,5,16,17,47,臺中市,北屯區,0,1,0,7,3,6,50,3,1,1,5,4,6,6,2,1,10,5,5,2,18,2,9,2,1,C03,7,9,1,10,2,14,,81,81,1,12,4,120.733272,24.166719,2
6304,66000,387130000C,(04)23274275,(04)23288582,2025,5,16,17,48,臺中市,大肚區,0,0,0,7,2,6,30,13,9,1,5,4,6,6,4,4,10,5,5,2,16,3,10,3,1,B03,7,6,1,8,2,8,,45,45,1,6,4,120.578702,24.168685,3
6305,66000,387130000C,(04)23274275,(04)23288582,2025,5,16,17,48,臺中市,神岡區,0,1,0,7,3,6,50,11,9,1,5,4,6,6,4,4,9,5,5,1,12,3,10,5,4,B03,7,4,1,8,2,5,,1,1,1,12,4,120.698807,24.262645,2
6306,66000,387130000C,(04)23274275,(04)23288582,2025,5,16,17,49,臺中市,烏日區,0,0,0,7,,,60,,,,,,,,,,,,,,,,,,,B03,,,1,,1,,,7,7,1,6,4,120.635994,24.107,3
6307,66000,387130000C,(04)23274275,(04)23288582,2025,5,16,17,50,臺中市,西屯區,0,1,0,7,2,6,50,13,7,1,5,4,6,6,4,4,1,4,1,2,13,3,10,3,1,B03,7,9,1,8,2,1,,7,7,1,12,4,120.617152,24.181867,2
6308,66000,387130000C,(04)23274275,(04)23288582,2025,5,16,17,52,臺中市,太平區,0,1,0,7,2,6,50,3,2,1,5,4,6,6,1,1,10,5,5,2,18,2,9,1,1,F01,7,9,7,21,1,12,,84,84,1,3,4,120.716171,24.149645,2
6309,66000,387130000C,(04)23274275,(04)23288582,2025,5,16,17,54,臺中市,后里區,0,1,0,7,2,6,50,5,1,1,5,4,6,6,1,1,1,5,5,1,12,3,10,3,1,B03,7,5,1,8,2,4,,8,8,1,12,4,120.680659,24.311171,2
6310,66000,387130000C,(04)23274275,(04)23288582,2025,5,16,17,58,臺中市,北屯區,0,1,0,7,1,6,50,4,1,1,5,4,6,6,1,1,10,5,5,2,16,3,10,2,1,C04,7,6,1,10,2,14,,84,84,1,13,4,120.680467,24.199267,2
6311,66000,387130000C,(04)23274275,(04)23288582,2025,5,16,17,59,臺中市,西屯區,0,0,0,7,,,50,,,,,,,,,,,,,,13,,,,,B03,,,1,,2,,,7,7,1,12,4,120.63544,24.180154,3
6312,66000,387130000C,(04)23274275,(04)23288582,2025,5,16,18,0,臺中市,西屯區,0,3,0,7,2,6,50,4,1,1,5,4,6,6,1,1,10,5,5,2,16,2,9,2,1,C03,7,6,1,10,2,11,,11,11,1,12,4,120.608563,24.169594,2
6313,66000,387130000C,(04)23274275,(04)23288582,2025,5,16,18,1,臺中市,南區,0,0,0,7,,,50,,,,,,,,,,,,,,,,,,,B12,,,1,,1,,,49,49,1,12,4,120.659891,24.12895,3
6314,66000,387130000C,(04)23274275,(04)23288582,2025,5,16,18,1,臺中市,霧峰區,0,0,0,7,,,50,,,,,,,,,,,,,,,,,,,B12,,,1,,1,,,8,8,1,12,4,120.662472,24.067579,3
6315,66000,387130000C,(04)23274275,(04)23288582,2025,5,16,18,4,臺中市,北屯區,0,0,0,7,,,50,,,,,,,,,,,,,,,,,,,B03,,,1,,1,,,84,84,1,12,4,120.685577,24.174551,3
6316,66000,387130000C,(04)23274275,(04)23288582,2025,5,16,18,5,臺中市,梧棲區,0,1,0,7,2,6,40,13,8,1,5,4,6,6,4,4,9,4,1,1,13,2,9,1,1,C03,7,9,1,10,2,11,,7,7,1,12,4,120.538503,24.254725,2
6317,66000,387130000C,(04)23274275,(04)23288582,2025,5,16,18,6,臺中市,南屯區,0,0,0,7,,,50,,,,,,,,,,,,,,,,,,,B12,,,1,,2,,,40,40,1,6,4,120.635108,24.144049,3
6318,66000,387130000C,(04)23274275,(04)23288582,2025,5,16,18,8,臺中市,梧棲區,0,2,0,7,1,6,30,4,1,1,5,4,6,6,1,1,10,5,5,2,16,2,9,2,1,C03,7,6,1,10,2,11,,14,14,1,12,4,120.554971,24.254026,2
6319,66000,387130000C,(04)23274275,(04)23288582,2025,5,16,18,9,臺中市,潭子區,0,1,0,7,3,6,30,4,1,1,5,4,6,6,3,1,10,5,5,2,15,2,9,2,1,C03,7,9,1,10,2,14,,24,24,1,13,4,120.68638,24.211439,2
6320,66000,387130000C,(04)23274275,(04)23288582,2025,5,16,18,11,臺中市,西屯區,0,0,0,7,,,80,,,,,,,,,,,,,,13,,,,,B01,,,1,,1,,,7,7,1,12,4,120.636728,24.184998,3
6321,66000,387130000C,(04)23274275,(04)23288582,2025,5,16,18,13,臺中市,北區,0,0,0,7,,,50,,,,,,,,,,,,,,17,,,,,C03,,,1,,1,,,7,7,1,13,4,120.684892,24.166162,3
6322,66000,387130000C,(04)23274275,(04)23288582,2025,5,16,18,14,臺中市,西區,0,1,0,7,2,6,50,11,8,1,5,4,6,6,4,4,5,5,4,2,12,3,10,6,1,F01,7,9,7,21,2,12,,85,85,1,3,1,120.665182,24.159033,2
6323,66000,387130000C,(04)23274275,(04)23288582,2025,5,16,18,16,臺中市,烏日區,0,1,0,7,2,6,40,13,7,1,5,4,6,6,4,4,5,4,4,2,12,3,10,1,1,C03,7,4,1,9,2,15,,8,8,1,6,4,120.607151,24.125714,2
6324,66000,387130000C,(04)23274275,(04)23288582,2025,5,16,18,16,臺中市,神岡區,0,1,0,7,1,6,50,3,1,5,5,4,6,6,2,1,10,5,5,2,16,3,10,5,4,B03,7,6,1,8,2,8,,11,11,1,12,4,120.712348,24.256851,2
6325,66000,387130000C,(04)23274275,(04)23288582,2025,5,16,18,17,臺中市,西屯區,0,0,0,7,,,50,,,,,,,,,,,,,,17,,,,,B03,,,1,,1,,,50,50,1,12,4,120.620178,24.1835,3
6326,66000,387130000C,(04)23274275,(04)23288582,2025,5,16,18,18,臺中市,南屯區,0,0,0,7,,,50,,,,,,,,,,,,,,,,,,,B03,,,1,,1,,,40,40,1,12,4,120.61653,24.153576,3
6327,66000,387130000C,(04)23274275,(04)23288582,2025,5,16,18,18,臺中市,霧峰區,0,0,0,7,,,30,,,,,,,,,,,,,,,,,,,B03,,,1,,2,,,8,8,1,6,4,120.717962,24.07704,3
6328,66000,387130000C,(04)23274275,(04)23288582,2025,5,16,18,20,臺中市,西區,0,1,0,7,1,6,50,5,1,1,5,4,6,6,1,1,10,5,5,1,17,2,9,5,4,C03,7,6,1,10,2,13,,48,48,1,12,4,120.670492,24.153412,2
6329,66000,387130000C,(04)23274275,(04)23288582,2025,5,16,18,20,臺中市,神岡區,1,0,0,7,2,6,50,13,9,1,5,4,6,6,4,4,1,5,5,1,17,1,9,5,4,C03,7,15,1,10,2,13,,84,84,1,13,4,120.657417,24.264439,1
6330,66000,387130000C,(04)23274275,(04)23288582,2025,5,16,18,20,臺中市,豐原區,0,0,0,7,,,50,,,,,,,,,,,,,,14,,,,,C03,,,1,,2,,,49,49,1,13,4,120.728713,24.250867,3
6331,66000,387130000C,(04)23274275,(04)23288582,2025,5,16,18,24,臺中市,烏日區,0,2,0,7,1,6,40,8,9,1,5,4,6,6,4,4,1,4,4,2,13,2,9,6,1,F01,7,8,7,21,2,14,,40,40,1,5,4,120.614824,24.10639,2
6332,66000,387130000C,(04)23274275,(04)23288582,2025,5,16,18,24,臺中市,豐原區,0,4,0,7,2,6,40,13,7,1,5,4,6,6,4,4,5,5,4,2,17,2,9,5,4,C03,7,1,1,10,2,14,,51,51,1,13,4,120.720037,24.256715,2
6333,66000,387130000C,(04)23274275,(04)23288582,2025,5,16,18,26,臺中市,太平區,0,1,0,7,1,6,40,13,9,1,5,4,6,6,4,4,7,5,5,1,28,,,,,,,,,,,,,118,118,1,,,120.733234,24.13019,2
6334,66000,387130000C,(04)23274275,(04)23288582,2025,5,16,18,27,臺中市,大肚區,0,0,0,7,,,50,,,,,,,,,,,,,,,,,,,B03,,,1,,2,,,7,7,1,6,4,120.57139,24.120613,3
6335,66000,387130000C,(04)23274275,(04)23288582,2025,5,16,18,33,臺中市,南屯區,0,0,0,7,,,40,,,,,,,,,,,,,,17,,,,,B03,,,1,,1,,,51,51,1,12,4,120.644404,24.138893,3
6336,66000,387130000C,(04)23274275,(04)23288582,2025,5,16,18,33,臺中市,西屯區,0,0,0,7,,,30,,,,,,,,,,,,,,,,,,,B03,,,1,,2,,,7,7,1,12,4,120.652118,24.182012,3
6337,66000,387130000C,(04)23274275,(04)23288582,2025,5,16,18,42,臺中市,大里區,0,0,0,7,,,50,,,,,,,,,,,,,,,,,,,B03,,,1,,1,,,84,84,1,12,4,120.697124,24.111134,3
6338,66000,387130000C,(04)23274275,(04)23288582,2025,5,16,18,46,臺中市,西屯區,0,0,0,7,,,50,,,,,,,,,,,,,,12,,,,,B03,,,1,,1,,,8,8,1,12,4,120.658181,24.19955,3
6339,66000,387130000C,(04)23274275,(04)23288582,2025,5,16,18,48,臺中市,南屯區,0,0,0,7,,,50,,,,,,,,,,,,,,13,,,,,B03,,,1,,1,,,59,59,1,12,4,120.653287,24.128938,3
6340,66000,387130000C,(04)23274275,(04)23288582,2025,5,16,18,51,臺中市,西區,0,1,0,6,2,6,50,3,1,1,5,4,6,6,1,1,10,5,5,2,17,3,10,3,1,B01,7,6,1,4,2,6,,11,11,1,12,4,120.661743,24.16016,2
6341,66000,387130000C,(04)23274275,(04)23288582,2025,5,16,18,56,臺中市,霧峰區,0,0,0,7,,,30,,,,,,,,,,,,,,11,,,,,B03,,,1,,2,,,8,8,1,12,4,120.683371,24.066927,3
6342,66000,387130000C,(04)23274275,(04)23288582,2025,5,16,19,0,臺中市,潭子區,0,0,0,7,,,80,,,,,,,,,,,,,,9,,,,,B03,,,1,,1,,,7,7,1,12,4,120.722464,24.190623,3
6343,66000,387130000C,(04)23274275,(04)23288582,2025,5,16,19,0,臺中市,大里區,0,2,0,7,3,6,30,13,9,1,5,4,6,6,4,4,10,5,5,1,17,2,9,2,1,C03,7,9,3,19,2,11,,84,84,1,13,4,120.682867,24.074579,2
6344,66000,387130000C,(04)23274275,(04)23288582,2025,5,16,19,1,臺中市,大里區,0,1,0,7,1,6,50,4,1,1,5,4,6,6,4,4,5,5,4,1,13,3,10,1,1,C03,7,9,1,10,2,11,,7,7,1,6,4,120.703399,24.092185,2
6345,66000,387130000C,(04)23274275,(04)23288582,2025,5,16,19,2,臺中市,北屯區,0,0,0,7,,,40,,,,,,,,,,,,,,17,,,,,C03,,,1,,1,,,84,84,1,13,4,120.690457,24.176738,3
6346,66000,387130000C,(04)23274275,(04)23288582,2025,5,16,19,2,臺中市,霧峰區,0,0,0,7,,,50,,,,,,,,,,,,,,,,,,,B03,,,1,,11,,,40,40,1,12,4,120.697732,24.056873,3
6347,66000,387130000C,(04)23274275,(04)23288582,2025,5,16,19,3,臺中市,大里區,0,0,0,7,,,70,,,,,,,,,,,,,,13,,,,,B03,,,1,,2,,,7,7,1,13,4,120.681211,24.104689,3
6348,66000,387130000C,(04)23274275,(04)23288582,2025,5,16,19,4,臺中市,沙鹿區,0,0,0,7,,,50,,,,,,,,,,,,,,14,,,,,B03,,,1,,2,,,49,49,1,6,4,120.566865,24.252305,3
6349,66000,387130000C,(04)23274275,(04)23288582,2025,5,16,19,4,臺中市,清水區,0,0,0,7,,,50,,,,,,,,,,,,,,12,,,,,B03,,,1,,2,,,77,77,1,13,4,120.573593,24.267015,3
6350,66000,387130000C,(04)23274275,(04)23288582,2025,5,16,19,4,臺中市,大甲區,0,0,0,7,,,50,,,,,,,,,,,,,,,,,,,B03,,,1,,1,,,84,84,1,6,4,120.632358,24.345729,3
6351,66000,387130000C,(04)23274275,(04)23288582,2025,5,16,19,11,臺中市,大里區,0,0,0,7,,,30,,,,,,,,,,,,,,12,,,,,C03,,,1,,2,,,8,8,1,13,4,120.706649,24.095293,4
6352,66000,387130000C,(04)23274275,(04)23288582,2025,5,16,19,12,臺中市,西屯區,0,3,0,7,1,6,40,4,2,1,5,4,6,6,1,1,10,5,1,2,3,2,9,5,4,C03,7,9,1,10,2,11,14,10,10,1,12,4,120.602633,24.182917,2
6353,66000,387130000C,(04)23274275,(04)23288582,2025,5,16,19,18,臺中市,烏日區,0,0,0,7,1,6,50,13,9,1,5,4,6,6,4,4,1,4,5,2,13,3,10,3,1,B01,7,9,1,1,1,1,,7,7,1,6,4,120.618008,24.116107,3
6354,66000,387130000C,(04)23274275,(04)23288582,2025,5,16,19,20,臺中市,龍井區,0,1,0,7,3,6,50,13,9,1,5,4,6,6,4,4,9,5,5,2,28,2,9,2,1,C03,7,9,1,10,2,14,,6,6,1,6,4,120.562406,24.197807,2
6355,66000,387130000C,(04)23274275,(04)23288582,2025,5,16,19,22,臺中市,南屯區,0,0,0,7,,,50,,,,,,,,,,,,,,12,,,,,A04,,,1,,2,,,87,87,1,12,4,120.638315,24.139682,3
6356,66000,387130000C,(04)23274275,(04)23288582,2025,5,16,19,25,臺中市,太平區,0,1,0,7,1,6,50,13,9,1,5,4,6,6,4,4,5,4,5,1,17,3,10,5,4,C03,7,9,1,10,2,11,,7,7,1,6,4,120.713136,24.158429,2
6357,66000,387130000C,(04)23274275,(04)23288582,2025,5,16,19,25,臺中市,龍井區,0,0,0,7,1,6,50,13,9,1,5,4,6,6,4,4,10,5,5,2,12,3,10,3,1,B03,7,9,1,8,2,8,,8,8,1,6,4,120.592322,24.180803,3
6358,66000,387130000C,(04)23274275,(04)23288582,2025,5,16,19,26,臺中市,大雅區,0,2,0,7,1,6,50,3,1,1,5,4,6,6,4,4,5,5,4,1,16,3,10,3,1,B03,7,5,1,8,2,2,,14,14,1,12,4,120.642038,24.21963,2
6359,66000,387130000C,(04)23274275,(04)23288582,2025,5,16,19,27,臺中市,北屯區,0,1,0,7,1,6,50,3,1,1,5,4,6,6,4,4,1,4,5,2,18,2,9,1,1,C03,7,9,3,19,2,14,,84,84,1,13,4,120.700685,24.179482,2
6360,66000,387130000C,(04)23274275,(04)23288582,2025,5,16,19,30,臺中市,北區,0,2,0,7,1,6,50,3,9,1,5,4,6,6,4,4,9,5,5,2,17,2,9,5,4,F03,7,1,7,21,2,14,,51,51,1,13,4,120.676747,24.16108,2
6361,66000,387130000C,(04)23274275,(04)23288582,2025,5,16,19,34,臺中市,南區,0,0,0,7,,,50,,,,,,,,,,,,,,,,,,,C03,,,1,,2,,,51,51,1,10,4,120.668961,24.114598,3
6362,66000,387130000C,(04)23274275,(04)23288582,2025,5,16,19,39,臺中市,西屯區,0,1,0,7,1,6,50,13,9,1,5,4,6,6,4,4,5,5,5,2,17,3,10,3,1,B03,7,11,1,8,2,8,,45,45,1,12,4,120.592443,24.178136,2
6363,66000,387130000C,(04)23274275,(04)23288582,2025,5,16,19,40,臺中市,北屯區,0,1,0,7,1,6,50,13,9,1,5,4,6,6,4,4,10,5,5,2,17,2,9,5,4,C03,7,8,1,10,2,14,,42,42,1,12,4,120.686449,24.185274,2
6364,66000,387130000C,(04)23274275,(04)23288582,2025,5,16,19,42,臺中市,西屯區,0,1,0,7,1,6,40,13,8,1,5,4,6,6,4,4,5,5,4,2,2,2,9,6,1,F01,7,9,7,21,2,12,,84,84,1,12,1,120.653215,24.168994,2
6365,66000,387130000C,(04)23274275,(04)23288582,2025,5,16,19,44,臺中市,北區,0,0,0,7,1,6,50,4,1,1,5,4,6,6,1,1,10,5,5,2,17,,,,,B12,,,1,,2,,,7,7,1,13,4,120.685614,24.14771,3
6366,66000,387130000C,(04)23274275,(04)23288582,2025,5,16,19,45,臺中市,北區,0,2,0,7,1,6,50,4,1,1,5,4,6,6,1,1,10,5,5,2,16,2,9,5,4,C04,7,9,5,19,2,12,,84,84,1,13,4,120.67639,24.161731,2
6367,66000,387130000C,(04)23274275,(04)23288582,2025,5,16,19,51,臺中市,北屯區,0,1,0,7,1,6,50,3,2,1,5,4,6,6,1,1,5,5,4,2,13,3,10,1,1,C03,7,9,5,19,2,11,,58,58,1,6,4,120.717739,24.178237,2
6368,66000,387130000C,(04)23274275,(04)23288582,2025,5,16,19,56,臺中市,西區,0,0,0,7,,,50,,,,,,,,,,,,,,17,,,,,B12,,,1,,1,,,75,75,1,12,4,120.6549,24.146021,4
6369,66000,387130000C,(04)23274275,(04)23288582,2025,5,16,19,56,臺中市,太平區,0,1,0,7,1,6,50,4,1,1,5,4,6,6,2,1,5,5,5,1,16,3,10,3,1,B03,7,6,1,8,2,1,,11,11,1,6,4,120.719402,24.131595,2
6370,66000,387130000C,(04)23274275,(04)23288582,2025,5,16,19,56,臺中市,龍井區,0,1,0,7,3,6,30,3,1,1,5,4,6,6,4,4,10,5,5,1,17,3,10,3,1,B03,7,6,1,8,2,5,,20,20,1,12,4,120.527317,24.189287,2
6371,66000,387130000C,(04)23274275,(04)23288582,2025,5,16,20,0,臺中市,西屯區,0,0,0,7,,,50,,,,,,,,,,,,,,13,,,,,C03,,,1,,2,,,7,7,1,13,4,120.638827,24.180171,3
6372,66000,387130000C,(04)23274275,(04)23288582,2025,5,16,20,0,臺中市,清水區,0,1,0,7,1,6,50,4,1,1,5,4,6,6,1,1,8,3,5,1,16,3,10,1,1,C03,7,6,1,10,1,14,,14,14,1,12,4,120.566731,24.279595,2
6373,66000,387130000C,(04)23274275,(04)23288582,2025,5,16,20,7,臺中市,南區,0,0,0,7,,,50,,,,,,,,,,,,,,13,,,,,B03,,,1,,1,,,84,84,1,6,4,120.670203,24.116654,3
6374,66000,387130000C,(04)23274275,(04)23288582,2025,5,16,20,7,臺中市,沙鹿區,0,1,0,7,1,6,40,13,8,1,5,4,1,6,4,4,1,4,3,2,13,3,10,2,1,C03,7,9,1,10,2,11,,7,7,1,6,4,120.576487,24.226604,2
6375,66000,387130000C,(04)23274275,(04)23288582,2025,5,16,20,21,臺中市,北屯區,0,0,0,7,,,80,,,,,,,,,,,,,,13,,,,,B03,,,1,,1,,,59,59,1,13,4,120.72016,24.16469,3
6376,66000,387130000C,(04)23274275,(04)23288582,2025,5,16,20,22,臺中市,豐原區,0,0,0,7,,,50,,,,,,,,,,,,,,17,,,,,B03,,,1,,2,,,51,51,1,11,4,120.736409,24.260793,3