序號,縣市別代碼,機關代碼,市話,傳真,年,月,日,時,分,縣市,區,死亡數量,受傷數量,2-30,天候,道路照明設備,道路類別,道路速限,道路型態,事故位置,路面鋪裝,路面狀態,路面缺陷,障礙物,視距,號誌種類,號誌動作,分向設施,快車道或一般車道間,快慢車道間,路面邊線,事故類型及型態,受傷程度,主要傷處,保護裝備,行動電話或功能裝置,當事者區分(類別),車輛用途,當事者行動狀態,駕照狀態,駕照種類,飲酒情形,車輛撞擊部位最初,車輛撞擊部位其他,肇事因素個別,肇事因素主要,肇事逃逸,職業,共享經濟或外送平台,GPS座標X,GPS座標Y,事故類別
6377,66000,387130000C,(04)23274275,(04)23288582,2025,5,16,20,26,臺中市,東勢區,0,0,0,7,,,30,,,,,,,,,,,,,,16,,,,,B03,,,1,,1,,,12,12,1,12,4,120.833165,24.251211,3
6378,66000,387130000C,(04)23274275,(04)23288582,2025,5,16,20,28,臺中市,豐原區,0,1,0,6,1,6,50,4,1,1,5,4,6,6,1,1,1,4,5,1,17,3,10,3,1,B03,7,6,1,8,2,4,,85,85,1,6,4,120.725198,24.278014,2
6379,66000,387130000C,(04)23274275,(04)23288582,2025,5,16,20,29,臺中市,大雅區,0,0,0,7,,,60,,,,,,,,,,,,,,,,,,,B03,,,1,,2,,,59,59,1,13,4,120.650063,24.212349,3
6380,66000,387130000C,(04)23274275,(04)23288582,2025,5,16,20,30,臺中市,西屯區,0,0,0,7,,,50,,,,,,,,,,,,,,,,,,,B03,,,1,,1,,,20,20,1,12,4,120.62768,24.180997,3
6381,66000,387130000C,(04)23274275,(04)23288582,2025,5,16,20,34,臺中市,豐原區,0,1,0,7,2,6,40,13,9,1,5,4,6,6,4,4,5,5,5,1,17,2,7,5,4,C03,7,1,1,10,2,14,,51,51,1,13,4,120.726056,24.245671,2
6382,66000,387130000C,(04)23274275,(04)23288582,2025,5,16,20,38,臺中市,西屯區,0,0,0,7,,,40,,,,,,,,,,,,,,30,,,,,C03,,,5,,2,,,51,51,1,12,4,120.661969,24.163801,3
6383,66000,387130000C,(04)23274275,(04)23288582,2025,5,16,20,40,臺中市,太平區,0,0,0,7,,,50,,,,,,,,,,,,,,17,,,,,B03,,,1,,2,,,51,51,1,12,4,120.719255,24.117635,3
6384,66000,387130000C,(04)23274275,(04)23288582,2025,5,16,20,45,臺中市,西屯區,0,0,0,7,,,30,,,,,,,,,,,,,,17,,,,,B02,,,1,,2,,,59,59,1,12,4,120.620023,24.188998,3
6385,66000,387130000C,(04)23274275,(04)23288582,2025,5,16,20,50,臺中市,北屯區,0,0,0,7,,,50,,,,,,,,,,,,,,13,,,,,A04,,,1,,2,,,56,56,1,6,4,120.671132,24.174176,3
6386,66000,387130000C,(04)23274275,(04)23288582,2025,5,16,20,58,臺中市,東區,0,0,0,7,,,50,,,,,,,,,,,,,,,,,,,B03,,,1,,2,,,84,84,1,12,4,120.710504,24.149626,3
6387,66000,387130000C,(04)23274275,(04)23288582,2025,5,16,21,4,臺中市,東區,0,0,0,7,,,50,,,,,,,,,,,,,,,,,,,C03,,,1,,2,,,84,84,1,10,4,120.706003,24.141046,4
6388,66000,387130000C,(04)23274275,(04)23288582,2025,5,16,21,22,臺中市,北區,0,0,0,7,,,50,,,,,,,,,,,,,,13,,,,,B03,,,1,,1,,,7,7,1,12,4,120.682785,24.148411,3
6389,66000,387130000C,(04)23274275,(04)23288582,2025,5,16,21,22,臺中市,烏日區,0,0,0,7,,,50,,,,,,,,,,,,,,15,,,,,B02,,,1,,2,,,21,21,1,6,4,120.634099,24.108047,3
6390,66000,387130000C,(04)23274275,(04)23288582,2025,5,16,21,24,臺中市,西屯區,0,3,0,7,1,6,50,13,9,1,5,4,6,6,4,4,1,4,5,2,13,2,9,2,1,C03,7,9,1,10,2,14,,7,7,1,12,4,120.656054,24.199881,2
6391,66000,387130000C,(04)23274275,(04)23288582,2025,5,16,21,26,臺中市,北區,0,1,0,7,1,6,50,3,1,1,5,4,6,6,4,4,10,5,5,2,13,3,10,5,4,B03,7,12,3,19,2,8,,7,7,1,13,4,120.671001,24.158953,2
6392,66000,387130000C,(04)23274275,(04)23288582,2025,5,16,21,29,臺中市,南屯區,0,0,0,7,,,50,,,,,,,,,,,,,,16,,,,,C03,,,1,,2,,,14,14,1,6,4,120.611454,24.134674,3
6393,66000,387130000C,(04)23274275,(04)23288582,2025,5,16,21,29,臺中市,太平區,0,1,0,7,3,6,50,13,9,1,5,4,6,6,1,1,5,5,4,1,13,2,9,2,1,C03,7,9,1,10,2,11,,7,7,1,12,4,120.718015,24.1487,2
6394,66000,387130000C,(04)23274275,(04)23288582,2025,5,16,21,30,臺中市,南屯區,0,1,0,7,1,6,50,3,2,1,5,4,6,6,4,4,9,5,5,2,17,3,10,3,1,B03,7,5,1,8,2,5,,84,84,1,13,4,120.625024,24.14515,2
6395,66000,387130000C,(04)23274275,(04)23288582,2025,5,16,21,30,臺中市,太平區,0,1,0,7,1,6,50,13,7,1,5,4,6,6,4,4,5,5,4,2,13,2,9,1,1,C03,7,9,1,10,2,11,,84,84,1,6,4,120.713341,24.149452,2
6396,66000,387130000C,(04)23274275,(04)23288582,2025,5,16,21,35,臺中市,大里區,0,0,0,7,,,50,,,,,,,,,,,,,,,,,,,B03,,,1,,2,,,56,56,1,12,4,120.688086,24.094436,3
6397,66000,387130000C,(04)23274275,(04)23288582,2025,5,16,21,40,臺中市,西區,0,0,0,7,,,50,,,,,,,,,,,,,,,,,,,C03,,,1,,1,,,84,84,1,13,4,120.658712,24.14672,3
6398,66000,387130000C,(04)23274275,(04)23288582,2025,5,16,21,43,臺中市,西屯區,0,2,0,7,1,6,50,4,1,1,5,4,6,6,1,1,10,5,5,2,13,2,9,5,1,C03,7,9,1,10,2,11,,7,7,1,12,4,120.634162,24.163569,2
6399,66000,387130000C,(04)23274275,(04)23288582,2025,5,16,21,48,臺中市,北屯區,0,0,0,7,,,40,,,,,,,,,,,,,,,,,,,B03,,,1,,9,,,84,84,2,13,4,120.68605,24.186344,3
6400,66000,387130000C,(04)23274275,(04)23288582,2025,5,16,21,51,臺中市,沙鹿區,0,1,0,7,2,6,50,13,8,1,5,4,6,6,1,1,1,5,4,2,17,2,7,1,1,C03,7,9,1,10,2,11,,59,59,1,6,4,120.558518,24.233905,2
6401,66000,387130000C,(04)23274275,(04)23288582,2025,5,16,21,58,臺中市,西區,0,1,0,7,3,6,50,13,8,1,5,4,6,6,4,4,5,4,4,2,18,2,9,4,1,F01,7,9,7,21,2,12,,84,84,1,12,4,120.671435,24.137195,2
6402,66000,387130000C,(04)23274275,(04)23288582,2025,5,16,22,12,臺中市,北屯區,0,0,0,7,,,50,,,,,,,,,,,,,,12,,,,,B03,,,1,,1,,,40,40,1,13,4,120.699788,24.164762,3
6403,66000,387130000C,(04)23274275,(04)23288582,2025,5,16,22,16,臺中市,西屯區,0,0,0,7,,,40,,,,,,,,,,,,,,13,,,,,C03,,,1,,1,,,7,7,1,12,4,120.642905,24.169673,3
6404,66000,387130000C,(04)23274275,(04)23288582,2025,5,16,22,18,臺中市,霧峰區,0,1,0,7,1,6,50,3,1,1,5,4,6,6,1,1,10,5,5,2,28,2,9,1,1,C03,7,9,1,10,2,11,,6,6,1,6,4,120.680025,24.061136,2
6405,66000,387130000C,(04)23274275,(04)23288582,2025,5,16,22,36,臺中市,大雅區,0,0,0,7,,,30,,,,,,,,,,,,,,16,,,,,C03,,,1,,1,,,20,20,1,12,4,120.6583,24.230802,3
6406,66000,387130000C,(04)23274275,(04)23288582,2025,5,16,23,1,臺中市,北區,0,0,0,7,,,50,,,,,,,,,,,,,,12,,,,,B03,,,1,,2,,,59,59,1,12,4,120.676918,24.15843,3
6407,66000,387130000C,(04)23274275,(04)23288582,2025,5,16,23,10,臺中市,北屯區,0,0,0,7,,,50,,,,,,,,,,,,,,,,,,,B01,,,1,,2,,,85,85,1,13,4,120.661295,24.189974,3
6408,66000,387130000C,(04)23274275,(04)23288582,2025,5,16,23,15,臺中市,西屯區,0,0,0,7,,,50,,,,,,,,,,,,,,17,,,,,C03,,,1,,2,,,42,42,1,13,4,120.637282,24.170901,3
6409,66000,387130000C,(04)23274275,(04)23288582,2025,5,16,23,27,臺中市,東區,0,0,0,7,,,50,,,,,,,,,,,,,,,,,,,B12,,,1,,1,,,49,49,1,13,4,120.681189,24.129892,3
6410,66000,387130000C,(04)23274275,(04)23288582,2025,5,16,23,30,臺中市,北屯區,0,0,0,7,,,30,,,,,,,,,,,,,,28,,,,,,,,,,,,,118,118,1,,,120.67167,24.17599,3
6411,66000,387130000C,(04)23274275,(04)23288582,2025,5,16,23,33,臺中市,梧棲區,0,1,0,7,1,6,50,4,1,1,5,4,6,6,3,1,10,5,5,1,15,2,9,3,1,B03,7,9,1,8,2,8,,12,12,1,6,4,120.524586,24.236284,2
6412,66000,387130000C,(04)23274275,(04)23288582,2025,5,16,23,43,臺中市,梧棲區,0,1,0,7,1,6,60,3,1,1,5,4,6,6,4,4,1,4,5,2,16,3,10,3,1,B03,7,5,1,8,2,5,,20,20,1,6,4,120.540181,24.259919,2
6413,66000,387130000C,(04)23274275,(04)23288582,2025,5,16,23,49,臺中市,北區,0,0,0,7,,,50,,,,,,,,,,,,,,17,,,,,B03,,,1,,2,,,84,84,1,12,4,120.676651,24.15922,3
6414,66000,387130000C,(04)23274275,(04)23288582,2025,5,17,0,22,臺中市,西區,0,1,0,7,1,6,40,13,7,1,5,4,6,6,4,4,5,5,4,2,17,3,10,3,1,B03,7,11,1,8,2,4,,45,45,1,13,4,120.670489,24.151693,2
6415,66000,387130000C,(04)23274275,(04)23288582,2025,5,17,0,31,臺中市,神岡區,0,0,0,7,,,50,,,,,,,,,,,,,,2,,,,,B03,,,1,,2,,,7,7,1,12,4,120.670599,24.256392,3
6416,66000,387130000C,(04)23274275,(04)23288582,2025,5,17,0,40,臺中市,南區,0,2,0,7,1,6,50,4,1,1,5,4,6,6,1,1,10,5,5,2,13,2,9,1,1,C03,7,9,1,10,2,11,,84,84,1,12,4,120.649585,24.116983,2
6417,66000,387130000C,(04)23274275,(04)23288582,2025,5,17,0,49,臺中市,石岡區,0,1,0,7,1,6,50,13,9,1,5,4,6,6,4,4,10,5,5,1,28,2,9,1,1,C03,7,9,1,10,2,11,,43,43,1,12,4,120.776387,24.276163,2
6418,66000,387130000C,(04)23274275,(04)23288582,2025,5,17,0,52,臺中市,西屯區,0,1,0,7,1,6,30,4,1,1,5,4,6,6,4,4,10,5,5,2,13,2,9,1,1,C03,7,9,1,10,2,11,12,59,59,1,5,4,120.644934,24.175421,2
6419,66000,387130000C,(04)23274275,(04)23288582,2025,5,17,0,59,臺中市,太平區,0,0,0,7,,,30,,,,,,,,,,,,,,17,,,,,B03,,,1,,9,,,84,84,1,12,4,120.710122,24.153058,3
6420,66000,387130000C,(04)23274275,(04)23288582,2025,5,17,2,50,臺中市,南屯區,0,0,0,7,,,50,,,,,,,,,,,,,,14,,,,,B03,,,1,,1,,,49,49,1,6,4,120.642163,24.146617,3
6421,66000,387130000C,(04)23274275,(04)23288582,2025,5,17,3,8,臺中市,大雅區,0,1,0,6,1,6,50,4,2,1,5,4,6,6,2,1,5,5,4,1,18,2,9,1,1,C03,7,9,1,10,2,14,,84,84,1,13,4,120.645093,24.225552,2
6422,66000,387130000C,(04)23274275,(04)23288582,2025,5,17,5,53,臺中市,北區,0,0,0,7,,,50,,,,,,,,,,,,,,17,,,,,B03,,,1,,2,,,51,51,1,13,4,120.677495,24.153185,3
6423,66000,387130000C,(04)23274275,(04)23288582,2025,5,17,6,4,臺中市,北區,0,2,0,7,2,6,30,4,1,1,5,4,6,6,3,1,10,5,5,2,15,2,9,5,4,C03,7,9,1,10,2,14,,24,24,1,12,4,120.679461,24.153583,2
6424,66000,387130000C,(04)23274275,(04)23288582,2025,5,17,6,5,臺中市,神岡區,0,0,0,7,,,30,,,,,,,,,,,,,,14,,,,,B03,,,1,,1,,,49,49,1,13,4,120.651953,24.261588,3
6425,66000,387130000C,(04)23274275,(04)23288582,2025,5,17,6,9,臺中市,中區,0,1,0,7,3,6,50,4,1,1,5,4,6,6,2,1,10,5,5,2,2,3,10,3,1,B03,7,6,1,8,2,8,,10,10,1,13,4,120.680229,24.14311,2
6426,66000,387130000C,(04)23274275,(04)23288582,2025,5,17,6,11,臺中市,北屯區,0,1,0,7,1,6,40,13,8,1,5,4,6,6,4,4,5,5,4,2,13,2,9,5,4,F03,7,9,7,21,2,11,,84,84,1,13,4,120.694102,24.17066,2
6427,66000,387130000C,(04)23274275,(04)23288582,2025,5,17,6,14,臺中市,太平區,0,1,0,7,3,6,40,11,9,1,5,4,6,6,4,4,4,5,5,1,11,3,10,2,1,C03,7,9,3,19,2,14,,4,4,1,6,4,120.79478,24.099973,2
6428,66000,387130000C,(04)23274275,(04)23288582,2025,5,17,6,36,臺中市,清水區,0,1,0,7,3,6,40,4,2,1,5,4,6,6,1,1,1,4,4,2,13,2,9,2,1,C03,7,9,1,10,2,11,,83,83,1,12,4,120.539141,24.26611,2
6429,66000,387130000C,(04)23274275,(04)23288582,2025,5,17,6,41,臺中市,龍井區,0,1,0,7,3,6,40,13,8,1,5,4,6,6,4,4,1,4,1,1,20,2,9,1,1,C03,7,9,5,10,2,14,,59,59,1,6,4,120.524213,24.220459,2
6430,66000,387130000C,(04)23274275,(04)23288582,2025,5,17,6,57,臺中市,北屯區,0,1,0,7,2,6,50,13,9,1,5,4,6,6,4,4,4,3,5,2,13,3,10,2,1,C03,7,9,1,10,2,11,14,84,84,1,13,4,120.7334,24.160652,2
6431,66000,387130000C,(04)23274275,(04)23288582,2025,5,17,6,59,臺中市,大雅區,0,0,0,7,,,50,,,,,,,,,,,,,,,,,,,F03,,,1,,1,,,8,8,1,12,4,120.645845,24.225776,3
6432,66000,387130000C,(04)23274275,(04)23288582,2025,5,17,7,12,臺中市,石岡區,0,0,0,7,,,70,,,,,,,,,,,,,,,,,,,B03,,,1,,2,,,26,26,1,12,4,120.76368,24.277192,3
6433,66000,387130000C,(04)23274275,(04)23288582,2025,5,17,7,14,臺中市,后里區,0,1,0,7,2,6,50,3,2,1,5,4,6,6,4,4,9,5,5,2,18,2,9,2,1,C03,7,9,1,10,2,14,,84,84,1,12,4,120.718368,24.303878,2
6434,66000,387130000C,(04)23274275,(04)23288582,2025,5,17,7,14,臺中市,豐原區,0,1,0,7,2,6,50,3,1,1,5,4,6,6,1,1,1,2,5,1,13,2,7,2,1,C03,7,9,1,10,2,11,,7,7,1,12,4,120.720459,24.243342,2
6435,66000,387130000C,(04)23274275,(04)23288582,2025,5,17,7,22,臺中市,潭子區,0,0,0,7,,,50,,,,,,,,,,,,,,,,,,,B03,,,1,,2,,,7,7,1,13,4,120.707632,24.225728,3
6436,66000,387130000C,(04)23274275,(04)23288582,2025,5,17,7,23,臺中市,南區,0,1,0,7,3,6,50,3,1,1,5,4,6,6,4,4,10,5,5,2,16,3,10,5,4,B12,7,11,1,8,2,1,,45,45,1,12,4,120.663878,24.116096,2
6437,66000,387130000C,(04)23274275,(04)23288582,2025,5,17,7,24,臺中市,西屯區,0,1,0,7,2,6,50,13,9,1,5,4,6,6,4,4,5,4,4,2,16,3,10,5,4,B03,7,1,1,8,2,8,,51,51,1,13,4,120.603784,24.186106,2
6438,66000,387130000C,(04)23274275,(04)23288582,2025,5,17,7,42,臺中市,東區,0,1,0,7,2,6,50,13,7,1,5,4,6,6,4,4,4,5,4,2,13,3,10,3,1,B02,7,9,1,8,2,1,,84,84,1,13,4,120.700535,24.138877,2
6439,66000,387130000C,(04)23274275,(04)23288582,2025,5,17,7,43,臺中市,西屯區,0,0,0,7,,,30,,,,,,,,,,,,,,15,,,,,B03,,,1,,2,,,15,15,1,12,4,120.660204,24.196058,3
6440,66000,387130000C,(04)23274275,(04)23288582,2025,5,17,7,50,臺中市,霧峰區,0,1,0,7,3,6,30,13,9,3,5,4,6,6,4,4,10,5,5,2,18,2,9,1,1,C03,7,9,1,10,1,15,,84,84,1,5,4,120.740348,24.064059,2
6441,66000,387130000C,(04)23274275,(04)23288582,2025,5,17,7,51,臺中市,北屯區,0,2,0,7,2,6,50,4,1,1,5,4,6,6,2,1,10,5,5,2,12,2,9,1,1,C03,7,15,1,10,2,12,,42,42,1,7,4,120.72098,24.174988,2
6442,66000,387130000C,(04)23274275,(04)23288582,2025,5,17,7,54,臺中市,清水區,0,1,0,7,3,6,50,4,1,1,5,4,6,6,4,4,5,5,5,2,15,3,10,3,1,B03,7,9,1,8,2,4,,12,12,1,12,4,120.577227,24.269689,2
6443,66000,387130000C,(04)23274275,(04)23288582,2025,5,17,7,56,臺中市,北區,0,2,0,7,2,6,50,13,9,1,5,4,6,6,4,4,10,5,5,2,17,2,9,5,1,C03,7,1,1,10,2,12,,51,51,1,13,4,120.681587,24.16843,2
6444,66000,387130000C,(04)23274275,(04)23288582,2025,5,17,7,57,臺中市,大甲區,0,1,0,7,3,6,50,3,1,1,5,4,6,6,4,4,10,5,5,2,16,2,9,1,1,C03,7,9,1,10,2,11,,13,13,1,6,4,120.624531,24.351588,2
6445,66000,387130000C,(04)23274275,(04)23288582,2025,5,17,7,58,臺中市,大甲區,0,2,0,7,1,6,50,13,9,1,5,4,6,6,4,4,1,4,4,1,13,2,9,1,1,C03,7,12,1,10,2,11,,84,84,1,12,4,120.61704,24.346633,2
6446,66000,387130000C,(04)23274275,(04)23288582,2025,5,17,8,2,臺中市,大雅區,0,0,0,7,,,30,,,,,,,,,,,,,,,,,,,B03,,,1,,1,,,8,8,1,12,4,120.640374,24.220923,3
6447,66000,387130000C,(04)23274275,(04)23288582,2025,5,17,8,2,臺中市,大里區,0,0,0,7,,,50,,,,,,,,,,,,,,,,,,,B03,,,1,,9,,,32,32,1,12,4,120.679888,24.101693,3
6448,66000,387130000C,(04)23274275,(04)23288582,2025,5,17,8,13,臺中市,沙鹿區,0,0,0,7,,,30,,,,,,,,,,,,,,,,,,,B03,,,1,,1,,,8,8,1,13,4,120.557355,24.218815,3
6449,66000,387130000C,(04)23274275,(04)23288582,2025,5,17,8,16,臺中市,霧峰區,0,0,0,7,,6,30,,,,,,,,,,,,,,17,,,,,B12,,,1,8,1,,,49,49,1,13,4,120.716694,24.07633,3
6450,66000,387130000C,(04)23274275,(04)23288582,2025,5,17,8,17,臺中市,大里區,0,0,0,7,,,50,,,,,,,,,,,,,,17,,,,,C03,,,1,,2,,,88,88,1,13,4,120.685131,24.102975,3
6451,66000,387130000C,(04)23274275,(04)23288582,2025,5,17,8,18,臺中市,大甲區,0,1,0,7,3,9,50,4,1,1,5,4,6,6,1,1,10,5,5,1,15,3,10,1,1,C03,7,9,1,10,2,11,,21,21,1,12,4,120.621023,24.346873,2
6452,66000,387130000C,(04)23274275,(04)23288582,2025,5,17,8,20,臺中市,北屯區,0,1,0,7,2,6,50,13,9,1,5,4,6,6,4,4,5,4,5,2,16,3,10,3,1,B12,7,6,1,8,2,2,,39,39,1,12,4,120.712364,24.172523,2
6453,66000,387130000C,(04)23274275,(04)23288582,2025,5,17,8,20,臺中市,外埔區,0,1,0,7,3,6,50,4,2,1,5,4,6,6,1,1,1,4,5,1,16,3,10,3,1,B03,7,6,1,8,2,2,,11,11,1,9,4,120.642959,24.337235,2
6454,66000,387130000C,(04)23274275,(04)23288582,2025,5,17,8,29,臺中市,西屯區,0,0,0,7,,,40,,,,,,,,,,,,,,13,,,,,B03,,,1,,1,,,7,7,1,12,4,120.646454,24.164454,3
6455,66000,387130000C,(04)23274275,(04)23288582,2025,5,17,8,34,臺中市,大里區,0,0,0,7,,,50,,,,,,,,,,,,,,13,,,,,B03,,,1,,2,,,7,7,1,6,4,120.689562,24.105891,3
6456,66000,387130000C,(04)23274275,(04)23288582,2025,5,17,8,34,臺中市,大肚區,0,1,0,7,2,6,50,4,1,1,5,4,6,6,4,4,10,5,5,2,15,2,9,2,1,C03,7,9,1,10,2,11,,15,15,1,6,4,120.540164,24.15883,2
6457,66000,387130000C,(04)23274275,(04)23288582,2025,5,17,8,35,臺中市,豐原區,0,1,0,7,2,6,50,13,9,1,5,4,6,6,4,4,9,4,5,1,17,2,8,1,1,C03,7,1,1,10,2,14,,51,51,1,13,4,120.732132,24.250134,2
6458,66000,387130000C,(04)23274275,(04)23288582,2025,5,17,8,36,臺中市,西區,0,1,0,7,2,6,50,4,1,1,5,4,6,6,2,1,10,5,5,2,15,3,10,5,1,B03,7,9,1,8,2,5,,21,21,1,6,4,120.657261,24.139286,2
6459,66000,387130000C,(04)23274275,(04)23288582,2025,5,17,8,36,臺中市,西屯區,0,0,0,7,,,30,,,,,,,,,,,,,,13,,,,,B03,,,1,,1,,,7,7,1,12,4,120.651424,24.178109,3
6460,66000,387130000C,(04)23274275,(04)23288582,2025,5,17,8,39,臺中市,北區,0,2,0,7,2,6,50,13,9,1,5,4,6,6,4,4,5,4,5,2,12,2,8,1,1,C03,7,9,1,10,2,14,,7,7,1,12,4,120.681191,24.157246,2
6461,66000,387130000C,(04)23274275,(04)23288582,2025,5,17,8,41,臺中市,南區,0,2,0,7,2,6,50,4,4,1,5,4,6,6,1,1,9,4,4,2,13,2,9,2,1,C03,7,9,1,10,2,11,,59,59,1,13,4,120.644832,24.109921,2
6462,66000,387130000C,(04)23274275,(04)23288582,2025,5,17,8,45,臺中市,大雅區,0,1,0,7,2,6,30,4,1,1,5,4,6,5,4,4,10,5,5,1,15,3,10,3,1,B03,7,9,1,8,2,8,,6,6,1,13,4,120.666055,24.215366,2
6463,66000,387130000C,(04)23274275,(04)23288582,2025,5,17,8,47,臺中市,西屯區,0,1,0,7,2,6,40,13,8,1,5,4,6,6,4,4,1,5,1,2,13,2,9,5,4,C03,7,9,1,10,2,11,,7,7,1,13,4,120.600191,24.182488,2
6464,66000,387130000C,(04)23274275,(04)23288582,2025,5,17,8,47,臺中市,大里區,0,1,0,7,3,6,50,4,1,1,5,4,6,6,1,1,10,5,5,2,16,3,10,5,4,B03,7,6,1,8,2,2,,11,11,1,6,4,120.696626,24.085482,2
6465,66000,387130000C,(04)23274275,(04)23288582,2025,5,17,8,47,臺中市,豐原區,0,1,0,7,2,6,50,5,1,1,5,4,6,6,1,1,1,4,4,1,16,3,10,5,4,B03,7,6,1,8,2,6,,11,11,1,13,4,120.711316,24.24625,2
6466,66000,387130000C,(04)23274275,(04)23288582,2025,5,17,8,48,臺中市,太平區,0,0,0,7,,,50,,,,,,,,,,,,,,13,,,,,B12,,,1,,2,,,7,7,1,13,4,120.715982,24.133992,3
6467,66000,387130000C,(04)23274275,(04)23288582,2025,5,17,8,49,臺中市,沙鹿區,0,0,0,7,,,30,,,,,,,,,,,,,,,,,,,B03,,,1,,2,,,49,49,1,13,4,120.567854,24.202881,3
6468,66000,387130000C,(04)23274275,(04)23288582,2025,5,17,8,53,臺中市,大安區,0,2,0,7,1,6,50,4,1,1,5,4,6,6,1,1,1,4,4,1,16,2,9,3,1,B03,7,6,1,8,2,2,,25,25,1,12,4,120.585476,24.360676,2
6469,66000,387130000C,(04)23274275,(04)23288582,2025,5,17,8,54,臺中市,清水區,0,0,0,7,,,40,,,,,,,,,,,,,,17,,,,,B03,,,1,,2,,,8,8,1,12,4,120.574281,24.266644,3
6470,66000,387130000C,(04)23274275,(04)23288582,2025,5,17,8,58,臺中市,南屯區,0,0,0,7,,,50,,,,,,,,,,,,,,,,,,,C03,,,1,,9,,,8,8,1,13,4,120.634142,24.1443,3
6471,66000,387130000C,(04)23274275,(04)23288582,2025,5,17,8,58,臺中市,西屯區,0,0,0,7,,,50,,,,,,,,,,,,,,17,,,,,B03,,,1,,2,,,59,59,1,12,4,120.62092,24.185738,3
6472,66000,387130000C,(04)23274275,(04)23288582,2025,5,17,9,0,臺中市,西區,0,0,0,7,,,30,,,,,,,,,,,,,,14,,,,,B03,,,1,,1,,,50,50,1,12,4,120.662862,24.150525,3
6473,66000,387130000C,(04)23274275,(04)23288582,2025,5,17,9,0,臺中市,大甲區,0,3,0,7,3,6,50,4,1,1,5,4,6,6,4,4,10,5,5,2,15,2,9,1,1,C03,7,9,1,10,2,11,,6,6,1,6,4,120.619861,24.346344,2
6474,66000,387130000C,(04)23274275,(04)23288582,2025,5,17,9,14,臺中市,烏日區,0,0,0,7,,,50,,,,,,,,,,,,,,14,,,,,B12,,,1,,2,,,49,49,1,6,4,120.623078,24.110727,3
6475,66000,387130000C,(04)23274275,(04)23288582,2025,5,17,9,16,臺中市,南區,0,2,0,7,2,6,50,13,7,1,5,4,6,6,1,1,5,4,4,2,13,2,3,3,1,B03,7,9,1,8,2,1,,84,84,1,12,4,120.671469,24.11498,2
6476,66000,387130000C,(04)23274275,(04)23288582,2025,5,17,9,20,臺中市,北屯區,0,1,0,7,2,6,50,4,4,1,5,4,6,6,4,4,1,4,5,2,13,2,7,2,1,C03,7,9,1,10,2,11,,7,7,1,12,4,120.664468,24.185316,2
6477,66000,387130000C,(04)23274275,(04)23288582,2025,5,17,9,20,臺中市,西屯區,0,0,0,7,,,30,,,,,,,,,,,,,,30,,,,,B03,,,1,,2,,,8,8,1,12,4,120.617556,24.193169,3
6478,66000,387130000C,(04)23274275,(04)23288582,2025,5,17,9,21,臺中市,西區,0,1,0,7,3,6,40,4,1,1,5,4,6,6,1,1,10,5,5,2,15,2,9,1,1,C03,7,9,1,10,2,12,,21,21,1,6,4,120.651286,24.14493,2
6479,66000,387130000C,(04)23274275,(04)23288582,2025,5,17,9,28,臺中市,豐原區,0,1,0,7,2,6,30,12,9,1,5,4,6,6,4,4,10,5,5,1,17,3,10,3,1,B03,7,9,1,8,2,4,,41,41,1,13,4,120.732581,24.237237,2
6480,66000,387130000C,(04)23274275,(04)23288582,2025,5,17,9,31,臺中市,東區,0,0,0,7,,,50,,,,,,,,,,,,,,17,,,,,B01,,,1,,2,,,40,40,1,12,4,120.684178,24.132542,4
6481,66000,387130000C,(04)23274275,(04)23288582,2025,5,17,9,35,臺中市,北屯區,0,0,0,7,,,50,,,,,,,,,,,,,,13,,,,,B03,,,1,,1,,,7,7,1,6,4,120.738145,24.178367,3
6482,66000,387130000C,(04)23274275,(04)23288582,2025,5,17,9,35,臺中市,霧峰區,0,0,0,7,,,50,,,,,,,,,,,,,,17,,,,,B12,,,1,6,1,,,84,84,1,13,4,120.696323,24.065594,3
6483,66000,387130000C,(04)23274275,(04)23288582,2025,5,17,9,35,臺中市,豐原區,0,1,0,7,2,6,50,5,4,1,5,4,6,6,1,1,10,4,5,1,13,2,9,2,1,C03,7,9,1,10,2,11,,58,58,1,13,4,120.719959,24.262492,2
6484,66000,387130000C,(04)23274275,(04)23288582,2025,5,17,9,37,臺中市,太平區,0,1,0,7,3,6,50,4,1,1,5,4,6,6,1,1,5,4,5,2,16,2,9,2,1,C03,7,6,1,10,2,11,,36,36,1,12,4,120.714343,24.149312,2
6485,66000,387130000C,(04)23274275,(04)23288582,2025,5,17,9,39,臺中市,豐原區,0,0,0,7,,,50,,,,,,,,,,,,,,13,,,,,B12,,,1,,2,,,84,84,1,6,4,120.722438,24.27744,3
6486,66000,387130000C,(04)23274275,(04)23288582,2025,5,17,9,40,臺中市,沙鹿區,0,0,0,7,,,50,,,,,,,,,,,,,,13,,,,,B03,,,1,,2,,,7,7,1,12,4,120.606244,24.247281,4
6487,66000,387130000C,(04)23274275,(04)23288582,2025,5,17,9,45,臺中市,大雅區,0,0,0,7,,,50,,,,,,,,,,,,,,,,,,,B03,,,1,,1,,,7,7,1,12,4,120.645996,24.225986,3
6488,66000,387130000C,(04)23274275,(04)23288582,2025,5,17,9,47,臺中市,龍井區,0,0,0,7,2,6,50,13,9,1,5,4,6,6,3,1,5,2,5,2,14,3,10,3,1,B03,7,2,1,8,1,3,,49,49,1,6,4,120.592525,24.181769,3