序號,縣市別代碼,機關代碼,市話,傳真,年,月,日,時,分,縣市,區,死亡數量,受傷數量,2-30,天候,道路照明設備,道路類別,道路速限,道路型態,事故位置,路面鋪裝,路面狀態,路面缺陷,障礙物,視距,號誌種類,號誌動作,分向設施,快車道或一般車道間,快慢車道間,路面邊線,事故類型及型態,受傷程度,主要傷處,保護裝備,行動電話或功能裝置,當事者區分(類別),車輛用途,當事者行動狀態,駕照狀態,駕照種類,飲酒情形,車輛撞擊部位最初,車輛撞擊部位其他,肇事因素個別,肇事因素主要,肇事逃逸,職業,共享經濟或外送平台,GPS座標X,GPS座標Y,事故類別
6600,66000,387130000C,(04)23274275,(04)23288582,2025,5,17,14,23,臺中市,大肚區,0,0,0,7,,,30,,,,,,,,,,,,,,,,,,,C03,,,1,,1,,,51,51,1,5,4,120.572041,24.124364,3
6601,66000,387130000C,(04)23274275,(04)23288582,2025,5,17,14,38,臺中市,西屯區,0,0,0,7,,,50,,,,,,,,,,,,,,14,,,,,B03,,,1,,2,,,49,49,1,12,4,120.6467,24.174727,3
6602,66000,387130000C,(04)23274275,(04)23288582,2025,5,17,14,38,臺中市,神岡區,0,0,0,7,1,6,50,3,2,1,5,4,6,6,4,4,5,5,4,2,13,,,,,B03,,,1,,1,,,59,59,1,12,4,120.656125,24.250485,3
6603,66000,387130000C,(04)23274275,(04)23288582,2025,5,17,14,45,臺中市,清水區,0,1,0,7,3,6,40,3,1,1,5,4,6,6,2,1,1,4,3,1,16,3,10,3,1,B03,7,5,1,8,2,2,,11,11,1,12,4,120.555279,24.294758,2
6604,66000,387130000C,(04)23274275,(04)23288582,2025,5,17,14,48,臺中市,中區,0,0,0,7,,,50,,,,,,,,,,,,,,,,,,,B01,,,1,,2,,,51,51,1,12,4,120.683635,24.139473,3
6605,66000,387130000C,(04)23274275,(04)23288582,2025,5,17,14,53,臺中市,龍井區,0,1,0,7,3,6,40,13,9,1,5,4,6,6,1,1,1,4,5,1,14,3,10,3,1,B03,7,2,1,8,2,3,,49,49,1,6,4,120.522831,24.219777,2
6606,66000,387130000C,(04)23274275,(04)23288582,2025,5,17,15,0,臺中市,后里區,0,0,0,7,2,6,50,13,9,1,5,4,6,6,4,4,9,5,5,1,14,3,10,3,1,B03,7,2,1,7,1,3,,49,49,1,12,4,120.717105,24.306843,3
6607,66000,387130000C,(04)23274275,(04)23288582,2025,5,17,15,1,臺中市,清水區,0,0,0,7,2,6,50,4,1,1,5,4,6,6,1,1,8,3,4,1,16,,,,,B03,,,1,,1,,,85,85,1,12,4,120.561995,24.262815,3
6608,66000,387130000C,(04)23274275,(04)23288582,2025,5,17,15,3,臺中市,烏日區,0,0,0,7,,,30,,,,,,,,,,,,,,,,,,,B01,,,1,,1,,,84,84,1,6,4,120.608187,24.117768,3
6609,66000,387130000C,(04)23274275,(04)23288582,2025,5,17,15,4,臺中市,潭子區,0,0,0,7,,,40,,,,,,,,,,,,,,13,,,,,B03,,,1,,2,,,84,84,1,12,4,120.701714,24.20079,3
6610,66000,387130000C,(04)23274275,(04)23288582,2025,5,17,15,4,臺中市,烏日區,0,0,0,7,,,50,,,,,,,,,,,,,,13,,,,,A12,,,1,,1,,,7,7,1,6,4,120.612459,24.102968,3
6611,66000,387130000C,(04)23274275,(04)23288582,2025,5,17,15,5,臺中市,大里區,0,1,0,7,2,6,50,4,2,1,5,4,6,6,4,4,10,5,5,2,17,3,10,3,1,B11,7,1,1,8,2,8,,84,84,1,6,4,120.707331,24.085552,2
6612,66000,387130000C,(04)23274275,(04)23288582,2025,5,17,15,6,臺中市,烏日區,0,2,0,7,2,6,60,4,1,1,5,4,6,6,1,1,10,5,5,2,16,2,9,1,1,C03,7,6,1,10,2,11,,11,11,1,6,4,120.607048,24.108443,2
6613,66000,387130000C,(04)23274275,(04)23288582,2025,5,17,15,10,臺中市,南屯區,0,0,0,7,,,50,,,,,,,,,,,,,,,,,,,B03,,,1,,2,,,49,49,1,6,4,120.652519,24.152326,3
6614,66000,387130000C,(04)23274275,(04)23288582,2025,5,17,15,11,臺中市,北區,0,1,0,7,2,6,50,4,2,1,5,4,6,6,2,1,10,5,5,2,12,3,10,3,1,B03,7,6,1,8,2,8,,26,26,1,13,4,120.675142,24.14744,2
6615,66000,387130000C,(04)23274275,(04)23288582,2025,5,17,15,16,臺中市,清水區,0,1,0,7,2,6,30,3,1,1,5,4,6,6,4,4,10,5,5,1,10,3,10,3,1,B03,7,15,1,8,2,8,,48,48,1,13,4,120.595046,24.268592,2
6616,66000,387130000C,(04)23274275,(04)23288582,2025,5,17,15,20,臺中市,北區,0,1,0,7,2,6,50,4,2,1,5,4,6,6,4,4,5,4,5,2,17,2,9,5,1,C03,7,9,1,10,2,11,,7,7,1,13,4,120.681083,24.162353,2
6617,66000,387130000C,(04)23274275,(04)23288582,2025,5,17,15,22,臺中市,南屯區,0,2,0,7,3,6,50,13,9,1,5,4,6,6,4,4,9,5,5,2,9,2,9,1,1,C03,7,9,1,10,2,11,,6,6,1,12,4,120.645596,24.151398,2
6618,66000,387130000C,(04)23274275,(04)23288582,2025,5,17,15,25,臺中市,沙鹿區,0,0,0,7,2,6,50,4,9,1,5,4,6,6,3,1,4,3,4,2,15,,,,,B03,,,1,,2,,,6,6,1,12,4,120.573372,24.205694,3
6619,66000,387130000C,(04)23274275,(04)23288582,2025,5,17,15,30,臺中市,西區,0,0,0,7,,,50,,,,,,,,,,,,,,13,,,,,B03,,,1,,1,,,84,84,1,12,4,120.657746,24.154563,3
6620,66000,387130000C,(04)23274275,(04)23288582,2025,5,17,15,34,臺中市,西屯區,0,0,0,7,,,40,,,,,,,,,,,,,,12,,,,,C03,,,1,,11,,,8,8,1,13,4,120.645385,24.164662,3
6621,66000,387130000C,(04)23274275,(04)23288582,2025,5,17,15,37,臺中市,西屯區,0,2,0,7,1,6,30,4,1,1,5,4,6,6,4,4,10,5,5,2,15,2,9,1,1,C03,7,9,1,10,2,11,,12,12,1,12,4,120.644259,24.180153,2
6622,66000,387130000C,(04)23274275,(04)23288582,2025,5,17,15,38,臺中市,太平區,0,0,0,7,2,6,50,,,,,,,,,,,,,,,,,,,B03,,,1,,2,8,1,84,84,1,12,4,120.729014,24.099669,3
6623,66000,387130000C,(04)23274275,(04)23288582,2025,5,17,15,41,臺中市,東區,0,2,0,7,3,6,30,4,9,1,5,4,6,6,4,4,5,5,5,2,15,2,9,5,4,C03,7,9,1,10,2,11,,6,6,1,6,4,120.688179,24.140997,2
6624,66000,387130000C,(04)23274275,(04)23288582,2025,5,17,15,43,臺中市,西區,0,1,0,7,2,6,50,4,19,1,5,4,6,6,4,4,10,5,5,2,9,3,10,1,1,C03,7,9,1,10,2,11,,10,10,1,6,4,120.660985,24.150724,2
6625,66000,387130000C,(04)23274275,(04)23288582,2025,5,17,15,50,臺中市,西屯區,0,0,0,7,,,50,,,,,,,,,,,,,,13,,,,,B03,,,1,,1,,,59,59,1,12,4,120.619573,24.180322,3
6626,66000,387130000C,(04)23274275,(04)23288582,2025,5,17,15,53,臺中市,龍井區,0,0,0,7,,,,,,,,,,,,,,,,,,,,,,,,,,,,,,8,8,1,,,120.593792,24.189332,3
6627,66000,387130000C,(04)23274275,(04)23288582,2025,5,17,15,59,臺中市,大雅區,0,0,0,7,,,30,,,,,,,,,,,,,,17,,,,,C03,,,1,,1,,,15,15,1,12,4,120.646847,24.231165,3
6628,66000,387130000C,(04)23274275,(04)23288582,2025,5,17,16,0,臺中市,豐原區,0,0,0,7,,,50,,,,,,,,,,,,,,17,,,,,,,,,,,,,119,119,1,,,120.712406,24.250533,3
6629,66000,387130000C,(04)23274275,(04)23288582,2025,5,17,16,2,臺中市,潭子區,0,2,0,7,2,6,60,3,1,1,5,4,6,6,1,1,10,5,5,2,12,2,8,2,1,C03,7,7,1,10,2,12,,20,20,1,12,4,120.705353,24.213282,2
6630,66000,387130000C,(04)23274275,(04)23288582,2025,5,17,16,5,臺中市,西屯區,0,0,0,7,,,50,,,,,,,,,,,,,,16,,,,,B03,,,1,,2,,,11,11,1,12,4,120.652953,24.204213,3
6631,66000,387130000C,(04)23274275,(04)23288582,2025,5,17,16,9,臺中市,豐原區,0,1,0,7,2,6,50,4,4,1,5,4,6,6,1,1,5,5,4,1,17,3,10,1,1,C03,7,15,1,10,2,14,,7,7,1,12,4,120.722571,24.255914,2
6632,66000,387130000C,(04)23274275,(04)23288582,2025,5,17,16,10,臺中市,潭子區,0,1,0,7,2,6,50,4,1,1,5,4,6,6,1,1,10,5,5,2,18,2,9,6,1,F01,7,9,7,21,2,12,,58,58,1,12,4,120.714648,24.218126,2
6633,66000,387130000C,(04)23274275,(04)23288582,2025,5,17,16,10,臺中市,西屯區,0,0,0,7,,,50,,,,,,,,,,,,,,11,,,,,B03,,,1,,2,,,84,84,1,12,4,120.6067,24.169135,3
6634,66000,387130000C,(04)23274275,(04)23288582,2025,5,17,16,10,臺中市,大里區,0,2,0,7,2,6,30,13,9,1,5,4,6,6,4,4,10,5,5,1,17,3,10,3,1,B03,7,1,1,8,2,8,,51,51,1,12,4,120.666017,24.095454,2
6635,66000,387130000C,(04)23274275,(04)23288582,2025,5,17,16,22,臺中市,北區,0,0,0,7,,,50,,,,,,,,,,,,,,14,,,,,B03,,,1,,9,,,49,49,2,13,4,120.667285,24.160529,3
6636,66000,387130000C,(04)23274275,(04)23288582,2025,5,17,16,24,臺中市,東區,0,0,0,7,,,40,,,,,,,,,,,,,,12,,,,,B03,,,1,,2,,,51,51,1,12,4,120.692507,24.149223,3
6637,66000,387130000C,(04)23274275,(04)23288582,2025,5,17,16,25,臺中市,西區,0,0,0,7,,,50,,,,,,,,,,,,,,17,,,,,B03,,,1,,2,,,51,51,1,12,4,120.657558,24.147026,3
6638,66000,387130000C,(04)23274275,(04)23288582,2025,5,17,16,26,臺中市,北區,0,0,0,7,3,6,50,13,9,1,5,4,6,6,4,4,9,5,5,2,17,,,,,B12,,,1,,1,,,49,49,1,13,4,120.687553,24.157074,3
6639,66000,387130000C,(04)23274275,(04)23288582,2025,5,17,16,26,臺中市,南區,0,0,0,7,,,30,,,,,,,,,,,,,,14,,,,,B03,,,1,,1,,,49,49,1,13,4,120.670716,24.125976,3
6640,66000,387130000C,(04)23274275,(04)23288582,2025,5,17,16,28,臺中市,神岡區,0,1,0,7,2,6,50,13,9,1,5,4,6,6,1,1,10,4,5,2,12,2,8,5,4,C03,7,9,1,10,2,11,,84,84,1,12,4,120.657417,24.264439,2
6641,66000,387130000C,(04)23274275,(04)23288582,2025,5,17,16,30,臺中市,豐原區,0,1,0,7,3,6,50,13,9,1,5,4,6,6,4,4,5,5,5,1,17,2,9,1,4,C03,7,9,1,10,2,14,,84,84,1,12,4,120.731189,24.249446,2
6642,66000,387130000C,(04)23274275,(04)23288582,2025,5,17,16,37,臺中市,沙鹿區,0,0,0,7,,,50,,,,,,,,,,,,,,14,,,,,B03,,,1,,9,,,49,49,1,6,4,120.574007,24.226976,3
6643,66000,387130000C,(04)23274275,(04)23288582,2025,5,17,16,38,臺中市,西區,0,0,0,7,,,50,,,,,,,,,,,,,,9,,,,,B03,,,1,,1,,,84,84,1,12,4,120.671718,24.146255,3
6644,66000,387130000C,(04)23274275,(04)23288582,2025,5,17,16,41,臺中市,北區,0,0,0,7,,,30,,,,,,,,,,,,,,17,,,,,B03,,,1,,2,,,84,84,1,13,4,120.691164,24.150022,3
6645,66000,387130000C,(04)23274275,(04)23288582,2025,5,17,16,42,臺中市,北屯區,0,1,0,7,3,6,50,4,1,1,5,4,6,6,1,1,10,5,5,2,18,2,9,6,1,F01,7,9,7,21,2,14,,84,84,1,13,4,120.733316,24.161155,2
6646,66000,387130000C,(04)23274275,(04)23288582,2025,5,17,16,43,臺中市,龍井區,0,0,0,7,,,50,,,,,,,,,,,,,,,,,,,B03,,,1,,1,,,7,7,1,12,4,120.575733,24.17558,4
6647,66000,387130000C,(04)23274275,(04)23288582,2025,5,17,16,46,臺中市,西區,0,0,0,7,,,,,,,,,,,,,,,,,,,,,,,,,,,,,,119,119,1,,,120.682212,24.135899,3
6648,66000,387130000C,(04)23274275,(04)23288582,2025,5,17,16,49,臺中市,大里區,0,0,0,7,,,50,,,,,,,,,,,,,,17,,,,,B03,,,1,,2,,,84,84,1,12,4,120.695172,24.099542,3
6649,66000,387130000C,(04)23274275,(04)23288582,2025,5,17,16,54,臺中市,大里區,0,0,0,7,,,50,,,,,,,,,,,,,,15,,,,,B03,,,1,,2,,,15,15,1,13,4,120.676289,24.102565,3
6650,66000,387130000C,(04)23274275,(04)23288582,2025,5,17,16,55,臺中市,西屯區,0,0,0,7,,,50,,,,,,,,,,,,,,12,,,,,C03,,,1,,1,,,8,8,1,12,4,120.661202,24.171463,3
6651,66000,387130000C,(04)23274275,(04)23288582,2025,5,17,16,55,臺中市,大甲區,0,1,0,7,1,6,50,13,8,1,5,4,6,6,1,1,1,4,4,1,13,3,10,1,1,C03,7,9,1,10,2,12,,7,7,1,12,4,120.616025,24.335441,2
6652,66000,387130000C,(04)23274275,(04)23288582,2025,5,17,16,57,臺中市,西屯區,0,0,0,7,,,50,,,,,,,,,,,,,,12,,,,,B03,,,1,,1,,,50,50,1,13,4,120.63737,24.171016,3
6653,66000,387130000C,(04)23274275,(04)23288582,2025,5,17,17,0,臺中市,西區,0,1,0,7,2,6,50,4,1,1,5,4,6,6,2,1,10,5,5,2,17,2,9,1,1,C03,7,5,1,10,2,11,,26,26,1,12,4,120.671994,24.135147,2
6654,66000,387130000C,(04)23274275,(04)23288582,2025,5,17,17,1,臺中市,東區,0,0,0,7,,,50,,,,,,,,,,,,,,,,,,,B12,,,1,,1,,,7,7,1,12,4,120.701435,24.125285,3
6655,66000,387130000C,(04)23274275,(04)23288582,2025,5,17,17,5,臺中市,北屯區,0,0,0,7,,,50,,,,,,,,,,,,,,12,,,,,B03,,,1,,1,,,51,51,1,12,4,120.68428,24.185425,3
6656,66000,387130000C,(04)23274275,(04)23288582,2025,5,17,17,5,臺中市,梧棲區,0,0,0,7,,,30,,,,,,,,,,,,,,13,,,,,B03,,,1,,1,,,7,7,1,6,4,120.525916,24.225271,3
6657,66000,387130000C,(04)23274275,(04)23288582,2025,5,17,17,6,臺中市,南區,0,0,0,7,,,50,,,,,,,,,,,,,,,,,,,B03,,,1,,2,,,14,14,1,5,4,120.681446,24.130903,3
6658,66000,387130000C,(04)23274275,(04)23288582,2025,5,17,17,7,臺中市,南區,0,1,0,7,3,6,50,4,9,1,5,4,6,6,1,1,5,5,5,2,16,3,10,5,4,B03,7,5,1,8,2,2,,20,20,1,6,4,120.653335,24.126223,2
6659,66000,387130000C,(04)23274275,(04)23288582,2025,5,17,17,13,臺中市,東區,0,0,0,7,,,50,,,,,,,,,,,,,,12,,,,,B03,,,1,,2,,,2,2,1,12,4,120.696201,24.14275,3
6660,66000,387130000C,(04)23274275,(04)23288582,2025,5,17,17,13,臺中市,北屯區,0,1,0,7,2,6,50,13,9,1,5,2,6,6,4,4,5,4,5,2,18,2,9,2,1,C03,7,9,1,10,2,14,,84,84,1,12,4,120.676696,24.185194,2
6661,66000,387130000C,(04)23274275,(04)23288582,2025,5,17,17,14,臺中市,北區,0,1,0,7,2,6,50,4,1,1,5,4,6,6,1,1,5,4,4,2,17,3,10,5,1,B03,7,6,1,8,2,6,,39,39,1,13,4,120.669119,24.155327,2
6662,66000,387130000C,(04)23274275,(04)23288582,2025,5,17,17,16,臺中市,北區,0,1,0,7,2,6,40,13,8,1,5,4,6,6,4,4,1,4,4,2,1,2,9,5,4,C03,7,1,1,10,2,15,,85,85,1,13,4,120.688561,24.146538,2
6663,66000,387130000C,(04)23274275,(04)23288582,2025,5,17,17,18,臺中市,西區,0,1,0,7,2,6,50,13,9,1,5,4,6,6,4,4,10,5,5,2,13,2,9,1,1,C03,7,9,1,10,2,11,,84,84,1,12,4,120.654036,24.14639,2
6664,66000,387130000C,(04)23274275,(04)23288582,2025,5,17,17,18,臺中市,南屯區,0,1,0,7,3,6,50,13,8,1,5,4,6,6,4,4,5,4,4,2,17,3,10,5,4,C03,7,1,1,10,2,11,,51,51,1,6,4,120.614962,24.145651,2
6665,66000,387130000C,(04)23274275,(04)23288582,2025,5,17,17,21,臺中市,西屯區,0,1,0,7,2,6,50,4,1,1,5,4,6,6,1,1,1,4,1,2,16,3,10,3,1,B03,7,6,1,8,2,5,,11,11,1,12,4,120.637546,24.185697,2
6666,66000,387130000C,(04)23274275,(04)23288582,2025,5,17,17,23,臺中市,北區,0,0,0,7,3,6,50,11,24,1,5,4,6,6,4,4,4,5,5,2,17,,,,,C03,,,1,,1,,,8,8,1,13,4,120.664517,24.158383,3
6667,66000,387130000C,(04)23274275,(04)23288582,2025,5,17,17,25,臺中市,東區,0,0,0,7,,,50,,,,,,,,,,,,,,,,,,,B01,,,1,,1,,,7,7,1,12,4,120.708154,24.140633,3
6668,66000,387130000C,(04)23274275,(04)23288582,2025,5,17,17,25,臺中市,大甲區,0,0,0,7,,,70,,,,,,,,,,,,,,16,,,,,B03,,,1,,2,,,14,14,1,6,4,120.642102,24.401446,3
6669,66000,387130000C,(04)23274275,(04)23288582,2025,5,17,17,26,臺中市,南屯區,0,0,0,7,,,40,,,,,,,,,,,,,,14,,,,,B03,,,1,,2,,,49,49,1,6,4,120.648565,24.153243,3
6670,66000,387130000C,(04)23274275,(04)23288582,2025,5,17,17,30,臺中市,南屯區,0,0,0,7,,,50,,,,,,,,,,,,,,17,,,,,C03,,,1,,9,,,59,59,1,6,4,120.635304,24.151745,3
6671,66000,387130000C,(04)23274275,(04)23288582,2025,5,17,17,33,臺中市,豐原區,0,2,0,7,2,6,50,5,2,1,5,4,6,6,1,1,5,4,5,1,17,2,9,2,1,C03,7,1,1,10,2,13,,51,51,1,12,4,120.719989,24.26277,2
6672,66000,387130000C,(04)23274275,(04)23288582,2025,5,17,17,38,臺中市,大里區,0,1,0,7,3,6,50,13,9,1,5,4,6,6,4,4,5,4,5,1,12,3,10,5,4,C03,7,9,1,10,2,11,,84,84,1,13,4,120.674717,24.101255,2
6673,66000,387130000C,(04)23274275,(04)23288582,2025,5,17,17,42,臺中市,西區,0,1,0,7,2,6,50,4,1,1,5,4,6,6,1,1,10,5,5,2,18,2,9,2,1,C03,7,9,1,10,2,14,,85,85,1,12,4,120.667009,24.129438,2
6674,66000,387130000C,(04)23274275,(04)23288582,2025,5,17,17,42,臺中市,沙鹿區,0,0,0,7,,,50,,,,,,,,,,,,,,14,,,,,B03,,,1,,2,,,49,49,1,6,4,120.559151,24.234449,3
6675,66000,387130000C,(04)23274275,(04)23288582,2025,5,17,17,49,臺中市,北屯區,0,0,0,7,,,50,,,,,,,,,,,,,,15,,,,,C03,,,1,,1,,,15,15,1,12,4,120.702043,24.169017,3
6676,66000,387130000C,(04)23274275,(04)23288582,2025,5,17,17,50,臺中市,大里區,0,1,0,7,2,6,50,11,9,1,5,4,6,6,4,4,4,3,5,1,17,2,8,2,1,C03,7,9,1,10,2,12,,84,84,1,6,4,120.703081,24.087959,2
6677,66000,387130000C,(04)23274275,(04)23288582,2025,5,17,17,50,臺中市,豐原區,0,0,0,7,,,50,,,,,,,,,,,,,,14,,,,,B03,,,1,,2,,,84,84,1,12,4,120.716984,24.245957,3
6678,66000,387130000C,(04)23274275,(04)23288582,2025,5,17,17,54,臺中市,南屯區,0,1,0,7,2,6,50,4,1,1,5,4,6,6,4,4,5,4,5,2,15,3,10,3,1,B03,7,9,1,8,1,2,,15,15,1,12,4,120.642096,24.13606,2
6679,66000,387130000C,(04)23274275,(04)23288582,2025,5,17,18,0,臺中市,豐原區,0,0,0,7,2,6,50,13,9,1,5,4,6,6,4,4,8,5,5,2,12,3,10,3,1,B03,7,3,1,8,9,2,,8,8,1,12,4,120.718334,24.262331,3
6680,66000,387130000C,(04)23274275,(04)23288582,2025,5,17,18,4,臺中市,北屯區,0,1,0,7,2,6,50,13,7,1,5,4,6,6,4,4,1,4,4,2,13,2,9,1,1,C03,7,9,1,10,2,11,,7,7,1,6,4,120.661719,24.190101,2
6681,66000,387130000C,(04)23274275,(04)23288582,2025,5,17,18,5,臺中市,西屯區,0,1,0,7,2,6,50,4,1,1,5,4,6,6,2,1,10,5,5,2,17,3,10,5,1,B03,7,6,1,8,2,16,,25,25,1,12,4,120.641018,24.167806,2
6682,66000,387130000C,(04)23274275,(04)23288582,2025,5,17,18,10,臺中市,北區,0,1,0,7,2,6,50,4,1,1,5,4,6,6,1,1,3,4,5,2,17,3,10,5,1,B03,7,5,1,7,2,5,,84,84,1,13,4,120.682365,24.163041,2
6683,66000,387130000C,(04)23274275,(04)23288582,2025,5,17,18,12,臺中市,西區,0,1,0,6,2,6,50,4,1,1,5,4,6,6,4,4,10,5,5,2,17,2,9,1,1,C03,7,9,1,10,2,12,,4,4,1,12,4,120.660426,24.137212,2
6684,66000,387130000C,(04)23274275,(04)23288582,2025,5,17,18,12,臺中市,南屯區,0,0,0,7,,,40,,,,,,,,,,,,,,14,,,,,B03,,,1,,2,,,49,49,1,6,4,120.643451,24.145498,3
6685,66000,387130000C,(04)23274275,(04)23288582,2025,5,17,18,13,臺中市,西屯區,0,0,0,7,,,50,,,,,,,,,,,,,,,,,,,B13,,,1,,2,,,50,50,1,12,4,120.617752,24.159957,3
6686,66000,387130000C,(04)23274275,(04)23288582,2025,5,17,18,24,臺中市,烏日區,0,0,0,7,,,30,,,,,,,,,,,,,,14,,,,,B12,,,1,,2,,,49,49,1,6,4,120.646714,24.055668,3
6687,66000,387130000C,(04)23274275,(04)23288582,2025,5,17,18,35,臺中市,潭子區,0,0,0,7,,,50,,,,,,,,,,,,,,13,,,,,C03,,,1,,2,,,84,84,1,12,4,120.710106,24.208661,3
6688,66000,387130000C,(04)23274275,(04)23288582,2025,5,17,18,40,臺中市,南屯區,0,0,0,7,,,50,,,,,,,,,,,,,,13,,,,,B03,,,1,,1,,,59,59,1,12,4,120.643899,24.136653,3
6689,66000,387130000C,(04)23274275,(04)23288582,2025,5,17,18,47,臺中市,西區,0,1,0,7,1,6,50,4,1,1,5,4,6,6,2,1,10,5,5,2,17,3,10,3,1,B03,7,6,1,8,2,2,,11,11,1,12,4,120.670188,24.146272,2
6690,66000,387130000C,(04)23274275,(04)23288582,2025,5,17,18,49,臺中市,大里區,0,1,0,7,1,6,50,4,1,1,5,4,6,6,1,1,10,5,5,2,16,3,10,3,1,B03,7,5,1,8,2,5,,47,47,1,12,4,120.679442,24.114131,2
6691,66000,387130000C,(04)23274275,(04)23288582,2025,5,17,18,49,臺中市,龍井區,0,0,0,7,,,50,,,,,,,,,,,,,,,,,,,C03,,,1,,11,,,8,8,1,12,4,120.59168,24.18127,3
6692,66000,387130000C,(04)23274275,(04)23288582,2025,5,17,18,57,臺中市,南屯區,0,0,0,7,,,50,,,,,,,,,,,,,,17,,,,,B03,,,1,,1,,,45,45,1,6,4,120.654792,24.144819,3
6693,66000,387130000C,(04)23274275,(04)23288582,2025,5,17,19,8,臺中市,南屯區,0,0,0,7,,,50,,,,,,,,,,,,,,,,,,,B03,,,1,,1,,,7,7,1,13,4,120.646583,24.128504,3
6694,66000,387130000C,(04)23274275,(04)23288582,2025,5,17,19,11,臺中市,大里區,0,1,0,7,1,6,50,3,1,1,5,4,6,6,4,4,5,5,5,1,17,2,9,1,1,C03,7,1,1,10,2,12,,51,51,1,12,4,120.70263,24.087705,2
6695,66000,387130000C,(04)23274275,(04)23288582,2025,5,17,19,12,臺中市,西區,0,1,0,7,1,6,50,11,8,1,5,4,6,6,4,4,1,4,5,2,12,3,10,2,1,C01,7,5,1,9,2,13,,84,84,1,12,4,120.658789,24.156918,2
6696,66000,387130000C,(04)23274275,(04)23288582,2025,5,17,19,17,臺中市,西區,0,0,0,6,,,50,,,,,,,,,,,,,,,,,,,B03,,,1,,2,,,7,7,1,12,4,120.659687,24.157317,3
6697,66000,387130000C,(04)23274275,(04)23288582,2025,5,17,19,20,臺中市,北屯區,0,0,0,7,,,50,,,,,,,,,,,,,,13,,,,,C03,,,1,,1,,,58,58,1,12,4,120.697869,24.173293,3
6698,66000,387130000C,(04)23274275,(04)23288582,2025,5,17,19,20,臺中市,太平區,0,0,0,7,,,30,,,,,,,,,,,,,,16,,,,,B03,,,1,,2,,,14,14,1,6,4,120.731549,24.111514,3
6699,66000,387130000C,(04)23274275,(04)23288582,2025,5,17,19,21,臺中市,東區,0,0,0,7,,,50,,,,,,,,,,,,,,,,,,,B03,,,1,,1,,,8,8,1,6,4,120.698644,24.143241,4
6700,66000,387130000C,(04)23274275,(04)23288582,2025,5,17,19,21,臺中市,太平區,0,2,0,7,3,6,50,13,9,1,5,4,6,6,4,4,5,4,5,1,9,3,10,2,1,C03,7,6,1,10,2,11,,38,38,1,12,4,120.711495,24.153623,2
6701,66000,387130000C,(04)23274275,(04)23288582,2025,5,17,19,28,臺中市,大雅區,0,0,0,7,,,50,,,,,,,,,,,,,,12,,,,,F03,,,6,,9,,,48,48,2,13,4,120.646619,24.226033,3
6702,66000,387130000C,(04)23274275,(04)23288582,2025,5,17,19,29,臺中市,大肚區,0,2,0,7,1,6,50,3,1,1,5,4,6,6,3,1,10,5,5,2,16,2,9,2,1,C03,7,6,1,10,2,12,,24,24,1,6,4,120.54393,24.150794,2
6703,66000,387130000C,(04)23274275,(04)23288582,2025,5,17,19,30,臺中市,西屯區,0,1,0,7,1,6,50,4,1,1,5,4,6,6,4,4,4,3,4,2,16,3,10,5,4,B03,7,5,1,8,2,2,,14,14,1,13,4,120.635598,24.167875,2
6704,66000,387130000C,(04)23274275,(04)23288582,2025,5,17,19,30,臺中市,西屯區,0,0,0,7,,,50,,,,,,,,,,,,,,,,,,,B03,,,1,,1,,,59,59,1,12,4,120.617359,24.177343,3
6705,66000,387130000C,(04)23274275,(04)23288582,2025,5,17,19,31,臺中市,潭子區,0,0,0,7,,,60,,,,,,,,,,,,,,2,,,,,B03,,,1,,1,,,65,65,1,12,4,120.705148,24.206786,3
6706,66000,387130000C,(04)23274275,(04)23288582,2025,5,17,19,31,臺中市,北區,0,1,0,7,1,6,50,3,1,1,5,4,6,6,2,1,10,5,5,2,16,3,10,3,1,B03,7,6,1,8,2,6,,11,11,1,12,4,120.685093,24.157602,2
6707,66000,387130000C,(04)23274275,(04)23288582,2025,5,17,19,34,臺中市,潭子區,0,1,0,7,1,6,60,13,14,1,5,4,6,6,4,4,1,4,4,1,17,2,9,2,1,C03,7,9,1,10,2,11,,85,85,1,13,4,120.702979,24.196695,2
6708,66000,387130000C,(04)23274275,(04)23288582,2025,5,17,19,35,臺中市,沙鹿區,0,1,0,7,1,6,50,13,9,1,5,4,6,6,4,4,5,5,5,2,17,3,10,2,1,C03,7,15,1,10,2,12,,42,42,1,6,4,120.568524,24.229692,2
6709,66000,387130000C,(04)23274275,(04)23288582,2025,5,17,19,38,臺中市,中區,0,0,0,7,,,0,,,,,,,,,,,,,,,,,,,C03,,,1,,9,,,84,84,1,12,4,120.678525,24.14476,3
6710,66000,387130000C,(04)23274275,(04)23288582,2025,5,17,19,38,臺中市,大里區,0,0,0,7,,,50,,,,,,,,,,,,,,16,,,,,C03,,,1,,2,,,4,4,1,13,4,120.687364,24.098763,3
6711,66000,387130000C,(04)23274275,(04)23288582,2025,5,17,19,39,臺中市,烏日區,0,1,0,7,1,6,70,13,8,1,5,4,5,6,4,4,1,4,4,1,24,3,10,5,2,F07,7,9,7,21,2,11,,62,62,1,6,4,120.601916,24.11052,2