序號,縣市別代碼,機關代碼,市話,傳真,年,月,日,時,分,縣市,區,死亡數量,受傷數量,2-30,天候,道路照明設備,道路類別,道路速限,道路型態,事故位置,路面鋪裝,路面狀態,路面缺陷,障礙物,視距,號誌種類,號誌動作,分向設施,快車道或一般車道間,快慢車道間,路面邊線,事故類型及型態,受傷程度,主要傷處,保護裝備,行動電話或功能裝置,當事者區分(類別),車輛用途,當事者行動狀態,駕照狀態,駕照種類,飲酒情形,車輛撞擊部位最初,車輛撞擊部位其他,肇事因素個別,肇事因素主要,肇事逃逸,職業,共享經濟或外送平台,GPS座標X,GPS座標Y,事故類別
6712,66000,387130000C,(04)23274275,(04)23288582,2025,5,17,19,41,臺中市,大雅區,0,0,0,7,,,50,,,,,,,,,,,,,,13,,,,,B03,,,1,,2,,,7,7,1,12,4,120.645429,24.221915,3
6713,66000,387130000C,(04)23274275,(04)23288582,2025,5,17,19,48,臺中市,北區,0,2,0,7,1,6,50,4,1,1,5,4,6,6,2,1,10,5,5,2,17,2,8,5,4,C03,7,9,1,10,2,12,,21,21,1,13,4,120.642433,24.176976,2
6714,66000,387130000C,(04)23274275,(04)23288582,2025,5,17,20,3,臺中市,烏日區,0,0,0,7,1,6,40,3,2,1,5,4,6,6,4,4,10,5,5,2,12,3,10,3,1,B03,7,5,1,8,2,2,,8,8,1,6,4,120.620036,24.104358,3
6715,66000,387130000C,(04)23274275,(04)23288582,2025,5,17,20,6,臺中市,西區,0,0,0,7,,,50,,,,,,,,,,,,,,12,,,,,B03,,,1,,1,,,42,42,1,12,4,120.672642,24.148288,3
6716,66000,387130000C,(04)23274275,(04)23288582,2025,5,17,20,11,臺中市,西屯區,0,1,0,7,1,6,50,13,9,1,5,4,6,6,4,4,1,4,5,2,17,2,9,2,1,C03,7,9,1,10,2,12,,84,84,1,12,4,120.603371,24.185092,2
6717,66000,387130000C,(04)23274275,(04)23288582,2025,5,17,20,11,臺中市,西屯區,0,0,0,7,,,60,,,,,,,,,,,,,,13,,,,,B03,,,1,,1,,,7,7,1,12,4,120.649575,24.163046,3
6718,66000,387130000C,(04)23274275,(04)23288582,2025,5,17,20,22,臺中市,大雅區,0,4,0,7,1,6,60,4,2,1,5,4,6,6,1,1,1,4,5,1,13,2,9,2,1,C03,7,9,1,10,2,11,,84,84,1,13,4,120.673973,24.24028,2
6719,66000,387130000C,(04)23274275,(04)23288582,2025,5,17,20,24,臺中市,大雅區,0,0,0,7,,,50,,,,,,,,,,,,,,17,,,,,B03,,,1,,11,,,84,84,2,12,4,120.645052,24.226232,3
6720,66000,387130000C,(04)23274275,(04)23288582,2025,5,17,20,24,臺中市,太平區,0,0,0,7,,,30,,,,,,,,,,,,,,,,,,,B12,,,1,,9,,,50,50,2,12,4,120.731841,24.152469,3
6721,66000,387130000C,(04)23274275,(04)23288582,2025,5,17,20,26,臺中市,烏日區,0,1,0,6,1,6,50,13,9,1,5,4,6,6,4,4,5,4,5,1,12,3,10,1,1,F03,7,9,7,21,2,12,,41,41,1,6,4,120.624878,24.105835,2
6722,66000,387130000C,(04)23274275,(04)23288582,2025,5,17,20,28,臺中市,北區,0,0,0,7,,,50,,,,,,,,,,,,,,13,,,,,B03,,,1,,1,,,7,7,1,13,4,120.674164,24.165314,3
6723,66000,387130000C,(04)23274275,(04)23288582,2025,5,17,20,30,臺中市,大雅區,0,0,0,7,,,50,,,,,,,,,,,,,,9,,,,,B03,,,1,,9,,,84,84,1,13,4,120.645749,24.227847,3
6724,66000,387130000C,(04)23274275,(04)23288582,2025,5,17,20,37,臺中市,太平區,0,0,0,7,,,30,,,,,,,,,,,,,,14,,,,,B12,,,1,,2,,,49,49,1,6,4,120.732997,24.1407,3
6725,66000,387130000C,(04)23274275,(04)23288582,2025,5,17,20,39,臺中市,北區,0,0,0,7,,,30,,,,,,,,,,,,,,17,,,,,B03,,,1,,1,,,51,51,1,13,4,120.669399,24.16578,3
6726,66000,387130000C,(04)23274275,(04)23288582,2025,5,17,20,42,臺中市,大甲區,0,3,0,7,1,6,30,4,1,1,5,4,6,6,4,4,10,5,5,2,15,2,9,5,4,B03,7,9,1,8,2,1,,15,15,1,6,4,120.627402,24.417813,2
6727,66000,387130000C,(04)23274275,(04)23288582,2025,5,17,20,44,臺中市,西屯區,0,2,0,7,1,6,50,3,1,1,5,4,6,6,1,1,10,5,5,1,8,3,10,1,1,C03,7,5,1,10,2,11,,22,22,1,12,4,120.658608,24.163557,2
6728,66000,387130000C,(04)23274275,(04)23288582,2025,5,17,20,53,臺中市,南區,0,0,0,7,,,50,,,,,,,,,,,,,,,,,,,B03,,,1,,2,,,84,84,1,6,4,120.683543,24.133198,3
6729,66000,387130000C,(04)23274275,(04)23288582,2025,5,17,20,55,臺中市,沙鹿區,0,1,0,6,1,6,50,3,2,1,5,4,6,6,4,4,8,3,5,2,9,3,10,5,4,B03,7,9,1,8,2,1,,10,10,1,13,4,120.576406,24.224768,2
6730,66000,387130000C,(04)23274275,(04)23288582,2025,5,17,21,2,臺中市,大里區,0,0,0,7,,,50,,,,,,,,,,,,,,17,,,,,B03,,,1,,2,,,8,8,1,6,4,120.712041,24.085284,3
6731,66000,387130000C,(04)23274275,(04)23288582,2025,5,17,21,5,臺中市,北區,0,0,0,7,,,50,,,,,,,,,,,,,,30,,,,,A05,,,1,,2,,,49,49,1,13,4,120.686481,24.147541,3
6732,66000,387130000C,(04)23274275,(04)23288582,2025,5,17,21,5,臺中市,南屯區,0,0,0,7,,,50,,,,,,,,,,,,,,,,,,,C03,,,1,,1,,,7,7,1,12,4,120.647251,24.129526,3
6733,66000,387130000C,(04)23274275,(04)23288582,2025,5,17,21,6,臺中市,西屯區,0,0,0,7,,,50,,,,,,,,,,,,,,13,,,,,B03,,,5,,1,,,56,56,1,12,4,120.656053,24.198632,3
6734,66000,387130000C,(04)23274275,(04)23288582,2025,5,17,21,7,臺中市,北屯區,0,0,0,7,,,50,,,,,,,,,,,,,,12,,,,,B03,,,1,,1,,,26,26,1,12,4,120.698695,24.173863,3
6735,66000,387130000C,(04)23274275,(04)23288582,2025,5,17,21,16,臺中市,西屯區,0,0,0,7,,,50,,,,,,,,,,,,,,13,,,,,B03,,,5,,2,,,59,59,1,13,4,120.639584,24.182228,3
6736,66000,387130000C,(04)23274275,(04)23288582,2025,5,17,21,19,臺中市,北區,0,0,0,7,1,6,50,11,9,1,5,4,6,6,4,4,3,5,4,2,17,,,,,B03,,,1,,1,,,40,40,1,13,4,120.683357,24.145986,3
6737,66000,387130000C,(04)23274275,(04)23288582,2025,5,17,21,25,臺中市,北區,0,0,0,7,,,50,,,,,,,,,,,,,,17,,,,,C03,,,1,,2,15,,84,84,1,12,4,120.688307,24.15367,3
6738,66000,387130000C,(04)23274275,(04)23288582,2025,5,17,21,35,臺中市,南屯區,0,1,0,7,1,6,50,4,1,1,5,4,6,6,2,1,10,5,5,2,16,3,10,3,1,B03,7,6,1,8,2,5,,11,11,1,6,4,120.653109,24.133304,2
6739,66000,387130000C,(04)23274275,(04)23288582,2025,5,17,21,43,臺中市,南屯區,0,0,0,7,,,50,,,,,,,,,,,,,,,,,,,F01,,,7,,1,,,59,59,1,13,4,120.635629,24.147925,3
6740,66000,387130000C,(04)23274275,(04)23288582,2025,5,17,21,50,臺中市,東區,0,2,0,7,1,6,50,4,2,1,5,4,6,6,2,1,1,4,5,2,17,2,9,1,1,C03,7,8,1,10,2,13,,40,40,1,12,4,120.692395,24.139415,2
6741,66000,387130000C,(04)23274275,(04)23288582,2025,5,17,21,53,臺中市,大甲區,0,1,0,7,1,6,70,13,9,1,5,4,6,6,1,1,1,4,5,1,12,2,8,2,1,C02,7,7,3,19,2,14,,59,59,1,6,4,120.648405,24.376178,2
6742,66000,387130000C,(04)23274275,(04)23288582,2025,5,17,21,54,臺中市,神岡區,0,0,0,7,,,50,,,,,,,,,,,,,,17,,,,,B03,,,1,,2,,,15,15,1,6,4,120.686475,24.249563,3
6743,66000,387130000C,(04)23274275,(04)23288582,2025,5,17,22,10,臺中市,北屯區,0,0,0,7,,,50,,,,,,,,,,,,,,13,,,,,B03,,,1,,1,,,84,84,1,12,4,120.674338,24.203792,3
6744,66000,387130000C,(04)23274275,(04)23288582,2025,5,17,22,13,臺中市,沙鹿區,0,0,0,6,,,50,,,,,,,,,,,,,,,,,,,,,,,,,,,86,86,1,,,120.566109,24.234745,3
6745,66000,387130000C,(04)23274275,(04)23288582,2025,5,17,22,15,臺中市,沙鹿區,0,0,0,7,,,50,,,,,,,,,,,,,,17,,,,,F03,,,1,,1,,,51,51,1,4,4,120.561422,24.23603,3
6746,66000,387130000C,(04)23274275,(04)23288582,2025,5,17,22,18,臺中市,北屯區,0,2,0,7,1,6,50,3,1,1,5,4,6,6,4,4,10,5,5,2,16,2,9,3,1,B03,7,6,1,8,2,4,,12,12,1,6,4,120.68204,24.176299,2
6747,66000,387130000C,(04)23274275,(04)23288582,2025,5,17,22,32,臺中市,西屯區,0,0,0,7,,,50,,,,,,,,,,,,,,12,,,,,B03,,,1,,2,,,8,8,1,12,4,120.644268,24.171377,3
6748,66000,387130000C,(04)23274275,(04)23288582,2025,5,17,22,39,臺中市,大里區,0,1,0,7,3,6,50,13,9,1,5,4,6,6,4,4,3,4,4,1,9,2,9,6,5,H01,8,17,7,21,10,17,,109,109,1,12,5,120.690105,24.124273,2
6749,66000,387130000C,(04)23274275,(04)23288582,2025,5,17,22,58,臺中市,北屯區,0,0,0,7,,,50,,,,,,,,,,,,,,13,,,,,B03,,,6,,11,,,84,84,1,13,4,120.721886,24.181736,3
6750,66000,387130000C,(04)23274275,(04)23288582,2025,5,17,23,1,臺中市,霧峰區,0,1,0,7,1,6,40,3,2,1,5,4,6,6,4,4,3,4,4,1,13,2,9,5,4,C03,7,9,1,10,2,11,,7,7,1,12,4,120.695527,24.058837,2
6751,66000,387130000C,(04)23274275,(04)23288582,2025,5,17,23,19,臺中市,沙鹿區,0,1,0,7,1,6,40,13,8,1,5,4,6,6,4,4,1,5,4,1,18,2,8,2,1,C03,7,9,1,10,2,14,,59,59,1,6,4,120.580772,24.198299,2
6752,66000,387130000C,(04)23274275,(04)23288582,2025,5,17,23,30,臺中市,東區,0,2,0,7,1,6,50,4,1,1,5,4,6,6,1,1,10,5,5,2,17,2,9,2,1,C03,7,6,1,10,2,13,,48,48,1,12,4,120.702019,24.138901,2
6753,66000,387130000C,(04)23274275,(04)23288582,2025,5,17,23,46,臺中市,南屯區,0,1,0,7,1,6,50,4,2,1,5,4,6,6,1,1,5,4,5,2,17,3,10,3,1,B03,7,5,1,8,2,6,,84,84,1,12,4,120.611003,24.145837,2
6754,66000,387130000C,(04)23274275,(04)23288582,2025,5,17,23,50,臺中市,龍井區,0,0,0,7,,,40,,,,,,,,,,,,,,,,,,,C03,,,1,,2,,,6,6,1,12,4,120.546012,24.191037,3
6755,66000,387130000C,(04)23274275,(04)23288582,2025,5,17,23,57,臺中市,西屯區,0,1,0,7,2,6,50,13,9,1,5,4,6,6,4,4,9,4,5,2,12,2,9,1,1,C03,7,9,1,10,2,12,,85,85,1,12,4,120.650211,24.181989,2
6756,66000,387130000C,(04)23274275,(04)23288582,2025,5,18,0,7,臺中市,南屯區,0,1,0,7,1,6,50,13,9,1,5,4,6,6,4,4,9,5,5,2,17,2,9,1,1,C03,7,9,3,19,8,12,,59,59,1,6,4,120.610342,24.142867,2
6757,66000,387130000C,(04)23274275,(04)23288582,2025,5,18,0,17,臺中市,西屯區,0,0,0,7,,,50,,,,,,,,,,,,,,13,,,,,B03,,,1,,1,,,7,7,1,13,4,120.641018,24.167806,3
6758,66000,387130000C,(04)23274275,(04)23288582,2025,5,18,0,56,臺中市,西屯區,0,0,0,7,,,50,,,,,,,,,,,,,,20,,,,,B03,,,1,,2,,,55,55,1,12,4,120.651934,24.197755,3
6759,66000,387130000C,(04)23274275,(04)23288582,2025,5,18,1,22,臺中市,大雅區,0,2,0,7,1,6,70,13,14,1,5,4,6,6,4,4,1,4,4,1,17,2,9,1,1,C03,7,9,3,19,2,11,,84,84,1,13,4,120.624932,24.242406,2
6760,66000,387130000C,(04)23274275,(04)23288582,2025,5,18,1,27,臺中市,豐原區,0,0,0,7,,,50,,,,,,,,,,,,,,17,,,,,G03,,,7,,2,,,84,84,1,12,4,120.701209,24.249299,3
6761,66000,387130000C,(04)23274275,(04)23288582,2025,5,18,1,30,臺中市,太平區,0,1,0,7,3,6,50,4,2,1,2,4,6,6,4,4,10,5,5,2,17,3,10,5,4,B12,7,5,1,8,2,16,,75,75,1,12,4,120.710862,24.126322,2
6762,66000,387130000C,(04)23274275,(04)23288582,2025,5,18,2,3,臺中市,北區,0,0,0,7,,,50,,,,,,,,,,,,,,17,,,,,C03,,,1,,9,,,84,84,1,13,4,120.684253,24.155352,3
6763,66000,387130000C,(04)23274275,(04)23288582,2025,5,18,3,54,臺中市,東區,0,0,0,7,,,50,,,,,,,,,,,,,,17,,,,,B03,,,3,,1,,,7,7,1,13,4,120.684151,24.13272,3
6764,66000,387130000C,(04)23274275,(04)23288582,2025,5,18,4,38,臺中市,北屯區,0,1,0,7,1,6,50,13,9,1,5,4,6,6,4,4,5,5,5,2,17,2,9,5,4,B03,7,9,1,8,2,8,,84,84,1,13,4,120.703731,24.160616,2
6765,66000,387130000C,(04)23274275,(04)23288582,2025,5,18,5,36,臺中市,北區,0,0,0,7,,,50,,,,,,,,,,,,,,13,,,,,B03,,,1,,2,,,59,59,1,12,4,120.677559,24.151053,3
6766,66000,387130000C,(04)23274275,(04)23288582,2025,5,18,5,37,臺中市,中區,0,0,0,7,,,30,,,,,,,,,,,,,,,,,,,B03,,,5,,2,,,4,4,1,13,4,120.683524,24.142605,3
6767,66000,387130000C,(04)23274275,(04)23288582,2025,5,18,6,17,臺中市,大甲區,0,2,0,7,3,6,50,4,1,1,5,4,6,6,3,1,10,5,5,2,15,2,9,5,4,C03,7,9,1,10,2,11,,24,24,1,6,4,120.624517,24.346255,2
6768,66000,387130000C,(04)23274275,(04)23288582,2025,5,18,6,19,臺中市,北區,0,0,0,7,,,50,,,,,,,,,,,,,,17,,,,,B01,,,1,,1,,,84,84,2,12,4,120.678092,24.14906,3
6769,66000,387130000C,(04)23274275,(04)23288582,2025,5,18,6,29,臺中市,大安區,0,0,0,7,,,40,,,,,,,,,,,,,,3,,,,,B03,,,1,,2,,,51,51,1,13,5,120.583635,24.349983,3
6770,66000,387130000C,(04)23274275,(04)23288582,2025,5,18,6,53,臺中市,西屯區,0,1,0,7,2,6,40,13,8,1,5,4,6,6,4,4,1,5,5,2,17,3,10,5,4,C03,7,12,1,10,2,13,,42,42,1,13,4,120.615268,24.182938,2
6771,66000,387130000C,(04)23274275,(04)23288582,2025,5,18,7,8,臺中市,東區,0,1,0,7,2,6,50,13,9,1,5,4,6,6,4,4,10,4,5,2,11,3,10,2,1,C03,7,9,1,10,9,14,,4,4,1,6,4,120.690726,24.139524,2
6772,66000,387130000C,(04)23274275,(04)23288582,2025,5,18,7,23,臺中市,南屯區,0,0,0,7,,,50,,,,,,,,,,,,,,,,,,,A12,,,1,,1,,,78,78,1,13,4,120.602566,24.150775,3
6773,66000,387130000C,(04)23274275,(04)23288582,2025,5,18,7,24,臺中市,北屯區,0,1,0,7,2,6,50,3,1,1,5,4,6,6,4,4,1,4,1,2,16,3,10,3,1,B03,7,5,1,8,2,4,,12,12,1,6,4,120.724992,24.161768,2
6774,66000,387130000C,(04)23274275,(04)23288582,2025,5,18,7,24,臺中市,大甲區,0,2,0,7,3,6,50,4,1,1,5,4,6,6,4,4,10,5,5,2,17,2,9,1,1,C03,7,9,1,10,2,12,,7,7,1,6,4,120.62388,24.345332,2
6775,66000,387130000C,(04)23274275,(04)23288582,2025,5,18,7,25,臺中市,清水區,0,0,0,7,,,30,,,,,,,,,,,,,,,,,,,B03,,,1,,1,,,49,49,1,12,4,120.569023,24.269608,3
6776,66000,387130000C,(04)23274275,(04)23288582,2025,5,18,7,28,臺中市,東區,0,1,0,7,3,6,50,4,1,1,5,4,6,6,1,1,10,5,5,2,16,2,9,5,4,C03,7,9,1,10,2,11,,21,21,1,12,4,120.692456,24.142745,2
6777,66000,387130000C,(04)23274275,(04)23288582,2025,5,18,7,30,臺中市,潭子區,0,2,0,7,2,6,60,4,1,1,5,4,6,6,2,1,10,5,5,2,13,2,9,1,1,C03,7,9,1,10,2,11,,7,7,1,13,4,120.70782,24.227598,2
6778,66000,387130000C,(04)23274275,(04)23288582,2025,5,18,7,35,臺中市,北區,0,1,0,7,2,6,50,3,1,1,5,4,6,6,2,1,2,4,4,2,17,3,10,3,1,B03,7,6,1,8,2,8,,11,11,1,12,4,120.684935,24.157604,2
6779,66000,387130000C,(04)23274275,(04)23288582,2025,5,18,7,36,臺中市,霧峰區,0,1,0,7,2,6,50,3,1,1,5,4,6,6,1,1,10,5,5,2,16,2,9,1,1,C03,7,6,3,19,2,14,,11,11,1,13,4,120.699801,24.073857,2
6780,66000,387130000C,(04)23274275,(04)23288582,2025,5,18,7,38,臺中市,霧峰區,0,1,0,7,3,6,25,4,1,1,5,4,6,6,4,4,10,5,5,2,15,2,9,1,1,C03,7,9,1,10,2,11,,12,12,1,6,4,120.689762,24.062294,2
6781,66000,387130000C,(04)23274275,(04)23288582,2025,5,18,7,41,臺中市,南屯區,0,2,0,7,2,6,50,3,1,1,5,4,6,6,1,1,10,5,5,2,17,2,9,6,1,F01,7,9,7,21,2,14,,39,39,1,12,4,120.614025,24.139097,2
6782,66000,387130000C,(04)23274275,(04)23288582,2025,5,18,7,54,臺中市,西區,0,0,0,7,,,50,,,,,,,,,,,,,,17,,,,,C03,,,1,,2,,,84,84,1,12,4,120.66563,24.135209,3
6783,66000,387130000C,(04)23274275,(04)23288582,2025,5,18,7,59,臺中市,大雅區,0,1,0,7,1,6,30,13,9,1,5,4,6,6,4,4,1,4,5,1,17,3,10,3,1,B03,7,1,1,8,2,8,,51,51,1,13,4,120.64904,24.217629,2
6784,66000,387130000C,(04)23274275,(04)23288582,2025,5,18,7,59,臺中市,太平區,0,2,0,7,2,6,50,4,1,1,5,4,6,6,1,1,10,5,5,2,16,2,9,1,1,C03,7,6,1,10,2,14,,48,48,1,12,4,120.716874,24.131541,2
6785,66000,387130000C,(04)23274275,(04)23288582,2025,5,18,8,6,臺中市,外埔區,0,0,0,7,,,30,,,,,,,,,,,,,,15,,,,,B03,,,1,,2,,,13,13,1,12,4,120.663393,24.322663,3
6786,66000,387130000C,(04)23274275,(04)23288582,2025,5,18,8,10,臺中市,北屯區,0,0,0,7,,,50,,,,,,,,,,,,,,13,,,,,B03,,,1,,2,,,84,84,1,12,4,120.664468,24.185316,3
6787,66000,387130000C,(04)23274275,(04)23288582,2025,5,18,8,11,臺中市,東區,0,3,0,7,2,6,50,3,1,1,5,4,6,6,4,4,5,5,5,2,12,2,9,1,1,C03,7,4,1,10,2,12,,34,34,1,13,4,120.694648,24.139596,2
6788,66000,387130000C,(04)23274275,(04)23288582,2025,5,18,8,12,臺中市,大里區,0,1,0,7,3,6,50,11,9,1,5,4,6,6,4,4,5,5,5,1,17,2,9,1,1,C03,7,8,3,19,2,14,,84,84,1,12,4,120.702917,24.088081,2
6789,66000,387130000C,(04)23274275,(04)23288582,2025,5,18,8,12,臺中市,清水區,0,0,0,7,,,60,,,,,,,,,,,,,,,,,,,B03,,,1,,2,,,56,56,1,12,4,120.552289,24.293688,3
6790,66000,387130000C,(04)23274275,(04)23288582,2025,5,18,8,16,臺中市,東勢區,0,1,0,7,2,6,50,3,2,1,5,4,6,6,4,4,5,5,5,1,13,2,8,5,4,C03,7,9,1,10,2,11,,7,7,1,13,4,120.842859,24.168399,2
6791,66000,387130000C,(04)23274275,(04)23288582,2025,5,18,8,24,臺中市,太平區,0,1,0,7,3,6,50,5,9,1,5,4,6,6,1,1,5,5,5,2,13,3,10,1,1,C03,7,9,1,10,2,11,,7,7,1,12,4,120.724136,24.137583,2
6792,66000,387130000C,(04)23274275,(04)23288582,2025,5,18,8,25,臺中市,北屯區,0,0,0,7,,,30,,,,,,,,,,,,,,16,,,,,B03,,,1,8,1,,,14,14,1,6,4,120.699942,24.179795,3
6793,66000,387130000C,(04)23274275,(04)23288582,2025,5,18,8,27,臺中市,南屯區,0,0,0,7,,,40,,,,,,,,,,,,,,14,,,,,B03,,,3,,9,,,49,49,1,12,4,120.651894,24.137804,3
6794,66000,387130000C,(04)23274275,(04)23288582,2025,5,18,8,28,臺中市,南屯區,0,2,0,7,3,6,50,4,1,1,5,4,6,6,1,1,10,5,5,2,17,2,7,2,1,C03,7,1,1,10,2,11,,51,51,1,12,4,120.652984,24.153695,2
6795,66000,387130000C,(04)23274275,(04)23288582,2025,5,18,8,38,臺中市,大里區,0,1,0,7,2,6,50,4,1,1,5,4,6,6,4,4,10,5,5,2,16,2,9,1,1,C03,7,6,1,10,2,12,,14,14,1,13,4,120.688005,24.085979,2
6796,66000,387130000C,(04)23274275,(04)23288582,2025,5,18,8,50,臺中市,龍井區,0,3,0,7,3,6,30,4,1,1,5,4,6,6,4,4,10,5,5,2,15,2,8,1,1,C03,7,9,1,10,2,12,,20,20,1,6,4,120.548232,24.186428,2
6797,66000,387130000C,(04)23274275,(04)23288582,2025,5,18,8,52,臺中市,西區,0,1,0,7,3,6,50,4,1,1,5,4,6,6,2,1,10,5,5,2,13,2,9,1,1,C03,7,9,1,10,2,11,,7,7,1,6,4,120.670498,24.14606,2
6798,66000,387130000C,(04)23274275,(04)23288582,2025,5,18,8,54,臺中市,霧峰區,0,0,0,7,,,50,,,,,,,,,,,,,,17,,,,,C03,,,1,,9,,,59,59,1,13,4,120.699077,24.067105,3
6799,66000,387130000C,(04)23274275,(04)23288582,2025,5,18,8,56,臺中市,霧峰區,0,1,0,7,3,6,30,13,9,1,5,4,6,6,4,4,10,5,5,2,11,2,9,1,1,C03,7,10,1,10,2,11,,84,84,1,6,4,120.713161,24.077547,2
6800,66000,387130000C,(04)23274275,(04)23288582,2025,5,18,8,57,臺中市,西屯區,0,0,0,7,,,40,,,,,,,,,,,,,,14,,,,,B03,,,1,,1,,,49,49,1,13,4,120.656521,24.158584,3
6801,66000,387130000C,(04)23274275,(04)23288582,2025,5,18,9,5,臺中市,西屯區,0,0,0,7,,,50,,,,,,,,,,,,,,17,,,,,B03,,,1,,1,,,59,59,1,12,4,120.629973,24.183525,3
6802,66000,387130000C,(04)23274275,(04)23288582,2025,5,18,9,13,臺中市,大里區,0,1,0,7,3,6,50,11,9,1,5,4,6,6,4,4,1,4,5,2,12,3,10,3,1,B03,7,4,1,8,2,2,,84,84,1,6,4,120.688534,24.119441,2
6803,66000,387130000C,(04)23274275,(04)23288582,2025,5,18,9,24,臺中市,沙鹿區,0,1,0,7,3,6,30,4,1,1,5,4,6,6,4,4,10,5,5,2,15,2,9,1,1,C03,7,9,3,19,2,11,,12,12,1,12,4,120.568673,24.230558,2
6804,66000,387130000C,(04)23274275,(04)23288582,2025,5,18,9,29,臺中市,太平區,0,0,0,7,2,6,30,,,,,,,,,,,,,,,,,,,B03,,,1,,1,6,,8,8,1,12,4,120.701682,24.111224,3
6805,66000,387130000C,(04)23274275,(04)23288582,2025,5,18,9,30,臺中市,大里區,0,0,0,7,,,30,,,,,,,,,,,,,,17,,,,,A12,,,1,,9,,,8,8,1,13,4,120.699324,24.107733,3
6806,66000,387130000C,(04)23274275,(04)23288582,2025,5,18,9,31,臺中市,沙鹿區,0,0,0,7,,,50,,,,,,,,,,,,,,,,,,,B03,,,1,,2,,,49,49,1,6,4,120.577811,24.222366,3
6807,66000,387130000C,(04)23274275,(04)23288582,2025,5,18,9,41,臺中市,新社區,0,0,0,7,,,50,,,,,,,,,,,,,,11,,,,,B03,,,5,,9,,,84,84,2,13,4,120.799705,24.20027,3
6808,66000,387130000C,(04)23274275,(04)23288582,2025,5,18,9,50,臺中市,太平區,0,1,0,7,3,6,50,4,1,1,5,4,6,6,4,4,10,5,5,2,15,2,9,2,1,C03,7,9,1,10,2,11,,15,15,1,12,4,120.712975,24.152966,2
6809,66000,387130000C,(04)23274275,(04)23288582,2025,5,18,9,51,臺中市,大雅區,0,1,0,7,1,6,50,4,1,1,5,4,6,6,1,1,1,4,5,2,17,2,9,1,1,C03,7,9,1,10,2,12,,21,21,1,13,4,120.645263,24.225553,2
6810,66000,387130000C,(04)23274275,(04)23288582,2025,5,18,9,51,臺中市,西屯區,0,0,0,7,,,50,,,,,,,,,,,,,,17,,,,,C03,,,1,,1,,,78,78,1,12,4,120.641346,24.170971,3
6811,66000,387130000C,(04)23274275,(04)23288582,2025,5,18,9,57,臺中市,后里區,0,1,0,7,2,6,50,4,1,1,5,4,6,6,4,4,5,5,5,1,13,2,3,3,1,B03,7,9,1,8,2,1,,7,7,1,12,4,120.730755,24.308006,2
6812,66000,387130000C,(04)23274275,(04)23288582,2025,5,18,10,1,臺中市,霧峰區,0,2,0,7,2,6,0,3,2,1,5,4,6,6,3,1,5,5,5,1,3,2,9,6,5,H01,8,16,7,21,10,17,,98,98,1,12,5,120.682464,24.06533,2
6813,66000,387130000C,(04)23274275,(04)23288582,2025,5,18,10,6,臺中市,西區,0,0,0,7,,,50,,,,,,,,,,,,,,,,,,,B03,,,1,,1,,,8,8,1,6,4,120.663235,24.144865,3
6814,66000,387130000C,(04)23274275,(04)23288582,2025,5,18,10,7,臺中市,大里區,0,1,0,7,3,6,50,13,9,1,5,4,6,6,4,4,9,5,5,1,18,2,9,1,1,C03,7,9,3,19,2,16,,84,84,1,6,4,120.700368,24.093758,2
6815,66000,387130000C,(04)23274275,(04)23288582,2025,5,18,10,10,臺中市,太平區,0,2,0,7,2,6,50,3,2,1,5,4,6,6,4,4,5,2,5,1,16,2,9,4,1,F01,7,6,7,21,2,14,,48,48,1,12,4,120.718718,24.129758,2
6816,66000,387130000C,(04)23274275,(04)23288582,2025,5,18,10,11,臺中市,西區,0,0,0,7,,,50,,,,,,,,,,,,,,15,,,,,B12,,,1,,1,,,12,12,1,12,4,120.673039,24.152222,3
6817,66000,387130000C,(04)23274275,(04)23288582,2025,5,18,10,15,臺中市,大雅區,0,0,0,7,,,70,,,,,,,,,,,,,,,,,,,B03,,,1,,1,,,7,7,1,13,4,120.629981,24.240934,3
6818,66000,387130000C,(04)23274275,(04)23288582,2025,5,18,10,19,臺中市,西區,0,0,0,7,,,50,,,,,,,,,,,,,,17,,,,,B03,,,1,,2,,,51,51,1,12,4,120.664274,24.134186,3
6819,66000,387130000C,(04)23274275,(04)23288582,2025,5,18,10,19,臺中市,南屯區,0,0,0,7,,,50,,,,,,,,,,,,,,,,,,,B03,,,1,,1,,,49,49,1,13,4,120.651383,24.141794,3
6820,66000,387130000C,(04)23274275,(04)23288582,2025,5,18,10,21,臺中市,石岡區,0,1,0,7,2,6,70,5,7,1,5,4,6,6,1,1,1,4,4,1,13,3,10,5,4,B03,7,9,1,8,2,1,,7,7,1,13,4,120.77685,24.274184,2
6821,66000,387130000C,(04)23274275,(04)23288582,2025,5,18,10,26,臺中市,西屯區,0,1,0,7,2,6,50,13,9,1,5,4,6,6,4,4,1,4,5,2,22,2,9,5,4,C03,7,9,1,10,2,12,,59,59,1,12,4,120.594818,24.197157,2
6822,66000,387130000C,(04)23274275,(04)23288582,2025,5,18,10,28,臺中市,西屯區,0,0,0,7,,,30,,,,,,,,,,,,,,14,,,,,B12,,,1,,2,,,49,49,1,13,4,120.638362,24.182442,3
6823,66000,387130000C,(04)23274275,(04)23288582,2025,5,18,10,29,臺中市,沙鹿區,0,0,0,7,,,50,,,,,,,,,,,,,,,,,,,C03,,,1,,2,,,8,8,1,13,4,120.565098,24.244188,3