序號,縣市別代碼,機關代碼,市話,傳真,年,月,日,時,分,縣市,區,死亡數量,受傷數量,2-30,天候,道路照明設備,道路類別,道路速限,道路型態,事故位置,路面鋪裝,路面狀態,路面缺陷,障礙物,視距,號誌種類,號誌動作,分向設施,快車道或一般車道間,快慢車道間,路面邊線,事故類型及型態,受傷程度,主要傷處,保護裝備,行動電話或功能裝置,當事者區分(類別),車輛用途,當事者行動狀態,駕照狀態,駕照種類,飲酒情形,車輛撞擊部位最初,車輛撞擊部位其他,肇事因素個別,肇事因素主要,肇事逃逸,職業,共享經濟或外送平台,GPS座標X,GPS座標Y,事故類別
6824,66000,387130000C,(04)23274275,(04)23288582,2025,5,18,10,33,臺中市,霧峰區,0,1,0,7,3,6,50,4,1,1,5,4,6,6,1,1,10,5,5,2,16,3,10,3,1,B03,7,5,1,8,2,6,,11,11,1,12,4,120.696045,24.06561,2
6825,66000,387130000C,(04)23274275,(04)23288582,2025,5,18,10,38,臺中市,梧棲區,0,0,0,7,,,40,,,,,,,,,,,,,,12,,,,,B03,,,1,,2,,,8,8,1,12,4,120.545746,24.246795,3
6826,66000,387130000C,(04)23274275,(04)23288582,2025,5,18,10,47,臺中市,北屯區,0,1,0,7,2,6,50,13,9,1,5,4,6,6,4,4,5,4,5,2,18,2,9,1,1,C03,7,9,1,10,2,14,,55,55,1,12,4,120.678485,24.187376,2
6827,66000,387130000C,(04)23274275,(04)23288582,2025,5,18,10,50,臺中市,北區,0,1,0,7,2,6,40,13,8,1,5,4,6,6,4,4,1,4,4,2,17,3,10,5,1,C03,7,9,1,10,2,13,,42,42,1,13,4,120.677067,24.15307,2
6828,66000,387130000C,(04)23274275,(04)23288582,2025,5,18,10,50,臺中市,豐原區,0,0,0,7,3,6,40,13,9,1,5,4,6,6,4,4,10,5,5,2,11,3,10,5,4,B03,7,9,1,8,2,8,8,56,56,1,12,4,120.732218,24.2477,3
6829,66000,387130000C,(04)23274275,(04)23288582,2025,5,18,10,55,臺中市,沙鹿區,0,1,0,7,2,6,40,13,8,1,5,4,6,6,4,4,1,4,1,1,13,2,9,1,1,C03,7,9,1,10,2,12,14,7,7,1,12,4,120.570737,24.235518,2
6830,66000,387130000C,(04)23274275,(04)23288582,2025,5,18,11,0,臺中市,西區,0,1,0,7,2,6,50,3,1,1,5,4,6,6,4,4,10,5,5,2,17,2,9,2,1,C03,7,6,1,10,2,11,,20,20,1,12,4,120.653502,24.147644,2
6831,66000,387130000C,(04)23274275,(04)23288582,2025,5,18,11,1,臺中市,北區,0,0,0,7,,,50,,,,,,,,,,,,,,,,,,,B12,,,1,,2,,,84,84,1,13,4,120.679596,24.153959,3
6832,66000,387130000C,(04)23274275,(04)23288582,2025,5,18,11,2,臺中市,北區,0,0,0,7,2,6,50,13,9,1,5,4,6,6,4,4,1,4,4,2,13,3,10,3,1,B03,7,9,1,8,1,1,,84,84,1,12,4,120.684968,24.162475,4
6833,66000,387130000C,(04)23274275,(04)23288582,2025,5,18,11,4,臺中市,南屯區,0,0,0,7,,,50,,,,,,,,,,,,,,,,,,,B03,,,1,,2,,,59,59,1,12,4,120.628648,24.147818,3
6834,66000,387130000C,(04)23274275,(04)23288582,2025,5,18,11,7,臺中市,烏日區,0,2,0,7,2,6,30,4,1,1,5,4,6,6,4,4,10,5,5,2,17,2,9,5,4,C03,7,9,1,10,2,12,,15,15,1,12,4,120.630104,24.102844,2
6835,66000,387130000C,(04)23274275,(04)23288582,2025,5,18,11,7,臺中市,石岡區,0,0,0,7,,,70,,,,,,,,,,,,,,12,,,,,B03,,,1,,1,,,40,40,1,13,4,120.783256,24.274475,3
6836,66000,387130000C,(04)23274275,(04)23288582,2025,5,18,11,8,臺中市,北屯區,0,1,0,7,3,6,50,4,2,1,5,4,6,6,1,1,10,4,5,2,17,3,10,3,1,B03,7,1,1,8,2,4,,51,51,1,12,4,120.718838,24.172649,2
6837,66000,387130000C,(04)23274275,(04)23288582,2025,5,18,11,9,臺中市,北區,0,0,0,7,,,50,,,,,,,,,,,,,,17,,,,,B03,,,1,,2,,,8,8,1,13,4,120.677797,24.148982,3
6838,66000,387130000C,(04)23274275,(04)23288582,2025,5,18,11,11,臺中市,潭子區,0,0,0,7,,,50,,,,,,,,,,,,,,9,,,,,B03,,,1,,9,,,58,58,1,12,4,120.697882,24.195008,3
6839,66000,387130000C,(04)23274275,(04)23288582,2025,5,18,11,11,臺中市,西區,0,0,0,7,,,40,,,,,,,,,,,,,,,,,,,C03,,,1,,1,,,1,1,1,12,4,120.666927,24.153191,3
6840,66000,387130000C,(04)23274275,(04)23288582,2025,5,18,11,12,臺中市,西屯區,0,0,0,7,,,40,,,,,,,,,,,,,,11,,,,,B03,,,1,,2,,,49,49,1,12,4,120.648584,24.183395,3
6841,66000,387130000C,(04)23274275,(04)23288582,2025,5,18,11,13,臺中市,大甲區,0,2,0,7,2,6,40,4,9,1,5,4,6,6,4,4,6,3,5,1,15,2,9,1,1,C03,7,9,1,10,2,11,,15,15,1,12,4,120.621496,24.352473,2
6842,66000,387130000C,(04)23274275,(04)23288582,2025,5,18,11,15,臺中市,西屯區,0,1,0,7,2,6,50,3,1,1,5,4,6,6,2,1,10,5,5,2,16,2,9,2,4,C03,7,11,1,10,2,14,,45,45,1,13,4,120.639299,24.179855,2
6843,66000,387130000C,(04)23274275,(04)23288582,2025,5,18,11,18,臺中市,神岡區,0,0,0,7,,,60,,,,,,,,,,,,,,13,,,,,C03,,,1,,1,,,84,84,1,12,4,120.687189,24.247294,4
6844,66000,387130000C,(04)23274275,(04)23288582,2025,5,18,11,19,臺中市,豐原區,0,1,0,7,2,6,50,13,9,1,5,4,6,6,4,4,10,5,5,2,11,2,9,1,1,F03,7,9,7,21,2,11,,84,84,1,12,4,120.725721,24.275435,2
6845,66000,387130000C,(04)23274275,(04)23288582,2025,5,18,11,22,臺中市,大雅區,0,0,0,7,,,30,,,,,,,,,,,,,,14,,,,,C03,,,1,,2,,,49,49,1,12,4,120.624351,24.235328,3
6846,66000,387130000C,(04)23274275,(04)23288582,2025,5,18,11,22,臺中市,東區,0,1,0,7,3,6,50,4,1,1,5,4,6,6,2,1,10,5,5,2,18,2,9,2,1,C02,7,9,1,9,2,12,,82,82,1,13,4,120.689257,24.14001,2
6847,66000,387130000C,(04)23274275,(04)23288582,2025,5,18,11,22,臺中市,豐原區,0,0,0,7,2,6,50,13,8,1,5,4,6,6,4,4,9,5,4,2,12,3,10,3,1,B03,7,2,1,8,9,5,,8,8,1,12,4,120.723116,24.251457,3
6848,66000,387130000C,(04)23274275,(04)23288582,2025,5,18,11,28,臺中市,西區,0,0,0,7,3,6,50,4,9,1,5,4,6,6,2,1,4,1,5,2,13,,,,,B03,,,1,,1,,,84,84,1,13,4,120.664654,24.15283,3
6849,66000,387130000C,(04)23274275,(04)23288582,2025,5,18,11,30,臺中市,南屯區,0,1,0,7,2,6,40,13,7,1,5,4,6,6,4,4,9,4,4,2,12,2,9,1,1,C03,7,8,1,10,2,14,,40,40,1,12,4,120.642806,24.148794,2
6850,66000,387130000C,(04)23274275,(04)23288582,2025,5,18,11,34,臺中市,北屯區,0,0,0,7,,,50,,,,,,,,,,,,,,13,,,,,B03,,,1,,1,,,7,7,1,12,4,120.704567,24.186493,3
6851,66000,387130000C,(04)23274275,(04)23288582,2025,5,18,11,44,臺中市,南區,0,0,0,7,,,50,,,,,,,,,,,,,,10,,,,,C03,,,1,10,1,,,7,7,1,12,4,120.680801,24.133506,3
6852,66000,387130000C,(04)23274275,(04)23288582,2025,5,18,11,48,臺中市,大雅區,0,0,0,7,1,6,70,3,2,1,5,4,6,6,1,1,1,4,4,1,17,,,,,C03,,,1,,1,,,7,7,1,13,4,120.636664,24.234798,3
6853,66000,387130000C,(04)23274275,(04)23288582,2025,5,18,11,49,臺中市,西區,0,0,0,7,,,50,,,,,,,,,,,,,,13,,,,,B03,,,1,,1,,,84,84,1,12,4,120.661414,24.141082,3
6854,66000,387130000C,(04)23274275,(04)23288582,2025,5,18,11,50,臺中市,后里區,0,0,0,7,2,6,50,4,1,1,5,4,6,6,1,1,5,4,4,2,13,3,10,3,1,B03,7,9,1,8,1,8,,7,7,1,12,4,120.712184,24.308215,3
6855,66000,387130000C,(04)23274275,(04)23288582,2025,5,18,11,50,臺中市,豐原區,0,1,0,7,2,6,40,4,2,1,5,4,6,6,4,4,5,4,4,2,16,2,8,1,1,C03,7,11,1,10,2,14,,46,46,1,6,4,120.722203,24.238732,2
6856,66000,387130000C,(04)23274275,(04)23288582,2025,5,18,11,54,臺中市,西屯區,0,0,0,7,,,50,,,,,,,,,,,,,,17,,,,,B03,,,1,,1,,,51,51,1,12,4,120.64451,24.161797,3
6857,66000,387130000C,(04)23274275,(04)23288582,2025,5,18,12,2,臺中市,豐原區,0,1,0,7,3,6,50,3,1,1,5,4,6,6,4,4,5,5,4,2,16,3,10,5,4,B03,7,6,1,8,2,4,,14,14,1,12,4,120.734007,24.247157,2
6858,66000,387130000C,(04)23274275,(04)23288582,2025,5,18,12,3,臺中市,大里區,0,0,0,7,,,50,,,,,,,,,,,,,,15,,,,,F03,,,7,,9,,,15,15,1,6,4,120.682581,24.114401,3
6859,66000,387130000C,(04)23274275,(04)23288582,2025,5,18,12,3,臺中市,烏日區,0,0,0,7,,,50,,,,,,,,,,,,,,,,,,,B03,,,1,,1,,,43,43,1,5,4,120.615574,24.113057,3
6860,66000,387130000C,(04)23274275,(04)23288582,2025,5,18,12,9,臺中市,東勢區,0,0,0,7,,,50,,,,,,,,,,,,,,,,,,,B03,,,1,,1,,,49,49,1,13,4,120.834756,24.237487,3
6861,66000,387130000C,(04)23274275,(04)23288582,2025,5,18,12,11,臺中市,北區,0,1,0,7,2,6,50,3,1,1,5,4,6,6,4,4,5,5,5,2,17,3,10,3,1,B03,7,1,1,8,2,8,,51,51,1,12,4,120.686058,24.149215,2
6862,66000,387130000C,(04)23274275,(04)23288582,2025,5,18,12,13,臺中市,西屯區,0,0,0,7,,,50,,,,,,,,,,,,,,13,,,,,B03,,,1,,1,,,7,7,1,13,4,120.637142,24.170013,3
6863,66000,387130000C,(04)23274275,(04)23288582,2025,5,18,12,18,臺中市,西區,0,0,0,7,,,50,,,,,,,,,,,,,,17,,,,,B03,,,1,,1,,,7,7,1,12,4,120.656171,24.155586,3
6864,66000,387130000C,(04)23274275,(04)23288582,2025,5,18,12,18,臺中市,清水區,0,0,0,7,,,60,,,,,,,,,,,,,,,,,,,B03,,,1,,1,,,7,7,1,12,4,120.552056,24.293031,3
6865,66000,387130000C,(04)23274275,(04)23288582,2025,5,18,12,21,臺中市,豐原區,0,0,0,7,,,30,,,,,,,,,,,,,,,,,,,B03,,,1,,9,,,49,49,1,13,4,120.717701,24.251018,3
6866,66000,387130000C,(04)23274275,(04)23288582,2025,5,18,12,23,臺中市,西屯區,0,2,0,7,1,6,40,4,19,1,5,4,6,6,1,1,10,5,5,2,3,2,9,1,1,C03,7,9,3,19,5,11,,21,21,1,12,4,120.66314,24.178094,2
6867,66000,387130000C,(04)23274275,(04)23288582,2025,5,18,12,25,臺中市,沙鹿區,0,2,0,7,2,6,50,4,1,1,5,4,6,6,4,4,5,5,5,2,15,3,10,3,1,B03,7,9,1,8,2,5,,12,12,1,12,4,120.562717,24.243188,2
6868,66000,387130000C,(04)23274275,(04)23288582,2025,5,18,12,28,臺中市,北區,0,2,0,7,2,6,50,13,9,1,5,4,6,6,4,4,5,5,5,2,3,2,9,6,5,H01,8,16,7,21,10,17,,95,95,1,13,5,120.686869,24.162225,2
6869,66000,387130000C,(04)23274275,(04)23288582,2025,5,18,12,29,臺中市,北屯區,0,1,0,7,2,6,50,4,1,1,5,4,6,6,2,1,10,5,5,2,16,3,10,3,1,B12,7,9,1,8,2,1,,21,21,1,6,4,120.671094,24.175055,2
6870,66000,387130000C,(04)23274275,(04)23288582,2025,5,18,12,29,臺中市,西屯區,0,0,0,7,,,50,,,,,,,,,,,,,,13,,,,,C03,,,1,,1,,,59,59,1,13,4,120.646731,24.157682,3
6871,66000,387130000C,(04)23274275,(04)23288582,2025,5,18,12,30,臺中市,南區,0,0,0,7,,,,,,,,,,,,,,,,,30,,,,,,,,,,,,,115,115,1,,4,120.680766,24.130564,3
6872,66000,387130000C,(04)23274275,(04)23288582,2025,5,18,12,30,臺中市,大甲區,0,0,0,7,,,40,,,,,,,,,,,,,,,,,,,B03,,,1,,2,,,8,8,1,12,4,120.62545,24.352878,4
6873,66000,387130000C,(04)23274275,(04)23288582,2025,5,18,12,31,臺中市,北區,0,2,0,7,2,6,30,4,1,1,5,4,6,6,4,4,5,4,5,2,15,2,9,1,1,C03,7,9,1,10,2,14,,20,20,1,12,4,120.692734,24.156606,2
6874,66000,387130000C,(04)23274275,(04)23288582,2025,5,18,12,32,臺中市,東區,0,0,0,7,,,50,,,,,,,,,,,,,,12,,,,,B03,,,1,,2,,,84,84,1,13,4,120.691668,24.142954,3
6875,66000,387130000C,(04)23274275,(04)23288582,2025,5,18,12,42,臺中市,東勢區,0,2,0,7,2,6,50,13,9,1,5,4,6,6,4,4,5,5,5,1,17,2,9,5,4,C03,7,6,1,10,2,13,,20,20,1,13,4,120.823956,24.261652,2
6876,66000,387130000C,(04)23274275,(04)23288582,2025,5,18,12,44,臺中市,沙鹿區,0,0,0,7,,,50,,,,,,,,,,,,,,,,,,,B03,,,1,,1,,,78,78,1,13,4,120.596652,24.249771,3
6877,66000,387130000C,(04)23274275,(04)23288582,2025,5,18,12,51,臺中市,東區,0,1,0,7,2,6,50,4,3,1,5,4,6,6,1,1,5,2,5,2,13,3,10,2,1,C03,7,9,1,10,1,11,,7,7,1,13,4,120.701456,24.138879,2
6878,66000,387130000C,(04)23274275,(04)23288582,2025,5,18,12,55,臺中市,北區,0,1,0,7,2,6,30,4,1,1,5,4,6,6,4,4,10,5,5,2,15,3,10,1,1,C03,7,9,1,10,2,12,,20,20,1,12,4,120.672057,24.167455,2
6879,66000,387130000C,(04)23274275,(04)23288582,2025,5,18,12,56,臺中市,大里區,0,0,0,7,,,40,,,,,,,,,,,,,,13,,,,,B03,,,1,,2,,,84,84,1,13,4,120.68685,24.093638,3
6880,66000,387130000C,(04)23274275,(04)23288582,2025,5,18,12,58,臺中市,西屯區,0,0,0,7,,,40,,,,,,,,,,,,,,13,,,,,B03,,,1,,1,,,7,7,1,12,4,120.658856,24.163589,3
6881,66000,387130000C,(04)23274275,(04)23288582,2025,5,18,13,0,臺中市,西屯區,0,0,0,7,,,50,,,,,,,,,,,,,,16,,,,,B03,,,1,,1,,,35,35,1,13,4,120.657127,24.200899,3
6882,66000,387130000C,(04)23274275,(04)23288582,2025,5,18,13,2,臺中市,東區,0,0,0,7,,,30,,,,,,,,,,,,,,17,,,,,B03,,,1,,1,,,84,84,1,13,4,120.697669,24.141286,3
6883,66000,387130000C,(04)23274275,(04)23288582,2025,5,18,13,5,臺中市,西區,0,0,0,7,,,50,,,,,,,,,,,,,,17,,,,,B03,,,1,,2,,,44,44,1,12,4,120.660215,24.149024,3
6884,66000,387130000C,(04)23274275,(04)23288582,2025,5,18,13,5,臺中市,西區,0,0,0,7,,,50,,,,,,,,,,,,,,,,,,,B03,,,1,,1,,,84,84,1,6,4,120.662011,24.156228,3
6885,66000,387130000C,(04)23274275,(04)23288582,2025,5,18,13,6,臺中市,西區,0,0,0,7,,,50,,,,,,,,,,,,,,,,,,,C04,,,1,,2,,,84,84,1,6,4,120.660747,24.151007,3
6886,66000,387130000C,(04)23274275,(04)23288582,2025,5,18,13,10,臺中市,北區,0,0,0,7,2,6,50,5,2,1,5,4,6,6,2,1,5,2,5,2,13,,,,,B03,,,1,,1,,,7,7,1,12,4,120.681814,24.144575,3
6887,66000,387130000C,(04)23274275,(04)23288582,2025,5,18,13,16,臺中市,北屯區,0,0,0,7,,,40,,,,,,,,,,,,,,12,,,,,B03,,,1,8,9,,,84,84,1,6,4,120.665049,24.191206,3
6888,66000,387130000C,(04)23274275,(04)23288582,2025,5,18,13,17,臺中市,大甲區,0,0,0,7,,,40,,,,,,,,,,,,,,15,,,,,F03,,,,,1,,,6,6,1,13,4,120.621302,24.347157,3
6889,66000,387130000C,(04)23274275,(04)23288582,2025,5,18,13,25,臺中市,西屯區,0,0,0,7,,,50,,,,,,,,,,,,,,13,,,,,C03,,,1,,1,,,7,7,1,12,4,120.644517,24.171364,3
6890,66000,387130000C,(04)23274275,(04)23288582,2025,5,18,13,26,臺中市,北區,0,0,0,7,2,6,50,4,9,1,5,4,6,6,1,1,7,4,5,2,13,3,10,3,1,B03,7,9,1,8,1,5,,56,56,1,12,4,120.675222,24.14475,3
6891,66000,387130000C,(04)23274275,(04)23288582,2025,5,18,13,26,臺中市,清水區,0,0,0,7,,,50,,,,,,,,,,,,,,,,,,,B03,,,1,,2,,,84,84,1,12,4,120.553603,24.263935,3
6892,66000,387130000C,(04)23274275,(04)23288582,2025,5,18,13,27,臺中市,西區,0,0,0,7,,,50,,,,,,,,,,,,,,,,,,,B03,,,1,,1,,,49,49,1,12,4,120.661776,24.15442,3
6893,66000,387130000C,(04)23274275,(04)23288582,2025,5,18,13,28,臺中市,西屯區,0,2,0,7,2,6,50,4,2,1,5,4,6,6,1,1,5,5,4,2,13,2,8,1,1,C04,7,9,1,10,2,11,,7,7,1,12,4,120.661247,24.16382,2
6894,66000,387130000C,(04)23274275,(04)23288582,2025,5,18,13,29,臺中市,后里區,0,0,0,7,2,6,50,4,7,1,5,4,6,6,1,1,5,4,4,1,12,3,10,3,1,B03,7,9,1,8,2,7,,20,20,1,12,4,120.70963,24.31103,3
6895,66000,387130000C,(04)23274275,(04)23288582,2025,5,18,13,30,臺中市,東區,0,2,0,7,2,6,50,3,1,1,5,4,6,6,1,1,10,5,5,2,12,3,10,3,1,B03,7,9,1,10,2,2,,8,8,1,12,4,120.690653,24.13471,2
6896,66000,387130000C,(04)23274275,(04)23288582,2025,5,18,13,36,臺中市,石岡區,0,0,0,7,,,70,,,,,,,,,,,,,,13,,,,,B03,,,1,,1,,,7,7,1,13,4,120.803353,24.267977,3
6897,66000,387130000C,(04)23274275,(04)23288582,2025,5,18,13,41,臺中市,太平區,0,0,0,7,,,50,,,,,,,,,,,,,,17,,,,,A41,,,1,,9,,,49,49,1,12,4,120.721843,24.148243,3
6898,66000,387130000C,(04)23274275,(04)23288582,2025,5,18,13,43,臺中市,西區,0,0,0,7,,,60,,,,,,,,,,,,,,17,,,,,B12,,,1,,1,,,84,84,1,12,4,120.669678,24.150839,3
6899,66000,387130000C,(04)23274275,(04)23288582,2025,5,18,13,44,臺中市,大里區,0,1,0,7,3,6,40,4,1,1,5,4,6,6,1,1,1,2,1,1,16,3,10,3,1,B03,7,5,1,8,2,5,,11,11,1,6,4,120.671779,24.108026,2
6900,66000,387130000C,(04)23274275,(04)23288582,2025,5,18,13,45,臺中市,北區,0,0,0,7,,,50,,,,,,,,,,,,,,14,,,,,B03,,,1,,1,,,49,49,1,13,4,120.669947,24.165824,3
6901,66000,387130000C,(04)23274275,(04)23288582,2025,5,18,13,49,臺中市,西區,0,1,0,7,2,6,30,4,1,1,5,4,6,6,4,4,10,5,5,2,17,2,9,1,1,C03,7,9,1,10,2,11,,15,15,1,12,4,120.658002,24.15598,2
6902,66000,387130000C,(04)23274275,(04)23288582,2025,5,18,13,50,臺中市,北屯區,0,0,0,7,,,50,,,,,,,,,,,,,,13,,,,,B03,,,1,,1,,,7,7,1,6,4,120.661819,24.189421,3
6903,66000,387130000C,(04)23274275,(04)23288582,2025,5,18,13,56,臺中市,西屯區,0,0,0,7,,,50,,,,,,,,,,,,,,12,,,,,C03,,,1,,2,,,59,59,1,12,4,120.640298,24.186871,3
6904,66000,387130000C,(04)23274275,(04)23288582,2025,5,18,13,59,臺中市,中區,0,0,0,7,,,50,,,,,,,,,,,,,,17,,,,,B03,,,1,,2,,,85,85,1,12,4,120.677572,24.144109,3
6905,66000,387130000C,(04)23274275,(04)23288582,2025,5,18,13,59,臺中市,沙鹿區,0,0,0,7,,,50,,,,,,,,,,,,,,17,,,,,,,,,,,,,119,119,1,,,120.61476,24.240194,3
6906,66000,387130000C,(04)23274275,(04)23288582,2025,5,18,14,1,臺中市,西屯區,0,1,0,7,2,6,30,3,1,1,5,4,6,6,4,4,10,5,5,2,15,2,8,2,4,C03,7,9,1,10,2,12,,15,15,1,13,4,120.616689,24.18802,2
6907,66000,387130000C,(04)23274275,(04)23288582,2025,5,18,14,2,臺中市,西區,0,0,0,7,,,50,,,,,,,,,,,,,,,,,,,B03,,,1,,1,,,8,8,1,6,4,120.660379,24.14422,3
6908,66000,387130000C,(04)23274275,(04)23288582,2025,5,18,14,4,臺中市,南屯區,0,0,0,7,,,60,,,,,,,,,,,,,,13,,,,,B03,,,1,,1,,,7,7,1,12,4,120.638318,24.14718,3
6909,66000,387130000C,(04)23274275,(04)23288582,2025,5,18,14,5,臺中市,北區,0,0,0,7,,,50,,,,,,,,,,,,,,13,,,,,B02,,,1,,1,,,84,84,1,12,4,120.667575,24.154072,3
6910,66000,387130000C,(04)23274275,(04)23288582,2025,5,18,14,6,臺中市,北屯區,0,1,0,7,2,6,50,13,9,1,5,4,6,6,4,4,1,4,5,2,17,3,10,3,1,B03,7,1,1,8,2,4,,51,51,1,6,4,120.682026,24.172421,2
6911,66000,387130000C,(04)23274275,(04)23288582,2025,5,18,14,14,臺中市,大里區,0,1,0,6,3,6,50,4,1,1,5,4,6,6,1,1,5,4,5,2,16,3,10,3,1,B03,7,5,1,8,2,2,,47,47,1,13,4,120.686256,24.115367,2
6912,66000,387130000C,(04)23274275,(04)23288582,2025,5,18,14,15,臺中市,大里區,0,0,0,7,,,50,,,,,,,,,,,,,,16,,,,,B03,,,1,,2,,,51,51,1,6,4,120.67498,24.113546,3
6913,66000,387130000C,(04)23274275,(04)23288582,2025,5,18,14,15,臺中市,烏日區,0,1,0,6,2,6,60,13,8,1,5,4,6,6,4,4,1,4,4,1,12,3,10,3,1,B03,7,7,1,8,2,2,,40,40,1,6,4,120.584101,24.111464,2
6914,66000,387130000C,(04)23274275,(04)23288582,2025,5,18,14,16,臺中市,南屯區,0,1,0,7,3,6,50,4,1,1,5,4,6,6,2,1,10,5,5,1,12,2,9,2,4,C03,7,6,1,10,2,14,,48,48,1,6,4,120.630846,24.14649,2
6915,66000,387130000C,(04)23274275,(04)23288582,2025,5,18,14,19,臺中市,和平區,0,0,0,5,3,4,30,13,9,2,4,4,6,6,4,4,10,5,5,1,11,3,10,3,1,B03,7,9,1,8,2,7,,84,84,1,12,4,120.982083,24.175203,3
6916,66000,387130000C,(04)23274275,(04)23288582,2025,5,18,14,20,臺中市,北屯區,0,0,0,7,,,50,,,,,,,,,,,,,,,,,,,B03,,,1,,1,,,7,7,1,12,4,120.690746,24.163,3
6917,66000,387130000C,(04)23274275,(04)23288582,2025,5,18,14,21,臺中市,東勢區,0,0,0,7,,,50,,,,,,,,,,,,,,13,,,,,C03,,,1,,1,,,7,7,1,13,4,120.82675,24.260301,3
6918,66000,387130000C,(04)23274275,(04)23288582,2025,5,18,14,22,臺中市,南屯區,0,0,0,7,,,50,,,,,,,,,,,,,,13,,,,,B03,,,1,,1,,,84,84,1,12,4,120.64917,24.133298,3
6919,66000,387130000C,(04)23274275,(04)23288582,2025,5,18,14,23,臺中市,南區,0,1,0,7,3,6,50,13,9,1,5,4,6,6,1,1,1,4,5,2,13,3,10,5,4,C03,7,9,1,10,2,11,,7,7,1,12,4,120.679403,24.121601,2
6920,66000,387130000C,(04)23274275,(04)23288582,2025,5,18,14,31,臺中市,東區,0,1,0,7,2,6,30,4,1,1,5,4,6,6,4,4,10,5,5,2,18,2,9,1,1,C03,7,1,1,10,1,14,,51,51,1,13,4,120.691699,24.144226,2
6921,66000,387130000C,(04)23274275,(04)23288582,2025,5,18,14,33,臺中市,太平區,0,1,0,7,3,6,50,11,9,1,5,4,6,6,4,4,5,4,5,2,18,2,9,2,1,F03,7,9,7,21,2,14,,58,58,1,12,4,120.701127,24.150499,2
6922,66000,387130000C,(04)23274275,(04)23288582,2025,5,18,14,34,臺中市,東區,0,0,0,7,,,50,,,,,,,,,,,,,,18,,,,,C03,,,1,,9,,,84,84,1,12,4,120.689451,24.13878,3
6923,66000,387130000C,(04)23274275,(04)23288582,2025,5,18,14,38,臺中市,東區,0,1,0,7,3,6,50,4,1,1,5,4,6,6,4,4,10,5,5,2,15,2,8,3,1,B03,7,9,1,8,2,1,,15,15,1,13,4,120.687559,24.142282,2
6924,66000,387130000C,(04)23274275,(04)23288582,2025,5,18,14,41,臺中市,北區,0,1,0,7,2,6,50,13,9,1,5,4,6,6,4,4,1,4,5,2,13,2,9,5,4,C03,7,9,1,10,2,11,,7,7,1,13,4,120.671862,24.170658,2
6925,66000,387130000C,(04)23274275,(04)23288582,2025,5,18,14,41,臺中市,南屯區,0,0,0,7,,,50,,,,,,,,,,,,,,13,,,,,B02,,,1,,2,,,7,7,1,6,4,120.64831,24.132176,4
6926,66000,387130000C,(04)23274275,(04)23288582,2025,5,18,14,43,臺中市,北屯區,0,0,0,7,,,80,,,,,,,,,,,,,,13,,,,,B03,,,1,,1,,,7,7,1,6,4,120.676226,24.200934,3
6927,66000,387130000C,(04)23274275,(04)23288582,2025,5,18,14,45,臺中市,大甲區,0,0,0,7,,,40,,,,,,,,,,,,,,,,,,,B03,,,1,,1,,,7,7,1,12,4,120.632056,24.345809,4
6928,66000,387130000C,(04)23274275,(04)23288582,2025,5,18,14,46,臺中市,北區,0,1,0,7,2,6,50,3,1,1,5,4,6,6,4,4,1,4,4,2,17,3,10,3,1,B03,7,9,1,8,2,2,,8,8,1,12,4,120.672964,24.167467,2
6929,66000,387130000C,(04)23274275,(04)23288582,2025,5,18,14,46,臺中市,和平區,0,1,0,6,2,6,50,13,9,1,4,4,6,6,4,4,5,5,5,1,17,3,10,3,1,B03,7,7,1,8,2,16,,42,42,1,12,4,120.977796,24.178023,2
6930,66000,387130000C,(04)23274275,(04)23288582,2025,5,18,14,49,臺中市,豐原區,0,0,0,7,,,50,,,,,,,,,,,,,,16,,,,,B03,,,1,,2,,,26,26,1,12,4,120.749545,24.268486,3
6931,66000,387130000C,(04)23274275,(04)23288582,2025,5,18,14,55,臺中市,大肚區,0,1,0,7,1,6,50,4,1,1,5,4,6,6,1,1,10,5,5,2,16,2,9,1,1,C03,7,9,1,10,2,11,,84,84,1,10,4,120.575786,24.162435,2
6932,66000,387130000C,(04)23274275,(04)23288582,2025,5,18,14,57,臺中市,大雅區,0,0,0,7,,,70,,,,,,,,,,,,,,25,,,,,B03,,,1,,2,,,50,50,1,13,4,120.626081,24.2422,3
6933,66000,387130000C,(04)23274275,(04)23288582,2025,5,18,14,57,臺中市,西屯區,0,1,0,7,2,6,40,13,8,1,5,4,6,6,4,4,3,5,5,2,13,2,9,5,4,C03,7,9,1,10,2,11,,84,84,1,12,4,120.620548,24.180302,2
6934,66000,387130000C,(04)23274275,(04)23288582,2025,5,18,14,58,臺中市,南屯區,0,0,0,7,3,6,50,13,9,1,5,4,6,6,4,4,5,5,5,2,12,,,,,B03,,,1,,1,,,59,59,1,12,4,120.645071,24.132065,3
6935,66000,387130000C,(04)23274275,(04)23288582,2025,5,18,15,1,臺中市,太平區,0,1,0,7,2,6,30,4,1,1,5,4,6,6,4,4,10,5,5,2,15,2,9,1,1,C03,7,9,1,10,2,12,14,15,15,1,12,4,120.729999,24.149877,2