序號,縣市別代碼,機關代碼,市話,傳真,年,月,日,時,分,縣市,區,死亡數量,受傷數量,2-30,天候,道路照明設備,道路類別,道路速限,道路型態,事故位置,路面鋪裝,路面狀態,路面缺陷,障礙物,視距,號誌種類,號誌動作,分向設施,快車道或一般車道間,快慢車道間,路面邊線,事故類型及型態,受傷程度,主要傷處,保護裝備,行動電話或功能裝置,當事者區分(類別),車輛用途,當事者行動狀態,駕照狀態,駕照種類,飲酒情形,車輛撞擊部位最初,車輛撞擊部位其他,肇事因素個別,肇事因素主要,肇事逃逸,職業,共享經濟或外送平台,GPS座標X,GPS座標Y,事故類別
6936,66000,387130000C,(04)23274275,(04)23288582,2025,5,18,15,2,臺中市,北屯區,0,2,0,7,2,6,50,3,1,1,5,4,6,6,1,1,10,5,5,2,13,3,10,1,1,C03,7,9,1,10,2,13,14,7,7,1,12,4,120.678248,24.200795,2
6937,66000,387130000C,(04)23274275,(04)23288582,2025,5,18,15,4,臺中市,西屯區,0,1,0,7,2,6,50,13,9,1,5,4,6,6,4,4,5,4,5,2,12,3,10,3,4,B03,7,7,2,19,1,5,,40,40,1,13,4,120.633969,24.162011,2
6938,66000,387130000C,(04)23274275,(04)23288582,2025,5,18,15,5,臺中市,南區,0,0,0,7,,,50,,,,,,,,,,,,,,12,,,,,A12,,,1,,2,,,40,40,1,6,4,120.650576,24.120293,3
6939,66000,387130000C,(04)23274275,(04)23288582,2025,5,18,15,15,臺中市,大雅區,0,0,0,7,,,50,,,,,,,,,,,,,,12,,,,,B03,,,1,,2,,,8,8,1,13,4,120.667277,24.215816,3
6940,66000,387130000C,(04)23274275,(04)23288582,2025,5,18,15,15,臺中市,東區,0,2,0,7,3,6,50,13,9,1,5,4,5,6,2,1,5,5,5,2,17,2,9,5,4,C03,7,9,1,10,2,11,,6,6,1,6,4,120.689838,24.138339,2
6941,66000,387130000C,(04)23274275,(04)23288582,2025,5,18,15,15,臺中市,清水區,0,0,0,7,2,6,50,13,9,1,5,4,6,6,4,4,8,3,5,1,14,,,,,B03,,,1,,1,,,49,49,1,12,4,120.56511,24.276754,3
6942,66000,387130000C,(04)23274275,(04)23288582,2025,5,18,15,18,臺中市,西屯區,0,0,0,7,,,50,,,,,,,,,,,,,,13,,,,,C03,,,1,,1,,,59,59,1,13,4,120.65411,24.158888,3
6943,66000,387130000C,(04)23274275,(04)23288582,2025,5,18,15,24,臺中市,龍井區,0,1,0,7,2,6,70,4,1,1,5,4,6,6,2,1,3,4,4,2,16,3,10,5,4,B03,7,6,1,8,2,1,,11,11,1,12,4,120.54019,24.210471,2
6944,66000,387130000C,(04)23274275,(04)23288582,2025,5,18,15,28,臺中市,西屯區,0,1,0,7,2,6,40,4,1,1,5,4,6,6,1,1,5,5,4,2,16,2,9,2,1,C03,7,6,1,10,2,13,,48,48,1,12,4,120.663965,24.164434,2
6945,66000,387130000C,(04)23274275,(04)23288582,2025,5,18,15,28,臺中市,烏日區,0,0,0,7,,,50,,,,,,,,,,,,,,,,,,,C03,,,1,,1,,,85,85,1,13,4,120.614383,24.106632,3
6946,66000,387130000C,(04)23274275,(04)23288582,2025,5,18,15,29,臺中市,大雅區,0,0,0,7,,,70,,,,,,,,,,,,,,13,,,,,B03,,,3,,2,,,84,84,1,12,4,120.643652,24.227962,3
6947,66000,387130000C,(04)23274275,(04)23288582,2025,5,18,15,35,臺中市,太平區,0,1,0,6,2,6,50,13,9,1,5,4,6,6,4,4,9,5,5,1,16,3,10,3,1,B03,7,1,1,8,2,5,,51,51,1,12,4,120.723915,24.134945,2
6948,66000,387130000C,(04)23274275,(04)23288582,2025,5,18,15,39,臺中市,南屯區,0,0,0,6,,,40,,,,,,,,,,,,,,14,,,,,B03,,,1,,1,,,50,50,1,6,4,120.62754,24.150552,3
6949,66000,387130000C,(04)23274275,(04)23288582,2025,5,18,15,40,臺中市,南屯區,0,1,0,7,2,6,60,4,1,1,5,4,6,6,1,1,7,4,5,2,16,3,10,1,1,C03,7,6,1,10,2,13,,11,11,1,6,2,120.654577,24.136692,2
6950,66000,387130000C,(04)23274275,(04)23288582,2025,5,18,15,40,臺中市,龍井區,0,2,0,7,3,6,30,4,1,1,5,4,6,6,4,4,10,5,5,2,15,2,9,1,1,C03,7,9,1,10,2,12,,12,12,1,6,4,120.548049,24.213842,2
6951,66000,387130000C,(04)23274275,(04)23288582,2025,5,18,15,41,臺中市,西區,0,1,0,7,2,6,30,13,9,1,5,4,6,6,4,4,10,5,5,2,17,2,9,1,1,C03,7,15,1,10,8,11,14,53,53,1,12,4,120.664203,24.129508,2
6952,66000,387130000C,(04)23274275,(04)23288582,2025,5,18,15,42,臺中市,烏日區,0,0,0,7,2,6,30,3,2,1,5,4,6,6,1,1,10,5,5,1,14,3,10,3,1,B03,7,2,1,8,1,3,,49,49,1,6,4,120.647827,24.084145,3
6953,66000,387130000C,(04)23274275,(04)23288582,2025,5,18,15,53,臺中市,大雅區,0,1,0,7,1,6,60,3,1,1,5,4,6,6,1,1,10,5,5,2,16,3,10,3,1,B03,7,6,1,8,2,5,2,20,20,1,12,4,120.64868,24.218357,2
6954,66000,387130000C,(04)23274275,(04)23288582,2025,5,18,15,55,臺中市,大甲區,0,1,0,7,2,6,40,3,9,1,5,4,6,6,4,4,6,4,5,2,15,2,9,6,1,F01,7,9,7,21,2,11,,12,12,1,12,4,120.642583,24.405336,2
6955,66000,387130000C,(04)23274275,(04)23288582,2025,5,18,16,7,臺中市,西區,0,0,0,7,,,50,,,,,,,,,,,,,,13,,,,,B03,,,1,,1,,,7,7,1,12,4,120.659414,24.157477,3
6956,66000,387130000C,(04)23274275,(04)23288582,2025,5,18,16,7,臺中市,南區,0,2,0,7,2,6,30,4,1,1,5,4,6,6,4,4,10,5,5,2,15,2,9,1,1,C03,7,9,1,10,2,12,,15,15,1,12,4,120.680241,24.11986,2
6957,66000,387130000C,(04)23274275,(04)23288582,2025,5,18,16,18,臺中市,大里區,0,2,0,7,2,6,30,3,1,1,5,4,6,6,4,4,10,5,5,2,16,2,9,1,1,C03,7,6,1,10,2,14,,14,14,1,12,4,120.677807,24.09446,2
6958,66000,387130000C,(04)23274275,(04)23288582,2025,5,18,16,19,臺中市,南區,0,0,0,7,,,0,,,,,,,,,,,,,,17,,,,,C03,,,1,,1,,,84,84,1,13,4,120.66583,24.127273,3
6959,66000,387130000C,(04)23274275,(04)23288582,2025,5,18,16,19,臺中市,大甲區,0,1,0,7,3,6,50,13,9,1,5,4,6,6,4,4,9,5,5,1,17,3,10,3,1,B03,7,11,1,8,2,7,,45,45,1,6,4,120.65514,24.381247,2
6960,66000,387130000C,(04)23274275,(04)23288582,2025,5,18,16,21,臺中市,清水區,0,2,0,7,2,6,50,5,2,1,5,4,6,6,3,1,9,3,4,1,17,2,9,1,1,C03,7,9,1,10,2,12,,20,20,1,12,4,120.579516,24.270237,2
6961,66000,387130000C,(04)23274275,(04)23288582,2025,5,18,16,22,臺中市,潭子區,0,1,0,7,2,6,50,4,2,1,5,4,6,6,4,4,5,4,4,2,17,2,9,5,1,F01,7,6,7,21,2,11,,4,4,1,13,4,120.676511,24.205309,2
6962,66000,387130000C,(04)23274275,(04)23288582,2025,5,18,16,23,臺中市,霧峰區,0,1,0,7,2,6,40,4,1,1,5,4,6,6,1,1,10,5,5,2,16,2,9,2,1,C03,7,9,1,10,2,12,,1,1,1,6,4,120.67394,24.042312,2
6963,66000,387130000C,(04)23274275,(04)23288582,2025,5,18,16,24,臺中市,霧峰區,0,0,0,7,,,40,,,,,,,,,,,,,,17,,,,,C03,,,1,10,2,,,84,84,1,13,4,120.69689,24.063636,3
6964,66000,387130000C,(04)23274275,(04)23288582,2025,5,18,16,25,臺中市,沙鹿區,0,0,0,7,,,50,,,,,,,,,,,,,,,,,,,B12,,,1,,2,,,8,8,1,6,4,120.56429,24.244693,3
6965,66000,387130000C,(04)23274275,(04)23288582,2025,5,18,16,25,臺中市,清水區,0,0,0,7,2,6,50,13,8,1,5,4,6,6,4,4,8,3,4,2,13,,,,,C03,,,1,,1,,,7,7,1,12,4,120.577588,24.276205,3
6966,66000,387130000C,(04)23274275,(04)23288582,2025,5,18,16,26,臺中市,東區,0,0,0,7,,,50,,,,,,,,,,,,,,13,,,,,B03,,,3,,1,,,56,56,1,6,4,120.694456,24.149744,3
6967,66000,387130000C,(04)23274275,(04)23288582,2025,5,18,16,28,臺中市,豐原區,0,0,0,7,,,60,,,,,,,,,,,,,,13,,,,,B03,,,1,,2,,,84,84,1,12,4,120.707173,24.237429,3
6968,66000,387130000C,(04)23274275,(04)23288582,2025,5,18,16,32,臺中市,西屯區,0,0,0,7,,,50,,,,,,,,,,,,,,,,,,,B03,,,1,,1,,,25,25,1,12,4,120.620195,24.187171,3
6969,66000,387130000C,(04)23274275,(04)23288582,2025,5,18,16,41,臺中市,太平區,0,1,0,7,2,6,50,3,1,1,5,4,6,6,4,4,10,5,5,2,17,3,10,3,1,B03,7,1,1,8,2,8,,51,51,1,12,4,120.725127,24.134119,2
6970,66000,387130000C,(04)23274275,(04)23288582,2025,5,18,16,49,臺中市,豐原區,0,1,0,7,3,6,50,4,1,1,5,4,6,6,4,4,5,5,4,2,16,2,9,1,4,C03,7,6,1,10,2,11,,14,14,1,12,4,120.730516,24.250092,2
6971,66000,387130000C,(04)23274275,(04)23288582,2025,5,18,16,50,臺中市,烏日區,0,0,0,7,,,40,,,,,,,,,,,,,,,,,,,B03,,,1,,1,,,84,84,1,13,4,120.615625,24.118769,3
6972,66000,387130000C,(04)23274275,(04)23288582,2025,5,18,16,56,臺中市,東區,0,1,0,7,3,6,50,13,9,1,5,4,6,6,4,4,3,5,5,2,17,3,10,5,4,C03,7,9,1,10,2,15,,84,84,1,6,4,120.686264,24.144092,2
6973,66000,387130000C,(04)23274275,(04)23288582,2025,5,18,16,56,臺中市,烏日區,0,2,0,7,3,6,40,13,8,1,5,4,6,6,4,4,1,4,4,2,12,2,9,1,1,C03,7,9,1,10,2,11,14,84,84,1,5,4,120.632742,24.110091,2
6974,66000,387130000C,(04)23274275,(04)23288582,2025,5,18,17,0,臺中市,南屯區,0,0,0,7,,,50,,,,,,,,,,,,,,,,,,,F01,,,7,,1,,,84,84,1,4,4,120.648525,24.146922,4
6975,66000,387130000C,(04)23274275,(04)23288582,2025,5,18,17,0,臺中市,外埔區,0,0,0,7,3,6,40,3,8,1,5,4,,6,3,1,5,4,4,1,17,3,10,3,1,B03,7,6,1,8,8,2,,53,53,1,6,4,120.634,24.340913,3
6976,66000,387130000C,(04)23274275,(04)23288582,2025,5,18,17,3,臺中市,北屯區,0,0,0,7,,,50,,,,,,,,,,,,,,13,,,,,B03,,,1,,1,,,82,82,1,6,4,120.713829,24.178339,3
6977,66000,387130000C,(04)23274275,(04)23288582,2025,5,18,17,10,臺中市,潭子區,0,0,0,7,,,30,,,,,,,,,,,,,,,,,,,B12,,,1,,2,,,8,8,1,13,4,120.694167,24.220199,3
6978,66000,387130000C,(04)23274275,(04)23288582,2025,5,18,17,16,臺中市,太平區,0,0,0,7,,,50,,,,,,,,,,,,,,13,,,,,B03,,,1,,1,,,7,7,1,12,4,120.712963,24.150006,3
6979,66000,387130000C,(04)23274275,(04)23288582,2025,5,18,17,18,臺中市,西屯區,0,0,0,7,,,60,,,,,,,,,,,,,,13,,,,,B03,,,1,,1,,,7,7,1,12,4,120.649796,24.162755,3
6980,66000,387130000C,(04)23274275,(04)23288582,2025,5,18,17,19,臺中市,南區,0,0,0,7,,,30,,,,,,,,,,,,,,14,,,,,B12,,,1,,9,,,49,49,2,13,4,120.654889,24.122055,3
6981,66000,387130000C,(04)23274275,(04)23288582,2025,5,18,17,22,臺中市,沙鹿區,0,0,0,7,,,50,,,,,,,,,,,,,,,,,,,B03,,,1,,2,,,50,50,1,13,4,120.561276,24.237756,3
6982,66000,387130000C,(04)23274275,(04)23288582,2025,5,18,17,24,臺中市,西區,0,0,0,7,,,50,,,,,,,,,,,,,,,,,,,B01,,,1,,1,,,7,7,1,12,4,120.65789,24.154761,3
6983,66000,387130000C,(04)23274275,(04)23288582,2025,5,18,17,24,臺中市,東區,0,0,0,7,,,50,,,,,,,,,,,,,,,,,,,B03,,,1,,1,,,49,49,1,12,4,120.693024,24.134762,3
6984,66000,387130000C,(04)23274275,(04)23288582,2025,5,18,17,25,臺中市,清水區,0,1,0,7,2,6,50,4,1,1,5,4,6,6,1,1,8,3,4,1,17,3,10,3,1,B03,7,5,1,8,2,2,,20,20,1,12,4,120.545147,24.270174,2
6985,66000,387130000C,(04)23274275,(04)23288582,2025,5,18,17,28,臺中市,豐原區,0,0,0,7,,,50,,,,,,,,,,,,,,12,,,,,B01,,,1,,2,,,84,84,1,12,4,120.722246,24.253829,3
6986,66000,387130000C,(04)23274275,(04)23288582,2025,5,18,17,29,臺中市,西屯區,0,0,0,7,,,50,,,,,,,,,,,,,,13,,,,,C03,,,1,,1,,,58,58,1,13,4,120.651346,24.198058,3
6987,66000,387130000C,(04)23274275,(04)23288582,2025,5,18,17,40,臺中市,新社區,0,0,0,7,,,50,,,,,,,,,,,,,,13,,,,,B03,,,1,,1,,,84,84,1,13,4,120.807823,24.240352,3
6988,66000,387130000C,(04)23274275,(04)23288582,2025,5,18,17,41,臺中市,霧峰區,0,1,0,7,2,6,50,4,1,1,5,4,6,6,1,1,10,5,5,2,16,3,10,3,1,B03,7,5,1,8,1,2,,47,47,1,12,4,120.69815,24.06077,2
6989,66000,387130000C,(04)23274275,(04)23288582,2025,5,18,17,43,臺中市,烏日區,0,0,0,7,2,6,50,4,2,1,5,4,6,6,1,1,1,4,1,2,16,3,10,3,1,B03,7,9,1,8,1,5,,25,25,1,6,4,120.612675,24.10286,3
6990,66000,387130000C,(04)23274275,(04)23288582,2025,5,18,17,44,臺中市,北區,0,0,0,7,,,50,,,,,,,,,,,,,,,,,,,B03,,,1,,2,,,7,7,1,12,4,120.68506,24.166883,3
6991,66000,387130000C,(04)23274275,(04)23288582,2025,5,18,17,50,臺中市,南屯區,0,1,0,7,1,6,50,13,9,1,5,4,6,6,4,4,5,4,5,2,12,2,9,2,1,C03,7,8,1,10,2,14,,40,40,1,12,4,120.641686,24.146869,2
6992,66000,387130000C,(04)23274275,(04)23288582,2025,5,18,17,52,臺中市,大里區,0,0,0,7,,6,30,,,,,,,,,,,,,,17,,,,,C03,,,1,10,2,,,84,84,1,13,4,120.703614,24.092028,3
6993,66000,387130000C,(04)23274275,(04)23288582,2025,5,18,17,52,臺中市,神岡區,0,1,0,7,3,6,50,4,1,1,5,4,6,6,1,1,5,5,5,1,16,3,10,3,1,B03,7,6,1,8,2,5,,11,11,1,13,4,120.677548,24.264868,2
6994,66000,387130000C,(04)23274275,(04)23288582,2025,5,18,17,53,臺中市,清水區,0,0,0,7,2,6,50,13,2,1,5,4,6,6,1,1,8,4,4,1,14,,,,,B03,,,1,,1,,,49,49,1,12,4,120.572341,24.263756,3
6995,66000,387130000C,(04)23274275,(04)23288582,2025,5,18,17,55,臺中市,北屯區,0,0,0,7,,,50,,,,,,,,,,,,,,17,,,,,B03,,,1,,2,,,84,84,1,12,4,120.687409,24.169732,3
6996,66000,387130000C,(04)23274275,(04)23288582,2025,5,18,18,5,臺中市,南屯區,0,2,0,7,2,6,40,4,1,1,5,4,6,6,3,1,10,5,5,2,15,,,,,,,9,,,,,,86,86,2,,,120.640335,24.140912,2
6997,66000,387130000C,(04)23274275,(04)23288582,2025,5,18,18,14,臺中市,太平區,0,4,0,7,2,6,50,3,1,1,5,4,6,6,2,1,10,5,5,2,16,3,10,3,1,B03,7,6,1,8,2,1,,11,11,1,12,4,120.712899,24.149567,2
6998,66000,387130000C,(04)23274275,(04)23288582,2025,5,18,18,14,臺中市,后里區,0,1,0,7,3,6,30,3,2,1,5,4,6,6,4,4,9,4,4,1,17,3,10,3,1,B03,7,6,1,8,2,8,,14,14,1,6,4,120.691978,24.313974,2
6999,66000,387130000C,(04)23274275,(04)23288582,2025,5,18,18,18,臺中市,西屯區,0,0,0,7,,,50,,,,,,,,,,,,,,13,,,,,B03,,,3,,1,,,82,82,1,13,4,120.65169,24.189413,3
7000,66000,387130000C,(04)23274275,(04)23288582,2025,5,18,18,20,臺中市,太平區,0,1,0,7,2,6,50,3,2,1,5,4,6,6,4,4,5,5,5,2,13,2,9,2,1,C03,7,9,1,10,2,11,,84,84,1,5,4,120.732622,24.141428,2
7001,66000,387130000C,(04)23274275,(04)23288582,2025,5,18,18,21,臺中市,太平區,0,0,0,7,,,,,,,,,,,,,,,,,17,,,,,,,,,,,,,86,86,1,,,120.733069,24.109014,3
7002,66000,387130000C,(04)23274275,(04)23288582,2025,5,18,18,21,臺中市,后里區,0,0,0,7,2,7,30,3,2,1,5,4,6,6,4,4,10,5,5,2,11,3,10,1,1,C03,7,5,1,10,2,14,,6,6,1,13,4,120.71982,24.31373,3
7003,66000,387130000C,(04)23274275,(04)23288582,2025,5,18,18,22,臺中市,東區,0,2,0,7,3,6,50,5,1,1,5,4,6,6,1,1,10,5,5,2,15,2,9,1,1,C03,7,9,1,10,2,11,,84,84,1,6,4,120.709269,24.135319,2
7004,66000,387130000C,(04)23274275,(04)23288582,2025,5,18,18,25,臺中市,北屯區,0,0,0,6,,,40,,,,,,,,,,,,,,12,,,,,C03,,,1,,1,,,8,8,1,6,4,120.707547,24.18655,3
7005,66000,387130000C,(04)23274275,(04)23288582,2025,5,18,18,25,臺中市,北屯區,0,0,0,7,,,50,,,,,,,,,,,,,,17,,,,,B03,,,1,,9,,,49,49,2,12,4,120.669728,24.173671,3
7006,66000,387130000C,(04)23274275,(04)23288582,2025,5,18,18,32,臺中市,西屯區,0,0,0,7,,,40,,,,,,,,,,,,,,14,,,,,B03,,,1,,1,,,49,49,1,12,4,120.640212,24.175941,3
7007,66000,387130000C,(04)23274275,(04)23288582,2025,5,18,18,40,臺中市,太平區,0,0,0,7,,,50,,,,,,,,,,,,,,16,,,,,C03,,,1,,2,,,34,34,1,12,4,120.715938,24.134039,3
7008,66000,387130000C,(04)23274275,(04)23288582,2025,5,18,18,40,臺中市,太平區,0,2,0,7,1,6,50,13,9,1,3,4,6,6,4,4,5,5,5,2,18,2,9,2,1,C03,7,9,1,10,2,16,,84,84,1,12,4,120.764632,24.127997,2
7009,66000,387130000C,(04)23274275,(04)23288582,2025,5,18,18,46,臺中市,西屯區,0,1,0,7,1,6,40,4,1,1,5,4,6,6,1,1,10,5,5,1,13,3,10,3,1,B03,7,5,1,8,2,1,,59,59,1,12,4,120.637862,24.16312,2
7010,66000,387130000C,(04)23274275,(04)23288582,2025,5,18,18,47,臺中市,西屯區,0,2,0,7,1,6,50,3,1,1,5,4,6,6,4,4,5,5,4,2,3,2,9,2,1,C03,7,9,1,10,2,11,,10,10,1,12,4,120.646825,24.170856,2
7011,66000,387130000C,(04)23274275,(04)23288582,2025,5,18,18,50,臺中市,西屯區,0,0,0,7,,,50,,,,,,,,,,,,,,17,,,,,B03,,,1,,9,,,55,55,1,12,4,120.63827,24.167665,3
7012,66000,387130000C,(04)23274275,(04)23288582,2025,5,18,18,52,臺中市,大甲區,0,1,0,7,3,6,50,4,1,5,5,4,6,6,4,4,10,5,5,2,17,3,10,3,1,B03,7,9,1,8,2,1,,12,12,1,6,4,120.620233,24.353834,2
7013,66000,387130000C,(04)23274275,(04)23288582,2025,5,18,18,53,臺中市,北區,0,2,0,7,1,6,50,3,2,1,5,4,6,6,4,4,1,4,5,2,11,3,10,3,1,B01,7,9,1,4,2,5,,84,84,1,12,4,120.682986,24.147286,2
7014,66000,387130000C,(04)23274275,(04)23288582,2025,5,18,18,54,臺中市,大里區,0,1,0,7,1,6,50,3,2,1,5,4,6,6,4,4,10,5,5,1,13,2,9,1,1,F03,7,9,7,21,2,11,,59,59,1,12,4,120.715624,24.086057,2
7015,66000,387130000C,(04)23274275,(04)23288582,2025,5,18,19,0,臺中市,龍井區,0,2,0,6,1,6,50,13,9,1,5,4,6,6,4,4,9,5,5,1,17,2,8,1,1,F03,7,1,7,21,2,11,,51,51,1,6,4,120.580253,24.182518,2
7016,66000,387130000C,(04)23274275,(04)23288582,2025,5,18,19,2,臺中市,龍井區,0,0,0,6,,,40,,,,,,,,,,,,,,30,,,,,B03,,,1,,9,,,68,68,1,6,4,120.585319,24.186397,3
7017,66000,387130000C,(04)23274275,(04)23288582,2025,5,18,19,12,臺中市,梧棲區,0,1,0,7,1,6,50,5,1,1,5,4,6,6,1,1,10,5,5,2,16,2,9,2,1,C03,7,9,3,19,4,11,,21,21,1,6,4,120.562019,24.255752,2
7018,66000,387130000C,(04)23274275,(04)23288582,2025,5,18,19,17,臺中市,北屯區,0,0,0,7,,,50,,,,,,,,,,,,,,13,,,,,B03,,,1,,1,,,84,84,1,6,4,120.704567,24.186493,3
7019,66000,387130000C,(04)23274275,(04)23288582,2025,5,18,19,18,臺中市,太平區,0,1,0,7,1,6,50,4,1,1,5,4,6,6,4,4,10,5,5,2,13,2,9,2,1,C03,7,6,1,10,2,13,,48,48,1,12,4,120.716345,24.141799,2
7020,66000,387130000C,(04)23274275,(04)23288582,2025,5,18,19,23,臺中市,南屯區,0,1,0,7,1,6,50,4,1,1,5,4,6,6,2,1,10,5,5,2,18,2,9,2,4,C03,7,9,1,10,2,12,,59,59,1,6,4,120.643921,24.13821,2
7021,66000,387130000C,(04)23274275,(04)23288582,2025,5,18,19,23,臺中市,烏日區,0,1,0,6,1,6,60,3,1,1,5,4,6,6,1,1,1,4,4,1,12,2,8,1,1,C03,7,9,1,10,7,14,,8,8,1,6,4,120.635991,24.107133,2
7022,66000,387130000C,(04)23274275,(04)23288582,2025,5,18,19,28,臺中市,西屯區,0,0,0,7,,,50,,,,,,,,,,,,,,12,,,,,B03,,,1,,1,,,40,40,1,13,4,120.653158,24.195602,3
7023,66000,387130000C,(04)23274275,(04)23288582,2025,5,18,19,38,臺中市,外埔區,0,4,0,7,1,6,50,13,9,1,5,4,6,6,1,1,4,4,5,1,17,2,7,2,1,C03,7,9,2,19,2,11,,5,5,1,12,4,120.640413,24.341216,2
7024,66000,387130000C,(04)23274275,(04)23288582,2025,5,18,19,43,臺中市,烏日區,0,1,0,7,1,6,50,4,1,1,5,4,6,6,1,1,5,5,4,1,16,3,10,3,1,B03,7,5,1,8,2,5,,11,11,1,6,4,120.644298,24.056033,2
7025,66000,387130000C,(04)23274275,(04)23288582,2025,5,18,19,48,臺中市,南區,0,3,0,7,1,6,50,13,9,1,5,4,6,6,4,4,5,5,5,2,17,2,2,5,4,B03,7,3,1,8,2,5,,50,50,1,6,4,120.684088,24.132565,2
7026,66000,387130000C,(04)23274275,(04)23288582,2025,5,18,19,55,臺中市,中區,0,1,0,7,1,6,50,18,9,1,5,4,6,6,4,4,10,5,5,2,19,2,9,1,1,C03,7,3,1,10,2,11,,50,50,1,12,4,120.663128,24.14306,2
7027,66000,387130000C,(04)23274275,(04)23288582,2025,5,18,19,55,臺中市,豐原區,0,1,0,7,1,6,50,3,1,1,5,4,6,6,3,1,5,4,4,2,16,3,10,3,1,B03,7,6,1,8,2,1,,11,11,1,12,4,120.739103,24.255966,2
7028,66000,387130000C,(04)23274275,(04)23288582,2025,5,18,20,0,臺中市,南屯區,0,2,0,7,2,6,50,11,9,1,5,4,6,6,4,4,5,4,5,2,17,2,9,2,1,C03,7,9,1,10,2,12,,85,85,1,12,4,120.653033,24.154513,2
7029,66000,387130000C,(04)23274275,(04)23288582,2025,5,18,20,0,臺中市,清水區,0,0,0,7,1,6,50,3,1,1,5,4,6,6,4,4,8,3,5,1,10,,,,,C03,,,,,,,,4,4,1,12,,120.568626,24.277694,3
7030,66000,387130000C,(04)23274275,(04)23288582,2025,5,18,20,6,臺中市,南區,0,0,0,7,,,50,,,,,,,,,,,,,,,,,,,B03,,,1,,1,,,40,40,1,12,4,120.653438,24.122943,3
7031,66000,387130000C,(04)23274275,(04)23288582,2025,5,18,20,9,臺中市,西屯區,0,1,0,7,1,6,50,4,1,1,5,4,6,6,2,1,4,3,4,2,16,2,8,5,4,F01,7,9,7,21,2,11,,21,21,1,13,4,120.647894,24.174161,2
7032,66000,387130000C,(04)23274275,(04)23288582,2025,5,18,20,12,臺中市,霧峰區,0,1,0,7,2,6,50,3,1,1,5,4,6,6,4,4,10,5,5,2,16,3,10,3,1,B12,7,5,1,8,2,5,,47,47,1,6,4,120.687001,24.067104,2
7033,66000,387130000C,(04)23274275,(04)23288582,2025,5,18,20,16,臺中市,烏日區,0,0,0,7,,,50,,,,,,,,,,,,,,12,,,,,C03,,,1,,2,,,84,84,1,6,4,120.621841,24.110858,3
7034,66000,387130000C,(04)23274275,(04)23288582,2025,5,18,20,22,臺中市,西屯區,0,0,0,7,,,40,,,,,,,,,,,,,,13,,,,,C03,,,1,,1,,,7,7,1,12,4,120.639069,24.168932,3
7035,66000,387130000C,(04)23274275,(04)23288582,2025,5,18,20,24,臺中市,西屯區,0,1,0,7,1,6,50,13,9,1,5,4,6,6,4,4,5,4,5,1,2,3,10,1,4,F03,7,9,7,21,2,12,,84,84,1,13,4,120.620789,24.18928,2
7036,66000,387130000C,(04)23274275,(04)23288582,2025,5,18,20,30,臺中市,東區,0,0,0,7,,,40,,,,,,,,,,,,,,17,,,,,B03,,,1,,9,,,45,45,1,6,4,120.710204,24.144301,3
7037,66000,387130000C,(04)23274275,(04)23288582,2025,5,18,20,36,臺中市,西區,0,0,0,7,,,50,,,,,,,,,,,,,,,,,,,B03,,,1,8,1,,,84,84,1,13,4,120.658814,24.136562,3
7038,66000,387130000C,(04)23274275,(04)23288582,2025,5,18,20,36,臺中市,北屯區,0,1,0,7,1,6,50,13,9,1,5,4,6,6,4,4,5,4,5,2,17,2,9,2,1,C03,7,9,1,10,2,14,,84,84,1,12,4,120.727973,24.176825,2
7039,66000,387130000C,(04)23274275,(04)23288582,2025,5,18,20,45,臺中市,北區,0,1,0,7,1,6,50,13,9,1,5,4,6,6,4,4,2,4,5,2,17,2,9,5,1,F01,7,9,7,21,2,11,,59,59,1,13,4,120.682538,24.146562,2
7040,66000,387130000C,(04)23274275,(04)23288582,2025,5,18,20,46,臺中市,南屯區,0,0,0,7,,,60,,,,,,,,,,,,,,12,,,,,B03,,,1,,2,,,40,40,1,8,4,120.652413,24.140291,3
7041,66000,387130000C,(04)23274275,(04)23288582,2025,5,18,20,50,臺中市,潭子區,0,0,0,7,,,40,,,,,,,,,,,,,,,,,,,B03,,,1,,2,,,57,57,1,13,4,120.683556,24.216238,3
7042,66000,387130000C,(04)23274275,(04)23288582,2025,5,18,20,50,臺中市,南區,0,0,0,7,,,50,,,,,,,,,,,,,,,,,,,,,,,,,,,119,119,1,,,120.654032,24.116455,3
7043,66000,387130000C,(04)23274275,(04)23288582,2025,5,18,20,50,臺中市,西屯區,0,0,0,7,,,40,,,,,,,,,,,,,,14,,,,,B03,,,1,,1,,,49,49,1,13,4,120.615716,24.189418,3
7044,66000,387130000C,(04)23274275,(04)23288582,2025,5,18,20,55,臺中市,北屯區,0,1,0,7,1,6,50,3,1,1,5,4,6,6,4,4,10,5,5,2,16,3,10,3,1,B03,7,6,1,8,2,1,,12,12,1,12,4,120.700715,24.170113,2
7045,66000,387130000C,(04)23274275,(04)23288582,2025,5,18,21,0,臺中市,新社區,0,0,0,7,,,30,,,,,,,,,,,,,,,,,,,B03,,,1,,2,,,84,84,1,12,4,120.796955,24.226633,3
7046,66000,387130000C,(04)23274275,(04)23288582,2025,5,18,21,3,臺中市,北區,0,0,0,7,,,50,,,,,,,,,,,,,,,,,,,B03,,,1,,2,,,7,7,1,12,4,120.675132,24.167058,3