序號,縣市別代碼,機關代碼,市話,傳真,年,月,日,時,分,縣市,區,死亡數量,受傷數量,2-30,天候,道路照明設備,道路類別,道路速限,道路型態,事故位置,路面鋪裝,路面狀態,路面缺陷,障礙物,視距,號誌種類,號誌動作,分向設施,快車道或一般車道間,快慢車道間,路面邊線,事故類型及型態,受傷程度,主要傷處,保護裝備,行動電話或功能裝置,當事者區分(類別),車輛用途,當事者行動狀態,駕照狀態,駕照種類,飲酒情形,車輛撞擊部位最初,車輛撞擊部位其他,肇事因素個別,肇事因素主要,肇事逃逸,職業,共享經濟或外送平台,GPS座標X,GPS座標Y,事故類別
7047,66000,387130000C,(04)23274275,(04)23288582,2025,5,18,21,6,臺中市,大甲區,0,0,0,7,,,50,,,,,,,,,,,,,,,,,,,B03,,,1,,2,,,50,50,1,6,4,120.621472,24.346272,3
7048,66000,387130000C,(04)23274275,(04)23288582,2025,5,18,21,8,臺中市,大里區,0,0,0,7,,,50,,,,,,,,,,,,,,13,,,,,B03,,,3,,2,,,7,7,1,6,4,120.695868,24.099898,3
7049,66000,387130000C,(04)23274275,(04)23288582,2025,5,18,21,19,臺中市,西屯區,0,0,0,7,,,50,,,,,,,,,,,,,,17,,,,,C03,,,5,,2,,,39,39,1,12,4,120.647553,24.174297,3
7050,66000,387130000C,(04)23274275,(04)23288582,2025,5,18,21,20,臺中市,西區,0,0,0,7,,,50,,,,,,,,,,,,,,,,,,,B03,,,1,,2,,,84,84,1,13,4,120.662061,24.140188,3
7051,66000,387130000C,(04)23274275,(04)23288582,2025,5,18,21,25,臺中市,西屯區,0,0,0,7,,,50,,,,,,,,,,,,,,13,,,,,C03,,,1,,1,,,7,7,1,13,4,120.614123,24.183851,4
7052,66000,387130000C,(04)23274275,(04)23288582,2025,5,18,21,27,臺中市,北屯區,0,1,0,7,1,6,50,4,1,1,5,4,6,6,2,1,10,5,5,2,13,3,10,3,1,B03,7,9,1,8,2,1,,84,84,1,12,4,120.685287,24.168352,2
7053,66000,387130000C,(04)23274275,(04)23288582,2025,5,18,21,29,臺中市,豐原區,0,0,0,7,,,50,,,,,,,,,,,,,,13,,,,,B03,,,1,,2,,,56,56,1,12,4,120.74808,24.269089,3
7054,66000,387130000C,(04)23274275,(04)23288582,2025,5,18,21,32,臺中市,大里區,0,1,0,7,1,6,50,4,1,1,5,4,6,6,1,1,10,5,5,2,16,2,9,1,1,C03,7,9,1,10,2,14,,84,84,1,12,4,120.674775,24.097653,2
7055,66000,387130000C,(04)23274275,(04)23288582,2025,5,18,21,34,臺中市,南區,0,0,0,7,,,50,,,,,,,,,,,,,,,,,,,C03,,,3,,1,,,84,84,1,12,4,120.663008,24.125088,3
7056,66000,387130000C,(04)23274275,(04)23288582,2025,5,18,21,56,臺中市,霧峰區,0,1,0,7,1,6,40,4,2,1,5,4,6,6,1,1,9,5,5,1,17,2,8,5,4,C03,7,15,5,19,2,12,,84,84,1,13,4,120.709285,24.080698,2
7057,66000,387130000C,(04)23274275,(04)23288582,2025,5,18,22,15,臺中市,大雅區,0,2,0,7,1,6,30,4,1,1,5,4,6,6,3,1,10,5,5,1,15,3,10,3,1,B03,7,9,1,8,2,2,,24,24,1,13,4,120.662708,24.220267,2
7058,66000,387130000C,(04)23274275,(04)23288582,2025,5,18,22,24,臺中市,北屯區,0,0,0,7,,,50,,,,,,,,,,,,,,17,,,,,B03,,,1,,2,,,84,84,1,6,4,120.7445,24.198761,3
7059,66000,387130000C,(04)23274275,(04)23288582,2025,5,18,22,25,臺中市,中區,0,1,0,7,1,6,50,4,1,1,5,4,6,6,2,1,10,5,5,2,17,4,11,2,1,C03,7,15,1,10,2,12,14,35,35,1,12,4,120.679499,24.142394,2
7060,66000,387130000C,(04)23274275,(04)23288582,2025,5,18,22,31,臺中市,潭子區,0,1,0,7,1,6,60,4,7,1,5,4,6,6,2,1,1,4,5,1,13,3,10,3,1,B12,7,15,1,1,2,1,,59,59,1,6,4,120.705359,24.211544,2
7061,66000,387130000C,(04)23274275,(04)23288582,2025,5,18,22,35,臺中市,大里區,0,0,0,7,,,30,,,,,,,,,,,,,,27,,,,,B02,,,1,,2,,,8,8,1,6,4,120.694932,24.123345,3
7062,66000,387130000C,(04)23274275,(04)23288582,2025,5,18,22,40,臺中市,西屯區,0,2,0,7,1,6,50,13,9,1,5,4,6,6,4,4,8,5,5,2,12,2,9,5,4,C03,7,9,1,10,2,11,,59,59,1,13,4,120.593312,24.183422,2
7063,66000,387130000C,(04)23274275,(04)23288582,2025,5,18,23,1,臺中市,北屯區,0,0,0,7,,,50,,,,,,,,,,,,,,20,,,,,B03,,,1,,2,,,59,59,1,12,4,120.676344,24.184374,3
7064,66000,387130000C,(04)23274275,(04)23288582,2025,5,18,23,13,臺中市,西屯區,0,0,0,6,,,30,,,,,,,,,,,,,,,,,,,B03,,,1,,2,,,14,14,1,13,4,120.659096,24.163144,4
7065,66000,387130000C,(04)23274275,(04)23288582,2025,5,18,23,18,臺中市,西屯區,0,0,0,7,,,0,,,,,,,,,,,,,,14,,,,,B03,,,1,,2,,,49,49,1,12,4,120.646098,24.185085,3
7066,66000,387130000C,(04)23274275,(04)23288582,2025,5,18,23,49,臺中市,西區,0,0,0,7,,,30,,,,,,,,,,,,,,,,,,,C03,,,1,,1,,,85,85,1,13,4,120.65664,24.147366,3
7067,66000,387130000C,(04)23274275,(04)23288582,2025,5,19,0,11,臺中市,南屯區,0,0,0,7,,,50,,,,,,,,,,,,,,,,,,,B03,,,1,,1,,,59,59,1,12,4,120.652503,24.149821,3
7068,66000,387130000C,(04)23274275,(04)23288582,2025,5,19,0,13,臺中市,西屯區,0,3,0,6,1,6,60,4,1,1,5,4,6,6,2,1,10,5,5,1,16,2,8,3,1,B03,7,11,1,8,2,8,,32,32,1,13,4,120.632545,24.170095,2
7069,66000,387130000C,(04)23274275,(04)23288582,2025,5,19,0,15,臺中市,大雅區,0,0,0,7,1,6,50,3,2,1,5,4,6,6,4,4,5,5,4,2,27,3,10,3,1,B03,7,9,1,8,7,1,,84,84,1,13,4,120.651596,24.216576,3
7070,66000,387130000C,(04)23274275,(04)23288582,2025,5,19,0,18,臺中市,龍井區,0,2,0,7,1,6,50,3,1,1,5,4,6,6,4,4,10,5,5,2,16,2,9,1,1,C03,7,4,3,19,2,12,,1,1,1,6,4,120.595429,24.186787,2
7071,66000,387130000C,(04)23274275,(04)23288582,2025,5,19,1,37,臺中市,西屯區,0,0,0,7,,,50,,,,,,,,,,,,,,12,,,,,B03,,,1,,1,,,8,8,1,12,4,120.602774,24.182733,3
7072,66000,387130000C,(04)23274275,(04)23288582,2025,5,19,3,13,臺中市,烏日區,0,2,0,7,1,6,30,4,1,1,5,4,6,6,4,4,10,5,5,2,17,2,9,5,4,C03,7,9,1,10,2,11,,12,12,1,13,4,120.588044,24.114519,2
7073,66000,387130000C,(04)23274275,(04)23288582,2025,5,19,5,54,臺中市,北屯區,0,2,0,7,2,6,50,4,1,1,5,4,6,6,3,1,10,5,5,2,15,2,9,1,1,C03,7,9,1,10,2,11,,24,24,1,13,4,120.703823,24.178219,2
7074,66000,387130000C,(04)23274275,(04)23288582,2025,5,19,6,10,臺中市,豐原區,0,0,0,7,,,50,,,,,,,,,,,,,,15,,,,,C03,,,1,,2,,,4,4,1,12,4,120.736786,24.261125,3
7075,66000,387130000C,(04)23274275,(04)23288582,2025,5,19,6,15,臺中市,沙鹿區,0,1,0,7,2,6,40,13,8,1,5,4,1,6,4,4,1,4,4,1,18,2,9,1,1,C03,7,9,3,19,2,14,,59,59,1,12,4,120.576686,24.226211,2
7076,66000,387130000C,(04)23274275,(04)23288582,2025,5,19,6,16,臺中市,清水區,0,1,0,7,3,6,50,13,9,1,5,4,6,6,4,4,9,4,5,2,17,3,10,3,1,B03,7,14,1,8,2,2,,87,87,1,12,4,120.574498,24.267498,2
7077,66000,387130000C,(04)23274275,(04)23288582,2025,5,19,6,40,臺中市,南屯區,0,1,0,7,1,6,50,4,1,1,5,4,6,6,3,1,10,5,5,2,17,2,9,1,1,C03,7,9,1,10,2,14,,84,84,1,6,4,120.641377,24.136076,2
7078,66000,387130000C,(04)23274275,(04)23288582,2025,5,19,6,45,臺中市,梧棲區,0,1,0,7,2,6,30,4,1,1,5,4,6,6,4,4,10,5,5,2,15,3,10,3,1,B03,7,9,1,8,2,5,,15,15,1,12,4,120.521951,24.222538,2
7079,66000,387130000C,(04)23274275,(04)23288582,2025,5,19,6,56,臺中市,大里區,0,1,0,7,2,6,50,13,9,1,5,4,6,6,4,4,5,5,5,1,17,3,10,1,1,C01,7,4,1,9,2,12,,8,8,1,13,4,120.6999,24.110189,2
7080,66000,387130000C,(04)23274275,(04)23288582,2025,5,19,6,57,臺中市,南屯區,0,2,0,7,2,6,50,3,2,1,5,4,6,6,1,1,5,4,4,2,17,2,9,2,1,C03,7,9,1,10,2,11,,21,21,1,12,4,120.585375,24.166733,2
7081,66000,387130000C,(04)23274275,(04)23288582,2025,5,19,7,2,臺中市,北屯區,0,1,0,7,1,6,50,13,9,1,5,4,6,6,4,4,3,4,5,2,12,3,10,3,1,B12,7,7,1,8,2,2,,40,40,1,13,4,120.723252,24.181647,2
7082,66000,387130000C,(04)23274275,(04)23288582,2025,5,19,7,3,臺中市,北屯區,0,1,0,7,2,6,50,4,2,1,5,4,6,6,1,1,10,5,5,2,16,2,7,1,1,C03,7,6,1,10,2,12,,48,48,1,6,4,120.694906,24.178057,2
7083,66000,387130000C,(04)23274275,(04)23288582,2025,5,19,7,9,臺中市,南區,0,1,0,7,2,6,50,4,1,1,5,4,6,6,1,1,10,5,5,2,16,2,9,2,1,C03,7,1,1,10,2,11,12,51,51,1,12,4,120.666569,24.114054,2
7084,66000,387130000C,(04)23274275,(04)23288582,2025,5,19,7,13,臺中市,西屯區,0,0,0,7,,,50,,,,,,,,,,,,,,11,,,,,B02,,,1,,2,,,21,21,1,12,4,120.629161,24.162837,3
7085,66000,387130000C,(04)23274275,(04)23288582,2025,5,19,7,13,臺中市,西屯區,0,0,0,7,,,80,,,,,,,,,,,,,,13,,,,,B03,,,1,,1,,,40,40,1,13,4,120.629408,24.164102,3
7086,66000,387130000C,(04)23274275,(04)23288582,2025,5,19,7,16,臺中市,新社區,0,2,0,7,2,6,30,5,1,1,5,4,6,6,4,4,10,5,5,2,17,2,6,5,4,B03,7,6,1,8,2,8,,12,12,1,12,4,120.803402,24.230727,2
7087,66000,387130000C,(04)23274275,(04)23288582,2025,5,19,7,20,臺中市,神岡區,0,1,0,7,2,6,50,3,1,1,5,4,6,6,2,1,10,5,5,2,16,2,9,5,4,C03,7,6,1,10,2,14,,11,11,1,13,4,120.648231,24.258229,2
7088,66000,387130000C,(04)23274275,(04)23288582,2025,5,19,7,23,臺中市,北屯區,0,0,0,7,,,50,,,,,,,,,,,,,,13,,,,,B03,,,1,,1,,,58,58,1,12,4,120.670522,24.178438,3
7089,66000,387130000C,(04)23274275,(04)23288582,2025,5,19,7,25,臺中市,西屯區,0,0,0,7,,,80,,,,,,,,,,,,,,13,,,,,B03,,,1,,1,,,7,7,1,12,4,120.633768,24.174154,3
7090,66000,387130000C,(04)23274275,(04)23288582,2025,5,19,7,25,臺中市,大里區,0,1,0,7,3,6,50,3,2,1,5,4,6,6,4,4,5,5,5,2,2,3,10,3,1,B03,7,9,1,8,2,2,,8,8,1,13,4,120.702047,24.103209,2
7091,66000,387130000C,(04)23274275,(04)23288582,2025,5,19,7,26,臺中市,潭子區,0,0,0,7,,,20,,,,,,,,,,,,,,16,,,,,B03,,,1,,2,,,12,12,1,12,4,120.711766,24.200153,3
7092,66000,387130000C,(04)23274275,(04)23288582,2025,5,19,7,28,臺中市,大里區,0,3,0,7,1,6,50,13,9,1,5,4,6,6,4,4,5,4,5,1,17,3,10,3,1,B03,7,1,1,8,2,8,,51,51,1,13,4,120.708356,24.085924,2
7093,66000,387130000C,(04)23274275,(04)23288582,2025,5,19,7,30,臺中市,西屯區,0,0,0,7,,,50,,,,,,,,,,,,,,13,,,,,B03,,,1,,1,,,59,59,1,13,4,120.644739,24.201501,3
7094,66000,387130000C,(04)23274275,(04)23288582,2025,5,19,7,31,臺中市,北區,0,2,0,7,2,6,50,13,9,1,5,4,6,6,4,4,3,4,5,2,17,2,9,1,1,C03,7,9,1,10,2,15,,84,84,1,13,4,120.676017,24.149832,2
7095,66000,387130000C,(04)23274275,(04)23288582,2025,5,19,7,31,臺中市,南區,0,1,0,7,2,6,50,3,1,1,5,4,6,6,4,4,10,5,5,2,16,2,8,1,1,C03,7,6,1,10,2,12,,14,14,1,12,4,120.656456,24.124567,2
7096,66000,387130000C,(04)23274275,(04)23288582,2025,5,19,7,33,臺中市,北屯區,0,0,0,7,,,50,,,,,,,,,,,,,,12,,,,,B03,,,1,8,1,,,40,40,1,6,4,120.664816,24.18475,3
7097,66000,387130000C,(04)23274275,(04)23288582,2025,5,19,7,33,臺中市,太平區,0,1,0,7,2,6,50,3,1,1,5,4,6,6,1,1,10,5,5,2,18,2,9,1,1,C03,7,9,1,10,2,14,,84,84,1,12,4,120.735848,24.129853,2
7098,66000,387130000C,(04)23274275,(04)23288582,2025,5,19,7,34,臺中市,沙鹿區,0,1,0,7,3,6,50,4,19,1,5,4,6,6,4,4,10,5,5,2,3,4,11,2,1,C03,7,9,1,10,2,11,,10,10,1,6,4,120.560994,24.237711,2
7099,66000,387130000C,(04)23274275,(04)23288582,2025,5,19,7,35,臺中市,北屯區,0,0,0,7,,,50,,,,,,,,,,,,,,13,,,,,C03,,,1,,1,,,7,7,1,6,4,120.687506,24.172197,3
7100,66000,387130000C,(04)23274275,(04)23288582,2025,5,19,7,37,臺中市,梧棲區,0,0,0,7,,,50,,,,,,,,,,,,,,11,,,,,B03,,,1,,1,,,84,84,1,12,4,120.547411,24.219887,3
7101,66000,387130000C,(04)23274275,(04)23288582,2025,5,19,7,38,臺中市,北屯區,0,0,0,7,,,50,,,,,,,,,,,,,,12,,,,,C03,,,1,10,2,,,40,40,1,12,4,120.698059,24.170341,3
7102,66000,387130000C,(04)23274275,(04)23288582,2025,5,19,7,38,臺中市,龍井區,0,2,0,7,3,6,30,3,9,1,5,4,6,6,4,4,10,5,5,2,16,2,9,1,1,C03,7,6,1,10,2,11,,20,20,1,6,4,120.541623,24.186971,2
7103,66000,387130000C,(04)23274275,(04)23288582,2025,5,19,7,39,臺中市,西屯區,0,0,0,7,,,40,,,,,,,,,,,,,,13,,,,,B03,,,1,,1,,,7,7,1,12,4,120.635485,24.183178,3
7104,66000,387130000C,(04)23274275,(04)23288582,2025,5,19,7,39,臺中市,霧峰區,0,0,0,7,,,30,,,,,,,,,,,,,,17,,,,,B03,,,1,,2,,,58,58,1,13,4,120.68797,24.05238,3
7105,66000,387130000C,(04)23274275,(04)23288582,2025,5,19,7,40,臺中市,烏日區,0,1,0,7,2,6,50,4,2,1,5,4,6,6,4,4,5,4,5,1,12,2,9,1,1,C03,7,8,1,8,2,14,,40,40,1,6,4,120.625079,24.105875,2
7106,66000,387130000C,(04)23274275,(04)23288582,2025,5,19,7,40,臺中市,龍井區,0,0,0,7,,,40,,,,,,,,,,,,,,13,,,,,C03,,,1,,1,,,84,84,1,6,4,120.580436,24.189101,3
7107,66000,387130000C,(04)23274275,(04)23288582,2025,5,19,7,42,臺中市,南區,0,1,0,7,3,6,50,3,1,1,5,4,6,6,4,4,5,4,5,2,13,2,7,5,4,C03,7,9,1,10,1,11,,84,84,1,12,4,120.649051,24.119148,2
7108,66000,387130000C,(04)23274275,(04)23288582,2025,5,19,7,44,臺中市,北屯區,0,0,0,7,,,50,,,,,,,,,,,,,,13,,,,,B03,,,5,,1,,,56,56,1,6,4,120.677244,24.199534,3
7109,66000,387130000C,(04)23274275,(04)23288582,2025,5,19,7,45,臺中市,南屯區,0,0,0,7,,,30,,,,,,,,,,,,,,14,,,,,B03,,,1,,1,,,49,49,1,12,4,120.612624,24.144301,3
7110,66000,387130000C,(04)23274275,(04)23288582,2025,5,19,7,45,臺中市,沙鹿區,0,1,0,7,2,6,50,4,1,1,5,4,6,6,1,1,10,5,5,2,13,2,9,2,1,C03,7,9,1,10,2,11,,7,7,1,6,4,120.552559,24.215338,2
7111,66000,387130000C,(04)23274275,(04)23288582,2025,5,19,7,46,臺中市,西區,0,1,0,7,1,6,50,4,1,1,5,4,6,6,1,1,10,5,5,2,17,4,11,5,4,C03,7,9,1,10,2,11,,7,7,1,12,4,120.657415,24.141568,2
7112,66000,387130000C,(04)23274275,(04)23288582,2025,5,19,7,48,臺中市,北屯區,0,1,0,7,2,6,30,4,1,1,5,4,6,6,4,4,10,5,5,2,17,3,10,2,1,C03,7,9,1,10,2,11,,15,15,1,6,4,120.701879,24.167529,2
7113,66000,387130000C,(04)23274275,(04)23288582,2025,5,19,7,48,臺中市,太平區,0,2,0,7,2,6,50,4,1,1,5,4,6,6,4,4,10,5,5,2,16,2,9,2,1,C03,7,6,1,10,9,14,,12,12,1,13,4,120.731133,24.112593,2
7114,66000,387130000C,(04)23274275,(04)23288582,2025,5,19,7,48,臺中市,石岡區,0,0,0,7,,,40,,,,,,,,,,,,,,,,,,,C03,,,1,,2,,,42,42,1,12,4,120.764526,24.277195,3
7115,66000,387130000C,(04)23274275,(04)23288582,2025,5,19,7,48,臺中市,石岡區,0,1,0,7,2,6,30,4,1,1,5,4,6,6,1,1,10,5,5,2,17,3,10,5,4,B03,7,5,1,8,2,8,,22,22,1,12,4,120.813205,24.262059,2
7116,66000,387130000C,(04)23274275,(04)23288582,2025,5,19,7,50,臺中市,南區,0,3,0,7,2,6,40,4,1,1,5,4,6,6,4,4,5,5,4,2,12,2,9,2,1,C03,7,6,1,10,2,14,,48,48,1,13,4,120.681881,24.122407,2
7117,66000,387130000C,(04)23274275,(04)23288582,2025,5,19,7,50,臺中市,南屯區,0,2,0,7,3,6,50,13,9,1,5,4,6,6,1,1,5,5,5,2,16,2,9,1,1,C03,7,6,1,10,2,14,,20,20,1,12,4,120.651383,24.134897,2
7118,66000,387130000C,(04)23274275,(04)23288582,2025,5,19,7,50,臺中市,西屯區,0,0,0,7,,,50,,,,,,,,,,,,,,12,,,,,B03,,,1,,1,,,8,8,1,12,4,120.661043,24.171538,3
7119,66000,387130000C,(04)23274275,(04)23288582,2025,5,19,7,50,臺中市,外埔區,0,0,0,7,2,6,30,4,1,1,5,4,6,6,4,4,10,5,5,2,15,3,10,3,1,B03,7,9,1,8,1,5,,15,15,1,12,4,120.667156,24.316629,3
7120,66000,387130000C,(04)23274275,(04)23288582,2025,5,19,7,51,臺中市,北屯區,0,0,0,7,,,50,,,,,,,,,,,,,,13,,,,,B12,,,1,8,1,,,84,84,1,6,4,120.710876,24.176342,3
7121,66000,387130000C,(04)23274275,(04)23288582,2025,5,19,7,51,臺中市,大里區,0,1,0,7,2,6,60,13,7,1,5,4,6,6,4,4,1,4,4,1,18,2,9,1,1,C03,7,9,3,19,2,12,,87,87,1,12,4,120.664187,24.107617,2
7122,66000,387130000C,(04)23274275,(04)23288582,2025,5,19,7,53,臺中市,大里區,0,1,0,7,2,6,50,13,7,1,5,4,6,6,4,4,3,4,4,1,17,3,10,3,1,B03,7,7,1,8,11,2,,84,84,1,13,4,120.697336,24.083943,2
7123,66000,387130000C,(04)23274275,(04)23288582,2025,5,19,7,54,臺中市,太平區,0,2,0,7,3,6,50,3,2,1,5,4,6,6,4,4,5,5,4,1,13,2,9,2,1,C03,7,9,1,10,2,11,,7,7,1,12,4,120.717651,24.148667,2
7124,66000,387130000C,(04)23274275,(04)23288582,2025,5,19,7,54,臺中市,梧棲區,0,1,0,7,2,6,50,4,1,1,5,4,6,6,4,4,10,5,5,2,15,2,9,2,1,C03,7,9,1,10,2,11,,15,15,1,12,4,120.532145,24.241806,2
7125,66000,387130000C,(04)23274275,(04)23288582,2025,5,19,7,55,臺中市,霧峰區,0,0,0,7,,,50,,,,,,,,,,,,,,9,,,,,B03,,,1,,2,,,54,54,1,13,4,120.687929,24.052329,3
7126,66000,387130000C,(04)23274275,(04)23288582,2025,5,19,7,58,臺中市,北區,0,0,0,7,,,50,,,,,,,,,,,,,,17,,,,,C03,,,1,,1,,,7,7,1,12,4,120.686209,24.154313,3
7127,66000,387130000C,(04)23274275,(04)23288582,2025,5,19,7,59,臺中市,大雅區,0,0,0,7,,,30,,,,,,,,,,,,,,13,,,,,B03,,,1,,1,,,7,7,1,12,4,120.664837,24.225854,3
7128,66000,387130000C,(04)23274275,(04)23288582,2025,5,19,8,0,臺中市,北區,0,1,0,7,2,6,50,4,2,1,5,4,6,6,4,4,5,4,4,2,17,3,10,5,1,B03,7,5,1,8,2,4,,11,11,1,13,4,120.681968,24.167058,2
7129,66000,387130000C,(04)23274275,(04)23288582,2025,5,19,8,0,臺中市,北屯區,0,1,0,7,1,6,50,4,2,1,5,4,6,6,1,1,3,4,5,2,12,2,9,1,1,C03,7,6,1,10,2,14,,48,48,1,13,4,120.701831,24.182039,2
7130,66000,387130000C,(04)23274275,(04)23288582,2025,5,19,8,0,臺中市,大里區,0,0,0,7,,,50,,,,,,,,,,,,,,14,,,,,A12,,,1,,1,,,49,49,1,13,4,120.692604,24.109516,3
7131,66000,387130000C,(04)23274275,(04)23288582,2025,5,19,8,1,臺中市,大甲區,0,1,0,7,3,6,50,13,9,1,5,4,6,6,4,4,5,4,5,1,17,3,10,3,1,B12,7,11,1,8,1,4,,45,45,1,12,4,120.638066,24.346543,2
7132,66000,387130000C,(04)23274275,(04)23288582,2025,5,19,8,3,臺中市,太平區,0,0,0,7,,,50,,,,,,,,,,,,,,16,,,,,C03,,,1,,2,,,47,47,1,13,4,120.71194,24.156925,3
7133,66000,387130000C,(04)23274275,(04)23288582,2025,5,19,8,4,臺中市,北屯區,0,0,0,7,,,50,,,,,,,,,,,,,,12,,,,,B03,,,1,,1,,,45,45,1,6,4,120.684254,24.180214,4
7134,66000,387130000C,(04)23274275,(04)23288582,2025,5,19,8,9,臺中市,北區,0,0,0,7,2,6,50,13,9,1,5,4,6,6,4,4,7,,5,2,12,3,10,3,1,B03,7,9,1,8,1,8,,84,84,1,12,4,120.674099,24.165138,3
7135,66000,387130000C,(04)23274275,(04)23288582,2025,5,19,8,9,臺中市,西屯區,0,0,0,7,,,50,,,,,,,,,,,,,,12,,,,,C03,,,2,,1,,,8,8,1,13,4,120.65368,24.195306,3
7136,66000,387130000C,(04)23274275,(04)23288582,2025,5,19,8,9,臺中市,神岡區,0,1,0,7,1,6,30,4,1,1,5,4,6,6,4,4,10,5,5,2,16,3,10,5,4,B03,7,6,1,8,2,5,,14,14,1,12,4,120.668082,24.269898,2
7137,66000,387130000C,(04)23274275,(04)23288582,2025,5,19,8,11,臺中市,新社區,0,1,0,7,2,6,50,13,9,1,5,4,6,6,4,4,5,5,5,1,12,3,10,3,1,B12,7,9,1,8,2,5,,84,84,1,12,4,120.822169,24.187966,2
7138,66000,387130000C,(04)23274275,(04)23288582,2025,5,19,8,13,臺中市,東區,0,0,0,7,,,50,,,,,,,,,,,,,,13,,,,,B03,,,1,,1,,,84,84,1,12,4,120.696612,24.138867,3
7139,66000,387130000C,(04)23274275,(04)23288582,2025,5,19,8,15,臺中市,西區,0,0,0,7,,,50,,,,,,,,,,,,,,13,,,,,B03,,,1,,2,,,84,84,1,12,4,120.659687,24.157317,3
7140,66000,387130000C,(04)23274275,(04)23288582,2025,5,19,8,15,臺中市,西區,0,1,0,7,2,6,50,13,8,1,5,4,6,6,4,4,5,4,4,2,12,3,10,1,1,C03,7,7,1,10,2,13,,40,40,1,5,4,120.672266,24.144575,2
7141,66000,387130000C,(04)23274275,(04)23288582,2025,5,19,8,15,臺中市,西屯區,0,2,0,7,2,6,50,3,9,1,5,4,6,6,4,4,1,4,5,2,16,3,10,5,4,B03,7,5,1,8,2,2,,47,47,1,12,4,120.634854,24.171978,2
7142,66000,387130000C,(04)23274275,(04)23288582,2025,5,19,8,17,臺中市,中區,0,1,0,7,2,6,50,4,1,1,5,4,6,6,2,1,10,5,5,2,17,2,9,1,1,C03,7,9,1,10,2,11,,7,7,1,12,4,120.680742,24.137167,2
7143,66000,387130000C,(04)23274275,(04)23288582,2025,5,19,8,20,臺中市,北屯區,0,0,0,7,,,80,,,,,,,,,,,,,,13,,,,,B12,,,1,,1,,,7,7,1,12,4,120.720869,24.177346,3
7144,66000,387130000C,(04)23274275,(04)23288582,2025,5,19,8,20,臺中市,沙鹿區,0,0,0,7,2,6,60,13,7,1,5,4,6,6,4,4,1,4,4,1,13,3,10,3,4,B03,7,9,1,8,7,1,,7,7,1,12,4,120.570793,24.240719,3
7145,66000,387130000C,(04)23274275,(04)23288582,2025,5,19,8,24,臺中市,北屯區,0,0,0,7,,,50,,,,,,,,,,,,,,,,,,,B03,,,1,,2,,,40,40,1,13,4,120.71879,24.182066,3
7146,66000,387130000C,(04)23274275,(04)23288582,2025,5,19,8,24,臺中市,后里區,0,2,0,7,3,6,50,4,1,1,5,4,6,6,1,1,5,5,4,1,16,2,9,2,1,C03,7,6,1,10,2,13,,11,11,1,6,4,120.709839,24.305232,2
7147,66000,387130000C,(04)23274275,(04)23288582,2025,5,19,8,27,臺中市,北屯區,0,1,0,7,2,6,50,4,2,1,5,4,6,6,2,1,10,4,5,2,12,2,8,2,1,C03,7,4,1,10,9,14,,84,84,2,6,4,120.692794,24.162343,2
7148,66000,387130000C,(04)23274275,(04)23288582,2025,5,19,8,27,臺中市,龍井區,0,1,0,7,3,6,50,4,1,1,5,4,6,6,4,4,10,5,5,2,15,3,10,3,1,B03,7,9,1,8,2,2,,15,15,1,6,4,120.544703,24.205645,2
7149,66000,387130000C,(04)23274275,(04)23288582,2025,5,19,8,28,臺中市,西區,0,1,0,7,1,6,50,4,1,1,5,4,6,6,1,1,10,5,5,2,17,4,11,1,1,C03,7,9,1,10,2,12,,7,7,1,12,4,120.661712,24.146697,2
7150,66000,387130000C,(04)23274275,(04)23288582,2025,5,19,8,30,臺中市,烏日區,0,1,0,7,2,6,60,3,1,1,5,4,6,6,1,1,1,4,4,1,16,3,10,3,1,B03,7,5,1,8,2,5,,39,39,1,6,4,120.647972,24.091972,2
7151,66000,387130000C,(04)23274275,(04)23288582,2025,5,19,8,31,臺中市,東區,0,0,0,7,,,50,,,,,,,,,,,,,,13,,,,,B03,,,1,,1,,,7,7,1,12,4,120.698834,24.144835,3
7152,66000,387130000C,(04)23274275,(04)23288582,2025,5,19,8,31,臺中市,大肚區,0,1,0,7,3,6,30,4,1,1,5,4,6,6,4,4,10,5,5,2,15,2,9,2,1,C03,7,9,3,19,2,12,,15,15,1,6,4,120.551684,24.146775,2
7153,66000,387130000C,(04)23274275,(04)23288582,2025,5,19,8,32,臺中市,烏日區,0,1,0,7,2,6,70,3,1,1,5,4,6,6,1,1,10,5,5,2,12,3,10,3,1,B03,7,5,1,8,2,6,,11,11,1,6,4,120.59435,24.112775,2
7154,66000,387130000C,(04)23274275,(04)23288582,2025,5,19,8,37,臺中市,大里區,0,1,0,7,3,6,50,4,1,1,5,4,6,6,1,1,5,5,5,1,16,3,10,3,1,B03,7,5,1,8,2,5,,20,20,1,12,4,120.701021,24.095965,2
7155,66000,387130000C,(04)23274275,(04)23288582,2025,5,19,8,43,臺中市,東區,0,1,0,7,3,6,50,4,1,1,5,4,6,6,1,1,10,5,5,2,16,3,10,5,4,B03,7,5,1,8,2,2,,11,11,1,12,4,120.690163,24.131725,2
7156,66000,387130000C,(04)23274275,(04)23288582,2025,5,19,8,43,臺中市,西屯區,0,0,0,7,,,80,,,,,,,,,,,,,,12,,,,,A11,,,1,,1,,,40,40,1,12,4,120.633198,24.172493,3