序號,縣市別代碼,機關代碼,市話,傳真,年,月,日,時,分,縣市,區,死亡數量,受傷數量,2-30,天候,道路照明設備,道路類別,道路速限,道路型態,事故位置,路面鋪裝,路面狀態,路面缺陷,障礙物,視距,號誌種類,號誌動作,分向設施,快車道或一般車道間,快慢車道間,路面邊線,事故類型及型態,受傷程度,主要傷處,保護裝備,行動電話或功能裝置,當事者區分(類別),車輛用途,當事者行動狀態,駕照狀態,駕照種類,飲酒情形,車輛撞擊部位最初,車輛撞擊部位其他,肇事因素個別,肇事因素主要,肇事逃逸,職業,共享經濟或外送平台,GPS座標X,GPS座標Y,事故類別
7157,66000,387130000C,(04)23274275,(04)23288582,2025,5,19,8,45,臺中市,北區,0,0,0,7,,,50,,,,,,,,,,,,,,13,,,,,B03,,,1,,2,,,7,7,1,13,4,120.687084,24.16321,3
7158,66000,387130000C,(04)23274275,(04)23288582,2025,5,19,8,47,臺中市,北區,0,0,0,7,,,50,,,,,,,,,,,,,,13,,,,,B03,,,1,,1,,,7,7,1,13,4,120.688168,24.146785,3
7159,66000,387130000C,(04)23274275,(04)23288582,2025,5,19,8,48,臺中市,南屯區,0,1,0,7,2,6,50,4,2,1,5,4,6,6,2,1,1,4,4,2,13,2,8,2,1,C03,7,9,1,10,2,11,,7,7,1,13,4,120.625896,24.140685,2
7160,66000,387130000C,(04)23274275,(04)23288582,2025,5,19,8,49,臺中市,西屯區,0,0,0,7,,,40,,,,,,,,,,,,,,13,,,,,C03,,,1,,1,,,7,7,1,12,4,120.65072,24.175841,3
7161,66000,387130000C,(04)23274275,(04)23288582,2025,5,19,8,49,臺中市,大里區,0,0,0,7,,,50,,,,,,,,,,,,,,,,,,,F03,,,7,,2,,,24,24,1,12,4,120.677291,24.097651,3
7162,66000,387130000C,(04)23274275,(04)23288582,2025,5,19,8,50,臺中市,大里區,0,0,0,7,,,50,,,,,,,,,,,,,,17,,,,,C03,,,1,,1,,,14,14,1,13,4,120.701425,24.094549,3
7163,66000,387130000C,(04)23274275,(04)23288582,2025,5,19,8,54,臺中市,大雅區,0,2,0,7,3,6,50,3,2,1,5,4,6,6,4,4,10,5,5,2,17,2,9,1,1,C03,7,6,3,19,2,14,,84,84,1,12,4,120.645509,24.226362,2
7164,66000,387130000C,(04)23274275,(04)23288582,2025,5,19,8,55,臺中市,南屯區,0,0,0,7,,,50,,,,,,,,,,,,,,,,,,,B03,,,1,,2,,,84,84,1,12,4,120.624367,24.115966,3
7165,66000,387130000C,(04)23274275,(04)23288582,2025,5,19,8,55,臺中市,烏日區,0,0,0,7,,,50,,,,,,,,,,,,,,16,,,,,B03,,,1,,1,,,7,7,1,6,4,120.616982,24.116146,3
7166,66000,387130000C,(04)23274275,(04)23288582,2025,5,19,9,0,臺中市,大雅區,0,0,0,7,,,30,,,,,,,,,,,,,,,,,,,B03,,,1,,2,,,8,8,1,12,4,120.631798,24.234856,3
7167,66000,387130000C,(04)23274275,(04)23288582,2025,5,19,9,3,臺中市,神岡區,0,0,0,7,,,50,,,,,,,,,,,,,,15,,,,,B03,,,1,,2,,,21,21,1,13,4,120.680252,24.248215,3
7168,66000,387130000C,(04)23274275,(04)23288582,2025,5,19,9,6,臺中市,清水區,0,1,0,7,2,6,50,4,1,1,5,4,6,6,1,1,8,3,4,1,17,2,9,3,1,B03,7,5,1,8,2,2,,20,20,1,12,4,120.560885,24.284382,2
7169,66000,387130000C,(04)23274275,(04)23288582,2025,5,19,9,12,臺中市,西屯區,0,0,0,7,,,40,,,,,,,,,,,,,,12,,,,,A12,,,1,,2,,,8,8,1,12,4,120.643713,24.16563,3
7170,66000,387130000C,(04)23274275,(04)23288582,2025,5,19,9,13,臺中市,南區,0,0,0,7,,,50,,,,,,,,,,,,,,12,,,,,C03,,,1,,1,,,84,84,1,13,4,120.661476,24.121735,3
7171,66000,387130000C,(04)23274275,(04)23288582,2025,5,19,9,13,臺中市,龍井區,0,0,0,7,,,50,,,,,,,,,,,,,,16,,,,,B03,,,1,,1,,,20,20,1,6,4,120.512923,24.196519,3
7172,66000,387130000C,(04)23274275,(04)23288582,2025,5,19,9,15,臺中市,大雅區,0,1,0,7,1,6,50,13,9,1,5,4,6,6,4,4,5,5,5,1,18,2,9,5,4,C03,7,9,1,10,2,14,,54,54,1,12,4,120.657136,24.224984,2
7173,66000,387130000C,(04)23274275,(04)23288582,2025,5,19,9,15,臺中市,烏日區,0,0,0,7,,,30,,,,,,,,,,,,,,9,,,,,A11,,,1,,2,,,84,84,1,6,4,120.633785,24.105345,3
7174,66000,387130000C,(04)23274275,(04)23288582,2025,5,19,9,19,臺中市,北區,0,0,0,7,,,50,,,,,,,,,,,,,,17,,,,,B03,,,1,,2,,,11,11,1,13,4,120.687264,24.155896,3
7175,66000,387130000C,(04)23274275,(04)23288582,2025,5,19,9,19,臺中市,烏日區,0,0,0,7,,,50,,,,,,,,,,,,,,12,,,,,B03,,,1,,2,,,8,8,1,6,4,120.643387,24.061856,3
7176,66000,387130000C,(04)23274275,(04)23288582,2025,5,19,9,21,臺中市,北區,0,0,0,7,,,50,,,,,,,,,,,,,,17,,,,,B03,,,1,,9,,,84,84,1,13,4,120.686425,24.163964,3
7177,66000,387130000C,(04)23274275,(04)23288582,2025,5,19,9,23,臺中市,神岡區,0,2,0,7,1,6,30,4,1,1,5,4,6,6,4,4,10,5,5,2,15,2,9,1,4,C03,7,9,1,10,2,11,,15,15,1,12,4,120.708239,24.257257,2
7178,66000,387130000C,(04)23274275,(04)23288582,2025,5,19,9,26,臺中市,西區,0,0,0,7,,,50,,,,,,,,,,,,,,13,,,,,B03,,,1,,1,,,84,84,1,12,4,120.67486,24.1343,3
7179,66000,387130000C,(04)23274275,(04)23288582,2025,5,19,9,26,臺中市,烏日區,0,0,0,7,,,50,,,,,,,,,,,,,,13,,,,,B03,,,1,,1,,,7,7,1,6,4,120.62734,24.10404,3
7180,66000,387130000C,(04)23274275,(04)23288582,2025,5,19,9,27,臺中市,太平區,0,0,0,7,,,30,,,,,,,,,,,,,,,,,,,B03,,,3,,2,,,12,12,1,12,4,120.723755,24.129877,3
7181,66000,387130000C,(04)23274275,(04)23288582,2025,5,19,9,28,臺中市,梧棲區,0,0,0,7,,,70,,,,,,,,,,,,,,16,,,,,B03,,,1,,2,,,11,11,1,12,4,120.540268,24.24845,3
7182,66000,387130000C,(04)23274275,(04)23288582,2025,5,19,9,29,臺中市,北屯區,0,0,0,7,,,50,,,,,,,,,,,,,,23,,,,,B03,,,1,8,1,,,84,84,1,6,4,120.686102,24.180218,3
7183,66000,387130000C,(04)23274275,(04)23288582,2025,5,19,9,29,臺中市,西屯區,0,0,0,7,,,50,,,,,,,,,,,,,,17,,,,,B03,,,1,,1,,,84,84,1,13,4,120.628984,24.162502,3
7184,66000,387130000C,(04)23274275,(04)23288582,2025,5,19,9,30,臺中市,南屯區,0,0,0,7,,,50,,,,,,,,,,,,,,13,,,,,B03,,,1,,1,,,56,56,1,12,4,120.649833,24.14869,3
7185,66000,387130000C,(04)23274275,(04)23288582,2025,5,19,9,32,臺中市,東區,0,0,0,7,,,50,,,,,,,,,,,,,,17,,,,,A11,,,1,,2,,,84,84,1,12,4,120.683349,24.13399,3
7186,66000,387130000C,(04)23274275,(04)23288582,2025,5,19,9,33,臺中市,西屯區,0,0,0,7,,,50,,,,,,,,,,,,,,17,,,,,B03,,,1,,1,,,51,51,1,12,4,120.638264,24.158276,3
7187,66000,387130000C,(04)23274275,(04)23288582,2025,5,19,9,35,臺中市,大里區,0,1,0,7,2,6,50,4,1,1,5,4,6,6,2,1,10,5,5,2,16,3,10,3,1,B03,7,5,1,8,2,2,,11,11,1,13,4,120.698337,24.080586,2
7188,66000,387130000C,(04)23274275,(04)23288582,2025,5,19,9,36,臺中市,北區,0,0,0,7,,,50,,,,,,,,,,,,,,16,,,,,C03,,,3,,9,,,48,48,2,13,4,120.69935,24.160321,3
7189,66000,387130000C,(04)23274275,(04)23288582,2025,5,19,9,38,臺中市,南區,0,0,0,7,,,50,,,,,,,,,,,,,,,,,,,B03,,,1,,1,,,11,11,1,12,4,120.660395,24.123758,3
7190,66000,387130000C,(04)23274275,(04)23288582,2025,5,19,9,41,臺中市,北區,0,1,0,7,2,6,50,4,2,1,5,4,6,6,4,4,10,5,5,2,12,2,9,2,1,C03,7,9,1,10,2,11,,84,84,1,13,4,120.671251,24.169996,2
7191,66000,387130000C,(04)23274275,(04)23288582,2025,5,19,9,48,臺中市,西區,0,2,0,7,2,6,50,13,9,1,5,4,1,6,4,4,5,5,5,2,3,2,9,6,5,H01,8,20,7,21,10,17,,95,95,1,6,5,120.656546,24.145164,2
7192,66000,387130000C,(04)23274275,(04)23288582,2025,5,19,9,49,臺中市,南區,0,1,0,7,3,6,50,4,2,1,5,4,6,6,1,1,10,5,5,2,17,3,10,5,4,B03,7,6,1,8,2,5,,84,84,1,12,4,120.660534,24.116903,2
7193,66000,387130000C,(04)23274275,(04)23288582,2025,5,19,9,58,臺中市,神岡區,0,2,0,7,2,6,30,4,1,1,5,4,6,6,4,4,10,5,5,2,17,3,10,5,4,B03,7,6,1,10,2,1,,12,12,1,13,4,120.674386,24.248882,2
7194,66000,387130000C,(04)23274275,(04)23288582,2025,5,19,10,0,臺中市,豐原區,0,0,0,7,,,50,,,,,,,,,,,,,,13,,,,,B03,,,1,,2,,,7,7,1,12,4,120.723151,24.244241,3
7195,66000,387130000C,(04)23274275,(04)23288582,2025,5,19,10,1,臺中市,太平區,0,1,0,7,2,6,50,4,2,1,5,4,6,6,4,4,5,4,5,2,13,2,8,2,1,C03,7,9,1,10,2,11,,7,7,1,13,4,120.705611,24.148533,2
7196,66000,387130000C,(04)23274275,(04)23288582,2025,5,19,10,3,臺中市,南屯區,0,1,0,7,2,6,50,3,1,1,5,4,6,6,4,4,9,4,5,2,11,3,10,3,1,B03,7,6,1,8,2,2,,14,14,1,11,4,120.614876,24.153539,2
7197,66000,387130000C,(04)23274275,(04)23288582,2025,5,19,10,10,臺中市,霧峰區,0,0,0,7,,,50,,,,,,,,,,,,,,13,,,,,B03,,,1,,2,,,7,7,1,6,4,120.695205,24.05961,3
7198,66000,387130000C,(04)23274275,(04)23288582,2025,5,19,10,19,臺中市,太平區,0,1,0,7,3,6,50,13,9,1,5,4,6,6,4,4,5,4,5,1,13,3,10,3,1,A12,7,9,1,6,2,5,,7,7,1,12,4,120.730011,24.13495,2
7199,66000,387130000C,(04)23274275,(04)23288582,2025,5,19,10,30,臺中市,北屯區,0,1,0,7,3,6,50,4,1,1,5,4,6,6,1,3,10,5,5,2,15,2,9,2,1,C03,7,9,1,10,2,12,,20,20,1,6,4,120.690494,24.192772,2
7200,66000,387130000C,(04)23274275,(04)23288582,2025,5,19,10,35,臺中市,烏日區,0,0,0,7,,,50,,,,,,,,,,,,,,9,,,,,B03,,,1,,1,,,51,51,1,6,4,120.613088,24.115298,3
7201,66000,387130000C,(04)23274275,(04)23288582,2025,5,19,10,36,臺中市,大里區,0,0,0,7,3,6,60,11,2,1,5,4,6,6,1,1,1,4,5,1,16,,,,,B03,,,1,,2,,,39,39,1,12,4,120.681372,24.105038,3
7202,66000,387130000C,(04)23274275,(04)23288582,2025,5,19,10,40,臺中市,北屯區,0,0,0,7,,,50,,,,,,,,,,,,,,15,,,,,B03,,,1,,1,,,84,84,1,12,4,120.690494,24.192772,3
7203,66000,387130000C,(04)23274275,(04)23288582,2025,5,19,10,41,臺中市,太平區,0,0,0,7,,,50,,,,,,,,,,,,,,,,,,,A12,,,1,,9,,,58,58,1,12,4,120.730003,24.10992,3
7204,66000,387130000C,(04)23274275,(04)23288582,2025,5,19,10,43,臺中市,東勢區,0,1,0,7,2,6,50,13,9,1,5,4,6,6,4,4,8,5,5,1,12,3,10,3,1,B03,7,11,1,8,2,8,,32,32,1,12,4,120.828033,24.252675,2
7205,66000,387130000C,(04)23274275,(04)23288582,2025,5,19,10,44,臺中市,大甲區,0,0,0,7,,,40,,,,,,,,,,,,,,14,,,,,B12,,,1,,1,,,49,49,1,13,5,120.60964,24.347686,3
7206,66000,387130000C,(04)23274275,(04)23288582,2025,5,19,10,47,臺中市,西區,0,1,0,7,2,6,50,3,1,1,5,4,6,6,2,1,10,5,5,2,13,2,9,1,1,C03,7,9,1,10,2,11,,7,7,1,12,4,120.657376,24.149022,2
7207,66000,387130000C,(04)23274275,(04)23288582,2025,5,19,10,47,臺中市,大甲區,0,2,0,7,3,6,50,13,9,1,5,4,6,6,4,4,5,4,5,2,13,2,9,1,1,C03,7,9,1,10,2,11,,7,7,1,12,4,120.628737,24.346248,2
7208,66000,387130000C,(04)23274275,(04)23288582,2025,5,19,10,52,臺中市,北屯區,0,1,0,7,2,6,50,13,9,1,5,4,6,6,4,4,9,4,5,2,17,3,10,3,1,B03,7,1,1,8,2,1,,51,51,1,6,4,120.706404,24.165654,2
7209,66000,387130000C,(04)23274275,(04)23288582,2025,5,19,10,53,臺中市,西區,0,1,0,7,1,6,50,4,1,1,1,4,6,6,1,1,10,5,5,2,13,2,9,5,4,C03,7,9,1,10,2,11,,7,7,1,12,4,120.6684,24.153074,2
7210,66000,387130000C,(04)23274275,(04)23288582,2025,5,19,10,54,臺中市,西屯區,0,2,0,7,3,6,40,4,1,1,5,4,6,6,2,1,10,5,5,2,13,2,9,1,1,C03,7,9,1,9,2,11,,7,7,1,13,4,120.640728,24.167674,2
7211,66000,387130000C,(04)23274275,(04)23288582,2025,5,19,10,55,臺中市,北屯區,0,1,0,7,1,6,50,3,2,1,5,4,6,6,1,1,5,4,4,2,17,2,9,1,1,C03,7,1,1,8,2,12,,51,51,1,13,4,120.7173,24.167203,2
7212,66000,387130000C,(04)23274275,(04)23288582,2025,5,19,10,55,臺中市,烏日區,0,0,0,7,,,40,,,,,,,,,,,,,,13,,,,,B03,,,1,,1,,,7,7,1,6,4,120.641611,24.115441,3
7213,66000,387130000C,(04)23274275,(04)23288582,2025,5,19,10,55,臺中市,梧棲區,0,0,0,7,,,30,,,,,,,,,,,,,,17,,,,,B12,,,1,,2,,,76,76,1,12,4,120.514278,24.22834,3
7214,66000,387130000C,(04)23274275,(04)23288582,2025,5,19,11,0,臺中市,東區,0,0,0,7,,,40,,,,,,,,,,,,,,12,,,,,C03,,,1,,2,,,39,39,1,13,4,120.689244,24.142202,3
7215,66000,387130000C,(04)23274275,(04)23288582,2025,5,19,11,0,臺中市,南屯區,0,2,0,7,3,6,50,4,1,1,5,4,6,6,1,1,5,5,5,2,16,2,9,1,1,C03,7,6,1,10,2,12,,11,11,1,12,4,120.633589,24.141391,2
7216,66000,387130000C,(04)23274275,(04)23288582,2025,5,19,11,0,臺中市,北屯區,0,1,0,7,2,6,50,4,1,1,5,4,6,6,2,1,10,5,5,2,13,2,8,1,1,F03,7,9,7,21,2,11,,84,84,1,12,4,120.690371,24.176874,2
7217,66000,387130000C,(04)23274275,(04)23288582,2025,5,19,11,8,臺中市,大里區,0,1,0,7,2,6,50,3,1,1,5,4,6,6,4,4,10,5,5,1,17,2,9,1,1,F07,7,6,7,21,2,14,,11,11,1,13,4,120.711222,24.086368,2
7218,66000,387130000C,(04)23274275,(04)23288582,2025,5,19,11,8,臺中市,大里區,0,2,0,7,2,6,50,13,9,1,5,4,6,6,4,4,5,5,5,2,2,2,9,2,1,C03,7,9,3,19,2,11,,58,58,1,13,4,120.693586,24.086844,2
7219,66000,387130000C,(04)23274275,(04)23288582,2025,5,19,11,14,臺中市,南屯區,0,0,0,7,2,6,50,13,9,1,5,4,6,6,4,4,5,4,5,2,17,3,10,5,4,B03,7,15,5,21,2,5,,84,84,1,13,4,120.650104,24.132939,3
7220,66000,387130000C,(04)23274275,(04)23288582,2025,5,19,11,17,臺中市,龍井區,0,0,0,7,,,60,,,,,,,,,,,,,,13,,,,,A11,,,1,,1,,,7,7,1,6,4,120.521797,24.216549,3
7221,66000,387130000C,(04)23274275,(04)23288582,2025,5,19,11,19,臺中市,南區,0,0,0,7,,,50,,,,,,,,,,,,,,12,,,,,B03,,,1,,1,,,84,84,1,12,4,120.675243,24.13156,3
7222,66000,387130000C,(04)23274275,(04)23288582,2025,5,19,11,22,臺中市,西區,0,0,0,7,,,50,,,,,,,,,,,,,,17,,,,,C03,,,1,,2,,,84,84,1,12,4,120.67957,24.140838,3
7223,66000,387130000C,(04)23274275,(04)23288582,2025,5,19,11,24,臺中市,潭子區,0,0,0,7,,,80,,,,,,,,,,,,,,13,,,,,B03,,,1,,2,,,7,7,1,12,4,120.718709,24.197325,3
7224,66000,387130000C,(04)23274275,(04)23288582,2025,5,19,11,24,臺中市,神岡區,0,0,0,7,,,1,,,,,,,,,,,,,,28,,,,,,,,,,,,,118,118,1,,,120.681901,24.269764,3
7225,66000,387130000C,(04)23274275,(04)23288582,2025,5,19,11,25,臺中市,北區,0,2,0,7,2,6,50,4,1,1,5,4,6,6,1,1,5,5,5,2,13,3,10,3,1,B03,7,9,1,8,2,1,,59,59,1,12,4,120.689297,24.160186,2
7226,66000,387130000C,(04)23274275,(04)23288582,2025,5,19,11,25,臺中市,南屯區,0,0,0,7,,,50,,,,,,,,,,,,,,,,,,,B03,,,1,,1,,,50,50,1,12,4,120.637552,24.147255,3
7227,66000,387130000C,(04)23274275,(04)23288582,2025,5,19,11,25,臺中市,大里區,0,0,0,7,,,50,,,,,,,,,,,,,,13,,,,,B03,,,1,,1,,,7,7,1,13,4,120.690205,24.108101,3
7228,66000,387130000C,(04)23274275,(04)23288582,2025,5,19,11,26,臺中市,太平區,0,1,0,7,2,6,50,4,1,1,5,4,6,6,1,1,10,5,5,2,16,3,10,3,1,B12,7,5,1,8,2,5,,47,47,1,13,4,120.705251,24.153173,2
7229,66000,387130000C,(04)23274275,(04)23288582,2025,5,19,11,26,臺中市,龍井區,0,0,0,7,,,30,,,,,,,,,,,,,,17,,,,,B03,,,1,,1,,,59,59,1,6,4,120.524177,24.214168,3
7230,66000,387130000C,(04)23274275,(04)23288582,2025,5,19,11,27,臺中市,北屯區,0,0,0,7,,,50,,,,,,,,,,,,,,13,,,,,B03,,,1,,1,,,84,84,1,12,4,120.69412,24.165838,3
7231,66000,387130000C,(04)23274275,(04)23288582,2025,5,19,11,30,臺中市,豐原區,0,0,0,7,,,50,,,,,,,,,,,,,,13,,,,,C03,,,1,,2,,,57,57,1,6,4,120.749535,24.268475,4
7232,66000,387130000C,(04)23274275,(04)23288582,2025,5,19,11,31,臺中市,北區,0,2,0,7,2,6,50,4,1,1,5,4,6,6,1,1,5,4,5,2,17,3,10,5,1,B03,7,5,1,8,2,2,,47,47,1,13,4,120.677156,24.150952,2
7233,66000,387130000C,(04)23274275,(04)23288582,2025,5,19,11,32,臺中市,大里區,0,0,0,7,,,50,,,,,,,,,,,,,,13,,,,,B12,,,1,,2,,,84,84,1,6,4,120.68939,24.092079,3
7234,66000,387130000C,(04)23274275,(04)23288582,2025,5,19,11,33,臺中市,東區,0,0,0,7,,,50,,,,,,,,,,,,,,14,,,,,B03,,,1,,9,,,49,49,2,12,4,120.691069,24.14586,3
7235,66000,387130000C,(04)23274275,(04)23288582,2025,5,19,11,40,臺中市,烏日區,0,0,0,7,,,30,,,,,,,,,,,,,,9,,,,,B03,,,1,,2,,,50,50,1,6,4,120.645144,24.108736,4
7236,66000,387130000C,(04)23274275,(04)23288582,2025,5,19,11,45,臺中市,后里區,0,1,0,7,3,6,50,4,1,1,5,4,6,6,4,4,10,5,5,2,15,3,10,2,1,C03,7,9,1,10,2,12,,15,15,1,6,4,120.720223,24.305326,2
7237,66000,387130000C,(04)23274275,(04)23288582,2025,5,19,11,49,臺中市,大里區,0,0,0,7,,,30,,,,,,,,,,,,,,,,,,,B03,,,1,,2,,,49,49,1,12,4,120.692263,24.108163,3
7238,66000,387130000C,(04)23274275,(04)23288582,2025,5,19,11,49,臺中市,大里區,0,0,0,7,,,50,,,,,,,,,,,,,,17,,,,,B03,,,1,,2,,,7,7,1,13,4,120.69675,24.090389,3
7239,66000,387130000C,(04)23274275,(04)23288582,2025,5,19,11,50,臺中市,南區,0,1,0,7,2,6,40,13,8,1,5,4,6,6,4,4,1,4,4,2,13,3,10,1,1,C03,7,9,1,10,1,11,,7,7,1,12,4,120.664443,24.125322,2
7240,66000,387130000C,(04)23274275,(04)23288582,2025,5,19,11,52,臺中市,北屯區,0,0,0,7,,,50,,,,,,,,,,,,,,12,,,,,B03,,,1,7,1,,,51,51,1,6,4,120.685449,24.173934,3
7241,66000,387130000C,(04)23274275,(04)23288582,2025,5,19,11,56,臺中市,大雅區,0,0,0,7,,,30,,,,,,,,,,,,,,,,,,,B02,,,1,,2,,,49,49,1,13,4,120.654782,24.212304,3
7242,66000,387130000C,(04)23274275,(04)23288582,2025,5,19,11,56,臺中市,大里區,0,1,0,7,2,6,30,3,1,1,5,4,6,6,4,4,10,5,5,2,16,3,10,3,1,B03,7,6,1,8,2,8,,14,14,1,13,4,120.698175,24.095949,2
7243,66000,387130000C,(04)23274275,(04)23288582,2025,5,19,11,57,臺中市,霧峰區,0,0,0,7,,,50,,,,,,,,,,,,,,17,,,,,B03,,,1,,2,,,51,51,1,6,4,120.686626,24.053691,3
7244,66000,387130000C,(04)23274275,(04)23288582,2025,5,19,11,58,臺中市,南屯區,0,0,0,7,,,40,,,,,,,,,,,,,,17,,,,,B03,,,1,,2,,,8,8,1,12,4,120.634771,24.155067,3
7245,66000,387130000C,(04)23274275,(04)23288582,2025,5,19,12,0,臺中市,東區,0,0,0,7,,,,,,,,,,,,,,,,,17,,,,,,,,,,,,,85,85,1,,,120.702127,24.138667,3
7246,66000,387130000C,(04)23274275,(04)23288582,2025,5,19,12,6,臺中市,豐原區,0,0,0,7,,,50,,,,,,,,,,,,,,11,,,,,C03,,,1,,2,,,51,51,1,12,4,120.727878,24.245006,3
7247,66000,387130000C,(04)23274275,(04)23288582,2025,5,19,12,10,臺中市,南屯區,0,0,0,7,,,50,,,,,,,,,,,,,,,,,,,A11,,,1,,2,,,40,40,1,13,4,120.649468,24.139919,3
7248,66000,387130000C,(04)23274275,(04)23288582,2025,5,19,12,13,臺中市,清水區,0,1,0,7,3,6,50,3,1,1,5,4,6,6,2,1,1,3,4,1,16,3,10,3,1,B03,7,5,1,8,2,5,,11,11,1,12,4,120.573497,24.262853,2
7249,66000,387130000C,(04)23274275,(04)23288582,2025,5,19,12,14,臺中市,大雅區,0,0,0,7,,,50,,,,,,,,,,,,,,14,,,,,A12,,,1,,2,,,49,49,1,12,4,120.655756,24.227275,3
7250,66000,387130000C,(04)23274275,(04)23288582,2025,5,19,12,14,臺中市,霧峰區,0,3,0,7,2,6,50,4,1,1,5,4,6,6,1,1,10,5,5,1,18,2,9,3,1,B03,7,9,1,8,2,1,,84,84,1,13,4,120.703016,24.07078,2
7251,66000,387130000C,(04)23274275,(04)23288582,2025,5,19,12,15,臺中市,西屯區,0,0,0,7,,,30,,,,,,,,,,,,,,14,,,,,B12,,,1,,1,,,49,49,1,12,4,120.618186,24.18915,3
7252,66000,387130000C,(04)23274275,(04)23288582,2025,5,19,12,16,臺中市,西屯區,0,1,0,7,2,6,30,5,1,1,5,4,6,6,4,4,5,5,5,2,15,2,8,2,4,C03,7,9,1,10,2,12,,15,15,1,13,4,120.648199,24.175592,2
7253,66000,387130000C,(04)23274275,(04)23288582,2025,5,19,12,25,臺中市,東區,0,1,0,7,3,6,50,13,9,1,5,4,6,6,4,4,5,4,5,2,13,2,8,5,4,C03,7,9,1,10,1,11,,7,7,1,12,4,120.698853,24.133343,2
7254,66000,387130000C,(04)23274275,(04)23288582,2025,5,19,12,28,臺中市,西區,0,1,0,7,2,6,50,4,1,1,5,4,6,6,2,1,10,5,5,2,16,3,10,5,1,B03,7,5,1,8,2,2,,47,47,1,6,4,120.67988,24.137919,2
7255,66000,387130000C,(04)23274275,(04)23288582,2025,5,19,12,29,臺中市,太平區,0,1,0,7,3,6,50,4,1,1,5,4,6,6,4,4,10,5,5,2,16,3,10,3,1,B03,7,6,1,8,2,8,,14,14,1,12,4,120.716132,24.133118,2
7256,66000,387130000C,(04)23274275,(04)23288582,2025,5,19,12,34,臺中市,龍井區,0,1,0,6,3,6,50,13,9,1,5,4,6,6,1,1,5,4,5,2,16,3,10,3,1,B02,7,1,1,8,2,3,,51,51,1,6,4,120.526293,24.216814,2
7257,66000,387130000C,(04)23274275,(04)23288582,2025,5,19,12,34,臺中市,后里區,0,1,0,7,3,6,50,4,1,1,5,4,6,6,4,4,5,5,4,1,15,2,9,2,1,C03,7,9,1,10,2,12,,13,13,1,6,4,120.718353,24.30953,2
7258,66000,387130000C,(04)23274275,(04)23288582,2025,5,19,12,35,臺中市,南屯區,0,0,0,7,,,50,,,,,,,,,,,,,,,,,,,A12,,,1,,2,,,84,84,1,12,4,120.623805,24.153385,3
7259,66000,387130000C,(04)23274275,(04)23288582,2025,5,19,12,37,臺中市,北區,0,2,0,7,2,6,50,4,2,1,5,4,6,6,4,4,10,5,5,2,17,2,9,2,1,C03,7,9,1,10,2,11,,15,15,1,13,4,120.68373,24.146526,2
7260,66000,387130000C,(04)23274275,(04)23288582,2025,5,19,12,42,臺中市,北屯區,0,0,0,7,,,50,,,,,,,,,,,,,,13,,,,,B03,,,1,,1,,,7,7,1,6,4,120.696038,24.183109,4
7261,66000,387130000C,(04)23274275,(04)23288582,2025,5,19,12,44,臺中市,東區,0,1,0,7,2,6,50,4,1,1,5,4,6,6,4,4,9,5,5,2,18,2,9,2,1,C03,7,9,1,10,2,14,,84,84,1,13,4,120.686849,24.133775,2
7262,66000,387130000C,(04)23274275,(04)23288582,2025,5,19,12,44,臺中市,南屯區,0,0,0,7,,,10,,,,,,,,,,,,,,14,,,,,B13,,,1,,1,,,49,49,1,12,4,120.645278,24.130665,3
7263,66000,387130000C,(04)23274275,(04)23288582,2025,5,19,12,47,臺中市,太平區,0,0,0,7,,,30,,,,,,,,,,,,,,,,,,,A41,,,1,,2,,,84,84,1,12,4,120.711799,24.117231,3
7264,66000,387130000C,(04)23274275,(04)23288582,2025,5,19,12,50,臺中市,南屯區,0,0,0,7,,,40,,,,,,,,,,,,,,13,,,,,A11,,,1,,1,,,84,84,1,6,4,120.623169,24.149872,3
7265,66000,387130000C,(04)23274275,(04)23288582,2025,5,19,12,51,臺中市,北區,0,0,0,7,,,50,,,,,,,,,,,,,,17,,,,,C03,,,1,,2,,,84,84,1,13,4,120.682175,24.151197,3
7266,66000,387130000C,(04)23274275,(04)23288582,2025,5,19,12,53,臺中市,烏日區,0,0,0,7,,,60,,,,,,,,,,,,,,13,,,,,B03,,,1,,1,,,7,7,1,6,4,120.614085,24.106776,3
7267,66000,387130000C,(04)23274275,(04)23288582,2025,5,19,12,57,臺中市,西屯區,0,0,0,7,,,50,,,,,,,,,,,,,,13,,,,,C03,,,1,,1,,,7,7,1,13,4,120.646976,24.1708,4
7268,66000,387130000C,(04)23274275,(04)23288582,2025,5,19,12,57,臺中市,大里區,0,1,0,7,3,6,50,11,7,1,5,4,6,6,4,4,10,4,4,2,12,3,10,3,1,B03,7,6,1,8,2,8,,42,42,1,12,4,120.672679,24.115109,2
7269,66000,387130000C,(04)23274275,(04)23288582,2025,5,19,13,14,臺中市,西屯區,0,1,0,7,2,6,50,4,1,1,5,4,6,6,4,4,10,5,5,2,12,3,10,3,4,B03,7,5,1,8,2,8,,14,14,1,12,4,120.646236,24.184424,2
7270,66000,387130000C,(04)23274275,(04)23288582,2025,5,19,13,15,臺中市,大里區,0,0,0,7,,,50,,,,,,,,,,,,,,17,,,,,C03,,,1,,2,,,39,39,1,6,4,120.680357,24.114977,3