序號,縣市別代碼,機關代碼,市話,傳真,年,月,日,時,分,縣市,區,死亡數量,受傷數量,2-30,天候,道路照明設備,道路類別,道路速限,道路型態,事故位置,路面鋪裝,路面狀態,路面缺陷,障礙物,視距,號誌種類,號誌動作,分向設施,快車道或一般車道間,快慢車道間,路面邊線,事故類型及型態,受傷程度,主要傷處,保護裝備,行動電話或功能裝置,當事者區分(類別),車輛用途,當事者行動狀態,駕照狀態,駕照種類,飲酒情形,車輛撞擊部位最初,車輛撞擊部位其他,肇事因素個別,肇事因素主要,肇事逃逸,職業,共享經濟或外送平台,GPS座標X,GPS座標Y,事故類別
7605,66000,387130000C,(04)23274275,(04)23288582,2025,5,20,9,0,臺中市,南屯區,0,0,0,7,,,50,,,,,,,,,,,,,,,,,,,B01,,,1,,1,,,84,84,1,12,4,120.644205,24.146864,3
7606,66000,387130000C,(04)23274275,(04)23288582,2025,5,20,9,2,臺中市,大雅區,0,0,0,7,,,70,,,,,,,,,,,,,,12,,,,,B12,,,1,,2,,,2,2,1,13,4,120.641568,24.229985,3
7607,66000,387130000C,(04)23274275,(04)23288582,2025,5,20,9,2,臺中市,龍井區,0,1,0,7,3,6,40,4,1,1,5,4,6,6,1,1,10,5,5,2,16,3,10,3,1,B01,7,6,1,1,2,1,,23,23,1,6,4,120.539036,24.20603,2
7608,66000,387130000C,(04)23274275,(04)23288582,2025,5,20,9,10,臺中市,龍井區,0,0,0,7,,,50,,,,,,,,,,,,,,13,,,,,C03,,,1,,9,,,7,7,1,6,4,120.5926,24.181542,3
7609,66000,387130000C,(04)23274275,(04)23288582,2025,5,20,9,15,臺中市,沙鹿區,0,1,0,7,2,6,50,4,1,1,5,4,6,6,4,4,10,5,5,2,15,2,7,2,1,C03,7,9,1,10,2,12,,20,20,1,6,4,120.560785,24.237033,2
7610,66000,387130000C,(04)23274275,(04)23288582,2025,5,20,9,15,臺中市,豐原區,0,1,0,7,2,6,50,13,8,1,5,4,6,6,4,4,5,5,4,2,14,3,10,5,1,B01,7,2,1,4,2,7,,49,49,1,6,4,120.70678,24.243538,2
7611,66000,387130000C,(04)23274275,(04)23288582,2025,5,20,9,17,臺中市,潭子區,0,0,0,7,,,50,,,,,,,,,,,,,,,,,,,B03,,,1,,2,,,84,84,1,13,4,120.705359,24.211544,3
7612,66000,387130000C,(04)23274275,(04)23288582,2025,5,20,9,18,臺中市,后里區,0,0,0,7,,,50,,,,,,,,,,,,,,16,,,,,B03,,,1,,1,,,47,47,1,6,4,120.722981,24.310894,3
7613,66000,387130000C,(04)23274275,(04)23288582,2025,5,20,9,19,臺中市,南屯區,0,0,0,7,,,50,,,,,,,,,,,,,,,,,,,B12,,,1,,1,,,7,7,1,6,4,120.632705,24.137476,3
7614,66000,387130000C,(04)23274275,(04)23288582,2025,5,20,9,20,臺中市,豐原區,0,1,0,7,2,6,30,5,1,1,5,4,6,6,1,1,10,5,5,2,3,3,10,5,4,B03,7,6,1,8,2,8,,10,10,1,13,4,120.710055,24.244213,2
7615,66000,387130000C,(04)23274275,(04)23288582,2025,5,20,9,22,臺中市,大雅區,0,0,0,7,,,60,,,,,,,,,,,,,,,,,,,B03,,,1,,2,,,7,7,1,12,4,120.650036,24.213089,3
7616,66000,387130000C,(04)23274275,(04)23288582,2025,5,20,9,23,臺中市,西屯區,0,1,0,7,2,6,50,4,1,1,5,4,6,6,2,1,10,5,5,2,16,3,10,3,1,B03,7,6,1,8,2,8,,11,11,1,13,4,120.654582,24.156886,2
7617,66000,387130000C,(04)23274275,(04)23288582,2025,5,20,9,25,臺中市,清水區,0,0,0,7,,,50,,,,,,,,,,,,,,17,,,,,B03,,,1,,2,,,15,15,1,12,4,120.54751,24.264828,3
7618,66000,387130000C,(04)23274275,(04)23288582,2025,5,20,9,27,臺中市,沙鹿區,0,1,0,7,3,6,50,13,9,1,5,4,6,6,4,4,5,5,5,1,17,3,10,3,1,B03,7,11,1,8,2,8,,45,45,1,6,4,120.566513,24.21189,2
7619,66000,387130000C,(04)23274275,(04)23288582,2025,5,20,9,30,臺中市,中區,0,0,0,7,,,50,,,,,,,,,,,,,,,,,,,B03,,,1,,1,,,7,7,1,12,4,120.686109,24.141958,3
7620,66000,387130000C,(04)23274275,(04)23288582,2025,5,20,9,30,臺中市,烏日區,0,1,0,7,2,6,30,13,9,1,5,4,6,6,4,4,10,4,5,1,12,3,10,3,1,B03,7,1,1,8,2,8,,51,51,1,6,4,120.643745,24.074106,2
7621,66000,387130000C,(04)23274275,(04)23288582,2025,5,20,9,31,臺中市,霧峰區,0,1,0,7,2,6,50,3,1,1,5,4,6,6,1,1,10,5,5,1,17,2,8,1,1,C03,7,6,1,10,2,11,,11,11,1,13,4,120.713599,24.07537,2
7622,66000,387130000C,(04)23274275,(04)23288582,2025,5,20,9,36,臺中市,太平區,0,0,0,7,,,30,,,,,,,,,,,,,,16,,,,,B12,,,1,,2,,,14,14,1,11,4,120.701929,24.112426,3
7623,66000,387130000C,(04)23274275,(04)23288582,2025,5,20,9,36,臺中市,清水區,0,1,0,7,2,6,30,4,1,1,5,4,6,6,4,4,5,2,5,2,15,3,10,3,1,B03,7,9,1,8,2,5,,15,15,1,13,4,120.57652,24.30284,2
7624,66000,387130000C,(04)23274275,(04)23288582,2025,5,20,9,37,臺中市,北屯區,0,0,0,7,,,50,,,,,,,,,,,,,,,,,,,B03,,,1,,1,,,40,40,1,13,4,120.669946,24.176464,3
7625,66000,387130000C,(04)23274275,(04)23288582,2025,5,20,9,37,臺中市,大里區,0,0,0,7,3,6,50,13,9,1,5,4,6,6,1,1,5,4,5,1,12,,,,,C03,,,1,,2,,,8,8,1,12,4,120.689596,24.118195,3
7626,66000,387130000C,(04)23274275,(04)23288582,2025,5,20,9,40,臺中市,大里區,0,1,0,7,2,6,80,13,7,1,5,4,6,6,4,4,1,3,5,1,13,4,11,5,4,B03,7,9,6,20,11,1,,7,7,1,12,4,120.682961,24.085118,2
7627,66000,387130000C,(04)23274275,(04)23288582,2025,5,20,9,45,臺中市,新社區,0,0,0,7,,,50,,,,,,,,,,,,,,,,,,,B12,,,1,,1,,,50,50,1,12,4,120.809249,24.249043,3
7628,66000,387130000C,(04)23274275,(04)23288582,2025,5,20,9,47,臺中市,西屯區,0,0,0,7,,,50,,,,,,,,,,,,,,13,,,,,B02,,,1,,1,,,7,7,1,12,4,120.622985,24.179228,3
7629,66000,387130000C,(04)23274275,(04)23288582,2025,5,20,9,49,臺中市,西屯區,0,0,0,7,,,60,,,,,,,,,,,,,,13,,,,,B03,,,1,,1,,,7,7,1,13,4,120.636926,24.170289,3
7630,66000,387130000C,(04)23274275,(04)23288582,2025,5,20,9,54,臺中市,南屯區,0,1,0,7,2,6,50,13,9,1,5,4,6,6,4,4,9,4,5,2,18,2,9,1,1,C03,7,9,1,10,2,14,,59,59,1,12,4,120.651261,24.140364,2
7631,66000,387130000C,(04)23274275,(04)23288582,2025,5,20,9,55,臺中市,北區,0,0,0,7,,,50,,,,,,,,,,,,,,17,,,,,B03,,,1,,1,,,8,8,1,13,4,120.678333,24.150762,3
7632,66000,387130000C,(04)23274275,(04)23288582,2025,5,20,9,57,臺中市,大里區,0,0,0,7,,,40,,,,,,,,,,,,,,13,,,,,C03,,,1,,1,,,7,7,1,6,4,120.696816,24.085555,3
7633,66000,387130000C,(04)23274275,(04)23288582,2025,5,20,9,59,臺中市,西屯區,0,1,0,7,3,6,50,5,1,1,5,4,6,6,2,1,10,5,5,2,17,3,10,3,1,B01,7,11,1,4,1,8,,45,45,1,12,4,120.657382,24.163178,2
7634,66000,387130000C,(04)23274275,(04)23288582,2025,5,20,10,0,臺中市,西屯區,0,0,0,7,,,50,,,,,,,,,,,,,,17,,,,,B03,,,1,,2,,,50,50,1,12,4,120.661733,24.165286,3
7635,66000,387130000C,(04)23274275,(04)23288582,2025,5,20,10,2,臺中市,大里區,0,0,0,7,,,80,,,,,,,,,,,,,,13,,,,,A11,,,1,,2,,,7,7,1,13,4,120.685904,24.092721,3
7636,66000,387130000C,(04)23274275,(04)23288582,2025,5,20,10,3,臺中市,神岡區,0,0,0,7,,,50,,,,,,,,,,,,,,14,,,,,A12,,,1,,1,,,49,49,1,6,4,120.658865,24.276816,3
7637,66000,387130000C,(04)23274275,(04)23288582,2025,5,20,10,8,臺中市,南區,0,0,0,7,,,50,,,,,,,,,,,,,,,,,,,C03,,,1,,1,,,84,84,1,12,4,120.653289,24.121969,3
7638,66000,387130000C,(04)23274275,(04)23288582,2025,5,20,10,11,臺中市,豐原區,0,1,0,7,2,6,50,3,1,1,5,4,6,6,1,1,10,5,5,2,16,3,10,5,4,B03,7,9,1,8,2,8,,21,21,1,12,4,120.7196,24.241897,2
7639,66000,387130000C,(04)23274275,(04)23288582,2025,5,20,10,18,臺中市,西區,0,1,0,7,1,6,50,4,1,1,5,4,1,5,1,1,10,5,5,2,17,3,10,5,4,B03,7,5,1,8,2,5,,11,11,1,12,4,120.670857,24.137521,2
7640,66000,387130000C,(04)23274275,(04)23288582,2025,5,20,10,21,臺中市,沙鹿區,0,1,0,7,2,6,40,13,8,1,5,4,6,6,4,4,5,5,4,2,17,2,9,2,1,C03,7,9,1,10,2,11,,59,59,1,6,4,120.565683,24.243218,2
7641,66000,387130000C,(04)23274275,(04)23288582,2025,5,20,10,22,臺中市,大雅區,0,1,0,7,3,6,60,13,7,1,5,4,6,6,4,4,5,2,4,1,17,3,10,3,1,B03,7,2,1,8,2,3,,49,49,1,12,4,120.64724,24.221943,2
7642,66000,387130000C,(04)23274275,(04)23288582,2025,5,20,10,25,臺中市,南屯區,0,0,0,7,3,6,50,13,7,1,5,4,6,6,1,1,5,5,4,2,13,,,,,B03,,,1,,1,,,7,7,1,12,4,120.637044,24.130357,3
7643,66000,387130000C,(04)23274275,(04)23288582,2025,5,20,10,27,臺中市,大雅區,0,1,0,7,2,6,50,5,2,1,5,4,6,6,1,1,1,4,5,1,12,2,9,2,1,C03,7,9,1,10,2,11,,84,84,1,13,4,120.678161,24.215562,2
7644,66000,387130000C,(04)23274275,(04)23288582,2025,5,20,10,27,臺中市,大里區,0,1,0,7,2,6,50,4,1,1,5,4,6,6,4,4,10,5,5,1,17,3,10,1,1,C03,7,9,1,10,2,12,,15,15,1,13,4,120.693306,24.08553,2
7645,66000,387130000C,(04)23274275,(04)23288582,2025,5,20,10,35,臺中市,沙鹿區,0,0,0,7,,,50,,,,,,,,,,,,,,,,,,,B11,,,1,,2,,,8,8,1,6,4,120.562994,24.243929,3
7646,66000,387130000C,(04)23274275,(04)23288582,2025,5,20,10,37,臺中市,北屯區,0,1,0,7,2,6,50,4,1,1,5,4,6,6,1,1,10,5,5,2,12,3,10,3,1,B03,7,5,1,8,2,2,,85,85,1,6,4,120.688773,24.165008,2
7647,66000,387130000C,(04)23274275,(04)23288582,2025,5,20,10,38,臺中市,北屯區,0,1,0,7,3,6,50,4,1,1,5,4,6,6,2,1,10,5,5,2,13,2,9,1,1,C03,7,9,1,10,2,12,11,7,7,1,6,4,120.670872,24.173963,2
7648,66000,387130000C,(04)23274275,(04)23288582,2025,5,20,10,39,臺中市,龍井區,0,2,0,7,1,6,30,13,9,1,5,4,6,6,4,4,10,4,5,1,11,2,9,1,1,C03,7,1,1,10,2,14,,51,51,1,6,4,120.584207,24.184492,2
7649,66000,387130000C,(04)23274275,(04)23288582,2025,5,20,10,42,臺中市,大雅區,0,0,0,7,,,60,,,,,,,,,,,,,,12,,,,,B03,,,1,,2,,,8,8,1,13,4,120.646512,24.222855,3
7650,66000,387130000C,(04)23274275,(04)23288582,2025,5,20,10,42,臺中市,烏日區,0,0,0,7,,,30,,,,,,,,,,,,,,12,,,,,B03,,,1,,2,,,84,84,1,12,4,120.589177,24.111546,3
7651,66000,387130000C,(04)23274275,(04)23288582,2025,5,20,10,43,臺中市,大雅區,0,1,0,7,2,6,40,13,8,1,5,4,6,6,4,4,1,4,4,1,13,2,9,1,1,C03,7,9,1,10,2,11,,7,7,1,13,4,120.646703,24.222347,2
7652,66000,387130000C,(04)23274275,(04)23288582,2025,5,20,10,52,臺中市,石岡區,0,1,0,7,2,6,50,3,2,1,5,4,6,6,4,4,5,5,5,1,13,2,9,1,1,C03,7,9,1,10,2,11,,84,84,1,12,4,120.776025,24.275457,2
7653,66000,387130000C,(04)23274275,(04)23288582,2025,5,20,10,54,臺中市,西區,0,1,0,7,2,6,40,3,1,1,5,4,6,6,4,4,3,4,1,2,17,4,11,2,1,C03,7,5,1,8,2,14,,85,85,1,12,4,120.660393,24.156432,2
7654,66000,387130000C,(04)23274275,(04)23288582,2025,5,20,10,55,臺中市,西屯區,0,3,0,7,2,6,50,4,1,1,5,4,6,6,2,1,10,5,5,2,11,3,10,3,4,B03,7,6,1,8,2,5,,84,84,1,12,4,120.637546,24.185697,2
7655,66000,387130000C,(04)23274275,(04)23288582,2025,5,20,10,55,臺中市,東勢區,0,0,0,7,,,70,,,,,,,,,,,,,,,,,,,B12,,,1,,1,,,7,7,1,12,4,120.826858,24.252818,3
7656,66000,387130000C,(04)23274275,(04)23288582,2025,5,20,10,57,臺中市,西屯區,0,0,0,7,,,50,,,,,,,,,,,,,,16,,,,,B03,,,1,,1,,,40,40,1,13,4,120.657391,24.158299,3
7657,66000,387130000C,(04)23274275,(04)23288582,2025,5,20,10,58,臺中市,北屯區,0,0,0,7,,,50,,,,,,,,,,,,,,14,,,,,A12,,,1,,2,,,49,49,1,12,4,120.670154,24.174577,3
7658,66000,387130000C,(04)23274275,(04)23288582,2025,5,20,11,3,臺中市,北區,0,0,0,7,,,50,,,,,,,,,,,,,,13,,,,,C03,,,1,,1,,,84,84,1,13,4,120.681607,24.155018,3
7659,66000,387130000C,(04)23274275,(04)23288582,2025,5,20,11,3,臺中市,西屯區,0,0,0,7,,,50,,,,,,,,,,,,,,13,,,,,C03,,,1,,1,,,84,84,1,12,4,120.639303,24.180094,3
7660,66000,387130000C,(04)23274275,(04)23288582,2025,5,20,11,6,臺中市,西區,0,0,0,7,,,50,,,,,,,,,,,,,,,,,,,B03,,,1,,1,,,84,84,1,12,4,120.664417,24.150086,3
7661,66000,387130000C,(04)23274275,(04)23288582,2025,5,20,11,8,臺中市,東區,0,1,0,7,2,6,0,13,21,1,5,4,6,6,4,4,10,5,5,2,18,2,9,1,1,C03,7,9,1,10,2,14,12,2,2,1,12,4,120.695118,24.138418,2
7662,66000,387130000C,(04)23274275,(04)23288582,2025,5,20,11,8,臺中市,西屯區,0,0,0,7,,,60,,,,,,,,,,,,,,12,,,,,B03,,,1,,1,,,11,11,1,13,4,120.616468,24.182596,3
7663,66000,387130000C,(04)23274275,(04)23288582,2025,5,20,11,10,臺中市,霧峰區,0,2,0,7,2,6,25,4,1,1,5,4,6,6,4,4,10,5,5,2,15,2,9,2,1,C03,7,9,1,10,2,12,,12,12,1,6,4,120.689242,24.062277,2
7664,66000,387130000C,(04)23274275,(04)23288582,2025,5,20,11,10,臺中市,太平區,0,1,0,7,1,6,30,4,1,1,5,4,6,6,4,4,5,5,4,2,16,3,10,3,1,B03,7,6,1,8,2,4,,13,13,1,6,4,120.724011,24.144718,2
7665,66000,387130000C,(04)23274275,(04)23288582,2025,5,20,11,10,臺中市,龍井區,0,1,0,7,1,6,30,13,9,1,5,4,6,6,4,4,10,5,5,2,1,3,10,3,1,B03,7,9,1,8,2,4,,85,85,1,6,4,120.5882,24.180784,2
7666,66000,387130000C,(04)23274275,(04)23288582,2025,5,20,11,15,臺中市,大雅區,0,1,0,7,2,6,30,4,2,1,5,4,6,6,4,4,5,5,5,1,16,3,10,1,1,C03,7,6,1,10,2,11,,14,14,1,13,4,120.648549,24.226074,2
7667,66000,387130000C,(04)23274275,(04)23288582,2025,5,20,11,19,臺中市,北屯區,0,1,0,7,2,6,30,13,9,1,5,4,6,6,4,4,10,5,5,2,17,3,10,1,1,C03,7,1,3,19,2,13,,51,51,1,12,4,120.667146,24.185709,2
7668,66000,387130000C,(04)23274275,(04)23288582,2025,5,20,11,20,臺中市,龍井區,0,0,0,7,,,50,,,,,,,,,,,,,,12,,,,,B12,,,3,,2,,,59,59,1,6,4,120.52365,24.206372,3
7669,66000,387130000C,(04)23274275,(04)23288582,2025,5,20,11,21,臺中市,南區,0,1,0,7,2,6,40,3,1,1,5,4,6,6,1,1,10,5,5,2,12,2,8,1,1,C03,7,6,1,10,2,14,,8,8,1,12,4,120.683474,24.119178,2
7670,66000,387130000C,(04)23274275,(04)23288582,2025,5,20,11,25,臺中市,潭子區,0,0,0,7,,,50,,,,,,,,,,,,,,,,,,,B12,,,1,,2,,,8,8,1,13,4,120.695087,24.224373,3
7671,66000,387130000C,(04)23274275,(04)23288582,2025,5,20,11,25,臺中市,南屯區,0,0,0,7,,,50,,,,,,,,,,,,,,,,,,,B03,,,1,,9,,,87,87,1,12,4,120.633475,24.153562,3
7672,66000,387130000C,(04)23274275,(04)23288582,2025,5,20,11,28,臺中市,大雅區,0,0,0,7,,,0,,,,,,,,,,,,,,14,,,,,B03,,,1,,1,,,49,49,1,13,4,120.63614,24.23494,3
7673,66000,387130000C,(04)23274275,(04)23288582,2025,5,20,11,28,臺中市,南屯區,0,0,0,7,,,50,,,,,,,,,,,,,,,,,,,B03,,,1,,1,,,84,84,1,13,4,120.634387,24.130129,3
7674,66000,387130000C,(04)23274275,(04)23288582,2025,5,20,11,28,臺中市,太平區,0,1,0,7,3,6,50,3,1,1,5,4,6,6,1,1,5,5,5,2,13,3,10,3,1,B03,7,9,1,8,2,5,,84,84,1,12,4,120.723313,24.12285,2
7675,66000,387130000C,(04)23274275,(04)23288582,2025,5,20,11,29,臺中市,豐原區,0,2,0,7,2,6,40,13,7,1,5,4,6,6,3,1,1,4,4,1,12,2,8,5,4,C03,7,11,1,10,2,14,,45,45,1,13,4,120.719887,24.258187,2
7676,66000,387130000C,(04)23274275,(04)23288582,2025,5,20,11,37,臺中市,北區,0,0,0,7,,,50,,,,,,,,,,,,,,17,,,,,B11,,,1,,1,,,76,76,1,13,4,120.683255,24.157317,3
7677,66000,387130000C,(04)23274275,(04)23288582,2025,5,20,11,38,臺中市,中區,0,0,0,7,,,50,,,,,,,,,,,,,,17,,,,,B03,,,1,,11,,,84,84,2,12,4,120.679285,24.140047,3
7678,66000,387130000C,(04)23274275,(04)23288582,2025,5,20,11,40,臺中市,北區,0,0,0,7,,,50,,,,,,,,,,,,,,17,,,,,B03,,,1,,2,,,59,59,1,12,4,120.67418,24.159039,3
7679,66000,387130000C,(04)23274275,(04)23288582,2025,5,20,11,40,臺中市,清水區,0,0,0,7,,,50,,,,,,,,,,,,,,17,,,,,B03,,,1,,2,,,49,49,1,12,4,120.575981,24.272568,3
7680,66000,387130000C,(04)23274275,(04)23288582,2025,5,20,11,45,臺中市,大雅區,0,0,0,7,,,60,,,,,,,,,,,,,,,,,,,B03,,,1,,1,,,8,8,1,12,4,120.648071,24.22018,3
7681,66000,387130000C,(04)23274275,(04)23288582,2025,5,20,11,45,臺中市,太平區,0,1,0,7,2,6,50,4,1,1,5,4,6,6,2,1,10,5,5,2,16,3,10,3,1,B03,7,6,1,8,2,8,,11,11,1,12,4,120.712608,24.124156,2
7682,66000,387130000C,(04)23274275,(04)23288582,2025,5,20,11,47,臺中市,南屯區,0,0,0,7,3,6,50,13,9,1,5,4,6,6,4,4,5,5,5,2,13,,,,,B03,,,1,,1,,,7,7,1,12,4,120.638329,24.139726,3
7683,66000,387130000C,(04)23274275,(04)23288582,2025,5,20,11,55,臺中市,西屯區,0,1,0,7,3,6,50,13,9,1,5,4,6,6,4,4,3,4,5,2,12,3,10,3,1,B03,7,9,1,8,2,5,,8,8,1,13,4,120.651706,24.166328,2
7684,66000,387130000C,(04)23274275,(04)23288582,2025,5,20,11,56,臺中市,西屯區,0,1,0,7,2,6,50,4,1,1,5,4,6,6,2,1,10,5,5,2,16,3,10,3,1,B03,7,5,1,8,2,5,,47,47,1,12,4,120.638278,24.159295,2
7685,66000,387130000C,(04)23274275,(04)23288582,2025,5,20,12,0,臺中市,北區,0,1,0,7,2,6,50,3,2,1,5,4,6,6,1,1,5,4,4,2,30,2,9,5,1,C03,7,9,2,19,2,11,,84,84,1,13,4,120.667324,24.159365,2
7686,66000,387130000C,(04)23274275,(04)23288582,2025,5,20,12,0,臺中市,西屯區,0,0,0,7,,,30,,,,,,,,,,,,,,,,,,,C03,,,1,,1,,,59,59,1,13,4,120.646318,24.179464,3
7687,66000,387130000C,(04)23274275,(04)23288582,2025,5,20,12,2,臺中市,北屯區,0,1,0,7,1,6,50,4,2,1,5,4,6,6,1,1,5,4,5,2,13,3,10,3,1,B03,7,9,1,8,2,1,,7,7,1,13,4,120.690394,24.176883,2
7688,66000,387130000C,(04)23274275,(04)23288582,2025,5,20,12,3,臺中市,大里區,0,0,0,7,,,50,,,,,,,,,,,,,,,,,,,A11,,,1,,1,,,8,8,1,12,4,120.699283,24.103729,3
7689,66000,387130000C,(04)23274275,(04)23288582,2025,5,20,12,17,臺中市,烏日區,0,0,0,7,,,50,,,,,,,,,,,,,,,,,,,B03,,,1,,1,,,7,7,1,12,4,120.621854,24.106284,3
7690,66000,387130000C,(04)23274275,(04)23288582,2025,5,20,12,18,臺中市,太平區,0,0,0,7,,,50,,,,,,,,,,,,,,13,,,,,C03,,,1,,2,,,7,7,1,12,4,120.732891,24.141072,3
7691,66000,387130000C,(04)23274275,(04)23288582,2025,5,20,12,19,臺中市,南屯區,0,0,0,7,,,50,,,,,,,,,,,,,,13,,,,,B03,,,1,,2,,,7,7,1,6,4,120.653003,24.14497,3
7692,66000,387130000C,(04)23274275,(04)23288582,2025,5,20,12,22,臺中市,西區,0,1,0,7,2,6,50,3,1,1,5,4,6,6,4,4,10,5,5,2,16,2,7,2,1,C03,7,6,1,10,3,13,,84,84,1,12,4,120.673485,24.136616,2
7693,66000,387130000C,(04)23274275,(04)23288582,2025,5,20,12,25,臺中市,西區,0,1,0,7,3,6,50,4,1,1,5,4,6,6,4,4,10,5,5,2,18,2,9,1,1,C03,7,9,1,10,2,14,,85,85,1,6,4,120.66718,24.14209,2
7694,66000,387130000C,(04)23274275,(04)23288582,2025,5,20,12,28,臺中市,北區,0,0,0,7,,,50,,,,,,,,,,,,,,17,,,,,B03,,,1,,2,,,49,49,1,13,4,120.676156,24.169782,3
7695,66000,387130000C,(04)23274275,(04)23288582,2025,5,20,12,33,臺中市,北區,0,1,0,7,2,6,50,4,2,1,5,4,6,6,2,1,10,5,5,2,12,2,9,2,1,C03,7,8,1,10,2,12,,40,40,1,13,4,120.682849,24.153164,2
7696,66000,387130000C,(04)23274275,(04)23288582,2025,5,20,12,34,臺中市,神岡區,0,2,0,7,2,6,50,13,9,1,5,4,6,6,4,4,9,5,5,2,17,3,10,5,4,B03,7,1,1,10,2,7,,51,51,1,13,4,120.694953,24.247768,2
7697,66000,387130000C,(04)23274275,(04)23288582,2025,5,20,12,35,臺中市,大肚區,0,0,0,7,,,30,,,,,,,,,,,,,,,,,,,A21,,,1,,1,,,8,8,1,6,4,120.574509,24.122186,3
7698,66000,387130000C,(04)23274275,(04)23288582,2025,5,20,12,38,臺中市,太平區,0,1,0,7,3,6,50,4,4,1,5,4,6,6,1,1,5,5,4,2,14,3,10,3,1,B03,7,2,1,8,2,3,,49,49,1,12,4,120.701482,24.14814,2
7699,66000,387130000C,(04)23274275,(04)23288582,2025,5,20,12,40,臺中市,西屯區,0,0,0,7,,,40,,,,,,,,,,,,,,13,,,,,C03,,,1,,2,,,7,7,1,13,4,120.611628,24.184369,3
7700,66000,387130000C,(04)23274275,(04)23288582,2025,5,20,12,40,臺中市,西屯區,0,0,0,7,,,50,,,,,,,,,,,,,,14,,,,,B03,,,1,,1,,,49,49,1,12,4,120.642549,24.19661,3
7701,66000,387130000C,(04)23274275,(04)23288582,2025,5,20,12,46,臺中市,西區,0,0,0,7,,,50,,,,,,,,,,,,,,,,,,,B03,,,1,,2,,,49,49,1,6,4,120.664182,24.145616,3
7702,66000,387130000C,(04)23274275,(04)23288582,2025,5,20,12,47,臺中市,太平區,0,0,0,7,,,30,,,,,,,,,,,,,,14,,,,,B12,,,1,,2,,,49,49,1,12,4,120.727069,24.152842,3
7703,66000,387130000C,(04)23274275,(04)23288582,2025,5,20,13,2,臺中市,太平區,0,1,0,7,3,6,50,4,1,1,5,4,6,6,1,1,5,5,4,2,16,2,5,2,1,C03,7,9,3,19,2,14,,84,84,1,12,4,120.715623,24.135883,2
7704,66000,387130000C,(04)23274275,(04)23288582,2025,5,20,13,12,臺中市,龍井區,0,0,0,7,,,30,,,,,,,,,,,,,,14,,,,,B12,,,1,,2,,,49,49,1,6,4,120.588216,24.180384,3
7705,66000,387130000C,(04)23274275,(04)23288582,2025,5,20,13,14,臺中市,霧峰區,0,0,0,7,,,50,,,,,,,,,,,,,,,,,,,B03,,,1,,2,,,12,12,1,12,4,120.666924,24.070115,3
7706,66000,387130000C,(04)23274275,(04)23288582,2025,5,20,13,21,臺中市,潭子區,0,0,0,7,,,50,,,,,,,,,,,,,,,,,,,B03,,,1,,2,,,51,51,1,13,4,120.722803,24.207022,3
7707,66000,387130000C,(04)23274275,(04)23288582,2025,5,20,13,24,臺中市,北區,0,0,0,7,,,50,,,,,,,,,,,,,,15,,,,,C03,,,1,,2,,,15,15,1,12,4,120.666755,24.160421,3
7708,66000,387130000C,(04)23274275,(04)23288582,2025,5,20,13,30,臺中市,西屯區,0,0,0,7,,,30,,,,,,,,,,,,,,17,,,,,B03,,,1,,9,,,59,59,1,12,4,120.640907,24.182128,3
7709,66000,387130000C,(04)23274275,(04)23288582,2025,5,20,13,30,臺中市,沙鹿區,0,1,0,7,2,6,60,3,1,1,5,4,6,6,1,1,3,4,3,2,17,2,9,1,1,C03,7,5,1,10,2,12,,47,47,1,13,4,120.583374,24.226191,2
7710,66000,387130000C,(04)23274275,(04)23288582,2025,5,20,13,32,臺中市,西區,0,1,0,7,1,6,50,4,1,1,5,4,6,6,1,1,10,5,5,2,17,3,10,5,4,B03,7,6,1,8,2,2,,11,11,1,12,4,120.653,24.148822,2
7711,66000,387130000C,(04)23274275,(04)23288582,2025,5,20,13,37,臺中市,北屯區,0,0,0,7,,,50,,,,,,,,,,,,,,13,,,,,B03,,,1,,2,,,59,59,1,6,4,120.67919,24.201682,3
7712,66000,387130000C,(04)23274275,(04)23288582,2025,5,20,13,42,臺中市,南屯區,0,0,0,7,,,50,,,,,,,,,,,,,,12,,,,,C03,,,1,,9,,,39,39,1,12,4,120.643965,24.134737,3
7713,66000,387130000C,(04)23274275,(04)23288582,2025,5,20,13,48,臺中市,太平區,0,0,0,7,,,40,,,,,,,,,,,,,,24,,,,,B12,,,1,,2,,,84,84,1,6,4,120.72908,24.105995,3
7714,66000,387130000C,(04)23274275,(04)23288582,2025,5,20,13,51,臺中市,潭子區,0,2,0,7,2,6,50,13,14,1,5,4,6,6,4,4,1,4,4,1,12,2,8,1,1,C03,7,1,1,10,2,14,,51,51,1,13,4,120.69444,24.215666,2
7715,66000,387130000C,(04)23274275,(04)23288582,2025,5,20,13,58,臺中市,南區,0,0,0,7,,,30,,,,,,,,,,,,,,15,,,,,B03,,,1,,2,,,21,21,1,12,4,120.673397,24.125676,3
7716,66000,387130000C,(04)23274275,(04)23288582,2025,5,20,14,6,臺中市,南屯區,0,1,0,7,1,6,50,4,1,1,5,4,6,6,2,1,1,2,5,2,13,2,1,5,4,B03,7,9,1,8,1,8,,7,7,1,13,4,120.646641,24.142582,2
7717,66000,387130000C,(04)23274275,(04)23288582,2025,5,20,14,6,臺中市,西屯區,0,2,0,7,3,6,50,3,2,1,5,4,6,6,2,1,10,5,5,2,13,2,9,1,1,C03,7,9,1,10,2,11,,7,7,1,13,4,120.646483,24.175161,2