序號,縣市別代碼,機關代碼,市話,傳真,年,月,日,時,分,縣市,區,死亡數量,受傷數量,2-30,天候,道路照明設備,道路類別,道路速限,道路型態,事故位置,路面鋪裝,路面狀態,路面缺陷,障礙物,視距,號誌種類,號誌動作,分向設施,快車道或一般車道間,快慢車道間,路面邊線,事故類型及型態,受傷程度,主要傷處,保護裝備,行動電話或功能裝置,當事者區分(類別),車輛用途,當事者行動狀態,駕照狀態,駕照種類,飲酒情形,車輛撞擊部位最初,車輛撞擊部位其他,肇事因素個別,肇事因素主要,肇事逃逸,職業,共享經濟或外送平台,GPS座標X,GPS座標Y,事故類別
8052,66000,387130000C,(04)23274275,(04)23288582,2025,5,21,10,26,臺中市,西區,0,1,0,7,2,6,50,4,1,1,5,4,6,6,2,1,10,5,5,2,15,2,9,1,1,C03,7,9,1,10,2,14,,21,21,1,6,4,120.655073,24.147813,2
8053,66000,387130000C,(04)23274275,(04)23288582,2025,5,21,10,26,臺中市,霧峰區,0,0,0,7,,,50,,,,,,,,,,,,,,,,,,,B03,,,1,,2,,,49,49,1,6,4,120.698609,24.067856,3
8054,66000,387130000C,(04)23274275,(04)23288582,2025,5,21,10,31,臺中市,南屯區,0,0,0,7,,,40,,,,,,,,,,,,,,,,,,,B03,,,1,,2,,,8,8,1,12,4,120.638932,24.148559,3
8055,66000,387130000C,(04)23274275,(04)23288582,2025,5,21,10,38,臺中市,大雅區,0,0,0,7,,,0,,,,,,,,,,,,,,,,,,,B12,,,1,,1,,,49,49,1,13,4,120.629375,24.207925,3
8056,66000,387130000C,(04)23274275,(04)23288582,2025,5,21,10,39,臺中市,西區,0,0,0,7,,,50,,,,,,,,,,,,,,,,,,,B03,,,1,,1,,,7,7,1,12,4,120.665642,24.135861,3
8057,66000,387130000C,(04)23274275,(04)23288582,2025,5,21,10,41,臺中市,烏日區,0,1,0,7,3,6,50,4,1,1,5,4,6,6,1,1,5,5,4,2,18,2,9,1,1,C03,7,9,1,10,2,12,,43,43,1,8,4,120.64545,24.057853,2
8058,66000,387130000C,(04)23274275,(04)23288582,2025,5,21,10,42,臺中市,大里區,0,2,0,7,2,6,50,4,1,1,5,4,6,6,4,4,10,5,5,2,15,2,9,1,1,C03,7,9,1,10,2,11,,15,15,1,12,4,120.69102,24.087507,2
8059,66000,387130000C,(04)23274275,(04)23288582,2025,5,21,10,48,臺中市,北屯區,0,1,0,7,2,6,1,13,9,1,5,4,6,6,4,4,10,5,5,2,17,3,10,3,1,B12,7,1,1,8,2,8,,51,51,1,6,4,120.700052,24.175331,2
8060,66000,387130000C,(04)23274275,(04)23288582,2025,5,21,10,48,臺中市,太平區,0,1,0,7,2,6,50,4,8,1,5,4,1,6,2,1,5,5,4,1,20,2,9,2,1,C03,7,6,1,10,2,11,,84,84,1,12,4,120.720693,24.13058,2
8061,66000,387130000C,(04)23274275,(04)23288582,2025,5,21,10,51,臺中市,西區,0,0,0,7,,,50,,,,,,,,,,,,,,13,,,,,C03,,,1,,1,,,7,7,1,12,4,120.670016,24.150834,3
8062,66000,387130000C,(04)23274275,(04)23288582,2025,5,21,10,53,臺中市,西區,0,1,0,7,2,6,50,4,1,1,5,4,6,6,1,1,10,5,5,2,17,3,10,3,1,B03,7,6,1,8,2,5,,11,11,1,12,4,120.668339,24.139714,2
8063,66000,387130000C,(04)23274275,(04)23288582,2025,5,21,10,53,臺中市,神岡區,0,1,0,7,2,6,50,3,9,1,5,4,6,6,4,4,10,5,5,2,16,2,9,5,4,C03,7,6,1,10,2,11,,6,6,1,12,4,120.705028,24.260096,2
8064,66000,387130000C,(04)23274275,(04)23288582,2025,5,21,10,55,臺中市,中區,0,1,0,7,2,6,50,4,4,1,5,4,6,6,2,1,5,5,5,2,17,2,9,1,1,C03,7,8,1,10,1,14,,35,35,1,6,4,120.683808,24.141378,2
8065,66000,387130000C,(04)23274275,(04)23288582,2025,5,21,10,55,臺中市,西屯區,0,0,0,7,,,50,,,,,,,,,,,,,,16,,,,,B03,,,1,,1,,,51,51,1,12,4,120.637449,24.177602,3
8066,66000,387130000C,(04)23274275,(04)23288582,2025,5,21,10,58,臺中市,東區,0,1,0,7,2,6,50,4,1,1,5,4,6,6,1,1,10,5,5,2,18,2,9,1,1,C03,7,9,1,10,2,14,,84,84,1,12,4,120.70128,24.142716,2
8067,66000,387130000C,(04)23274275,(04)23288582,2025,5,21,11,0,臺中市,西屯區,0,0,0,7,,,50,,,,,,,,,,,,,,13,,,,,B03,,,1,,1,,,7,7,1,13,4,120.655419,24.199908,3
8068,66000,387130000C,(04)23274275,(04)23288582,2025,5,21,11,0,臺中市,清水區,0,0,0,7,,,70,,,,,,,,,,,,,,,,,,,B03,,,1,,2,,,58,58,1,12,4,120.596523,24.30395,3
8069,66000,387130000C,(04)23274275,(04)23288582,2025,5,21,11,1,臺中市,梧棲區,0,0,0,7,,,50,,,,,,,,,,,,,,17,,,,,B12,,,1,,2,,,51,51,1,6,4,120.529068,24.255672,3
8070,66000,387130000C,(04)23274275,(04)23288582,2025,5,21,11,3,臺中市,西區,0,0,0,7,,,50,,,,,,,,,,,,,,,,,,,B03,,,1,,2,,,59,59,1,12,4,120.669609,24.143537,3
8071,66000,387130000C,(04)23274275,(04)23288582,2025,5,21,11,12,臺中市,沙鹿區,0,1,0,7,1,6,50,3,1,1,5,4,6,6,1,1,10,5,5,2,16,3,10,3,1,B03,7,9,1,8,2,1,4,21,21,1,6,4,120.563155,24.247541,2
8072,66000,387130000C,(04)23274275,(04)23288582,2025,5,21,11,17,臺中市,北屯區,0,0,0,7,,,50,,,,,,,,,,,,,,12,,,,,A01,,,1,,2,,,8,8,1,6,4,120.722489,24.172549,3
8073,66000,387130000C,(04)23274275,(04)23288582,2025,5,21,11,18,臺中市,北屯區,0,1,0,7,3,6,50,13,7,1,5,4,6,6,4,4,5,5,4,2,13,2,1,3,1,B03,7,9,1,8,2,1,,7,7,1,12,4,120.686741,24.177331,2
8074,66000,387130000C,(04)23274275,(04)23288582,2025,5,21,11,20,臺中市,大雅區,0,0,0,7,,,60,,,,,,,,,,,,,,,,,,,B03,,,1,,2,,,40,40,1,13,4,120.650373,24.21176,3
8075,66000,387130000C,(04)23274275,(04)23288582,2025,5,21,11,20,臺中市,北區,0,0,0,7,,,50,,,,,,,,,,,,,,17,,,,,C03,,,1,,1,,,8,8,1,13,4,120.685846,24.154981,3
8076,66000,387130000C,(04)23274275,(04)23288582,2025,5,21,11,25,臺中市,豐原區,0,1,0,6,1,6,50,5,1,1,5,4,6,6,1,1,1,4,4,1,18,2,9,1,1,C03,7,9,1,10,2,11,,84,84,1,13,4,120.727343,24.259347,2
8077,66000,387130000C,(04)23274275,(04)23288582,2025,5,21,11,29,臺中市,霧峰區,0,1,0,7,2,6,50,3,12,1,5,4,6,6,1,1,5,4,4,1,16,3,10,5,4,B03,7,5,1,8,2,2,,11,11,1,12,4,120.692163,24.044829,2
8078,66000,387130000C,(04)23274275,(04)23288582,2025,5,21,11,32,臺中市,大里區,0,0,0,7,,,50,,,,,,,,,,,,,,14,,,,,B03,,,1,,1,,,49,49,1,13,4,120.685518,24.110257,4
8079,66000,387130000C,(04)23274275,(04)23288582,2025,5,21,11,32,臺中市,沙鹿區,0,1,0,7,2,6,50,13,7,1,5,4,6,6,4,4,1,4,5,2,17,3,10,3,1,B03,7,15,1,8,1,4,,76,76,1,6,4,120.569473,24.224867,2
8080,66000,387130000C,(04)23274275,(04)23288582,2025,5,21,11,34,臺中市,西屯區,0,0,0,7,,,50,,,,,,,,,,,,,,13,,,,,B03,,,1,,1,,,59,59,1,13,4,120.630873,24.162693,3
8081,66000,387130000C,(04)23274275,(04)23288582,2025,5,21,11,36,臺中市,梧棲區,0,0,0,7,,,50,,,,,,,,,,,,,,13,,,,,A12,,,1,,1,,,7,7,1,6,4,120.55168,24.257001,3
8082,66000,387130000C,(04)23274275,(04)23288582,2025,5,21,11,40,臺中市,神岡區,0,0,0,7,,,50,,,,,,,,,,,,,,2,,,,,B03,,,1,,1,,,84,84,1,12,4,120.698484,24.234777,3
8083,66000,387130000C,(04)23274275,(04)23288582,2025,5,21,11,42,臺中市,神岡區,0,1,0,7,2,6,50,13,9,1,5,4,6,6,4,4,9,5,5,1,17,2,9,2,1,C03,7,4,1,10,2,14,,1,1,1,6,4,120.684421,24.259032,2
8084,66000,387130000C,(04)23274275,(04)23288582,2025,5,21,11,44,臺中市,北屯區,0,0,0,7,,,50,,,,,,,,,,,,,,15,,,,,B03,,,1,,1,,,15,15,1,12,4,120.718149,24.172692,3
8085,66000,387130000C,(04)23274275,(04)23288582,2025,5,21,11,45,臺中市,大里區,0,0,0,7,,,80,,,,,,,,,,,,,,,,,,,B02,,,1,,1,,,40,40,1,12,4,120.693779,24.105869,3
8086,66000,387130000C,(04)23274275,(04)23288582,2025,5,21,11,49,臺中市,北屯區,0,0,0,7,,,40,,,,,,,,,,,,,,17,,,,,B02,,,1,,1,,,59,59,1,6,4,120.721238,24.175121,3
8087,66000,387130000C,(04)23274275,(04)23288582,2025,5,21,11,50,臺中市,西區,0,0,0,7,,,30,,,,,,,,,,,,,,17,,,,,B03,,,1,,11,,,84,84,1,12,4,120.661239,24.137673,3
8088,66000,387130000C,(04)23274275,(04)23288582,2025,5,21,11,56,臺中市,太平區,0,1,0,7,2,6,40,13,9,1,5,4,6,6,4,4,9,4,4,2,13,2,9,1,1,C03,7,9,1,10,2,11,,7,7,1,12,4,120.702936,24.11692,2
8089,66000,387130000C,(04)23274275,(04)23288582,2025,5,21,11,58,臺中市,北區,0,1,0,7,2,6,50,13,8,1,5,4,6,6,4,4,3,5,4,2,18,2,9,1,1,C03,7,9,1,10,2,16,,84,84,1,13,4,120.67333,24.167295,2
8090,66000,387130000C,(04)23274275,(04)23288582,2025,5,21,12,2,臺中市,大里區,0,1,0,7,3,6,50,4,1,1,5,4,6,6,4,4,10,5,5,2,13,3,10,1,1,C03,7,9,1,10,2,11,,7,7,1,12,4,120.675968,24.107979,2
8091,66000,387130000C,(04)23274275,(04)23288582,2025,5,21,12,5,臺中市,西區,0,2,0,7,1,6,50,3,1,1,5,4,6,6,4,4,10,5,5,1,17,2,9,5,4,C03,7,9,1,10,2,11,,84,84,1,12,4,120.655129,24.146139,2
8092,66000,387130000C,(04)23274275,(04)23288582,2025,5,21,12,10,臺中市,沙鹿區,0,1,0,7,3,6,50,4,1,1,5,4,6,6,4,4,10,5,5,2,17,3,10,3,1,B03,7,11,1,8,2,4,,45,45,1,5,4,120.574129,24.218993,2
8093,66000,387130000C,(04)23274275,(04)23288582,2025,5,21,12,11,臺中市,北區,0,0,0,7,,,50,,,,,,,,,,,,,,13,,,,,C03,,,1,,2,,,7,7,1,13,4,120.681936,24.154357,3
8094,66000,387130000C,(04)23274275,(04)23288582,2025,5,21,12,12,臺中市,霧峰區,0,2,0,7,2,6,50,13,9,1,5,4,6,6,4,4,5,4,5,1,13,2,9,1,1,C03,7,9,1,10,2,11,,7,7,1,5,4,120.696057,24.064557,2
8095,66000,387130000C,(04)23274275,(04)23288582,2025,5,21,12,12,臺中市,沙鹿區,0,0,0,7,,,40,,,,,,,,,,,,,,2,,,,,B03,,,1,,2,,,7,7,1,6,4,120.568651,24.23765,3
8096,66000,387130000C,(04)23274275,(04)23288582,2025,5,21,12,20,臺中市,大雅區,0,1,0,7,2,6,50,3,1,1,5,4,6,6,4,4,5,5,5,1,16,3,10,1,1,C03,7,6,1,10,2,12,,48,48,1,13,4,120.649128,24.224972,2
8097,66000,387130000C,(04)23274275,(04)23288582,2025,5,21,12,20,臺中市,大肚區,0,1,0,7,2,6,50,11,24,1,5,4,6,6,4,4,4,5,5,2,19,2,9,2,4,C03,7,21,2,19,2,15,,85,85,1,13,4,120.557835,24.161161,2
8098,66000,387130000C,(04)23274275,(04)23288582,2025,5,21,12,22,臺中市,西屯區,0,0,0,7,,,50,,,,,,,,,,,,,,17,,,,,B12,,,1,,1,,,8,8,1,13,4,120.657474,24.196787,3
8099,66000,387130000C,(04)23274275,(04)23288582,2025,5,21,12,23,臺中市,西屯區,0,0,0,7,,,50,,,,,,,,,,,,,,13,,,,,B03,,,1,,1,,,7,7,1,12,4,120.657359,24.200626,3
8100,66000,387130000C,(04)23274275,(04)23288582,2025,5,21,12,23,臺中市,大里區,0,0,0,7,,,50,,,,,,,,,,,,,,12,,,,,B12,,,1,,2,,,84,84,1,13,4,120.679611,24.095471,3
8101,66000,387130000C,(04)23274275,(04)23288582,2025,5,21,12,25,臺中市,大甲區,0,2,0,7,3,6,50,4,9,1,5,4,6,6,4,4,5,4,5,1,17,2,9,1,1,C03,7,1,1,10,2,13,,85,85,1,12,4,120.622886,24.345879,2
8102,66000,387130000C,(04)23274275,(04)23288582,2025,5,21,12,26,臺中市,沙鹿區,0,0,0,7,,,50,,,,,,,,,,,,,,,,,,,A05,,,1,,9,,,8,8,2,13,4,120.572705,24.21811,3
8103,66000,387130000C,(04)23274275,(04)23288582,2025,5,21,12,40,臺中市,南屯區,0,1,0,7,2,6,50,3,2,1,5,4,6,6,4,4,1,4,5,2,13,2,9,1,1,C03,7,9,1,10,2,11,,7,7,1,6,4,120.625303,24.148934,2
8104,66000,387130000C,(04)23274275,(04)23288582,2025,5,21,12,41,臺中市,大里區,0,1,0,7,2,6,50,4,1,1,5,4,6,6,1,1,10,5,5,1,13,3,10,3,1,B03,7,15,5,19,2,1,,7,7,1,12,4,120.677663,24.094089,2
8105,66000,387130000C,(04)23274275,(04)23288582,2025,5,21,12,42,臺中市,清水區,0,1,0,7,2,6,50,4,1,1,5,4,6,6,4,4,5,2,5,2,15,2,9,2,1,C03,7,9,1,10,2,11,,15,15,1,13,4,120.574663,24.269755,2
8106,66000,387130000C,(04)23274275,(04)23288582,2025,5,21,12,44,臺中市,南屯區,0,0,0,7,,,50,,,,,,,,,,,,,,13,,,,,B03,,,1,,1,,,7,,1,12,4,120.622888,24.140467,3
8107,66000,387130000C,(04)23274275,(04)23288582,2025,5,21,12,44,臺中市,太平區,0,1,0,7,2,6,50,4,2,1,5,4,6,6,4,4,5,5,5,1,13,2,9,1,1,C04,7,9,1,11,2,11,,84,84,1,12,4,120.724996,24.143247,2
8108,66000,387130000C,(04)23274275,(04)23288582,2025,5,21,12,45,臺中市,北屯區,0,1,0,7,2,6,50,13,8,1,5,4,6,6,4,4,1,4,4,2,17,2,9,1,1,C03,7,15,1,10,2,11,,84,84,1,6,4,120.66644,24.181816,2
8109,66000,387130000C,(04)23274275,(04)23288582,2025,5,21,12,45,臺中市,清水區,0,1,0,7,3,6,50,3,2,1,5,4,6,6,4,4,5,4,5,1,16,2,9,2,1,C03,7,3,1,10,2,12,,50,50,1,12,4,120.57125,24.262887,2
8110,66000,387130000C,(04)23274275,(04)23288582,2025,5,21,12,48,臺中市,太平區,0,0,0,7,,,50,,,,,,,,,,,,,,14,,,,,B03,,,1,,1,,,49,49,1,12,4,120.712152,24.15579,3
8111,66000,387130000C,(04)23274275,(04)23288582,2025,5,21,12,50,臺中市,西區,0,3,0,7,2,6,50,4,2,1,5,4,6,6,1,1,1,4,5,1,13,2,9,2,1,C03,7,9,1,10,2,11,,7,7,1,13,4,120.672782,24.14838,2
8112,66000,387130000C,(04)23274275,(04)23288582,2025,5,21,12,51,臺中市,太平區,0,1,0,7,3,6,50,4,1,1,5,4,6,6,1,1,5,5,4,1,3,3,10,3,1,B12,7,9,1,8,2,5,,10,10,1,12,4,120.718799,24.148895,2
8113,66000,387130000C,(04)23274275,(04)23288582,2025,5,21,12,55,臺中市,豐原區,0,2,0,7,2,6,50,5,1,1,5,4,6,6,4,4,5,5,5,2,17,2,9,1,1,C04,7,9,1,10,2,14,,20,20,1,12,4,120.71719,24.248226,2
8114,66000,387130000C,(04)23274275,(04)23288582,2025,5,21,12,56,臺中市,龍井區,0,0,0,7,,,40,,,,,,,,,,,,,,13,,,,,B03,,,1,,2,,,7,7,1,6,4,120.505383,24.210254,3
8115,66000,387130000C,(04)23274275,(04)23288582,2025,5,21,12,56,臺中市,沙鹿區,0,1,0,7,2,6,50,13,7,1,5,4,6,6,4,4,9,5,4,2,17,3,10,2,1,C03,7,1,1,10,2,11,,51,51,1,6,4,120.581848,24.222734,2
8116,66000,387130000C,(04)23274275,(04)23288582,2025,5,21,12,58,臺中市,太平區,0,0,0,7,,,50,,,,,,,,,,,,,,13,,,,,B03,,,1,,1,,,84,84,1,12,4,120.717703,24.159722,3
8117,66000,387130000C,(04)23274275,(04)23288582,2025,5,21,13,1,臺中市,西區,0,0,0,7,,,30,,,,,,,,,,,,,,,,,,,B03,,,1,,1,,,49,49,1,6,4,120.660037,24.149393,3
8118,66000,387130000C,(04)23274275,(04)23288582,2025,5,21,13,10,臺中市,中區,0,0,0,7,,,50,,,,,,,,,,,,,,,,,,,B03,,,1,,1,,,51,51,1,12,4,120.682413,24.135602,3
8119,66000,387130000C,(04)23274275,(04)23288582,2025,5,21,13,13,臺中市,北屯區,0,2,0,7,2,6,50,4,1,1,5,4,6,6,2,1,10,5,5,2,13,2,9,1,1,C03,7,9,1,10,2,14,,59,59,1,6,4,120.693424,24.1978,2
8120,66000,387130000C,(04)23274275,(04)23288582,2025,5,21,13,17,臺中市,大里區,0,0,0,7,,,50,,,,,,,,,,,,,,17,,,,,B03,,,1,,9,,,51,51,1,13,4,120.689477,24.106495,3
8121,66000,387130000C,(04)23274275,(04)23288582,2025,5,21,13,18,臺中市,西屯區,0,0,0,7,,,50,,,,,,,,,,,,,,13,,,,,B03,,,1,,1,,,59,59,1,12,4,120.634162,24.159485,3
8122,66000,387130000C,(04)23274275,(04)23288582,2025,5,21,13,21,臺中市,西區,0,0,0,7,,,50,,,,,,,,,,,,,,,,,,,B03,,,1,,1,,,8,8,1,6,4,120.65218,24.147741,3
8123,66000,387130000C,(04)23274275,(04)23288582,2025,5,21,13,21,臺中市,北區,0,0,0,7,,,50,,,,,,,,,,,,,,13,,,,,B03,,,1,,1,,,7,7,1,13,4,120.677151,24.15946,3
8124,66000,387130000C,(04)23274275,(04)23288582,2025,5,21,13,24,臺中市,烏日區,0,2,0,7,2,6,70,4,1,1,5,4,6,6,2,1,10,5,5,2,12,2,9,1,1,C03,7,5,1,10,2,11,12,84,84,1,6,2,120.604452,24.109424,2
8125,66000,387130000C,(04)23274275,(04)23288582,2025,5,21,13,25,臺中市,龍井區,0,1,0,7,1,6,30,3,1,1,5,4,6,6,4,4,10,5,5,2,16,3,10,1,1,C03,7,6,1,10,2,14,,14,14,1,6,4,120.589824,24.181945,2
8126,66000,387130000C,(04)23274275,(04)23288582,2025,5,21,13,28,臺中市,南區,0,0,0,7,,,40,,,,,,,,,,,,,,,,,,,B03,,,1,,2,,,7,7,1,12,4,120.645758,24.11172,3
8127,66000,387130000C,(04)23274275,(04)23288582,2025,5,21,13,30,臺中市,西屯區,0,2,0,7,2,6,50,13,9,1,5,4,6,6,1,1,1,4,5,2,13,2,8,2,1,C03,7,9,1,10,2,11,,7,7,1,12,4,120.657995,24.200981,2
8128,66000,387130000C,(04)23274275,(04)23288582,2025,5,21,13,37,臺中市,梧棲區,0,0,0,7,,,40,,,,,,,,,,,,,,13,,,,,B03,,,1,,2,,,7,7,1,6,4,120.524892,24.253884,3
8129,66000,387130000C,(04)23274275,(04)23288582,2025,5,21,13,41,臺中市,中區,0,2,0,7,2,6,50,4,2,1,5,4,6,6,2,1,1,4,5,1,13,2,9,2,1,C03,7,9,1,10,2,11,,84,84,1,13,4,120.685721,24.143193,2
8130,66000,387130000C,(04)23274275,(04)23288582,2025,5,21,13,41,臺中市,南區,0,2,0,7,1,6,50,3,1,1,5,4,6,6,4,4,9,4,5,2,16,2,9,1,1,C03,7,11,1,10,2,13,14,46,46,1,12,4,120.679912,24.126397,2
8131,66000,387130000C,(04)23274275,(04)23288582,2025,5,21,13,44,臺中市,北區,0,2,0,7,2,6,50,4,1,1,5,4,6,6,1,1,10,5,5,2,17,2,9,5,4,C03,7,9,1,10,2,12,,84,84,1,13,4,120.686162,24.15241,2
8132,66000,387130000C,(04)23274275,(04)23288582,2025,5,21,13,46,臺中市,東區,0,0,0,7,,,50,,,,,,,,,,,,,,17,,,,,B02,,,1,,1,,,45,45,1,12,4,120.692341,24.146426,3
8133,66000,387130000C,(04)23274275,(04)23288582,2025,5,21,13,47,臺中市,西區,0,1,0,7,1,6,50,4,1,1,5,4,6,6,4,4,10,5,5,1,17,2,9,5,4,C03,7,9,1,10,2,11,,84,84,1,12,4,120.673338,24.146439,2
8134,66000,387130000C,(04)23274275,(04)23288582,2025,5,21,13,48,臺中市,西屯區,0,0,0,7,,,40,,,,,,,,,,,,,,17,,,,,B12,,,1,,1,,,78,78,1,13,4,120.651071,24.175841,3
8135,66000,387130000C,(04)23274275,(04)23288582,2025,5,21,13,50,臺中市,南屯區,0,0,0,7,,,40,,,,,,,,,,,,,,,,,,,B12,,,1,,1,,,8,8,1,13,4,120.59985,24.143434,3
8136,66000,387130000C,(04)23274275,(04)23288582,2025,5,21,13,50,臺中市,西屯區,0,0,0,7,,,30,,,,,,,,,,,,,,17,,,,,B12,,,1,,1,,,59,59,1,13,4,120.644503,24.174027,3
8137,66000,387130000C,(04)23274275,(04)23288582,2025,5,21,13,58,臺中市,西屯區,0,0,0,7,,,50,,,,,,,,,,,,,,14,,,,,B03,,,1,,1,,,50,50,1,12,4,120.654143,24.169909,4
8138,66000,387130000C,(04)23274275,(04)23288582,2025,5,21,14,1,臺中市,南區,0,0,0,7,,,50,,,,,,,,,,,,,,17,,,,,,,,,,,,,119,119,1,,,120.649516,24.11778,3
8139,66000,387130000C,(04)23274275,(04)23288582,2025,5,21,14,6,臺中市,北屯區,0,0,0,7,,,50,,,,,,,,,,,,,,13,,,,,B12,,,1,,1,,,7,7,1,6,4,120.690746,24.163,3
8140,66000,387130000C,(04)23274275,(04)23288582,2025,5,21,14,11,臺中市,霧峰區,0,1,0,7,2,6,50,4,1,1,5,4,6,6,1,1,10,5,5,1,17,2,9,5,4,C03,7,9,1,10,2,15,,84,84,1,12,4,120.684471,24.050971,2
8141,66000,387130000C,(04)23274275,(04)23288582,2025,5,21,14,14,臺中市,西屯區,0,2,0,7,2,6,30,3,1,1,5,4,6,6,4,4,10,5,5,2,15,2,9,5,4,C03,7,9,1,10,2,11,,34,34,1,12,4,120.633734,24.166631,2
8142,66000,387130000C,(04)23274275,(04)23288582,2025,5,21,14,15,臺中市,東區,0,0,0,7,,,50,,,,,,,,,,,,,,,,,,,B03,,,1,,1,,,87,87,1,12,4,120.691284,24.129929,3
8143,66000,387130000C,(04)23274275,(04)23288582,2025,5,21,14,15,臺中市,南區,0,0,0,7,,,50,,,,,,,,,,,,,,,,,,,B03,,,1,,1,,,7,7,1,6,4,120.675184,24.124492,4
8144,66000,387130000C,(04)23274275,(04)23288582,2025,5,21,14,17,臺中市,東區,0,0,0,7,,,30,,,,,,,,,,,,,,15,,,,,C04,,,1,,2,,,12,12,1,12,4,120.689209,24.143254,3
8145,66000,387130000C,(04)23274275,(04)23288582,2025,5,21,14,18,臺中市,北區,0,2,0,7,2,6,50,3,2,1,5,4,6,6,4,4,10,5,5,2,11,2,9,1,1,C03,7,1,1,10,2,11,,51,51,1,13,4,120.684417,24.152984,2
8146,66000,387130000C,(04)23274275,(04)23288582,2025,5,21,14,20,臺中市,南屯區,0,2,0,7,1,6,50,4,1,1,5,4,6,6,2,1,1,4,1,2,12,2,8,5,4,C03,7,9,1,10,2,14,,59,59,1,13,4,120.623141,24.145201,2
8147,66000,387130000C,(04)23274275,(04)23288582,2025,5,21,14,22,臺中市,潭子區,0,0,0,7,,,50,,,,,,,,,,,,,,,,,,,B02,,,1,,2,,,84,84,1,13,4,120.702716,24.19446,3
8148,66000,387130000C,(04)23274275,(04)23288582,2025,5,21,14,27,臺中市,西屯區,0,0,0,7,,,30,,,,,,,,,,,,,,14,,,,,B12,,,1,,2,,,49,49,1,12,4,120.659394,24.172871,3
8149,66000,387130000C,(04)23274275,(04)23288582,2025,5,21,14,28,臺中市,西區,0,0,0,7,,,30,,,,,,,,,,,,,,,,,,,C03,,,1,,1,,,15,15,1,6,4,120.681373,24.141464,3
8150,66000,387130000C,(04)23274275,(04)23288582,2025,5,21,14,30,臺中市,西屯區,0,0,0,7,,,30,,,,,,,,,,,,,,12,,,,,B12,,,1,,2,,,59,59,1,12,4,120.626065,24.185795,3
8151,66000,387130000C,(04)23274275,(04)23288582,2025,5,21,14,40,臺中市,西屯區,0,0,0,7,,,50,,,,,,,,,,,,,,14,,,,,A11,,,1,,2,,,49,49,1,13,4,120.609447,24.159956,3
8152,66000,387130000C,(04)23274275,(04)23288582,2025,5,21,14,48,臺中市,北區,0,0,0,7,,,50,,,,,,,,,,,,,,17,,,,,B03,,,1,,1,,,50,50,1,13,4,120.671892,24.159986,3
8153,66000,387130000C,(04)23274275,(04)23288582,2025,5,21,14,50,臺中市,北屯區,0,1,0,7,2,6,50,4,1,1,5,4,6,6,4,4,10,5,5,2,16,2,8,1,1,C03,7,9,1,10,2,12,,15,15,1,6,4,120.683983,24.180976,2
8154,66000,387130000C,(04)23274275,(04)23288582,2025,5,21,14,50,臺中市,北屯區,0,0,0,7,,,50,,,,,,,,,,,,,,13,,,,,B12,,,1,,1,,,7,7,1,6,4,120.682835,24.17116,3
8155,66000,387130000C,(04)23274275,(04)23288582,2025,5,21,14,53,臺中市,西區,0,1,0,7,2,6,40,13,7,1,5,4,6,6,4,4,1,4,4,2,17,3,10,3,1,B03,7,1,1,8,2,4,8,51,51,1,12,4,120.660057,24.158226,2
8156,66000,387130000C,(04)23274275,(04)23288582,2025,5,21,14,58,臺中市,西屯區,0,0,0,7,,,50,,,,,,,,,,,,,,13,,,,,C03,,,1,,1,,,7,7,1,12,4,120.64771,24.17374,3
8157,66000,387130000C,(04)23274275,(04)23288582,2025,5,21,14,59,臺中市,東勢區,0,1,0,7,3,6,30,4,1,4,5,4,6,6,4,4,10,5,5,2,15,2,9,5,4,C03,7,9,1,10,2,11,,6,6,1,12,4,120.828825,24.257955,2
8158,66000,387130000C,(04)23274275,(04)23288582,2025,5,21,15,3,臺中市,潭子區,0,0,0,7,,,30,,,,,,,,,,,,,,,,,,,C03,,,1,,2,,,7,7,1,13,4,120.705749,24.218166,3
8159,66000,387130000C,(04)23274275,(04)23288582,2025,5,21,15,7,臺中市,沙鹿區,0,1,0,6,2,6,50,13,8,1,5,4,6,6,4,4,1,4,4,2,17,3,10,1,1,C03,7,7,1,10,2,12,,40,40,1,12,4,120.560573,24.24044,2
8160,66000,387130000C,(04)23274275,(04)23288582,2025,5,21,15,11,臺中市,沙鹿區,0,1,0,7,2,6,30,4,1,1,5,4,6,6,4,4,10,5,5,2,15,3,10,3,1,B03,7,9,1,8,2,2,,15,15,1,13,4,120.548844,24.219839,2
8161,66000,387130000C,(04)23274275,(04)23288582,2025,5,21,15,12,臺中市,北屯區,0,0,0,7,,,50,,,,,,,,,,,,,,13,,,,,B12,,,1,8,1,,,84,84,1,12,4,120.721575,24.162554,3
8162,66000,387130000C,(04)23274275,(04)23288582,2025,5,21,15,14,臺中市,大里區,0,1,0,7,2,6,50,4,1,1,5,4,6,6,1,1,10,5,5,1,18,2,9,1,1,C03,7,6,1,10,2,12,,84,84,1,13,4,120.702632,24.088189,2
8163,66000,387130000C,(04)23274275,(04)23288582,2025,5,21,15,17,臺中市,南屯區,0,0,0,6,,,60,,,,,,,,,,,,,,10,,,,,B03,,,1,,1,,,59,59,1,5,4,120.63423,24.144422,3