序號,縣市別代碼,機關代碼,市話,傳真,年,月,日,時,分,縣市,區,死亡數量,受傷數量,2-30,天候,道路照明設備,道路類別,道路速限,道路型態,事故位置,路面鋪裝,路面狀態,路面缺陷,障礙物,視距,號誌種類,號誌動作,分向設施,快車道或一般車道間,快慢車道間,路面邊線,事故類型及型態,受傷程度,主要傷處,保護裝備,行動電話或功能裝置,當事者區分(類別),車輛用途,當事者行動狀態,駕照狀態,駕照種類,飲酒情形,車輛撞擊部位最初,車輛撞擊部位其他,肇事因素個別,肇事因素主要,肇事逃逸,職業,共享經濟或外送平台,GPS座標X,GPS座標Y,事故類別
8164,66000,387130000C,(04)23274275,(04)23288582,2025,5,21,15,18,臺中市,潭子區,0,0,0,7,,,30,,,,,,,,,,,,,,,,,,,B12,,,1,,2,,,49,49,1,13,4,120.71329,24.230633,3
8165,66000,387130000C,(04)23274275,(04)23288582,2025,5,21,15,18,臺中市,北區,0,1,0,7,3,6,50,4,1,1,5,4,6,6,4,4,10,5,5,2,18,2,9,1,1,C03,7,9,1,10,2,12,,85,85,1,12,4,120.676607,24.146193,2
8166,66000,387130000C,(04)23274275,(04)23288582,2025,5,21,15,20,臺中市,豐原區,0,0,0,7,,,50,,,,,,,,,,,,,,17,,,,,B03,,,1,,1,,,42,42,1,13,4,120.720203,24.25171,3
8167,66000,387130000C,(04)23274275,(04)23288582,2025,5,21,15,24,臺中市,太平區,0,2,0,7,2,6,50,4,1,1,5,4,6,6,2,1,10,5,5,2,16,3,10,3,1,B12,7,5,1,8,2,5,,47,47,1,12,4,120.721444,24.142731,2
8168,66000,387130000C,(04)23274275,(04)23288582,2025,5,21,15,25,臺中市,南屯區,0,0,0,7,,,50,,,,,,,,,,,,,,,,,,,B03,,,1,,1,,,82,82,1,13,4,120.645855,24.136841,3
8169,66000,387130000C,(04)23274275,(04)23288582,2025,5,21,15,30,臺中市,東區,0,0,0,7,1,6,50,13,8,1,5,4,6,6,4,4,9,4,4,2,17,3,10,3,1,B03,7,15,1,8,1,1,,84,84,1,12,4,120.692299,24.145009,3
8170,66000,387130000C,(04)23274275,(04)23288582,2025,5,21,15,30,臺中市,北屯區,0,3,0,7,2,6,50,4,1,1,5,4,6,6,1,1,10,5,5,2,16,2,9,1,1,C03,7,9,3,19,2,11,,84,84,1,12,4,120.703919,24.181299,2
8171,66000,387130000C,(04)23274275,(04)23288582,2025,5,21,15,40,臺中市,潭子區,0,0,0,7,,,30,,,,,,,,,,,,,,,,,,,B12,,,1,,1,,,49,49,1,12,4,120.723114,24.199157,4
8172,66000,387130000C,(04)23274275,(04)23288582,2025,5,21,15,40,臺中市,西區,0,0,0,7,,,50,,,,,,,,,,,,,,,,,,,B03,,,1,,2,,,84,84,1,12,4,120.656714,24.155829,3
8173,66000,387130000C,(04)23274275,(04)23288582,2025,5,21,15,43,臺中市,西區,0,0,0,7,,,50,,,,,,,,,,,,,,13,,,,,B03,,,1,,1,,,84,84,1,13,4,120.666736,24.141067,3
8174,66000,387130000C,(04)23274275,(04)23288582,2025,5,21,15,45,臺中市,南區,0,0,0,7,,,50,,,,,,,,,,,,,,,,,,,B03,,,1,,1,,,59,59,1,6,4,120.679282,24.122419,3
8175,66000,387130000C,(04)23274275,(04)23288582,2025,5,21,15,47,臺中市,西屯區,0,0,0,7,3,6,50,13,9,1,5,4,6,6,1,1,1,4,4,2,13,,,,,B03,,,1,,1,,,84,84,1,12,4,120.664737,24.177932,3
8176,66000,387130000C,(04)23274275,(04)23288582,2025,5,21,16,0,臺中市,豐原區,0,0,0,7,,,50,,,,,,,,,,,,,,17,,,,,B03,,,1,,2,,,8,8,1,13,4,120.705782,24.254581,3
8177,66000,387130000C,(04)23274275,(04)23288582,2025,5,21,16,1,臺中市,神岡區,0,0,0,7,,,30,,,,,,,,,,,,,,12,,,,,B03,,,1,,1,,,8,8,1,12,4,120.682963,24.247571,3
8178,66000,387130000C,(04)23274275,(04)23288582,2025,5,21,16,2,臺中市,大里區,0,2,0,7,2,6,50,13,9,1,5,4,6,6,4,4,5,5,5,1,13,3,10,5,4,B12,7,9,3,19,11,1,,59,59,1,12,4,120.698275,24.096667,2
8179,66000,387130000C,(04)23274275,(04)23288582,2025,5,21,16,6,臺中市,南屯區,0,0,0,7,,,50,,,,,,,,,,,,,,,,,,,B12,,,1,,2,,,50,50,1,13,4,120.641557,24.138242,3
8180,66000,387130000C,(04)23274275,(04)23288582,2025,5,21,16,10,臺中市,太平區,1,2,0,7,2,6,40,3,1,1,5,4,6,6,1,1,5,4,4,1,13,1,9,1,1,C03,7,9,1,10,9,11,,7,7,1,5,4,120.733285,24.118437,1
8181,66000,387130000C,(04)23274275,(04)23288582,2025,5,21,16,11,臺中市,西屯區,0,1,0,7,2,6,50,3,1,1,5,4,6,6,1,1,10,5,5,2,13,3,10,3,4,B03,7,6,1,8,2,8,,84,84,1,13,4,120.616508,24.182689,2
8182,66000,387130000C,(04)23274275,(04)23288582,2025,5,21,16,13,臺中市,豐原區,0,1,0,7,3,6,50,4,1,1,5,4,6,6,1,1,5,4,5,1,16,3,10,1,4,C03,7,6,1,10,2,12,,48,48,1,12,4,120.712954,24.255633,2
8183,66000,387130000C,(04)23274275,(04)23288582,2025,5,21,16,15,臺中市,烏日區,0,0,0,7,,,50,,,,,,,,,,,,,,14,,,,,B03,,,1,,1,,,49,49,1,6,4,120.637136,24.110163,3
8184,66000,387130000C,(04)23274275,(04)23288582,2025,5,21,16,18,臺中市,豐原區,0,0,0,7,,,50,,,,,,,,,,,,,,17,,,,,C03,,,1,,2,,,84,84,1,12,4,120.720598,24.266905,4
8185,66000,387130000C,(04)23274275,(04)23288582,2025,5,21,16,21,臺中市,南區,0,0,0,7,,,50,,,,,,,,,,,,,,14,,,,,B03,,,1,,1,,,49,49,1,6,4,120.671191,24.120257,3
8186,66000,387130000C,(04)23274275,(04)23288582,2025,5,21,16,22,臺中市,太平區,0,2,0,7,2,6,40,3,1,1,5,4,6,6,1,1,5,5,5,1,16,2,9,2,1,C03,7,9,1,10,2,11,,5,5,1,12,4,120.726198,24.119512,2
8187,66000,387130000C,(04)23274275,(04)23288582,2025,5,21,16,26,臺中市,太平區,0,0,0,7,,,80,,,,,,,,,,,,,,13,,,,,B03,,,1,,2,,,55,55,1,12,4,120.710725,24.141557,3
8188,66000,387130000C,(04)23274275,(04)23288582,2025,5,21,16,28,臺中市,西屯區,0,1,0,7,2,6,60,3,1,1,5,4,6,6,2,1,5,4,4,2,13,3,10,3,1,B03,7,9,1,8,2,1,,7,7,1,12,4,120.618704,24.18775,2
8189,66000,387130000C,(04)23274275,(04)23288582,2025,5,21,16,34,臺中市,南屯區,0,1,0,7,3,6,40,10,17,1,5,4,6,6,4,4,10,4,5,2,13,2,9,5,4,C02,7,9,1,9,2,11,,7,7,1,6,4,120.619252,24.120068,2
8190,66000,387130000C,(04)23274275,(04)23288582,2025,5,21,16,35,臺中市,北屯區,0,1,0,7,3,6,0,13,21,2,5,4,6,6,4,4,10,5,5,2,18,2,8,1,1,C03,7,1,1,10,2,14,,84,84,1,12,4,120.680561,24.195492,2
8191,66000,387130000C,(04)23274275,(04)23288582,2025,5,21,16,37,臺中市,北區,0,1,0,7,2,6,50,4,1,1,5,4,6,6,4,4,10,5,5,2,17,3,10,5,4,B03,7,5,1,8,2,8,,14,14,1,12,4,120.683437,24.15371,2
8192,66000,387130000C,(04)23274275,(04)23288582,2025,5,21,16,39,臺中市,北屯區,0,1,0,7,2,6,50,4,1,1,5,4,6,6,1,1,10,5,5,2,13,2,8,1,1,C03,7,9,1,10,2,11,,7,7,1,6,4,120.72069,24.175986,2
8193,66000,387130000C,(04)23274275,(04)23288582,2025,5,21,16,39,臺中市,沙鹿區,0,0,0,7,,,30,,,,,,,,,,,,,,,,,,,C03,,,1,,2,,,41,41,1,5,4,120.576357,24.224217,3
8194,66000,387130000C,(04)23274275,(04)23288582,2025,5,21,16,40,臺中市,大甲區,0,2,0,7,3,6,50,3,1,1,5,4,6,6,1,1,10,5,5,2,17,2,9,1,1,C03,7,9,1,10,2,11,,7,7,1,6,4,120.60165,24.364909,2
8195,66000,387130000C,(04)23274275,(04)23288582,2025,5,21,16,40,臺中市,石岡區,0,0,0,7,,,50,,,,,,,,,,,,,,,,,,,B03,,,1,,1,,,84,84,1,12,4,120.782432,24.27472,3
8196,66000,387130000C,(04)23274275,(04)23288582,2025,5,21,16,45,臺中市,南屯區,0,0,0,7,,,40,,,,,,,,,,,,,,17,,,,,B03,,,1,,2,,,59,59,1,12,4,120.61326,24.150109,3
8197,66000,387130000C,(04)23274275,(04)23288582,2025,5,21,16,45,臺中市,西屯區,0,1,0,7,3,6,50,13,9,1,5,4,6,6,4,4,1,4,5,2,12,2,9,1,1,C04,7,9,1,11,2,13,,42,42,1,13,4,120.648594,24.160742,2
8198,66000,387130000C,(04)23274275,(04)23288582,2025,5,21,16,45,臺中市,西屯區,0,0,0,7,,,60,,,,,,,,,,,,,,13,,,,,B03,,,1,,1,,,59,59,1,12,4,120.63433,24.176483,3
8199,66000,387130000C,(04)23274275,(04)23288582,2025,5,21,16,47,臺中市,龍井區,0,0,0,7,,,50,,,,,,,,,,,,,,16,,,,,B03,,,1,,1,,,51,51,1,6,4,120.521667,24.186642,3
8200,66000,387130000C,(04)23274275,(04)23288582,2025,5,21,16,48,臺中市,大雅區,0,0,0,7,,,50,,,,,,,,,,,,,,,,,,,B03,,,1,,2,,,45,45,1,13,4,120.623534,24.230274,3
8201,66000,387130000C,(04)23274275,(04)23288582,2025,5,21,16,50,臺中市,大雅區,0,0,0,7,,,50,,,,,,,,,,,,,,,,,,,B03,,,1,,2,,,84,84,1,13,4,120.629079,24.206796,3
8202,66000,387130000C,(04)23274275,(04)23288582,2025,5,21,16,50,臺中市,西屯區,0,2,0,7,2,6,30,4,1,1,5,4,6,6,4,4,10,5,5,2,15,2,9,2,1,C03,7,9,1,10,2,11,,12,12,1,12,4,120.644169,24.180403,2
8203,66000,387130000C,(04)23274275,(04)23288582,2025,5,21,16,53,臺中市,西屯區,0,1,0,7,3,6,50,3,1,1,5,4,6,6,1,1,1,4,1,2,17,3,10,5,4,B03,7,5,1,8,2,5,,20,20,1,12,4,120.639143,24.168884,2
8204,66000,387130000C,(04)23274275,(04)23288582,2025,5,21,16,55,臺中市,西區,0,0,0,7,,,50,,,,,,,,,,,,,,,,,,,B03,,,1,,1,,,84,84,1,12,4,120.655408,24.150241,3
8205,66000,387130000C,(04)23274275,(04)23288582,2025,5,21,16,56,臺中市,北屯區,0,2,0,7,2,6,50,13,9,1,5,4,6,6,4,4,1,4,5,2,13,2,9,1,1,C03,7,9,3,19,2,11,,7,7,1,6,4,120.699237,24.176575,2
8206,66000,387130000C,(04)23274275,(04)23288582,2025,5,21,17,0,臺中市,大里區,0,2,0,7,2,6,50,4,1,1,5,4,6,6,1,1,10,5,5,2,13,3,10,3,1,B03,7,9,1,8,2,5,,58,58,1,13,4,120.703579,24.096008,2
8207,66000,387130000C,(04)23274275,(04)23288582,2025,5,21,17,3,臺中市,北區,0,1,0,7,2,6,50,4,1,1,5,4,6,6,1,1,5,4,5,2,17,3,10,1,1,C03,7,9,1,10,2,12,,21,21,1,13,4,120.685142,24.16513,2
8208,66000,387130000C,(04)23274275,(04)23288582,2025,5,21,17,4,臺中市,大里區,0,0,0,6,,,50,,,,,,,,,,,,,,17,,,,,B03,,,1,,1,,,7,7,1,13,4,120.697487,24.083593,3
8209,66000,387130000C,(04)23274275,(04)23288582,2025,5,21,17,5,臺中市,潭子區,0,0,0,7,,,50,,,,,,,,,,,,,,,,,,,B02,,,1,,2,,,59,59,1,12,4,120.710894,24.215719,3
8210,66000,387130000C,(04)23274275,(04)23288582,2025,5,21,17,5,臺中市,北區,0,0,0,7,,,50,,,,,,,,,,,,,,,,,,,B03,,,1,,2,,,84,84,1,13,4,120.674212,24.166716,3
8211,66000,387130000C,(04)23274275,(04)23288582,2025,5,21,17,8,臺中市,大里區,0,0,0,7,,,50,,,,,,,,,,,,,,13,,,,,F03,,,1,,2,,,7,7,1,12,4,120.694614,24.100146,3
8212,66000,387130000C,(04)23274275,(04)23288582,2025,5,21,17,10,臺中市,后里區,0,1,0,7,2,6,50,4,1,1,5,4,6,6,3,1,10,5,5,2,13,2,7,1,1,C03,7,9,1,10,2,11,,7,7,1,12,4,120.725872,24.308993,2
8213,66000,387130000C,(04)23274275,(04)23288582,2025,5,21,17,11,臺中市,西屯區,0,0,0,7,,,50,,,,,,,,,,,,,,13,,,,,C03,,,1,,1,,,7,7,1,13,4,120.645086,24.181345,3
8214,66000,387130000C,(04)23274275,(04)23288582,2025,5,21,17,13,臺中市,西區,0,1,0,6,3,6,40,5,1,1,5,4,6,6,1,1,10,5,5,2,16,3,10,3,1,B12,7,5,1,8,2,2,,11,11,1,6,4,120.66563,24.135209,2
8215,66000,387130000C,(04)23274275,(04)23288582,2025,5,21,17,14,臺中市,南區,0,2,0,7,2,6,50,4,4,1,5,4,6,6,2,1,1,4,5,2,13,2,9,2,1,C03,7,9,1,10,2,11,,84,84,1,12,4,120.650342,24.120543,2
8216,66000,387130000C,(04)23274275,(04)23288582,2025,5,21,17,14,臺中市,太平區,0,1,0,7,2,6,50,13,9,1,5,4,6,6,4,4,9,5,5,2,17,2,7,3,1,B03,7,1,1,8,2,5,,51,51,1,12,4,120.709073,24.125149,2
8217,66000,387130000C,(04)23274275,(04)23288582,2025,5,21,17,15,臺中市,太平區,0,0,0,7,,,30,,,,,,,,,,,,,,14,,,,,B03,,,1,,2,,,49,49,1,12,4,120.701576,24.149799,3
8218,66000,387130000C,(04)23274275,(04)23288582,2025,5,21,17,16,臺中市,西屯區,0,0,0,7,,,50,,,,,,,,,,,,,,,,,,,B03,,,1,,1,,,7,7,1,12,4,120.650831,24.20933,3
8219,66000,387130000C,(04)23274275,(04)23288582,2025,5,21,17,17,臺中市,龍井區,0,0,0,7,,,50,,,,,,,,,,,,,,17,,,,,C03,,,1,,1,,,51,51,1,6,4,120.583216,24.179345,3
8220,66000,387130000C,(04)23274275,(04)23288582,2025,5,21,17,20,臺中市,潭子區,0,0,0,7,,,60,,,,,,,,,,,,,,,,,,,A11,,,1,,2,,,7,7,1,13,4,120.689824,24.223682,3
8221,66000,387130000C,(04)23274275,(04)23288582,2025,5,21,17,21,臺中市,霧峰區,0,1,0,7,2,6,60,3,1,1,5,4,6,6,1,1,1,4,4,1,12,3,10,3,1,B03,7,7,1,8,2,5,,40,40,1,6,4,120.653658,24.089474,2
8222,66000,387130000C,(04)23274275,(04)23288582,2025,5,21,17,22,臺中市,霧峰區,0,1,0,6,2,6,40,4,1,1,5,4,6,6,2,1,10,5,5,2,13,2,8,2,1,C03,7,9,1,10,2,11,,58,58,1,13,4,120.701012,24.075805,2
8223,66000,387130000C,(04)23274275,(04)23288582,2025,5,21,17,23,臺中市,西區,0,1,0,7,2,6,50,13,9,1,5,4,6,6,4,4,1,4,5,2,17,3,10,3,1,B03,7,2,1,8,2,3,,84,84,1,12,4,120.659342,24.156145,2
8224,66000,387130000C,(04)23274275,(04)23288582,2025,5,21,17,23,臺中市,大里區,0,2,0,7,3,6,50,4,1,1,5,4,6,6,1,1,1,4,4,1,12,2,9,1,1,C03,7,9,1,10,2,14,,39,39,1,12,4,120.687725,24.094825,2
8225,66000,387130000C,(04)23274275,(04)23288582,2025,5,21,17,27,臺中市,南屯區,0,0,0,7,,,50,,,,,,,,,,,,,,,,,,,B03,,,1,,1,,,7,7,1,13,4,120.631046,24.146338,3
8226,66000,387130000C,(04)23274275,(04)23288582,2025,5,21,17,30,臺中市,潭子區,0,0,0,7,,,10,,,,,,,,,,,,,,,,,,,B03,,,1,,1,,,49,49,1,12,4,120.706536,24.220726,3
8227,66000,387130000C,(04)23274275,(04)23288582,2025,5,21,17,31,臺中市,神岡區,0,0,0,7,,,50,,,,,,,,,,,,,,16,,,,,B03,,,3,,11,,,20,20,1,12,4,120.648357,24.258091,3
8228,66000,387130000C,(04)23274275,(04)23288582,2025,5,21,17,33,臺中市,北區,0,0,0,7,,,50,,,,,,,,,,,,,,13,,,,,B03,,,1,,1,,,84,84,1,12,4,120.679325,24.166192,3
8229,66000,387130000C,(04)23274275,(04)23288582,2025,5,21,17,36,臺中市,西區,0,0,0,7,,,50,,,,,,,,,,,,,,,,,,,B03,,,1,,1,,,50,50,1,12,4,120.664097,24.132288,3
8230,66000,387130000C,(04)23274275,(04)23288582,2025,5,21,17,36,臺中市,西屯區,0,2,0,7,3,6,30,13,9,1,5,4,6,6,4,4,10,5,5,2,11,2,9,1,1,C03,7,9,1,10,2,14,,8,8,1,13,4,120.627131,24.187117,2
8231,66000,387130000C,(04)23274275,(04)23288582,2025,5,21,17,43,臺中市,西屯區,0,0,0,7,,,40,,,,,,,,,,,,,,12,,,,,B03,,,1,,1,,,7,7,1,12,4,120.612598,24.184605,3
8232,66000,387130000C,(04)23274275,(04)23288582,2025,5,21,17,45,臺中市,南屯區,0,0,0,7,,,50,,,,,,,,,,,,,,13,,,,,B03,,,1,,1,,,7,7,1,12,4,120.634977,24.152593,3
8233,66000,387130000C,(04)23274275,(04)23288582,2025,5,21,17,45,臺中市,西屯區,0,2,0,7,2,6,50,3,1,1,5,4,6,6,1,1,10,5,5,2,16,2,7,2,1,C03,7,6,1,10,2,11,,48,48,1,12,4,120.587809,24.177777,2
8234,66000,387130000C,(04)23274275,(04)23288582,2025,5,21,17,46,臺中市,潭子區,0,1,0,7,2,6,50,3,1,1,5,4,6,6,4,4,5,5,4,2,13,3,10,2,1,C03,7,9,1,10,2,11,,7,7,1,13,4,120.700687,24.211056,2
8235,66000,387130000C,(04)23274275,(04)23288582,2025,5,21,17,46,臺中市,大里區,0,1,0,7,2,6,50,13,7,1,5,4,6,6,4,4,5,4,4,1,17,2,9,1,1,C03,7,8,1,10,2,14,,85,85,1,12,4,120.674731,24.1125,2
8236,66000,387130000C,(04)23274275,(04)23288582,2025,5,21,17,46,臺中市,大肚區,0,1,0,7,2,6,50,8,9,1,5,4,6,6,4,4,4,5,5,2,12,3,10,3,1,B03,7,4,1,8,2,2,,8,8,1,12,4,120.560154,24.155348,2
8237,66000,387130000C,(04)23274275,(04)23288582,2025,5,21,17,47,臺中市,豐原區,0,0,0,7,,,50,,,,,,,,,,,,,,13,,,,,C03,,,1,,2,,,7,7,1,12,4,120.700831,24.2475,3
8238,66000,387130000C,(04)23274275,(04)23288582,2025,5,21,17,48,臺中市,北區,0,1,0,7,2,6,40,13,8,1,5,4,6,6,4,4,1,4,1,2,17,3,10,3,1,B03,7,1,1,7,2,8,,51,51,1,13,4,120.665338,24.154199,2
8239,66000,387130000C,(04)23274275,(04)23288582,2025,5,21,17,49,臺中市,西區,0,0,0,7,,,50,,,,,,,,,,,,,,13,,,,,B03,,,1,,1,,,7,7,1,13,4,120.670069,24.150984,3
8240,66000,387130000C,(04)23274275,(04)23288582,2025,5,21,17,49,臺中市,西屯區,0,0,0,7,,,60,,,,,,,,,,,,,,,,,,,B03,,,1,,2,,,7,7,1,12,4,120.608914,24.169746,3
8241,66000,387130000C,(04)23274275,(04)23288582,2025,5,21,17,50,臺中市,南區,0,1,0,7,3,6,50,13,9,1,5,4,6,6,4,4,9,5,5,2,17,3,10,3,1,B03,7,1,1,8,2,1,,51,51,1,13,4,120.649027,24.123147,2
8242,66000,387130000C,(04)23274275,(04)23288582,2025,5,21,17,50,臺中市,西屯區,0,1,0,7,2,6,40,4,8,1,5,4,6,6,1,1,5,4,4,2,13,3,10,1,4,C03,7,9,1,10,1,11,,7,7,1,13,4,120.635989,24.169183,2
8243,66000,387130000C,(04)23274275,(04)23288582,2025,5,21,17,50,臺中市,沙鹿區,0,0,0,7,2,6,50,4,9,1,5,4,6,6,1,1,1,3,4,2,15,,,,,B03,,,3,,1,,,21,21,1,12,4,120.560423,24.240133,3
8244,66000,387130000C,(04)23274275,(04)23288582,2025,5,21,17,50,臺中市,沙鹿區,0,1,0,7,2,6,40,3,2,1,5,4,6,6,1,1,1,4,4,2,13,2,7,1,1,C03,7,9,1,10,2,11,,58,58,1,12,4,120.569623,24.219607,2
8245,66000,387130000C,(04)23274275,(04)23288582,2025,5,21,17,54,臺中市,北區,0,2,0,7,3,6,50,4,2,1,5,4,6,6,1,1,3,2,3,1,12,2,9,5,4,C03,7,9,1,10,2,12,,84,84,1,13,4,120.674616,24.162533,2
8246,66000,387130000C,(04)23274275,(04)23288582,2025,5,21,17,54,臺中市,太平區,0,2,0,7,1,6,50,4,1,1,5,4,6,6,2,1,10,5,5,2,15,2,9,2,1,C03,7,9,1,10,2,14,,21,21,1,12,4,120.713586,24.14131,2
8247,66000,387130000C,(04)23274275,(04)23288582,2025,5,21,17,55,臺中市,潭子區,0,1,0,6,3,6,80,13,9,1,5,4,6,6,4,4,2,4,5,1,13,3,10,3,1,B12,7,9,1,8,2,1,,7,7,1,13,4,120.710002,24.200501,2
8248,66000,387130000C,(04)23274275,(04)23288582,2025,5,21,17,58,臺中市,南屯區,0,0,0,7,,,50,,,,,,,,,,,,,,17,,,,,B03,,,1,,2,,,59,59,1,6,4,120.600914,24.153899,3
8249,66000,387130000C,(04)23274275,(04)23288582,2025,5,21,18,0,臺中市,南區,0,1,0,7,1,6,50,4,1,1,5,4,6,6,1,1,10,5,5,2,17,2,9,1,1,C02,7,9,1,10,2,11,,21,21,1,12,4,120.661689,24.132214,2
8250,66000,387130000C,(04)23274275,(04)23288582,2025,5,21,18,1,臺中市,大里區,0,1,0,7,1,6,50,5,1,1,5,4,6,6,2,1,1,4,4,1,17,2,9,1,1,C03,7,9,1,10,2,14,12,58,58,1,6,4,120.67919,24.102056,2
8251,66000,387130000C,(04)23274275,(04)23288582,2025,5,21,18,8,臺中市,西屯區,0,0,0,7,,,50,,,,,,,,,,,,,,,,,,,B03,,,1,,1,,,12,12,1,12,4,120.630985,24.164977,3
8252,66000,387130000C,(04)23274275,(04)23288582,2025,5,21,18,8,臺中市,大里區,0,0,0,7,3,6,50,4,9,1,5,4,6,6,1,1,5,4,5,1,12,,,,,C03,,,1,,2,,,48,48,1,12,4,120.679907,24.095733,3
8253,66000,387130000C,(04)23274275,(04)23288582,2025,5,21,18,10,臺中市,南屯區,0,1,0,7,1,6,50,13,9,1,5,4,6,6,4,4,5,4,5,2,12,2,9,5,4,F01,7,8,7,21,2,14,,40,40,1,13,1,120.634875,24.151874,2
8254,66000,387130000C,(04)23274275,(04)23288582,2025,5,21,18,10,臺中市,西屯區,0,0,0,7,1,6,50,4,1,1,5,4,6,6,1,1,5,4,5,2,12,,,,,B03,,,1,,1,,,51,51,1,12,4,120.651676,24.158366,3
8255,66000,387130000C,(04)23274275,(04)23288582,2025,5,21,18,11,臺中市,大里區,0,1,0,7,1,6,50,4,1,1,5,4,6,6,1,1,10,5,5,2,13,3,10,3,1,B03,7,9,1,8,2,8,,59,59,1,12,4,120.694597,24.111591,2
8256,66000,387130000C,(04)23274275,(04)23288582,2025,5,21,18,12,臺中市,西屯區,0,0,0,7,,,50,,,,,,,,,,,,,,13,,,,,B03,,,1,,1,,,58,58,1,13,4,120.588554,24.16984,3
8257,66000,387130000C,(04)23274275,(04)23288582,2025,5,21,18,14,臺中市,南區,0,1,0,7,1,6,50,13,9,1,5,4,6,6,3,1,5,2,5,2,12,2,9,2,1,C03,7,9,1,10,2,11,,7,7,1,6,4,120.666767,24.115689,2
8258,66000,387130000C,(04)23274275,(04)23288582,2025,5,21,18,18,臺中市,北屯區,0,0,0,7,,,30,,,,,,,,,,,,,,17,,,,,B03,,,1,,9,,,8,8,1,13,4,120.661463,24.195786,3
8259,66000,387130000C,(04)23274275,(04)23288582,2025,5,21,18,20,臺中市,南屯區,0,0,0,7,,,40,,,,,,,,,,,,,,,,,,,B02,,,1,,2,,,50,50,1,6,4,120.64892,24.153939,3
8260,66000,387130000C,(04)23274275,(04)23288582,2025,5,21,18,24,臺中市,北區,0,0,0,7,,,50,,,,,,,,,,,,,,13,,,,,C03,,,,,2,,,59,59,1,12,4,120.675923,24.159509,3
8261,66000,387130000C,(04)23274275,(04)23288582,2025,5,21,18,27,臺中市,南區,0,3,0,7,3,6,50,4,9,1,5,4,6,6,4,4,5,4,4,1,17,2,9,1,1,C03,7,15,1,10,2,12,,20,20,1,6,4,120.655726,24.120237,2
8262,66000,387130000C,(04)23274275,(04)23288582,2025,5,21,18,29,臺中市,西區,0,0,0,7,,,50,,,,,,,,,,,,,,,,,,,B03,,,1,,1,,,84,84,1,12,4,120.658522,24.154945,3
8263,66000,387130000C,(04)23274275,(04)23288582,2025,5,21,18,29,臺中市,西屯區,0,0,0,7,,,60,,,,,,,,,,,,,,,,,,,F01,,,,,,,,86,86,1,,,120.657759,24.167936,3
8264,66000,387130000C,(04)23274275,(04)23288582,2025,5,21,18,34,臺中市,南區,0,2,0,7,1,6,50,3,2,1,5,4,6,6,4,4,5,4,5,2,13,3,10,2,1,C03,7,9,1,10,2,11,,7,7,1,12,4,120.659477,24.116931,2
8265,66000,387130000C,(04)23274275,(04)23288582,2025,5,21,18,35,臺中市,南區,0,0,0,7,,,50,,,,,,,,,,,,,,,,,,,B03,,,1,,1,,,84,84,1,13,4,120.682076,24.11887,3
8266,66000,387130000C,(04)23274275,(04)23288582,2025,5,21,18,39,臺中市,北屯區,0,0,0,7,,,50,,,,,,,,,,,,,,13,,,,,B03,,,1,,1,,,84,84,1,12,4,120.665379,24.191235,3
8267,66000,387130000C,(04)23274275,(04)23288582,2025,5,21,18,43,臺中市,龍井區,0,0,0,7,,,50,,,,,,,,,,,,,,12,,,,,B03,,,1,,2,,,50,50,1,5,4,120.523338,24.199941,3
8268,66000,387130000C,(04)23274275,(04)23288582,2025,5,21,18,45,臺中市,西屯區,0,1,0,7,1,6,40,3,8,1,5,4,6,6,4,4,1,4,3,2,16,3,10,3,1,B01,7,5,1,2,2,2,,14,14,1,12,4,120.638325,24.169474,2
8269,66000,387130000C,(04)23274275,(04)23288582,2025,5,21,18,45,臺中市,大里區,0,0,0,7,,,50,,,,,,,,,,,,,,16,,,,,B03,,,1,,1,,,47,47,1,12,4,120.689671,24.112752,3
8270,66000,387130000C,(04)23274275,(04)23288582,2025,5,21,18,46,臺中市,北區,0,0,0,7,,,1,,,,,,,,,,,,,,17,,,,,C03,,,1,,1,,,84,84,1,12,4,120.683266,24.154368,3
8271,66000,387130000C,(04)23274275,(04)23288582,2025,5,21,18,46,臺中市,北屯區,0,0,0,7,,,50,,,,,,,,,,,,,,16,,,,,B03,,,1,,1,,,51,51,1,12,4,120.718696,24.171442,3
8272,66000,387130000C,(04)23274275,(04)23288582,2025,5,21,18,51,臺中市,大里區,0,1,0,7,1,6,50,4,1,1,5,4,6,6,2,1,5,5,4,1,17,2,9,1,1,C02,7,9,3,19,2,12,,84,84,1,5,4,120.683891,24.115183,2
8273,66000,387130000C,(04)23274275,(04)23288582,2025,5,21,18,55,臺中市,北屯區,0,1,0,7,1,6,50,4,4,1,5,4,6,6,1,1,1,2,5,2,17,2,9,1,1,C03,7,15,1,10,2,13,,84,84,1,6,4,120.721835,24.18179,2
8274,66000,387130000C,(04)23274275,(04)23288582,2025,5,21,18,55,臺中市,豐原區,0,0,0,7,,,50,,,,,,,,,,,,,,13,,,,,C03,,,1,,2,,,7,7,1,12,4,120.720226,24.262312,3
8275,66000,387130000C,(04)23274275,(04)23288582,2025,5,21,18,58,臺中市,北屯區,0,0,0,7,,,50,,,,,,,,,,,,,,12,,,,,C03,,,1,,2,,,84,84,1,6,4,120.727417,24.158726,3