序號,縣市別代碼,機關代碼,市話,傳真,年,月,日,時,分,縣市,區,死亡數量,受傷數量,2-30,天候,道路照明設備,道路類別,道路速限,道路型態,事故位置,路面鋪裝,路面狀態,路面缺陷,障礙物,視距,號誌種類,號誌動作,分向設施,快車道或一般車道間,快慢車道間,路面邊線,事故類型及型態,受傷程度,主要傷處,保護裝備,行動電話或功能裝置,當事者區分(類別),車輛用途,當事者行動狀態,駕照狀態,駕照種類,飲酒情形,車輛撞擊部位最初,車輛撞擊部位其他,肇事因素個別,肇事因素主要,肇事逃逸,職業,共享經濟或外送平台,GPS座標X,GPS座標Y,事故類別
8386,66000,387130000C,(04)23274275,(04)23288582,2025,5,22,8,14,臺中市,大里區,0,1,0,7,3,6,50,3,1,1,5,4,6,6,4,4,5,4,4,2,16,2,8,5,4,F01,7,6,7,21,2,11,,11,11,1,13,4,120.694814,24.099937,2
8387,66000,387130000C,(04)23274275,(04)23288582,2025,5,22,8,15,臺中市,大雅區,0,0,0,7,,,50,,,,,,,,,,,,,,12,,,,,B03,,,1,,2,,,8,8,1,13,4,120.645508,24.225709,3
8388,66000,387130000C,(04)23274275,(04)23288582,2025,5,22,8,15,臺中市,北屯區,0,1,0,7,2,6,50,5,2,1,5,4,6,6,1,1,1,2,5,2,13,3,10,1,1,C03,7,9,1,10,1,11,,7,7,1,6,4,120.67965,24.172812,2
8389,66000,387130000C,(04)23274275,(04)23288582,2025,5,22,8,15,臺中市,大里區,0,1,0,7,2,6,50,13,9,1,5,4,6,6,4,4,5,5,5,2,9,3,10,3,1,B03,7,15,1,8,2,5,,85,85,1,12,4,120.67636,24.11571,2
8390,66000,387130000C,(04)23274275,(04)23288582,2025,5,22,8,20,臺中市,大雅區,0,3,0,7,1,6,40,13,8,1,5,4,6,6,3,1,1,5,4,2,13,2,9,1,1,C03,7,9,1,10,2,11,13,7,7,1,13,4,120.661264,24.219895,2
8391,66000,387130000C,(04)23274275,(04)23288582,2025,5,22,8,20,臺中市,神岡區,0,1,0,7,3,6,50,4,1,1,5,4,6,6,3,1,5,5,5,1,12,3,10,1,1,C03,7,9,1,10,2,11,,7,7,1,13,4,120.68241,24.243354,2
8392,66000,387130000C,(04)23274275,(04)23288582,2025,5,22,8,24,臺中市,梧棲區,0,0,0,7,,,30,,,,,,,,,,,,,,13,,,,,B03,,,1,,2,,,58,58,1,12,4,120.537122,24.251119,3
8393,66000,387130000C,(04)23274275,(04)23288582,2025,5,22,8,28,臺中市,大雅區,0,1,0,7,3,6,30,13,9,1,5,4,6,6,4,4,5,2,5,1,17,3,10,3,1,A11,7,6,1,7,2,16,,48,48,1,12,4,120.601847,24.215479,2
8394,66000,387130000C,(04)23274275,(04)23288582,2025,5,22,8,30,臺中市,北區,0,1,0,7,3,6,50,13,9,1,5,4,6,6,4,4,3,4,5,2,17,2,9,5,4,C03,7,8,1,10,2,11,,84,84,1,13,4,120.676228,24.163385,2
8395,66000,387130000C,(04)23274275,(04)23288582,2025,5,22,8,30,臺中市,北屯區,0,0,0,7,,,50,,,,,,,,,,,,,,,,,,,C03,,,1,,2,,,7,7,1,12,4,120.686579,24.182892,3
8396,66000,387130000C,(04)23274275,(04)23288582,2025,5,22,8,32,臺中市,烏日區,0,1,0,7,2,6,30,4,1,1,5,4,6,6,2,1,10,5,5,2,16,3,10,5,4,C03,7,5,1,10,2,12,,65,65,1,13,4,120.606976,24.108344,2
8397,66000,387130000C,(04)23274275,(04)23288582,2025,5,22,8,34,臺中市,梧棲區,0,1,0,7,2,6,50,13,7,1,5,4,6,6,1,1,5,4,4,2,16,3,10,3,1,B03,7,1,1,8,2,8,,51,51,1,12,4,120.53344,24.254156,2
8398,66000,387130000C,(04)23274275,(04)23288582,2025,5,22,8,35,臺中市,西屯區,0,0,0,7,,,50,,,,,,,,,,,,,,13,,,,,B03,,,1,,1,,,58,58,1,12,4,120.62904,24.163157,3
8399,66000,387130000C,(04)23274275,(04)23288582,2025,5,22,8,37,臺中市,東區,0,1,0,7,2,6,50,13,9,1,5,4,6,6,4,4,9,5,5,2,3,2,7,6,5,H01,8,16,7,21,10,17,,95,95,1,12,5,120.705061,24.141518,2
8400,66000,387130000C,(04)23274275,(04)23288582,2025,5,22,8,38,臺中市,潭子區,0,1,0,7,2,6,60,13,8,1,5,4,6,6,4,4,1,4,4,1,12,3,10,2,1,C03,7,4,1,10,2,12,,8,8,1,12,4,120.702691,24.1981,2
8401,66000,387130000C,(04)23274275,(04)23288582,2025,5,22,8,38,臺中市,大里區,0,0,0,7,,,50,,,,,,,,,,,,,,12,,,,,B12,,,5,,2,,,40,40,1,13,4,120.69996,24.116559,3
8402,66000,387130000C,(04)23274275,(04)23288582,2025,5,22,8,40,臺中市,潭子區,0,1,0,7,3,6,50,3,1,1,5,4,6,6,4,4,9,5,5,1,17,2,8,1,1,C03,7,9,1,10,2,11,,59,59,1,13,4,120.701522,24.223047,2
8403,66000,387130000C,(04)23274275,(04)23288582,2025,5,22,8,41,臺中市,北區,0,1,0,7,2,6,50,3,1,1,5,4,6,6,4,4,10,5,5,2,16,3,10,5,4,B03,7,6,1,8,2,1,,14,14,1,13,4,120.690136,24.155753,2
8404,66000,387130000C,(04)23274275,(04)23288582,2025,5,22,8,42,臺中市,烏日區,0,1,0,7,3,6,50,12,8,1,5,4,6,6,4,4,1,4,4,1,18,2,9,2,1,C03,7,9,1,10,2,14,,43,43,1,6,4,120.633041,24.10598,2
8405,66000,387130000C,(04)23274275,(04)23288582,2025,5,22,8,43,臺中市,西屯區,0,1,0,7,2,6,50,3,1,1,5,4,6,6,4,4,5,5,5,2,16,2,9,1,1,C03,7,6,1,10,2,11,,14,14,1,12,4,120.645057,24.172628,2
8406,66000,387130000C,(04)23274275,(04)23288582,2025,5,22,8,44,臺中市,大雅區,0,0,0,7,,,30,,,,,,,,,,,,,,13,,,,,C03,,,1,,1,,,84,84,1,13,4,120.642946,24.243286,3
8407,66000,387130000C,(04)23274275,(04)23288582,2025,5,22,8,45,臺中市,南屯區,0,0,0,7,3,6,50,13,9,1,5,4,6,6,1,3,5,5,5,2,12,,,,,B03,,,1,,1,,,14,14,1,12,4,120.654596,24.138908,3
8408,66000,387130000C,(04)23274275,(04)23288582,2025,5,22,8,45,臺中市,南屯區,0,0,0,7,,,50,,,,,,,,,,,,,,,,,,,B03,,,1,,1,,,56,56,1,12,4,120.637693,24.146804,3
8409,66000,387130000C,(04)23274275,(04)23288582,2025,5,22,8,45,臺中市,南屯區,0,0,0,7,,,50,,,,,,,,,,,,,,12,,,,,B03,,,1,,2,,,84,84,1,12,4,120.608483,24.147118,3
8410,66000,387130000C,(04)23274275,(04)23288582,2025,5,22,8,52,臺中市,沙鹿區,0,0,0,7,,,30,,,,,,,,,,,,,,,,,,,B03,,,1,,2,,,49,49,1,13,4,120.571835,24.258629,3
8411,66000,387130000C,(04)23274275,(04)23288582,2025,5,22,8,53,臺中市,西屯區,0,1,0,7,2,6,50,4,1,1,5,4,6,6,1,1,10,5,5,2,17,3,10,5,4,B03,7,6,1,8,2,16,,85,85,1,13,4,120.634613,24.164953,2
8412,66000,387130000C,(04)23274275,(04)23288582,2025,5,22,8,57,臺中市,南區,0,0,0,7,,,50,,,,,,,,,,,,,,14,,,,,B12,,,1,,1,,,49,49,1,12,4,120.660191,24.112495,3
8413,66000,387130000C,(04)23274275,(04)23288582,2025,5,22,9,0,臺中市,南屯區,0,0,0,7,3,6,40,13,9,1,5,4,6,6,4,4,9,5,4,2,25,,,,,A11,,,1,,1,,,49,49,1,12,4,120.620288,24.126824,3
8414,66000,387130000C,(04)23274275,(04)23288582,2025,5,22,9,0,臺中市,豐原區,0,0,0,7,,,60,,,,,,,,,,,,,,17,,,,,F01,,,7,,2,,,21,21,1,13,4,120.710753,24.237496,3
8415,66000,387130000C,(04)23274275,(04)23288582,2025,5,22,9,5,臺中市,沙鹿區,0,0,0,7,,,30,,,,,,,,,,,,,,14,,,,,B12,,,1,,1,,,49,49,1,6,4,120.566745,24.250349,3
8416,66000,387130000C,(04)23274275,(04)23288582,2025,5,22,9,7,臺中市,西屯區,0,1,0,7,1,6,30,4,1,1,5,4,6,6,3,1,8,4,5,1,15,3,10,5,4,B03,7,9,1,8,2,1,,20,20,1,13,4,120.634816,24.165627,2
8417,66000,387130000C,(04)23274275,(04)23288582,2025,5,22,9,10,臺中市,南區,0,1,0,7,3,6,50,13,9,1,5,4,6,6,4,4,5,5,5,2,13,2,9,3,1,B03,7,9,1,8,2,5,,8,8,1,6,4,120.666864,24.116169,2
8418,66000,387130000C,(04)23274275,(04)23288582,2025,5,22,9,10,臺中市,太平區,0,0,0,7,,,50,,,,,,,,,,,,,,16,,,,,B03,,,1,,2,,,20,20,1,12,4,120.725034,24.108008,3
8419,66000,387130000C,(04)23274275,(04)23288582,2025,5,22,9,10,臺中市,太平區,0,0,0,7,2,6,50,13,9,1,5,4,6,6,4,4,5,5,5,2,17,3,10,3,1,B03,7,9,1,8,2,2,,58,58,1,6,4,120.713499,24.139449,3
8420,66000,387130000C,(04)23274275,(04)23288582,2025,5,22,9,11,臺中市,大甲區,0,0,0,7,,,50,,,,,,,,,,,,,,,,,,,B03,,,5,,1,,,7,7,1,12,4,120.620657,24.350555,3
8421,66000,387130000C,(04)23274275,(04)23288582,2025,5,22,9,12,臺中市,霧峰區,0,1,0,7,2,6,50,4,1,1,5,4,6,6,1,1,10,5,5,1,15,3,10,1,1,C03,7,9,1,10,2,11,,85,85,1,12,4,120.696863,24.026066,2
8422,66000,387130000C,(04)23274275,(04)23288582,2025,5,22,9,15,臺中市,豐原區,0,1,0,7,2,6,30,4,1,1,5,4,5,6,4,4,10,5,5,2,11,3,10,5,4,B03,7,6,1,8,2,8,,56,56,1,13,4,120.715979,24.240938,2
8423,66000,387130000C,(04)23274275,(04)23288582,2025,5,22,9,16,臺中市,梧棲區,0,1,0,7,2,6,50,4,1,1,5,4,6,6,4,4,10,5,5,2,15,3,10,3,1,B03,7,9,1,8,2,1,,15,15,1,12,4,120.532152,24.241782,2
8424,66000,387130000C,(04)23274275,(04)23288582,2025,5,22,9,18,臺中市,太平區,0,1,0,7,2,6,50,3,9,1,5,4,6,6,4,4,5,5,5,1,13,2,8,1,1,C03,7,9,1,10,2,11,,84,84,1,6,4,120.731976,24.139274,2
8425,66000,387130000C,(04)23274275,(04)23288582,2025,5,22,9,19,臺中市,西區,0,1,0,7,2,6,50,3,1,1,5,4,6,6,4,4,10,5,5,2,16,3,10,1,1,C03,7,5,1,10,2,12,,47,47,1,6,4,120.669017,24.139196,2
8426,66000,387130000C,(04)23274275,(04)23288582,2025,5,22,9,21,臺中市,北屯區,0,0,0,7,,,40,,,,,,,,,,,,,,17,,,,,B12,,,1,8,9,,,78,78,1,12,4,120.6665,24.191839,3
8427,66000,387130000C,(04)23274275,(04)23288582,2025,5,22,9,23,臺中市,西屯區,0,0,0,7,2,6,50,4,1,1,5,4,6,6,1,1,9,4,4,2,13,,,,,A11,,,1,,2,,,59,59,1,13,4,120.595062,24.169834,3
8428,66000,387130000C,(04)23274275,(04)23288582,2025,5,22,9,24,臺中市,南區,0,0,0,7,,,50,,,,,,,,,,,,,,,,,,,B12,,,1,,9,,,8,8,2,12,4,120.681215,24.130379,3
8429,66000,387130000C,(04)23274275,(04)23288582,2025,5,22,9,27,臺中市,西屯區,0,0,0,7,,,60,,,,,,,,,,,,,,11,,,,,B03,,,1,,2,,,26,26,1,12,4,120.635172,24.179435,3
8430,66000,387130000C,(04)23274275,(04)23288582,2025,5,22,9,29,臺中市,東區,0,1,0,7,2,6,50,4,1,1,5,4,6,6,2,1,10,5,5,2,16,3,10,3,1,B03,7,5,1,8,2,5,,47,47,1,12,4,120.685265,24.129714,2
8431,66000,387130000C,(04)23274275,(04)23288582,2025,5,22,9,32,臺中市,沙鹿區,0,0,0,7,,,60,,,,,,,,,,,,,,,,,,,B12,,,1,,2,,,59,59,1,13,4,120.567407,24.203539,3
8432,66000,387130000C,(04)23274275,(04)23288582,2025,5,22,9,33,臺中市,西屯區,0,0,0,7,,,50,,,,,,,,,,,,,,14,,,,,B03,,,1,,1,,,49,49,1,12,4,120.60351,24.185262,3
8433,66000,387130000C,(04)23274275,(04)23288582,2025,5,22,9,39,臺中市,東區,0,0,0,7,,,50,,,,,,,,,,,,,,,,,,,B03,,,1,,1,,,7,7,1,12,4,120.698785,24.133,3
8434,66000,387130000C,(04)23274275,(04)23288582,2025,5,22,9,43,臺中市,沙鹿區,0,1,0,7,2,6,50,13,9,1,5,4,6,6,4,4,5,5,5,2,16,2,8,1,1,C03,7,5,1,10,2,12,,47,47,1,6,4,120.574963,24.227278,2
8435,66000,387130000C,(04)23274275,(04)23288582,2025,5,22,9,46,臺中市,北區,0,1,0,7,2,6,40,5,9,1,5,4,6,6,2,1,3,5,4,2,18,2,9,1,1,C03,7,9,1,10,1,16,,84,84,1,13,4,120.684876,24.162392,2
8436,66000,387130000C,(04)23274275,(04)23288582,2025,5,22,9,50,臺中市,西區,0,2,0,7,2,6,50,4,1,1,5,4,6,6,2,1,10,5,5,2,17,2,9,1,1,C03,7,6,1,10,2,11,,11,11,1,12,4,120.657362,24.145036,2
8437,66000,387130000C,(04)23274275,(04)23288582,2025,5,22,9,55,臺中市,南屯區,0,1,0,7,2,6,50,4,1,1,5,4,6,6,2,1,5,4,5,2,16,3,10,3,1,B03,7,11,1,8,2,6,,45,45,1,12,4,120.649956,24.134835,2
8438,66000,387130000C,(04)23274275,(04)23288582,2025,5,22,9,56,臺中市,西區,0,0,0,7,,,30,,,,,,,,,,,,,,,,,,,B12,,,1,,1,,,8,8,1,6,4,120.661523,24.154863,3
8439,66000,387130000C,(04)23274275,(04)23288582,2025,5,22,9,56,臺中市,太平區,0,1,0,7,3,6,50,4,1,1,5,4,6,6,1,1,5,5,4,1,16,3,10,3,1,B03,7,5,1,8,1,2,,11,11,1,12,4,120.730122,24.109694,2
8440,66000,387130000C,(04)23274275,(04)23288582,2025,5,22,10,2,臺中市,太平區,0,1,0,7,2,6,50,4,1,1,5,4,6,6,4,4,5,5,5,1,15,3,10,3,1,B03,7,9,1,8,2,5,,15,15,1,6,4,120.727462,24.126397,2
8441,66000,387130000C,(04)23274275,(04)23288582,2025,5,22,10,6,臺中市,南屯區,0,1,0,7,2,6,50,3,1,1,5,4,6,6,4,4,5,5,5,2,16,3,10,1,1,C03,7,6,1,10,2,13,,48,48,1,6,4,120.611474,24.14745,2
8442,66000,387130000C,(04)23274275,(04)23288582,2025,5,22,10,6,臺中市,西屯區,0,0,0,7,,,50,,,,,,,,,,,,,,,,,,,B12,,,1,,1,,,7,7,1,12,4,120.622185,24.174168,3
8443,66000,387130000C,(04)23274275,(04)23288582,2025,5,22,10,6,臺中市,烏日區,0,0,0,7,,,50,,,,,,,,,,,,,,,,,,,B03,,,1,,1,,,84,84,1,6,4,120.633353,24.103781,3
8444,66000,387130000C,(04)23274275,(04)23288582,2025,5,22,10,7,臺中市,烏日區,0,1,0,7,2,6,50,4,1,1,5,4,6,6,2,1,10,5,5,2,16,3,10,5,4,B03,7,6,1,8,2,1,,11,11,1,13,4,120.616851,24.116065,2
8445,66000,387130000C,(04)23274275,(04)23288582,2025,5,22,10,13,臺中市,大里區,0,0,0,7,,,50,,,,,,,,,,,,,,14,,,,,C03,,,1,,1,,,49,49,1,12,4,120.7148,24.09297,3
8446,66000,387130000C,(04)23274275,(04)23288582,2025,5,22,10,14,臺中市,梧棲區,0,1,0,7,2,6,50,4,1,1,5,4,6,6,1,1,10,5,5,2,16,3,10,3,1,B03,7,5,1,8,2,5,,11,11,1,12,4,120.550843,24.252937,2
8447,66000,387130000C,(04)23274275,(04)23288582,2025,5,22,10,16,臺中市,東區,0,1,0,7,3,6,50,13,9,1,5,4,6,6,4,4,9,5,5,2,17,3,10,3,1,B12,7,13,1,8,1,16,,85,85,1,6,4,120.701532,24.139837,2
8448,66000,387130000C,(04)23274275,(04)23288582,2025,5,22,10,17,臺中市,北屯區,0,1,0,7,1,6,40,13,9,1,5,4,6,6,4,4,10,5,5,2,13,3,10,3,1,B12,7,9,1,8,2,1,,7,7,1,13,4,120.719945,24.164378,2
8449,66000,387130000C,(04)23274275,(04)23288582,2025,5,22,10,18,臺中市,外埔區,0,0,0,7,,,50,,,,,,,,,,,,,,,,,,,B03,,,1,,2,,,40,40,1,6,4,120.639476,24.341401,3
8450,66000,387130000C,(04)23274275,(04)23288582,2025,5,22,10,33,臺中市,烏日區,0,0,0,7,,,50,,,,,,,,,,,,,,,,,,,B12,,,1,,1,,,84,84,1,6,4,120.633201,24.105178,3
8451,66000,387130000C,(04)23274275,(04)23288582,2025,5,22,10,36,臺中市,北屯區,0,0,0,7,,,80,,,,,,,,,,,,,,13,,,,,B12,,,1,,1,,,7,7,1,6,4,120.72239,24.188805,3
8452,66000,387130000C,(04)23274275,(04)23288582,2025,5,22,10,37,臺中市,沙鹿區,0,1,0,7,2,6,60,4,1,1,5,4,6,6,1,1,10,5,5,2,13,2,8,2,1,C03,7,9,1,10,2,11,,59,59,1,6,4,120.570714,24.240975,2
8453,66000,387130000C,(04)23274275,(04)23288582,2025,5,22,10,38,臺中市,神岡區,0,0,0,7,,,50,,,,,,,,,,,,,,14,,,,,B03,,,1,,2,,,49,49,1,6,4,120.680385,24.244824,3
8454,66000,387130000C,(04)23274275,(04)23288582,2025,5,22,10,40,臺中市,南屯區,0,1,0,7,2,6,50,13,9,1,5,4,6,6,4,4,9,4,5,2,12,2,9,1,1,C03,7,9,1,10,2,11,,59,59,1,12,4,120.651632,24.15541,2
8455,66000,387130000C,(04)23274275,(04)23288582,2025,5,22,10,40,臺中市,烏日區,0,0,0,7,,,30,,,,,,,,,,,,,,14,,,,,B12,,,1,,1,,,49,49,1,6,4,120.659957,24.058629,3
8456,66000,387130000C,(04)23274275,(04)23288582,2025,5,22,10,48,臺中市,太平區,0,1,0,7,3,6,50,13,9,1,5,4,6,6,4,4,5,4,5,1,16,2,8,2,1,C03,7,8,3,19,2,14,,40,40,1,12,4,120.731744,24.134695,2
8457,66000,387130000C,(04)23274275,(04)23288582,2025,5,22,10,49,臺中市,太平區,0,1,0,7,2,6,50,13,9,1,5,4,6,6,4,4,9,5,5,1,17,3,10,3,1,B12,7,11,1,8,2,8,,45,45,1,6,4,120.703405,24.112945,2
8458,66000,387130000C,(04)23274275,(04)23288582,2025,5,22,10,54,臺中市,大里區,0,0,0,7,,,50,,,,,,,,,,,,,,,,,,,H01,,,7,,10,,,119,119,1,12,5,120.683531,24.111258,3
8459,66000,387130000C,(04)23274275,(04)23288582,2025,5,22,10,55,臺中市,大雅區,0,3,0,7,1,6,50,13,9,1,5,4,6,6,4,4,9,5,5,2,17,2,8,1,1,C03,7,11,1,10,2,14,,45,45,1,12,4,120.670143,24.223688,2
8460,66000,387130000C,(04)23274275,(04)23288582,2025,5,22,10,57,臺中市,西屯區,0,0,0,7,,,50,,,,,,,,,,,,,,16,,,,,B03,,,1,,1,,,8,8,1,13,4,120.646756,24.157876,3
8461,66000,387130000C,(04)23274275,(04)23288582,2025,5,22,10,59,臺中市,大里區,0,1,0,7,2,6,30,4,1,1,5,4,6,6,4,4,9,5,4,2,16,3,10,3,1,B03,7,6,1,8,2,8,,12,12,1,12,4,120.69076,24.104137,2
8462,66000,387130000C,(04)23274275,(04)23288582,2025,5,22,11,0,臺中市,西屯區,0,0,0,7,,,50,,,,,,,,,,,,,,17,,,,,A41,,,1,,2,,,76,76,1,13,4,120.620733,24.184144,3
8463,66000,387130000C,(04)23274275,(04)23288582,2025,5,22,11,0,臺中市,大里區,0,0,0,7,,,30,,,,,,,,,,,,,,14,,,,,B12,,,1,,2,,,49,49,1,6,4,120.70684,24.10892,3
8464,66000,387130000C,(04)23274275,(04)23288582,2025,5,22,11,10,臺中市,大雅區,0,0,0,7,,,50,,,,,,,,,,,,,,,,,,,B03,,,1,,1,,,1,1,1,13,4,120.64722,24.218299,3
8465,66000,387130000C,(04)23274275,(04)23288582,2025,5,22,11,20,臺中市,大雅區,0,0,0,7,,,30,,,,,,,,,,,,,,,,,,,B03,,,1,,2,,,12,12,1,13,4,120.629984,24.209666,3
8466,66000,387130000C,(04)23274275,(04)23288582,2025,5,22,11,25,臺中市,大里區,0,1,0,7,3,6,50,4,1,1,5,4,6,6,2,1,5,4,4,2,16,2,9,5,4,C03,7,6,1,10,2,14,,11,11,1,13,4,120.674849,24.109371,2
8467,66000,387130000C,(04)23274275,(04)23288582,2025,5,22,11,26,臺中市,西區,0,1,0,7,2,6,50,13,9,1,5,4,6,6,4,4,5,5,5,2,17,2,8,1,1,C03,7,1,1,10,2,14,,51,51,1,12,4,120.667029,24.147741,2
8468,66000,387130000C,(04)23274275,(04)23288582,2025,5,22,11,30,臺中市,南屯區,0,0,0,7,3,6,50,13,9,2,5,4,6,6,4,4,3,4,5,2,30,,,,,B12,,,1,,1,,,7,7,1,12,4,120.618567,24.145327,3
8469,66000,387130000C,(04)23274275,(04)23288582,2025,5,22,11,31,臺中市,北屯區,0,1,0,7,3,6,50,4,1,1,5,4,6,6,4,4,10,5,5,2,15,2,9,2,1,C03,7,9,1,10,2,11,,15,15,1,12,4,120.715878,24.170899,2
8470,66000,387130000C,(04)23274275,(04)23288582,2025,5,22,11,32,臺中市,烏日區,0,0,0,7,,,50,,,,,,,,,,,,,,13,,,,,B03,,,1,,1,,,7,7,1,13,4,120.62584,24.108912,3
8471,66000,387130000C,(04)23274275,(04)23288582,2025,5,22,11,33,臺中市,豐原區,0,0,0,7,,,50,,,,,,,,,,,,,,14,,,,,B12,,,1,,2,,,84,84,1,12,4,120.703009,24.251386,3
8472,66000,387130000C,(04)23274275,(04)23288582,2025,5,22,11,35,臺中市,大雅區,0,0,0,7,,,30,,,,,,,,,,,,,,,,,,,B12,,,1,,2,,,49,49,1,12,4,120.654751,24.223694,3
8473,66000,387130000C,(04)23274275,(04)23288582,2025,5,22,11,36,臺中市,潭子區,0,0,0,7,,,50,,,,,,,,,,,,,,,,,,,B03,,,1,,2,,,7,7,1,13,4,120.717862,24.194668,3
8474,66000,387130000C,(04)23274275,(04)23288582,2025,5,22,11,38,臺中市,沙鹿區,0,0,0,7,,,50,,,,,,,,,,,,,,13,,,,,B03,,,1,,2,,,56,56,1,6,4,120.559484,24.236136,3
8475,66000,387130000C,(04)23274275,(04)23288582,2025,5,22,11,40,臺中市,北屯區,0,0,0,7,,,50,,,,,,,,,,,,,,14,,,,,B12,,,1,,3,,,49,49,1,6,4,120.673891,24.208557,3
8476,66000,387130000C,(04)23274275,(04)23288582,2025,5,22,11,40,臺中市,龍井區,0,3,0,7,3,6,50,4,1,1,5,4,6,6,4,4,10,5,5,2,17,2,8,1,1,C03,7,9,1,8,2,11,,15,15,1,6,4,120.547696,24.193686,2
8477,66000,387130000C,(04)23274275,(04)23288582,2025,5,22,11,43,臺中市,北屯區,0,1,0,7,2,6,50,13,9,1,5,4,6,6,4,4,10,5,5,2,17,3,10,1,1,C03,7,1,1,10,1,11,,51,51,1,6,4,120.697298,24.161188,2
8478,66000,387130000C,(04)23274275,(04)23288582,2025,5,22,11,49,臺中市,太平區,0,2,0,7,3,6,50,4,1,1,5,4,6,6,1,1,5,5,4,1,16,2,8,2,1,C03,7,6,1,10,2,13,,42,42,1,12,4,120.717918,24.1288,2
8479,66000,387130000C,(04)23274275,(04)23288582,2025,5,22,11,51,臺中市,南屯區,0,0,0,7,,,50,,,,,,,,,,,,,,,,,,,B03,,,1,,2,,,59,59,1,12,4,120.623117,24.149838,3
8480,66000,387130000C,(04)23274275,(04)23288582,2025,5,22,11,53,臺中市,太平區,0,0,0,7,2,6,30,13,9,1,5,4,6,6,4,4,10,5,5,2,11,3,10,3,1,A11,7,9,1,3,2,4,,8,8,1,6,4,120.730826,24.152856,3
8481,66000,387130000C,(04)23274275,(04)23288582,2025,5,22,11,53,臺中市,豐原區,0,0,0,7,,,30,,,,,,,,,,,,,,17,,,,,B02,,,1,,2,,,84,84,1,13,4,120.751096,24.236631,3
8482,66000,387130000C,(04)23274275,(04)23288582,2025,5,22,11,59,臺中市,沙鹿區,0,0,0,7,,,50,,,,,,,,,,,,,,,,,,,C03,,,1,,2,,,59,59,1,6,4,120.558732,24.235018,3
8483,66000,387130000C,(04)23274275,(04)23288582,2025,5,22,12,0,臺中市,神岡區,0,1,0,7,3,6,40,11,9,1,5,4,6,6,4,4,10,5,5,2,18,2,9,1,1,C03,7,9,1,10,2,16,,6,6,1,13,4,120.69834,24.275277,2
8484,66000,387130000C,(04)23274275,(04)23288582,2025,5,22,12,5,臺中市,南屯區,0,1,0,7,2,6,50,3,1,1,5,4,6,6,1,1,5,5,5,2,16,2,9,1,1,C03,7,6,1,10,2,14,,48,48,1,6,4,120.622269,24.14031,2
8485,66000,387130000C,(04)23274275,(04)23288582,2025,5,22,12,7,臺中市,南屯區,0,1,0,7,2,6,60,3,1,1,5,4,6,6,2,1,9,4,1,2,17,3,10,3,1,B03,7,6,1,8,2,1,,25,25,1,12,4,120.63776,24.158073,2
8486,66000,387130000C,(04)23274275,(04)23288582,2025,5,22,12,8,臺中市,龍井區,0,2,0,7,2,6,50,4,1,1,5,4,6,6,1,1,10,5,5,2,16,2,9,1,1,C03,7,6,1,10,2,12,,11,11,1,12,4,120.585002,24.18443,2
8487,66000,387130000C,(04)23274275,(04)23288582,2025,5,22,12,9,臺中市,大雅區,0,0,0,7,,,50,,,,,,,,,,,,,,25,,,,,B12,,,1,,1,,,50,50,1,13,4,120.646848,24.219048,3
8488,66000,387130000C,(04)23274275,(04)23288582,2025,5,22,12,14,臺中市,西區,0,0,0,7,,,50,,,,,,,,,,,,,,,,,,,C03,,,1,,1,,,84,84,1,12,4,120.675422,24.133556,3
8489,66000,387130000C,(04)23274275,(04)23288582,2025,5,22,12,14,臺中市,大肚區,0,1,0,7,2,6,50,3,1,1,5,4,6,6,4,4,10,5,5,2,16,3,10,3,1,B03,7,6,3,19,2,8,,13,13,1,6,4,120.539688,24.153456,2
8490,66000,387130000C,(04)23274275,(04)23288582,2025,5,22,12,20,臺中市,后里區,0,0,0,7,2,6,30,13,9,1,5,4,6,6,4,4,10,5,5,1,27,3,10,3,1,A12,7,9,1,7,9,15,,8,8,1,12,4,120.702907,24.292494,3
8491,66000,387130000C,(04)23274275,(04)23288582,2025,5,22,12,24,臺中市,東區,0,0,0,7,,,50,,,,,,,,,,,,,,,,,,,C03,,,1,,1,,,7,7,1,12,4,120.700082,24.132455,3
8492,66000,387130000C,(04)23274275,(04)23288582,2025,5,22,12,26,臺中市,龍井區,0,0,0,7,,,40,,,,,,,,,,,,,,,,,,,B12,,,1,,10,,,76,76,1,12,4,120.546091,24.195119,3
8493,66000,387130000C,(04)23274275,(04)23288582,2025,5,22,12,26,臺中市,豐原區,0,0,0,7,,,50,,,,,,,,,,,,,,14,,,,,B12,,,1,,2,,,49,49,1,12,4,120.727858,24.253494,3
8494,66000,387130000C,(04)23274275,(04)23288582,2025,5,22,12,27,臺中市,北區,0,2,0,7,3,6,50,18,24,1,5,4,6,6,4,4,5,5,5,2,17,2,9,5,4,C04,7,9,1,10,2,12,,4,4,1,13,4,120.677733,24.160466,2
8495,66000,387130000C,(04)23274275,(04)23288582,2025,5,22,12,28,臺中市,北屯區,0,1,0,7,2,6,40,13,8,1,5,4,6,6,4,4,2,4,4,2,13,2,9,1,1,C03,7,9,1,10,1,11,,59,59,1,12,4,120.691983,24.162466,2
8496,66000,387130000C,(04)23274275,(04)23288582,2025,5,22,12,30,臺中市,南屯區,0,0,0,7,3,6,50,13,9,1,5,4,6,6,1,1,3,2,5,2,23,,,,,B03,,,1,,1,,,59,59,1,12,4,120.626061,24.148516,3