序號,縣市別代碼,機關代碼,市話,傳真,年,月,日,時,分,縣市,區,死亡數量,受傷數量,2-30,天候,道路照明設備,道路類別,道路速限,道路型態,事故位置,路面鋪裝,路面狀態,路面缺陷,障礙物,視距,號誌種類,號誌動作,分向設施,快車道或一般車道間,快慢車道間,路面邊線,事故類型及型態,受傷程度,主要傷處,保護裝備,行動電話或功能裝置,當事者區分(類別),車輛用途,當事者行動狀態,駕照狀態,駕照種類,飲酒情形,車輛撞擊部位最初,車輛撞擊部位其他,肇事因素個別,肇事因素主要,肇事逃逸,職業,共享經濟或外送平台,GPS座標X,GPS座標Y,事故類別
8608,66000,387130000C,(04)23274275,(04)23288582,2025,5,22,17,17,臺中市,太平區,0,1,0,7,2,6,50,8,7,1,5,4,6,6,2,1,5,5,4,2,12,2,9,2,1,C03,7,9,1,10,2,14,,84,84,1,12,4,120.699788,24.147983,2
8609,66000,387130000C,(04)23274275,(04)23288582,2025,5,22,17,18,臺中市,霧峰區,0,1,0,6,2,6,50,13,7,1,5,4,6,6,4,4,3,4,4,1,18,2,9,1,1,F03,7,9,7,21,2,14,,84,84,1,13,4,120.691935,24.042474,2
8610,66000,387130000C,(04)23274275,(04)23288582,2025,5,22,17,23,臺中市,北屯區,0,0,0,7,,,50,,,,,,,,,,,,,,13,,,,,C03,,,1,,1,,,84,84,1,13,4,120.696232,24.183161,3
8611,66000,387130000C,(04)23274275,(04)23288582,2025,5,22,17,25,臺中市,東區,0,0,0,7,1,6,50,4,1,1,5,4,6,6,1,1,10,5,5,2,17,3,10,3,1,B03,7,5,1,8,2,5,,11,11,1,12,4,120.697448,24.144685,3
8612,66000,387130000C,(04)23274275,(04)23288582,2025,5,22,17,27,臺中市,北區,0,1,0,7,2,6,50,4,2,1,5,4,6,6,1,1,2,4,5,2,18,2,9,5,4,C03,7,9,1,10,2,14,,84,84,1,12,4,120.691824,24.160118,2
8613,66000,387130000C,(04)23274275,(04)23288582,2025,5,22,17,27,臺中市,烏日區,0,0,0,7,,,50,,,,,,,,,,,,,,17,,,,,C03,,,1,,2,,,54,54,1,13,4,120.644368,24.087293,3
8614,66000,387130000C,(04)23274275,(04)23288582,2025,5,22,17,29,臺中市,東勢區,0,0,0,7,,,50,,,,,,,,,,,,,,,,,,,B03,,,1,,2,,,55,55,1,12,4,120.786567,24.311677,3
8615,66000,387130000C,(04)23274275,(04)23288582,2025,5,22,17,30,臺中市,北屯區,0,0,0,7,,,40,,,,,,,,,,,,,,12,,,,,B03,,,1,,2,,,20,20,1,13,4,120.673395,24.200923,3
8616,66000,387130000C,(04)23274275,(04)23288582,2025,5,22,17,30,臺中市,西屯區,0,1,0,7,2,6,30,3,1,1,5,4,6,6,4,4,10,5,5,2,16,3,10,3,1,B03,7,5,1,8,2,8,,12,12,1,13,4,120.652351,24.167204,2
8617,66000,387130000C,(04)23274275,(04)23288582,2025,5,22,17,30,臺中市,西屯區,0,0,0,7,,,50,,,,,,,,,,,,,,,,,,,B03,,,1,,1,,,87,87,1,12,4,120.654621,24.168634,3
8618,66000,387130000C,(04)23274275,(04)23288582,2025,5,22,17,31,臺中市,龍井區,0,0,0,7,,,50,,,,,,,,,,,,,,14,,,,,B03,,,1,,1,,,49,49,1,6,4,120.583352,24.179648,3
8619,66000,387130000C,(04)23274275,(04)23288582,2025,5,22,17,33,臺中市,大雅區,0,1,0,7,3,6,60,13,8,1,5,4,6,6,4,4,1,3,4,1,17,3,10,5,1,B03,7,7,1,8,2,5,,40,40,1,13,4,120.649202,24.215613,2
8620,66000,387130000C,(04)23274275,(04)23288582,2025,5,22,17,39,臺中市,南屯區,0,1,0,7,2,6,50,13,9,1,5,4,6,6,4,4,1,4,5,2,18,2,9,6,1,F01,7,9,7,21,2,14,,82,82,1,6,4,120.592878,24.147487,2
8621,66000,387130000C,(04)23274275,(04)23288582,2025,5,22,17,40,臺中市,西區,0,0,0,7,,,40,,,,,,,,,,,,,,,,,,,B03,,,1,,1,,,51,51,1,12,4,120.657746,24.154563,3
8622,66000,387130000C,(04)23274275,(04)23288582,2025,5,22,17,40,臺中市,北屯區,0,1,0,7,2,6,50,13,9,1,5,4,6,6,4,4,10,5,5,2,16,2,9,1,1,C03,7,9,1,10,2,12,,4,4,1,12,4,120.669462,24.176199,2
8623,66000,387130000C,(04)23274275,(04)23288582,2025,5,22,17,40,臺中市,梧棲區,0,1,0,7,3,9,60,3,1,1,5,4,6,6,4,4,1,5,5,2,16,3,10,1,1,C03,7,5,1,10,2,12,,42,42,1,6,4,120.525859,24.225147,2
8624,66000,387130000C,(04)23274275,(04)23288582,2025,5,22,17,40,臺中市,豐原區,0,1,0,7,2,6,50,3,2,1,5,4,6,6,4,4,4,1,5,1,18,2,9,1,3,C03,7,9,1,10,2,12,11,84,84,1,13,4,120.725655,24.234088,2
8625,66000,387130000C,(04)23274275,(04)23288582,2025,5,22,17,43,臺中市,東勢區,0,1,0,7,1,6,70,3,1,1,5,4,6,6,1,1,10,5,5,2,12,3,10,3,1,B12,7,5,1,8,2,7,,14,14,1,12,4,120.824544,24.257513,2
8626,66000,387130000C,(04)23274275,(04)23288582,2025,5,22,17,46,臺中市,西屯區,0,1,0,7,2,6,30,13,9,1,5,4,6,6,4,4,10,5,5,2,18,2,8,2,1,C03,7,9,1,10,2,16,,59,59,1,12,4,120.650979,24.171703,2
8627,66000,387130000C,(04)23274275,(04)23288582,2025,5,22,17,50,臺中市,北區,0,0,0,7,,,50,,,,,,,,,,,,,,17,,,,,B12,,,1,,1,,,42,42,1,13,4,120.67131,24.173665,3
8628,66000,387130000C,(04)23274275,(04)23288582,2025,5,22,17,50,臺中市,南屯區,0,0,0,7,,,50,,,,,,,,,,,,,,,,,,,B03,,,1,,1,,,49,49,1,13,4,120.636191,24.133872,3
8629,66000,387130000C,(04)23274275,(04)23288582,2025,5,22,17,50,臺中市,后里區,0,1,0,7,2,6,50,13,9,1,5,4,6,6,4,4,9,5,5,1,17,2,3,2,1,C03,7,9,1,10,2,11,,84,84,1,12,4,120.658896,24.314025,2
8630,66000,387130000C,(04)23274275,(04)23288582,2025,5,22,17,55,臺中市,北屯區,0,1,0,7,3,6,50,4,1,1,5,4,6,6,4,4,10,5,5,2,18,2,9,2,1,C03,7,9,1,10,2,12,,84,84,1,6,4,120.713963,24.165197,2
8631,66000,387130000C,(04)23274275,(04)23288582,2025,5,22,18,0,臺中市,沙鹿區,0,1,0,7,2,6,50,3,7,1,5,4,6,6,4,4,5,3,4,2,16,3,10,3,1,B03,7,6,1,8,2,1,,13,13,1,12,4,120.565418,24.218942,2
8632,66000,387130000C,(04)23274275,(04)23288582,2025,5,22,18,5,臺中市,西屯區,0,1,0,7,1,6,50,3,1,1,5,4,6,6,1,1,10,5,5,2,16,3,10,3,1,B03,7,5,1,8,2,6,,47,47,1,12,4,120.623331,24.182821,2
8633,66000,387130000C,(04)23274275,(04)23288582,2025,5,22,18,7,臺中市,北區,0,0,0,7,,,50,,,,,,,,,,,,,,13,,,,,C03,,,1,,2,,,59,59,1,12,4,120.677005,24.15435,3
8634,66000,387130000C,(04)23274275,(04)23288582,2025,5,22,18,10,臺中市,沙鹿區,0,1,0,7,2,6,40,11,8,1,5,4,6,6,4,4,10,5,5,1,18,2,7,2,1,C03,7,9,1,10,2,12,,82,82,1,12,4,120.590714,24.252397,2
8635,66000,387130000C,(04)23274275,(04)23288582,2025,5,22,18,13,臺中市,南屯區,0,0,0,7,,,50,,,,,,,,,,,,,,,,,,,B03,,,1,,1,,,84,84,1,13,4,120.642056,24.140336,3
8636,66000,387130000C,(04)23274275,(04)23288582,2025,5,22,18,17,臺中市,北屯區,0,1,0,7,2,6,50,13,9,1,5,4,6,6,4,4,9,5,5,2,17,2,8,1,2,C03,7,9,1,10,2,11,,61,61,1,13,4,120.691782,24.166441,2
8637,66000,387130000C,(04)23274275,(04)23288582,2025,5,22,18,18,臺中市,西區,0,1,0,7,1,6,50,4,1,1,5,4,6,6,4,4,10,5,5,1,17,3,10,5,4,C03,7,9,1,10,2,11,,7,7,1,12,4,120.660888,24.146695,2
8638,66000,387130000C,(04)23274275,(04)23288582,2025,5,22,18,19,臺中市,豐原區,0,1,0,7,2,6,30,4,1,1,5,4,6,6,4,4,10,5,5,2,15,2,7,2,1,C03,7,9,1,10,2,14,,12,12,1,13,4,120.714716,24.271704,2
8639,66000,387130000C,(04)23274275,(04)23288582,2025,5,22,18,21,臺中市,北屯區,0,1,0,7,1,6,50,13,9,1,5,4,6,6,4,4,1,4,5,2,13,3,10,5,4,C03,7,9,1,9,2,11,,7,7,1,13,4,120.681195,24.172939,2
8640,66000,387130000C,(04)23274275,(04)23288582,2025,5,22,18,22,臺中市,太平區,0,1,0,7,1,6,50,4,1,1,5,4,6,6,2,1,10,5,5,2,15,3,10,3,1,B03,7,9,1,8,2,2,,84,84,1,12,4,120.718564,24.15946,2
8641,66000,387130000C,(04)23274275,(04)23288582,2025,5,22,18,24,臺中市,北區,0,0,0,7,,,30,,,,,,,,,,,,,,17,,,,,B03,,,1,,2,,,84,84,1,12,4,120.665678,24.154495,3
8642,66000,387130000C,(04)23274275,(04)23288582,2025,5,22,18,24,臺中市,南屯區,0,1,0,7,1,6,50,13,9,1,5,4,6,6,4,4,4,3,5,2,16,3,10,5,4,B03,7,5,1,8,1,2,,20,20,1,13,4,120.629343,24.139872,2
8643,66000,387130000C,(04)23274275,(04)23288582,2025,5,22,18,25,臺中市,烏日區,0,1,0,7,1,6,50,4,1,1,5,4,6,6,1,1,10,5,5,2,16,2,9,1,1,C03,7,4,1,10,2,12,,7,7,1,6,4,120.621245,24.103111,2
8644,66000,387130000C,(04)23274275,(04)23288582,2025,5,22,18,32,臺中市,豐原區,0,1,0,7,1,6,50,13,9,1,5,4,6,6,4,4,5,5,5,2,13,2,9,2,1,C03,7,9,1,9,2,11,,7,7,1,13,4,120.722954,24.254248,2
8645,66000,387130000C,(04)23274275,(04)23288582,2025,5,22,18,41,臺中市,豐原區,0,1,0,7,1,6,50,3,2,1,5,4,6,6,4,4,5,5,4,1,17,3,10,3,1,B03,7,11,1,8,2,8,,45,45,1,12,4,120.727367,24.247463,2
8646,66000,387130000C,(04)23274275,(04)23288582,2025,5,22,18,43,臺中市,北區,0,0,0,7,,,50,,,,,,,,,,,,,,17,,,,,C03,,,1,,9,,,8,8,2,13,4,120.672892,24.167214,3
8647,66000,387130000C,(04)23274275,(04)23288582,2025,5,22,18,48,臺中市,西屯區,0,0,0,7,,,30,,,,,,,,,,,,,,17,,,,,B03,,,1,,2,,,8,8,1,12,4,120.642886,24.181316,3
8648,66000,387130000C,(04)23274275,(04)23288582,2025,5,22,18,50,臺中市,西屯區,0,0,0,7,,,60,,,,,,,,,,,,,,13,,,,,B03,,,1,,1,,,7,7,1,13,4,120.601052,24.18277,3
8649,66000,387130000C,(04)23274275,(04)23288582,2025,5,22,18,50,臺中市,霧峰區,0,1,0,7,2,6,50,13,9,1,5,4,6,6,4,4,5,5,5,1,17,3,10,3,1,B12,7,1,1,8,2,4,,51,51,1,6,4,120.738107,24.062709,2
8650,66000,387130000C,(04)23274275,(04)23288582,2025,5,22,18,57,臺中市,西屯區,0,0,0,7,,,0,,,,,,,,,,,,,,17,,,,,C04,,,1,,1,,,50,50,1,12,4,120.649694,24.1611,3
8651,66000,387130000C,(04)23274275,(04)23288582,2025,5,22,18,57,臺中市,太平區,0,3,0,7,1,6,40,13,9,1,5,4,6,6,4,4,5,5,5,1,13,2,9,2,1,C03,7,9,1,10,2,11,,7,7,1,12,4,120.769945,24.104094,2
8652,66000,387130000C,(04)23274275,(04)23288582,2025,5,22,18,58,臺中市,大肚區,0,0,0,7,,,50,,,,,,,,,,,,,,16,,,,,A41,,,1,,2,,,11,11,1,6,4,120.538435,24.156661,3
8653,66000,387130000C,(04)23274275,(04)23288582,2025,5,22,19,0,臺中市,霧峰區,0,0,0,6,,,50,,,,,,,,,,,,,,17,,,,,C03,,,1,,1,,,45,45,1,13,4,120.699959,24.075669,3
8654,66000,387130000C,(04)23274275,(04)23288582,2025,5,22,19,0,臺中市,后里區,0,0,0,7,,,50,,,,,,,,,,,,,,12,,,,,B03,,,1,,2,,,14,14,1,12,4,120.719625,24.306824,3
8655,66000,387130000C,(04)23274275,(04)23288582,2025,5,22,19,3,臺中市,潭子區,0,1,0,7,1,6,50,4,1,1,5,4,6,6,1,1,10,5,5,2,16,3,10,3,1,B03,7,6,1,8,2,8,,11,11,1,12,4,120.701601,24.20724,2
8656,66000,387130000C,(04)23274275,(04)23288582,2025,5,22,19,7,臺中市,北屯區,0,0,0,7,,,50,,,,,,,,,,,,,,9,,,,,B03,,,1,,9,,,51,51,1,6,4,120.718654,24.172272,3
8657,66000,387130000C,(04)23274275,(04)23288582,2025,5,22,19,9,臺中市,大甲區,0,0,0,7,,,50,,,,,,,,,,,,,,30,,,,,C03,,,1,,1,,,50,50,1,6,4,120.618466,24.3468,3
8658,66000,387130000C,(04)23274275,(04)23288582,2025,5,22,19,19,臺中市,西屯區,0,0,0,7,,,60,,,,,,,,,,,,,,13,,,,,B03,,,1,,1,,,59,59,1,12,4,120.616294,24.182668,3
8659,66000,387130000C,(04)23274275,(04)23288582,2025,5,22,19,20,臺中市,北屯區,0,0,0,7,,,40,,,,,,,,,,,,,,9,,,,,B03,,,1,8,9,,,76,76,1,12,4,120.711355,24.1722,3
8660,66000,387130000C,(04)23274275,(04)23288582,2025,5,22,19,34,臺中市,豐原區,0,1,0,7,1,6,50,4,1,1,5,4,6,6,4,4,5,5,4,1,15,3,10,5,4,B03,7,9,1,8,2,1,,12,12,1,13,4,120.715672,24.249247,2
8661,66000,387130000C,(04)23274275,(04)23288582,2025,5,22,19,38,臺中市,西屯區,0,1,0,7,1,6,50,4,1,1,5,4,6,6,1,1,5,4,4,2,16,3,10,5,4,B03,7,6,1,8,2,8,,11,11,1,12,4,120.657199,24.194548,2
8662,66000,387130000C,(04)23274275,(04)23288582,2025,5,22,19,39,臺中市,北區,0,0,0,7,,,50,,,,,,,,,,,,,,13,,,,,B03,,,1,,1,,,59,59,1,12,4,120.68476,24.166792,3
8663,66000,387130000C,(04)23274275,(04)23288582,2025,5,22,19,40,臺中市,潭子區,0,0,0,7,,,60,,,,,,,,,,,,,,,,,,,B12,,,1,,2,,,40,40,1,13,4,120.705195,24.206562,3
8664,66000,387130000C,(04)23274275,(04)23288582,2025,5,22,19,40,臺中市,北屯區,0,2,0,7,3,6,50,13,9,1,5,4,6,6,4,4,9,5,5,2,17,2,9,2,1,C03,7,1,1,10,2,11,,51,51,1,6,4,120.690849,24.183577,2
8665,66000,387130000C,(04)23274275,(04)23288582,2025,5,22,19,41,臺中市,南屯區,0,0,0,7,,,50,,,,,,,,,,,,,,13,,,,,B03,,,1,,1,,,7,7,1,6,4,120.628246,24.140172,3
8666,66000,387130000C,(04)23274275,(04)23288582,2025,5,22,20,0,臺中市,西區,0,1,0,7,2,6,50,4,1,1,5,4,6,6,1,1,10,5,5,2,16,3,10,3,1,B03,7,6,1,8,2,1,,11,11,1,12,4,120.658809,24.143053,2
8667,66000,387130000C,(04)23274275,(04)23288582,2025,5,22,20,13,臺中市,西區,0,0,0,7,,,50,,,,,,,,,,,,,,,,,,,B03,,,1,,1,,,40,40,1,12,4,120.661482,24.142293,3
8668,66000,387130000C,(04)23274275,(04)23288582,2025,5,22,20,19,臺中市,東區,0,0,0,7,,,50,,,,,,,,,,,,,,13,,,,,C03,,,1,,1,,,7,7,1,5,4,120.693139,24.147922,3
8669,66000,387130000C,(04)23274275,(04)23288582,2025,5,22,20,21,臺中市,霧峰區,0,1,0,7,1,6,50,4,1,1,5,4,6,6,4,4,10,5,5,2,15,3,10,1,1,C03,7,1,1,10,2,14,,13,13,1,6,4,120.697923,24.064518,2
8670,66000,387130000C,(04)23274275,(04)23288582,2025,5,22,20,22,臺中市,西屯區,0,1,0,7,1,6,50,13,9,1,5,4,6,6,4,4,9,5,5,2,17,3,10,3,1,B03,7,6,1,8,2,16,,20,20,1,12,4,120.62656,24.156698,2
8671,66000,387130000C,(04)23274275,(04)23288582,2025,5,22,20,23,臺中市,大里區,0,0,0,7,,,50,,,,,,,,,,,,,,,,,,,B03,,,1,,1,,,84,84,1,6,4,120.693019,24.085923,3
8672,66000,387130000C,(04)23274275,(04)23288582,2025,5,22,20,32,臺中市,西屯區,0,1,0,7,1,6,50,3,1,1,5,4,6,6,4,4,5,5,5,2,3,3,10,5,4,C03,7,9,1,11,2,11,,84,84,1,12,4,120.653992,24.166092,2
8673,66000,387130000C,(04)23274275,(04)23288582,2025,5,22,20,44,臺中市,西區,0,1,0,7,1,6,50,4,1,1,5,4,6,6,1,1,10,5,5,1,17,3,10,5,4,B03,7,5,1,8,2,2,,47,47,1,12,4,120.672721,24.1359,2
8674,66000,387130000C,(04)23274275,(04)23288582,2025,5,22,20,46,臺中市,西屯區,0,1,0,7,2,6,50,4,1,1,5,4,6,6,2,1,10,5,5,2,13,2,3,3,1,B03,7,9,1,8,2,5,,7,7,1,13,4,120.655911,24.158976,2
8675,66000,387130000C,(04)23274275,(04)23288582,2025,5,22,20,50,臺中市,太平區,0,1,0,7,1,6,50,13,9,1,5,4,6,6,4,4,1,4,5,2,17,2,8,5,4,F01,7,9,7,21,2,12,,59,59,1,3,1,120.714219,24.13934,2
8676,66000,387130000C,(04)23274275,(04)23288582,2025,5,22,20,54,臺中市,東區,0,0,0,7,,,30,,,,,,,,,,,,,,,,,,,B01,,,1,,2,,,12,12,1,13,4,120.689209,24.143254,3
8677,66000,387130000C,(04)23274275,(04)23288582,2025,5,22,21,10,臺中市,南區,0,0,0,7,1,6,50,4,1,1,5,4,6,6,1,1,10,5,5,2,17,3,10,3,1,B03,7,15,1,8,2,5,,84,84,1,12,4,120.664334,24.124728,3
8678,66000,387130000C,(04)23274275,(04)23288582,2025,5,22,21,15,臺中市,南區,0,0,0,7,,,50,,,,,,,,,,,,,,,,,,,C03,,,3,,2,,,39,39,1,13,4,120.668988,24.112716,3
8679,66000,387130000C,(04)23274275,(04)23288582,2025,5,22,21,22,臺中市,沙鹿區,0,0,0,7,,,30,,,,,,,,,,,,,,14,,,,,B03,,,1,,2,,,49,49,1,12,4,120.56653,24.243172,3
8680,66000,387130000C,(04)23274275,(04)23288582,2025,5,22,21,24,臺中市,大里區,0,2,0,7,1,6,50,13,8,1,5,4,6,6,4,4,9,5,4,2,16,3,10,3,1,B03,7,15,3,19,9,5,,59,59,1,13,4,120.691906,24.111149,2
8681,66000,387130000C,(04)23274275,(04)23288582,2025,5,22,21,25,臺中市,大里區,0,2,0,6,1,6,50,13,7,1,5,4,6,6,4,4,5,4,4,1,17,2,9,1,1,C03,7,1,1,10,2,11,,51,51,1,13,4,120.729295,24.093111,2
8682,66000,387130000C,(04)23274275,(04)23288582,2025,5,22,21,37,臺中市,西區,0,0,0,7,,,50,,,,,,,,,,,,,,,,,,,B01,,,1,,1,,,11,11,1,12,4,120.665261,24.146694,3
8683,66000,387130000C,(04)23274275,(04)23288582,2025,5,22,21,40,臺中市,南屯區,0,0,0,7,,,50,,,,,,,,,,,,,,17,,,,,C03,,,1,,2,,,84,84,1,12,4,120.637315,24.144238,4
8684,66000,387130000C,(04)23274275,(04)23288582,2025,5,22,21,47,臺中市,西區,0,0,0,7,,,50,,,,,,,,,,,,,,17,,,,,C03,,,1,,1,,,68,68,1,12,4,120.656496,24.155563,3
8685,66000,387130000C,(04)23274275,(04)23288582,2025,5,22,21,47,臺中市,烏日區,0,0,0,7,1,6,60,13,8,1,5,4,6,6,1,1,1,4,4,2,13,3,10,1,1,C03,7,9,1,10,1,16,,7,7,1,6,4,120.614332,24.106647,3
8686,66000,387130000C,(04)23274275,(04)23288582,2025,5,22,21,49,臺中市,東區,0,0,0,7,,,50,,,,,,,,,,,,,,30,,,,,B03,,,1,,2,,,84,84,1,6,4,120.700443,24.125227,3
8687,66000,387130000C,(04)23274275,(04)23288582,2025,5,22,21,49,臺中市,南屯區,0,0,0,7,,,50,,,,,,,,,,,,,,13,,,,,C03,,,1,,2,,,7,7,1,13,4,120.654492,24.129157,3
8688,66000,387130000C,(04)23274275,(04)23288582,2025,5,22,21,50,臺中市,大甲區,0,0,0,7,,,50,,,,,,,,,,,,,,25,,,,,B03,,,1,,2,,,87,87,1,12,4,120.619452,24.351801,3
8689,66000,387130000C,(04)23274275,(04)23288582,2025,5,22,21,54,臺中市,西區,0,1,0,7,1,6,50,4,1,1,5,4,6,6,1,1,10,5,5,2,16,3,10,3,1,B01,7,6,1,4,2,6,,11,11,1,12,4,120.661699,24.150845,2
8690,66000,387130000C,(04)23274275,(04)23288582,2025,5,22,21,55,臺中市,南屯區,0,0,0,7,,,50,,,,,,,,,,,,,,17,,,,,B03,,,1,,2,,,84,84,1,13,4,120.633396,24.150968,3
8691,66000,387130000C,(04)23274275,(04)23288582,2025,5,22,21,59,臺中市,大里區,0,3,0,7,1,6,50,3,2,1,5,4,6,6,3,1,5,4,4,1,13,2,9,1,1,C03,7,9,1,10,2,11,12,7,7,1,12,4,120.682364,24.110066,2
8692,66000,387130000C,(04)23274275,(04)23288582,2025,5,22,21,59,臺中市,霧峰區,0,1,0,7,2,6,40,3,1,1,5,4,6,6,1,1,10,5,5,2,13,2,9,1,1,C03,7,9,1,10,2,11,,7,7,1,5,4,120.699795,24.073972,2
8693,66000,387130000C,(04)23274275,(04)23288582,2025,5,22,22,2,臺中市,龍井區,0,1,0,7,1,6,40,5,1,1,5,4,6,6,1,1,10,5,5,2,16,3,10,5,4,B03,7,5,1,8,2,6,,38,38,1,6,4,120.573422,24.185409,2
8694,66000,387130000C,(04)23274275,(04)23288582,2025,5,22,22,5,臺中市,南屯區,0,0,0,7,,,50,,,,,,,,,,,,,,17,,,,,C03,,,1,,1,,,8,8,1,12,4,120.643802,24.146349,3
8695,66000,387130000C,(04)23274275,(04)23288582,2025,5,22,22,9,臺中市,西屯區,0,1,0,7,1,6,50,8,9,1,5,4,6,6,4,4,3,4,3,2,18,2,9,2,1,C03,7,9,1,10,2,15,,59,59,1,12,4,120.645485,24.201329,2
8696,66000,387130000C,(04)23274275,(04)23288582,2025,5,22,22,10,臺中市,西屯區,0,0,0,7,1,6,50,13,9,1,5,4,6,6,1,1,1,5,5,2,13,,,,,B03,,,1,,1,,,7,7,1,12,4,120.641834,24.173199,3
8697,66000,387130000C,(04)23274275,(04)23288582,2025,5,22,22,19,臺中市,北屯區,0,1,0,7,2,6,50,4,1,1,5,4,6,6,1,1,10,5,5,2,16,3,10,5,4,C03,7,6,1,10,2,12,,11,11,1,12,4,120.699599,24.1648,2
8698,66000,387130000C,(04)23274275,(04)23288582,2025,5,22,22,24,臺中市,北屯區,0,0,0,7,,,40,,,,,,,,,,,,,,17,,,,,B03,,,5,,9,,,51,51,1,13,4,120.692187,24.169111,3
8699,66000,387130000C,(04)23274275,(04)23288582,2025,5,22,22,39,臺中市,霧峰區,0,2,0,7,2,6,50,13,9,1,5,4,6,6,4,4,9,5,5,1,17,2,7,3,1,B12,7,11,1,4,2,2,,45,45,1,6,4,120.717963,24.078249,2
8700,66000,387130000C,(04)23274275,(04)23288582,2025,5,22,22,46,臺中市,南區,0,1,0,7,1,6,50,4,1,1,5,4,6,6,1,1,10,5,5,2,17,3,10,3,1,B03,7,6,1,8,2,2,,11,11,1,12,4,120.661826,24.113253,2
8701,66000,387130000C,(04)23274275,(04)23288582,2025,5,22,22,51,臺中市,大里區,0,2,0,7,1,6,30,3,9,1,5,4,6,6,4,4,10,5,5,2,15,2,8,4,1,F01,7,9,7,21,2,12,,15,15,1,13,4,120.68783,24.109166,2
8702,66000,387130000C,(04)23274275,(04)23288582,2025,5,22,23,15,臺中市,北屯區,0,1,0,7,1,6,50,13,8,1,5,4,6,6,4,4,5,4,4,2,12,2,9,2,1,C03,7,9,3,19,2,11,,84,84,1,12,4,120.678954,24.190015,2
8703,66000,387130000C,(04)23274275,(04)23288582,2025,5,22,23,40,臺中市,中區,0,0,0,7,,,50,,,,,,,,,,,,,,13,,,,,B03,,,1,,2,,,61,61,1,12,4,120.68546,24.138084,3
8704,66000,387130000C,(04)23274275,(04)23288582,2025,5,22,23,43,臺中市,西屯區,0,1,0,7,1,6,40,13,8,1,5,4,6,6,4,4,3,5,3,2,17,3,10,5,1,C03,7,9,1,10,2,16,,75,75,1,12,4,120.594299,24.182582,2
8705,66000,387130000C,(04)23274275,(04)23288582,2025,5,23,0,16,臺中市,東區,0,0,0,7,,,50,,,,,,,,,,,,,,14,,,,,B03,,,1,,2,,,49,49,1,12,4,120.700309,24.130642,3
8706,66000,387130000C,(04)23274275,(04)23288582,2025,5,23,0,48,臺中市,大里區,0,3,0,7,1,6,50,4,1,1,5,4,6,6,1,1,10,5,5,2,12,2,9,1,1,C03,7,5,1,10,2,12,,47,47,1,13,4,120.679686,24.10941,2
8707,66000,387130000C,(04)23274275,(04)23288582,2025,5,23,2,24,臺中市,龍井區,0,0,0,7,,,30,,,,,,,,,,,,,,,,,,,B03,,,1,,1,,,51,51,1,12,4,120.575712,24.189374,3
8708,66000,387130000C,(04)23274275,(04)23288582,2025,5,23,2,38,臺中市,西屯區,0,0,0,7,,,50,,,,,,,,,,,,,,17,,,,,B03,,,1,,2,,,89,89,1,12,4,120.594855,24.190843,3
8709,66000,387130000C,(04)23274275,(04)23288582,2025,5,23,2,41,臺中市,西區,0,0,0,7,,,30,,,,,,,,,,,,,,17,,,,,C03,,,5,,11,,,84,84,1,12,4,120.658241,24.137387,3
8710,66000,387130000C,(04)23274275,(04)23288582,2025,5,23,2,45,臺中市,沙鹿區,0,1,0,7,1,6,30,13,9,1,5,4,6,6,4,4,10,5,5,2,30,2,9,2,1,C03,7,9,1,10,11,14,,59,59,1,6,4,120.562391,24.211936,2
8711,66000,387130000C,(04)23274275,(04)23288582,2025,5,23,3,57,臺中市,北區,0,0,0,7,,,50,,,,,,,,,,,,,,17,,,,,B03,,,1,,9,,,84,84,2,13,4,120.677266,24.171253,3
8712,66000,387130000C,(04)23274275,(04)23288582,2025,5,23,5,48,臺中市,大雅區,0,0,0,7,,,30,,,,,,,,,,,,,,,,,,,B03,,,1,,2,,,8,8,1,12,4,120.630797,24.214322,3
8713,66000,387130000C,(04)23274275,(04)23288582,2025,5,23,6,4,臺中市,西區,0,0,0,7,,,50,,,,,,,,,,,,,,17,,,,,B01,,,1,,2,,,84,84,1,12,4,120.662207,24.156903,3
8714,66000,387130000C,(04)23274275,(04)23288582,2025,5,23,6,9,臺中市,烏日區,0,1,0,7,2,6,50,13,9,1,5,4,6,6,4,4,5,5,5,1,17,3,10,3,1,B03,7,11,1,8,2,2,,46,46,1,6,4,120.60731,24.125658,2
8715,66000,387130000C,(04)23274275,(04)23288582,2025,5,23,6,30,臺中市,大肚區,0,0,0,7,,,40,,,,,,,,,,,,,,,,,,,B12,,,1,,2,,,51,51,1,6,4,120.543776,24.153051,3
8716,66000,387130000C,(04)23274275,(04)23288582,2025,5,23,6,38,臺中市,北屯區,0,0,0,7,,,50,,,,,,,,,,,,,,,,,,,,,,,,,,,119,119,1,,,120.689108,24.171087,3
8717,66000,387130000C,(04)23274275,(04)23288582,2025,5,23,6,42,臺中市,北屯區,0,0,0,7,,,50,,,,,,,,,,,,,,13,,,,,C03,,,1,,2,,,7,7,1,12,4,120.694672,24.16561,3
8718,66000,387130000C,(04)23274275,(04)23288582,2025,5,23,6,45,臺中市,豐原區,0,0,0,7,,,50,,,,,,,,,,,,,,17,,,,,B03,,,1,,2,,,50,50,1,13,4,120.721409,24.270706,3