序號,縣市別代碼,機關代碼,市話,傳真,年,月,日,時,分,縣市,區,死亡數量,受傷數量,2-30,天候,道路照明設備,道路類別,道路速限,道路型態,事故位置,路面鋪裝,路面狀態,路面缺陷,障礙物,視距,號誌種類,號誌動作,分向設施,快車道或一般車道間,快慢車道間,路面邊線,事故類型及型態,受傷程度,主要傷處,保護裝備,行動電話或功能裝置,當事者區分(類別),車輛用途,當事者行動狀態,駕照狀態,駕照種類,飲酒情形,車輛撞擊部位最初,車輛撞擊部位其他,肇事因素個別,肇事因素主要,肇事逃逸,職業,共享經濟或外送平台,GPS座標X,GPS座標Y,事故類別
8830,66000,387130000C,(04)23274275,(04)23288582,2025,5,23,10,44,臺中市,神岡區,0,0,0,7,,,1,,,,,,,,,,,,,,17,,,,,B03,,,1,,2,,,51,51,1,12,4,120.696702,24.253802,3
8831,66000,387130000C,(04)23274275,(04)23288582,2025,5,23,10,51,臺中市,大甲區,0,0,0,7,,,60,,,,,,,,,,,,,,,,,,,B12,,,1,,1,,,84,84,1,12,4,120.613783,24.332545,3
8832,66000,387130000C,(04)23274275,(04)23288582,2025,5,23,10,52,臺中市,西屯區,0,0,0,7,,,0,,,,,,,,,,,,,,14,,,,,A11,,,1,,1,,,49,49,1,12,4,120.593649,24.164412,3
8833,66000,387130000C,(04)23274275,(04)23288582,2025,5,23,10,55,臺中市,沙鹿區,0,0,0,7,,,50,,,,,,,,,,,,,,,,,,,B03,,,1,,2,,,45,45,1,13,4,120.56128,24.24186,3
8834,66000,387130000C,(04)23274275,(04)23288582,2025,5,23,10,56,臺中市,神岡區,0,1,0,7,3,6,50,13,9,1,5,4,6,6,4,4,5,5,5,1,12,3,10,3,1,B13,7,9,1,8,9,2,,8,8,1,13,4,120.69565,24.234544,2
8835,66000,387130000C,(04)23274275,(04)23288582,2025,5,23,10,59,臺中市,太平區,0,0,0,7,2,6,30,13,14,1,5,4,6,6,4,4,5,4,5,1,17,3,10,3,1,B03,7,3,1,8,2,1,,50,50,1,6,4,120.729303,24.135073,3
8836,66000,387130000C,(04)23274275,(04)23288582,2025,5,23,11,3,臺中市,西屯區,0,0,0,7,,,60,,,,,,,,,,,,,,,,,,,B02,,,1,,9,,,87,87,1,12,4,120.653714,24.165022,3
8837,66000,387130000C,(04)23274275,(04)23288582,2025,5,23,11,6,臺中市,西區,0,0,0,7,,,50,,,,,,,,,,,,,,,,,,,B12,,,1,,1,,,84,84,1,12,4,120.660331,24.141162,3
8838,66000,387130000C,(04)23274275,(04)23288582,2025,5,23,11,6,臺中市,南區,0,0,0,7,,,50,,,,,,,,,,,,,,16,,,,,B03,,,1,,2,,,11,11,1,12,4,120.661457,24.121701,3
8839,66000,387130000C,(04)23274275,(04)23288582,2025,5,23,11,7,臺中市,西屯區,0,0,0,7,,,50,,,,,,,,,,,,,,,,,,,B03,,,1,,1,,,40,40,1,12,4,120.616508,24.182689,3
8840,66000,387130000C,(04)23274275,(04)23288582,2025,5,23,11,8,臺中市,大雅區,0,3,0,7,1,6,50,4,2,1,5,4,6,6,1,1,5,5,5,1,17,2,7,1,1,C03,7,4,1,10,2,12,,1,1,1,13,4,120.653563,24.222283,2
8841,66000,387130000C,(04)23274275,(04)23288582,2025,5,23,11,8,臺中市,南區,0,1,0,7,2,6,50,13,9,1,5,4,6,6,4,4,1,4,5,2,17,2,9,1,1,C03,7,9,5,19,2,12,,84,84,1,12,4,120.677929,24.128718,2
8842,66000,387130000C,(04)23274275,(04)23288582,2025,5,23,11,8,臺中市,烏日區,0,1,0,7,2,6,40,3,2,1,5,4,6,6,4,4,1,4,4,2,17,2,9,5,4,C03,7,9,1,10,2,14,,84,84,1,13,2,120.627795,24.10862,2
8843,66000,387130000C,(04)23274275,(04)23288582,2025,5,23,11,9,臺中市,豐原區,0,2,0,7,2,6,30,3,1,1,5,4,6,6,4,4,10,5,5,1,17,2,9,1,1,C03,7,9,1,10,2,11,,43,43,1,12,4,120.731161,24.270728,2
8844,66000,387130000C,(04)23274275,(04)23288582,2025,5,23,11,17,臺中市,北屯區,0,2,0,7,2,6,50,3,2,1,5,4,6,6,4,4,5,4,5,2,12,2,9,3,1,B03,7,9,3,19,2,1,,59,59,1,6,4,120.716463,24.165909,2
8845,66000,387130000C,(04)23274275,(04)23288582,2025,5,23,11,17,臺中市,西屯區,0,1,0,7,2,6,40,4,1,1,5,4,6,6,1,1,1,5,1,1,15,3,10,5,4,C03,7,9,1,10,2,12,,21,21,1,13,4,120.5931,24.183185,2
8846,66000,387130000C,(04)23274275,(04)23288582,2025,5,23,11,19,臺中市,大里區,0,0,0,7,,,50,,,,,,,,,,,,,,17,,,,,B03,,,1,,1,,,49,49,1,12,4,120.680244,24.1082,3
8847,66000,387130000C,(04)23274275,(04)23288582,2025,5,23,11,22,臺中市,西屯區,0,3,0,7,2,6,50,3,4,1,5,4,6,6,1,1,10,5,5,2,12,2,9,5,4,C03,7,9,1,10,2,14,12,42,42,1,12,4,120.647675,24.196008,2
8848,66000,387130000C,(04)23274275,(04)23288582,2025,5,23,11,25,臺中市,南屯區,0,2,0,7,2,6,50,13,9,1,5,4,6,6,4,4,9,4,5,2,17,2,9,1,1,C03,7,5,1,10,2,13,,84,84,1,6,4,120.625997,24.113143,2
8849,66000,387130000C,(04)23274275,(04)23288582,2025,5,23,11,27,臺中市,清水區,0,0,0,7,,,70,,,,,,,,,,,,,,23,,,,,B03,,,1,,2,,,8,8,1,13,4,120.566629,24.268437,3
8850,66000,387130000C,(04)23274275,(04)23288582,2025,5,23,11,30,臺中市,龍井區,0,1,0,7,3,6,50,13,9,1,5,4,6,6,4,4,9,5,5,2,17,2,9,2,1,C03,7,9,1,10,2,11,,59,59,1,12,4,120.548295,24.19707,2
8851,66000,387130000C,(04)23274275,(04)23288582,2025,5,23,11,31,臺中市,西屯區,0,0,0,7,,,50,,,,,,,,,,,,,,17,,,,,B12,,,1,,2,,,59,59,1,13,4,120.643745,24.200888,3
8852,66000,387130000C,(04)23274275,(04)23288582,2025,5,23,11,36,臺中市,潭子區,0,0,0,7,,,30,,,,,,,,,,,,,,,,,,,A11,,,1,,9,,,8,8,1,13,4,120.727877,24.201465,3
8853,66000,387130000C,(04)23274275,(04)23288582,2025,5,23,11,36,臺中市,大里區,0,0,0,7,,,30,,,,,,,,,,,,,,17,,,,,B03,,,1,,2,,,24,24,1,6,4,120.680282,24.115094,3
8854,66000,387130000C,(04)23274275,(04)23288582,2025,5,23,11,38,臺中市,東區,0,1,0,7,1,6,50,5,1,1,5,4,6,6,1,1,9,4,5,2,12,3,10,3,1,B03,7,9,1,8,2,2,,8,8,1,12,4,120.693248,24.13329,2
8855,66000,387130000C,(04)23274275,(04)23288582,2025,5,23,11,41,臺中市,太平區,0,0,0,7,,,40,,,,,,,,,,,,,,,,,,,B12,,,1,,1,,,51,51,1,12,4,120.732503,24.115023,3
8856,66000,387130000C,(04)23274275,(04)23288582,2025,5,23,11,44,臺中市,西區,0,0,0,7,,,50,,,,,,,,,,,,,,,,,,,B03,,,1,,2,,,84,84,1,13,4,120.67685,24.133656,3
8857,66000,387130000C,(04)23274275,(04)23288582,2025,5,23,11,45,臺中市,南屯區,0,0,0,7,3,6,50,13,7,1,5,4,6,6,1,1,1,2,1,2,13,,,,,B01,,,1,,1,,,7,7,1,12,4,120.623241,24.137107,3
8858,66000,387130000C,(04)23274275,(04)23288582,2025,5,23,11,45,臺中市,南屯區,0,0,0,7,,,50,,,,,,,,,,,,,,,,,,,A41,,,1,,2,,,85,85,1,12,4,120.649704,24.136884,3
8859,66000,387130000C,(04)23274275,(04)23288582,2025,5,23,11,46,臺中市,西屯區,0,1,0,7,2,6,60,4,1,1,5,4,6,6,1,1,5,4,4,2,16,2,9,2,1,C03,7,6,1,10,2,13,,11,11,1,12,4,120.648917,24.174853,2
8860,66000,387130000C,(04)23274275,(04)23288582,2025,5,23,11,47,臺中市,南屯區,0,0,0,7,,,40,,,,,,,,,,,,,,17,,,,,C03,,,1,,1,,,84,84,1,6,2,120.639076,24.13937,3
8861,66000,387130000C,(04)23274275,(04)23288582,2025,5,23,11,52,臺中市,西屯區,0,2,0,7,2,6,30,11,9,1,5,4,6,5,4,4,10,5,5,2,10,2,7,1,1,C03,7,9,1,10,2,11,,41,41,1,12,4,120.648058,24.175774,2
8862,66000,387130000C,(04)23274275,(04)23288582,2025,5,23,11,54,臺中市,大雅區,0,0,0,7,,,50,,,,,,,,,,,,,,,,,,,B03,,,1,,1,,,50,50,1,12,4,120.65337,24.228719,3
8863,66000,387130000C,(04)23274275,(04)23288582,2025,5,23,11,57,臺中市,北屯區,0,0,0,7,,,50,,,,,,,,,,,,,,14,,,,,B12,,,1,,9,,,49,49,1,6,4,120.674143,24.2041,3
8864,66000,387130000C,(04)23274275,(04)23288582,2025,5,23,12,7,臺中市,梧棲區,0,0,0,7,,,70,,,,,,,,,,,,,,14,,,,,A12,,,1,,2,,,49,49,1,6,4,120.551735,24.244193,3
8865,66000,387130000C,(04)23274275,(04)23288582,2025,5,23,12,10,臺中市,北屯區,0,2,0,7,3,6,50,13,7,1,5,4,6,6,4,4,7,5,4,2,17,2,9,2,1,C03,7,1,3,19,2,14,,51,51,1,13,4,120.741036,24.178994,2
8866,66000,387130000C,(04)23274275,(04)23288582,2025,5,23,12,15,臺中市,霧峰區,0,1,0,7,2,6,50,5,1,1,5,4,6,6,1,1,10,5,5,2,16,2,8,1,1,C03,7,6,1,10,2,11,,48,48,1,5,4,120.715207,24.073342,2
8867,66000,387130000C,(04)23274275,(04)23288582,2025,5,23,12,17,臺中市,北屯區,0,0,0,7,,,50,,,,,,,,,,,,,,16,,,,,B03,,,1,,1,,,51,51,1,6,4,120.714372,24.173812,3
8868,66000,387130000C,(04)23274275,(04)23288582,2025,5,23,12,18,臺中市,大雅區,0,1,0,7,2,6,30,4,1,1,5,4,6,6,3,1,5,5,5,1,17,3,10,3,1,B03,7,6,1,8,2,16,,24,24,1,13,4,120.623993,24.233968,2
8869,66000,387130000C,(04)23274275,(04)23288582,2025,5,23,12,18,臺中市,西區,0,1,0,7,2,6,50,13,11,1,5,4,6,6,4,4,5,4,4,2,17,3,10,4,1,B03,7,13,1,8,1,4,,76,76,1,12,4,120.666475,24.131831,2
8870,66000,387130000C,(04)23274275,(04)23288582,2025,5,23,12,20,臺中市,西屯區,0,1,0,7,2,6,50,4,1,1,5,4,6,6,1,1,10,5,5,2,16,3,10,5,4,C03,7,6,1,10,2,13,,48,48,1,12,4,120.65086,24.166523,2
8871,66000,387130000C,(04)23274275,(04)23288582,2025,5,23,12,25,臺中市,太平區,0,0,0,7,,,50,,,,,,,,,,,,,,14,,,,,B12,,,1,,2,,,49,49,1,12,4,120.723856,24.122077,3
8872,66000,387130000C,(04)23274275,(04)23288582,2025,5,23,12,26,臺中市,西屯區,0,1,0,7,2,6,50,4,1,1,5,4,6,6,2,1,9,3,4,2,17,2,9,5,4,C03,7,9,1,10,2,16,,59,59,1,13,4,120.641242,24.173469,2
8873,66000,387130000C,(04)23274275,(04)23288582,2025,5,23,12,29,臺中市,北區,0,0,0,7,,,30,,,,,,,,,,,,,,17,,,,,C03,,,1,,2,,,84,84,1,13,4,120.682084,24.161233,3
8874,66000,387130000C,(04)23274275,(04)23288582,2025,5,23,12,29,臺中市,東勢區,0,0,0,6,,,50,,,,,,,,,,,,,,,,,,,B03,,,1,,2,,,49,49,1,12,4,120.829661,24.245143,3
8875,66000,387130000C,(04)23274275,(04)23288582,2025,5,23,12,30,臺中市,大雅區,0,0,0,7,,,40,,,,,,,,,,,,,,,,,,,B03,,,1,,2,,,84,84,1,13,4,120.65702,24.220537,3
8876,66000,387130000C,(04)23274275,(04)23288582,2025,5,23,12,32,臺中市,南區,0,1,0,7,3,6,30,4,1,1,5,4,6,6,4,4,10,5,5,2,18,2,9,4,1,F02,7,9,7,21,8,11,,53,53,1,12,4,120.670758,24.119978,2
8877,66000,387130000C,(04)23274275,(04)23288582,2025,5,23,12,43,臺中市,西屯區,0,0,0,7,,,50,,,,,,,,,,,,,,13,,,,,B03,,,1,,1,,,40,40,1,12,4,120.590561,24.175384,3
8878,66000,387130000C,(04)23274275,(04)23288582,2025,5,23,12,45,臺中市,大里區,0,0,0,7,,,50,,,,,,,,,,,,,,13,,,,,B03,,,1,,2,,,7,7,1,9,4,120.696388,24.096302,3
8879,66000,387130000C,(04)23274275,(04)23288582,2025,5,23,12,49,臺中市,西屯區,0,0,0,7,,,60,,,,,,,,,,,,,,,,,,,B03,,,1,,2,,,7,7,1,12,4,120.657269,24.162901,3
8880,66000,387130000C,(04)23274275,(04)23288582,2025,5,23,12,50,臺中市,清水區,0,0,0,7,,,60,,,,,,,,,,,,,,17,,,,,B03,,,1,,2,,,59,59,1,12,4,120.541563,24.262856,3
8881,66000,387130000C,(04)23274275,(04)23288582,2025,5,23,12,53,臺中市,烏日區,0,1,0,7,2,6,50,13,14,1,5,4,6,6,4,4,5,4,5,1,19,2,9,1,1,C03,7,15,1,10,2,11,,84,84,1,6,4,120.658951,24.058701,2
8882,66000,387130000C,(04)23274275,(04)23288582,2025,5,23,12,54,臺中市,中區,0,0,0,7,,,50,,,,,,,,,,,,,,,,,,,B03,,,1,,1,,,50,50,1,6,4,120.680385,24.143534,3
8883,66000,387130000C,(04)23274275,(04)23288582,2025,5,23,12,55,臺中市,南屯區,0,0,0,7,,,50,,,,,,,,,,,,,,16,,,,,B03,,,1,,2,,,47,47,1,6,4,120.622262,24.140256,4
8884,66000,387130000C,(04)23274275,(04)23288582,2025,5,23,12,55,臺中市,豐原區,0,2,0,7,2,6,50,4,1,1,5,4,6,6,1,1,5,4,4,1,15,2,9,1,1,C04,7,9,1,10,2,11,,21,21,1,13,4,120.733318,24.251472,2
8885,66000,387130000C,(04)23274275,(04)23288582,2025,5,23,13,2,臺中市,南屯區,0,2,0,7,2,6,50,3,2,1,5,4,6,6,4,4,5,4,4,2,17,2,9,2,1,C03,7,9,1,10,2,11,,7,7,1,12,4,120.646789,24.146405,2
8886,66000,387130000C,(04)23274275,(04)23288582,2025,5,23,13,8,臺中市,南區,0,1,0,7,2,6,50,4,1,1,5,4,6,6,2,1,10,5,5,2,17,2,9,1,1,C03,7,11,1,10,2,14,,45,45,1,12,4,120.661476,24.121735,2
8887,66000,387130000C,(04)23274275,(04)23288582,2025,5,23,13,12,臺中市,北屯區,0,1,0,7,3,6,50,13,7,1,5,4,6,6,4,4,9,5,4,2,17,3,10,3,1,B12,7,13,1,8,2,4,,76,76,1,12,4,120.686658,24.177122,2
8888,66000,387130000C,(04)23274275,(04)23288582,2025,5,23,13,13,臺中市,東區,0,1,0,7,2,6,50,4,2,1,5,4,6,6,2,1,5,2,5,2,17,2,9,1,1,C03,7,1,1,10,2,11,,84,84,1,12,4,120.683698,24.133159,2
8889,66000,387130000C,(04)23274275,(04)23288582,2025,5,23,13,13,臺中市,太平區,0,0,0,7,,,30,,,,,,,,,,,,,,17,,,,,B11,,,1,,9,,,84,84,1,12,4,120.724264,24.130002,3
8890,66000,387130000C,(04)23274275,(04)23288582,2025,5,23,13,14,臺中市,烏日區,0,0,0,7,,,30,,,,,,,,,,,,,,11,,,,,C03,,,1,,1,,,41,41,1,13,2,120.635896,24.11083,3
8891,66000,387130000C,(04)23274275,(04)23288582,2025,5,23,13,15,臺中市,太平區,0,2,0,7,2,6,50,4,4,1,5,4,6,6,2,1,5,4,5,2,13,2,9,1,1,C03,7,9,1,10,2,11,,21,21,1,6,4,120.700698,24.148088,2
8892,66000,387130000C,(04)23274275,(04)23288582,2025,5,23,13,20,臺中市,南屯區,0,0,0,7,,,40,,,,,,,,,,,,,,,,,,,B03,,,1,,1,,,87,87,1,13,4,120.653376,24.144512,3
8893,66000,387130000C,(04)23274275,(04)23288582,2025,5,23,13,27,臺中市,梧棲區,0,0,0,7,,,50,,,,,,,,,,,,,,11,,,,,B03,,,1,,1,,,87,,1,12,4,120.536953,24.242493,3
8894,66000,387130000C,(04)23274275,(04)23288582,2025,5,23,13,28,臺中市,東區,0,0,0,7,,,50,,,,,,,,,,,,,,,,,,,B03,,,1,,1,,,49,49,1,6,4,120.706027,24.142738,3
8895,66000,387130000C,(04)23274275,(04)23288582,2025,5,23,13,34,臺中市,豐原區,0,0,0,7,,,50,,,,,,,,,,,,,,13,,,,,B03,,,1,,1,,,84,84,1,12,4,120.749904,24.269093,4
8896,66000,387130000C,(04)23274275,(04)23288582,2025,5,23,13,35,臺中市,南屯區,0,2,0,7,2,6,50,4,4,1,5,4,6,6,2,1,5,2,5,2,17,2,7,1,1,C03,7,1,1,10,2,14,,51,51,1,6,4,120.653065,24.135672,2
8897,66000,387130000C,(04)23274275,(04)23288582,2025,5,23,13,38,臺中市,大甲區,0,0,0,7,,,50,,,,,,,,,,,,,,,,,,,B03,,,1,,1,,,49,49,1,6,4,120.623861,24.345085,3
8898,66000,387130000C,(04)23274275,(04)23288582,2025,5,23,13,41,臺中市,大里區,0,0,0,6,,,50,,,,,,,,,,,,,,13,,,,,B03,,,1,,1,,,7,7,1,12,4,120.696619,24.111311,3
8899,66000,387130000C,(04)23274275,(04)23288582,2025,5,23,13,46,臺中市,霧峰區,0,0,0,7,,,50,,,,,,,,,,,,,,13,,,,,B03,,,1,,1,,,7,7,1,12,4,120.714445,24.076069,3
8900,66000,387130000C,(04)23274275,(04)23288582,2025,5,23,13,47,臺中市,中區,0,1,0,7,3,6,50,3,24,1,5,4,6,6,2,1,10,5,5,2,18,2,9,5,1,F01,7,9,7,21,2,14,,84,84,1,13,4,120.685263,24.137844,2
8901,66000,387130000C,(04)23274275,(04)23288582,2025,5,23,13,47,臺中市,西屯區,0,0,0,7,,,50,,,,,,,,,,,,,,17,,,,,B03,,,1,,1,,,40,40,1,13,4,120.638962,24.169154,3
8902,66000,387130000C,(04)23274275,(04)23288582,2025,5,23,13,50,臺中市,西屯區,0,0,0,7,,,50,,,,,,,,,,,,,,13,,,,,C03,,,1,,1,,,7,7,1,12,4,120.659055,24.170816,3
8903,66000,387130000C,(04)23274275,(04)23288582,2025,5,23,13,50,臺中市,大里區,0,1,0,7,2,6,30,4,1,1,5,4,6,6,4,4,10,5,5,2,16,2,9,1,1,C03,7,5,5,19,2,14,,14,14,1,12,4,120.706493,24.096113,2
8904,66000,387130000C,(04)23274275,(04)23288582,2025,5,23,13,55,臺中市,太平區,0,0,0,7,,,80,,,,,,,,,,,,,,16,,,,,B03,,,1,,9,,,40,40,1,12,4,120.712965,24.146336,3
8905,66000,387130000C,(04)23274275,(04)23288582,2025,5,23,14,0,臺中市,北屯區,0,0,0,7,,,50,,,,,,,,,,,,,,16,,,,,B03,,,1,,2,,,45,45,1,13,4,120.668317,24.19537,3
8906,66000,387130000C,(04)23274275,(04)23288582,2025,5,23,14,6,臺中市,豐原區,0,0,0,7,,,30,,,,,,,,,,,,,,,,,,,B12,,,1,,2,,,51,51,1,13,4,120.723959,24.237024,3
8907,66000,387130000C,(04)23274275,(04)23288582,2025,5,23,14,8,臺中市,豐原區,0,0,0,7,,,50,,,,,,,,,,,,,,12,,,,,B03,,,1,,11,,,8,8,1,12,4,120.705903,24.250152,3
8908,66000,387130000C,(04)23274275,(04)23288582,2025,5,23,14,10,臺中市,清水區,0,0,0,7,2,6,50,13,7,1,5,4,6,6,4,4,8,3,5,2,12,,,,,A22,,,1,,1,,,7,7,1,12,5,120.581002,24.301469,3
8909,66000,387130000C,(04)23274275,(04)23288582,2025,5,23,14,11,臺中市,北區,0,1,0,7,3,6,50,4,1,1,5,4,6,6,1,1,1,4,4,2,17,3,10,3,1,B03,7,6,1,8,2,5,,11,11,1,12,4,120.685728,24.155953,2
8910,66000,387130000C,(04)23274275,(04)23288582,2025,5,23,14,21,臺中市,大里區,0,0,0,7,,,50,,,,,,,,,,,,,,13,,,,,B03,,,1,,2,,,7,7,1,6,4,120.686035,24.110878,3
8911,66000,387130000C,(04)23274275,(04)23288582,2025,5,23,14,22,臺中市,烏日區,0,0,0,7,,,30,,,,,,,,,,,,,,,,,,,B03,,,1,,2,,,14,14,1,7,4,120.643067,24.055331,3
8912,66000,387130000C,(04)23274275,(04)23288582,2025,5,23,14,25,臺中市,南屯區,0,0,0,7,,,50,,,,,,,,,,,,,,,,,,,B03,,,1,,1,,,7,7,1,13,4,120.623674,24.152307,3
8913,66000,387130000C,(04)23274275,(04)23288582,2025,5,23,14,25,臺中市,西屯區,0,0,0,7,3,6,30,3,1,1,5,4,6,6,4,4,10,5,5,2,14,,,,,B02,,,1,,1,,,49,49,1,13,4,120.614483,24.161392,3
8914,66000,387130000C,(04)23274275,(04)23288582,2025,5,23,14,25,臺中市,豐原區,0,1,0,7,1,6,50,13,9,1,5,4,6,6,4,4,1,4,5,2,18,2,9,3,1,B03,7,9,1,8,2,1,,84,84,1,6,4,120.719796,24.233027,2
8915,66000,387130000C,(04)23274275,(04)23288582,2025,5,23,14,27,臺中市,大里區,0,0,0,7,,,50,,,,,,,,,,,,,,17,,,,,B03,,,1,,1,,,77,77,1,12,4,120.688864,24.104508,3
8916,66000,387130000C,(04)23274275,(04)23288582,2025,5,23,14,29,臺中市,西屯區,0,0,0,7,,,50,,,,,,,,,,,,,,14,,,,,B03,,,1,,2,,,49,49,1,12,4,120.637291,24.176654,3
8917,66000,387130000C,(04)23274275,(04)23288582,2025,5,23,14,44,臺中市,豐原區,0,0,0,7,,,30,,,,,,,,,,,,,,17,,,,,B03,,,1,,2,,,8,8,1,13,4,120.726798,24.243744,3
8918,66000,387130000C,(04)23274275,(04)23288582,2025,5,23,14,45,臺中市,東區,0,1,0,7,2,6,50,13,8,1,5,4,6,6,4,4,1,4,4,2,14,3,10,3,1,B03,7,2,1,8,2,6,,49,49,1,12,4,120.696502,24.137195,2
8919,66000,387130000C,(04)23274275,(04)23288582,2025,5,23,14,50,臺中市,西屯區,0,0,0,7,,,50,,,,,,,,,,,,,,,,,,,C03,,,1,,2,,,50,50,1,12,4,120.63904,24.159578,3
8920,66000,387130000C,(04)23274275,(04)23288582,2025,5,23,14,52,臺中市,北屯區,0,0,0,7,,,1,,,,,,,,,,,,,,17,,,,,B03,,,1,,1,,,51,51,1,6,4,120.687074,24.194702,3
8921,66000,387130000C,(04)23274275,(04)23288582,2025,5,23,14,54,臺中市,豐原區,0,0,0,7,,,50,,,,,,,,,,,,,,13,,,,,A41,,,1,,2,,,59,59,1,12,4,120.728964,24.276376,3
8922,66000,387130000C,(04)23274275,(04)23288582,2025,5,23,14,55,臺中市,南屯區,0,1,0,7,3,6,50,13,9,1,5,4,6,6,1,1,5,2,5,2,12,3,10,3,1,B03,7,9,1,8,2,2,,8,8,1,12,4,120.649871,24.144947,2
8923,66000,387130000C,(04)23274275,(04)23288582,2025,5,23,14,55,臺中市,北屯區,0,2,0,7,2,6,50,4,1,1,5,4,6,6,3,1,10,5,5,2,16,2,9,5,4,C03,7,6,1,10,2,14,,24,24,1,12,4,120.708619,24.168008,2
8924,66000,387130000C,(04)23274275,(04)23288582,2025,5,23,15,0,臺中市,東區,0,1,0,7,2,6,50,4,2,1,5,4,6,6,1,1,5,5,4,2,13,2,9,1,1,C03,7,9,1,10,2,11,,7,7,1,12,4,120.703912,24.138569,2
8925,66000,387130000C,(04)23274275,(04)23288582,2025,5,23,15,0,臺中市,北屯區,0,0,0,7,,,50,,,,,,,,,,,,,,,,,,,B01,,,1,,9,,,49,49,1,12,4,120.678787,24.176586,3
8926,66000,387130000C,(04)23274275,(04)23288582,2025,5,23,15,0,臺中市,沙鹿區,0,0,0,7,,,30,,,,,,,,,,,,,,17,,,,,B12,,,1,,2,,,84,84,1,12,4,120.565362,24.240847,3
8927,66000,387130000C,(04)23274275,(04)23288582,2025,5,23,15,9,臺中市,北區,0,2,0,7,2,6,50,4,2,1,5,4,6,6,1,1,5,4,5,2,17,2,9,5,1,C03,7,8,1,10,2,13,,40,40,1,13,4,120.677379,24.151125,2
8928,66000,387130000C,(04)23274275,(04)23288582,2025,5,23,15,9,臺中市,南屯區,0,0,0,7,,,50,,,,,,,,,,,,,,,,,,,B03,,,1,,10,,,2,2,1,12,4,120.653035,24.135244,3
8929,66000,387130000C,(04)23274275,(04)23288582,2025,5,23,15,13,臺中市,中區,0,0,0,7,,,50,,,,,,,,,,,,,,,,,,,A04,,,1,,2,,,85,85,1,12,4,120.682123,24.145558,3
8930,66000,387130000C,(04)23274275,(04)23288582,2025,5,23,15,14,臺中市,大肚區,0,1,0,7,2,6,50,3,9,1,5,4,6,6,3,1,4,5,5,1,18,2,9,2,1,C03,7,12,1,10,2,14,,59,59,1,6,4,120.546883,24.153737,2
8931,66000,387130000C,(04)23274275,(04)23288582,2025,5,23,15,17,臺中市,神岡區,0,1,0,7,2,6,50,4,1,1,5,4,6,6,4,4,10,5,5,2,17,2,9,5,4,C03,7,15,3,19,2,14,,4,4,1,13,4,120.695922,24.235107,2
8932,66000,387130000C,(04)23274275,(04)23288582,2025,5,23,15,24,臺中市,西屯區,0,0,0,7,,,30,,,,,,,,,,,,,,16,,,,,C03,,,1,,1,,,45,45,1,13,4,120.615367,24.183989,3
8933,66000,387130000C,(04)23274275,(04)23288582,2025,5,23,15,27,臺中市,北區,0,0,0,7,,,50,,,,,,,,,,,,,,17,,,,,B03,,,1,,2,,,59,59,1,12,4,120.672815,24.168878,3
8934,66000,387130000C,(04)23274275,(04)23288582,2025,5,23,15,27,臺中市,沙鹿區,0,1,0,7,2,6,50,13,9,1,5,4,6,6,4,4,5,5,5,2,17,3,10,3,1,B03,7,5,1,8,2,2,,8,8,1,13,4,120.580495,24.211066,2
8935,66000,387130000C,(04)23274275,(04)23288582,2025,5,23,15,29,臺中市,西區,0,0,0,7,,,50,,,,,,,,,,,,,,,,,,,C04,,,1,,2,,,84,84,1,13,4,120.659773,24.146823,3
8936,66000,387130000C,(04)23274275,(04)23288582,2025,5,23,15,34,臺中市,豐原區,0,0,0,7,,,50,,,,,,,,,,,,,,,,,,,B03,,,1,,2,,,84,84,1,13,4,120.701618,24.251476,3
8937,66000,387130000C,(04)23274275,(04)23288582,2025,5,23,15,39,臺中市,太平區,0,0,0,7,,,50,,,,,,,,,,,,,,,,,,,B03,,,1,,2,,,59,59,1,12,4,120.719931,24.123657,3
8938,66000,387130000C,(04)23274275,(04)23288582,2025,5,23,15,45,臺中市,東區,0,0,0,7,,,50,,,,,,,,,,,,,,,,,,,B12,,,1,,1,,,48,48,1,13,4,120.696652,24.133093,3
8939,66000,387130000C,(04)23274275,(04)23288582,2025,5,23,15,48,臺中市,北屯區,0,1,0,7,1,6,50,13,7,1,5,4,6,6,4,4,1,4,4,2,13,2,9,5,4,C03,7,9,1,9,2,11,,7,7,1,13,4,120.686624,24.18148,2
8940,66000,387130000C,(04)23274275,(04)23288582,2025,5,23,15,54,臺中市,太平區,0,2,0,7,2,6,50,3,1,1,5,4,6,6,1,1,5,5,4,1,13,2,8,1,1,C03,7,5,1,10,2,11,,84,84,1,6,4,120.713438,24.144423,2
8941,66000,387130000C,(04)23274275,(04)23288582,2025,5,23,15,58,臺中市,潭子區,0,0,0,7,,,40,,,,,,,,,,,,,,,,,,,B03,,,1,,2,,,84,84,1,12,4,120.697865,24.200947,3
8942,66000,387130000C,(04)23274275,(04)23288582,2025,5,23,15,58,臺中市,清水區,0,1,0,7,3,6,50,3,1,1,5,4,6,6,4,4,5,5,5,1,16,4,11,2,1,C03,7,9,1,10,2,11,,39,39,1,12,4,120.567544,24.271749,2