序號,縣市別代碼,機關代碼,市話,傳真,年,月,日,時,分,縣市,區,死亡數量,受傷數量,2-30,天候,道路照明設備,道路類別,道路速限,道路型態,事故位置,路面鋪裝,路面狀態,路面缺陷,障礙物,視距,號誌種類,號誌動作,分向設施,快車道或一般車道間,快慢車道間,路面邊線,事故類型及型態,受傷程度,主要傷處,保護裝備,行動電話或功能裝置,當事者區分(類別),車輛用途,當事者行動狀態,駕照狀態,駕照種類,飲酒情形,車輛撞擊部位最初,車輛撞擊部位其他,肇事因素個別,肇事因素主要,肇事逃逸,職業,共享經濟或外送平台,GPS座標X,GPS座標Y,事故類別
9166,66000,387130000C,(04)23274275,(04)23288582,2025,5,24,9,52,臺中市,大里區,0,1,0,7,2,6,50,3,9,1,5,4,6,6,4,4,10,5,5,1,15,3,10,4,1,F01,7,9,7,21,2,11,,15,15,1,12,4,120.705815,24.107259,2
9167,66000,387130000C,(04)23274275,(04)23288582,2025,5,24,10,0,臺中市,南屯區,0,1,0,5,3,6,50,4,1,1,4,4,6,6,4,4,10,5,5,2,15,3,10,5,4,B03,7,9,1,8,2,1,,15,15,1,6,4,120.640433,24.136083,2
9168,66000,387130000C,(04)23274275,(04)23288582,2025,5,24,10,3,臺中市,大里區,0,0,0,5,,,50,,,,,,,,,,,,,,17,,,,,B03,,,1,,2,,,51,51,1,12,4,120.687927,24.100342,3
9169,66000,387130000C,(04)23274275,(04)23288582,2025,5,24,10,3,臺中市,清水區,0,2,0,5,2,6,50,4,1,1,4,4,6,6,1,1,8,3,5,1,17,2,9,1,1,C03,7,6,1,10,2,12,,20,20,1,12,4,120.558305,24.272315,2
9170,66000,387130000C,(04)23274275,(04)23288582,2025,5,24,10,3,臺中市,神岡區,0,0,0,7,1,6,50,3,1,1,5,4,6,6,1,1,10,5,5,1,12,,,,,B03,,,1,,2,,,84,84,1,12,4,120.692833,24.248361,3
9171,66000,387130000C,(04)23274275,(04)23288582,2025,5,24,10,5,臺中市,大里區,0,0,0,6,,,50,,,,,,,,,,,,,,17,,,,,H03,,,,,,,,109,109,1,12,4,120.654044,24.089314,3
9172,66000,387130000C,(04)23274275,(04)23288582,2025,5,24,10,5,臺中市,東勢區,0,0,0,6,,,60,,,,,,,,,,,,,,,,,,,C03,,,1,,2,,,14,14,1,12,4,120.826267,24.263921,3
9173,66000,387130000C,(04)23274275,(04)23288582,2025,5,24,10,12,臺中市,霧峰區,0,1,0,6,3,6,50,4,1,1,5,4,6,6,1,1,10,5,5,2,15,3,10,3,1,B03,7,9,1,8,2,8,,21,21,1,12,4,120.662013,24.068733,2
9174,66000,387130000C,(04)23274275,(04)23288582,2025,5,24,10,13,臺中市,大里區,0,2,0,7,2,6,50,4,2,1,4,4,6,6,1,1,10,4,5,2,16,2,9,2,1,C03,7,6,1,10,2,12,,36,36,1,12,4,120.679477,24.116603,2
9175,66000,387130000C,(04)23274275,(04)23288582,2025,5,24,10,14,臺中市,北區,0,0,0,7,,,50,,,,,,,,,,,,,,17,,,,,B01,,,1,,1,,,76,76,1,13,4,120.696247,24.157416,3
9176,66000,387130000C,(04)23274275,(04)23288582,2025,5,24,10,15,臺中市,北屯區,0,0,0,7,,,50,,,,,,,,,,,,,,,,,,,B01,,,1,,9,,,49,49,1,12,4,120.696208,24.183202,3
9177,66000,387130000C,(04)23274275,(04)23288582,2025,5,24,10,18,臺中市,西區,0,1,0,6,2,6,50,3,1,1,5,4,6,6,4,4,10,5,5,2,17,3,10,3,1,B03,7,11,1,8,2,4,,45,45,1,12,4,120.666488,24.144247,2
9178,66000,387130000C,(04)23274275,(04)23288582,2025,5,24,10,20,臺中市,南區,0,0,0,5,,,50,,,,,,,,,,,,,,,,,,,B03,,,1,,1,,,84,84,1,12,4,120.671321,24.130502,3
9179,66000,387130000C,(04)23274275,(04)23288582,2025,5,24,10,20,臺中市,沙鹿區,0,0,0,5,,,50,,,,,,,,,,,,,,13,,,,,B03,,,1,,2,,,7,7,1,13,4,120.613882,24.244354,3
9180,66000,387130000C,(04)23274275,(04)23288582,2025,5,24,10,21,臺中市,豐原區,0,0,0,5,,,50,,,,,,,,,,,,,,17,,,,,B03,,,1,,2,,,40,40,1,12,4,120.716863,24.251403,3
9181,66000,387130000C,(04)23274275,(04)23288582,2025,5,24,10,22,臺中市,潭子區,0,0,0,5,,,60,,,,,,,,,,,,,,,,,,,B03,,,1,,2,,,84,84,1,13,4,120.703019,24.202714,3
9182,66000,387130000C,(04)23274275,(04)23288582,2025,5,24,10,25,臺中市,西區,0,1,0,7,2,6,50,4,1,1,5,4,6,6,2,1,10,5,5,2,13,4,11,1,1,C03,7,9,1,10,2,11,,7,7,1,12,4,120.657376,24.149022,2
9183,66000,387130000C,(04)23274275,(04)23288582,2025,5,24,10,28,臺中市,大甲區,0,1,0,5,3,6,50,13,9,1,4,4,6,6,1,1,5,4,5,1,13,3,10,5,4,B03,7,9,1,8,2,1,,7,7,1,12,4,120.604992,24.359048,2
9184,66000,387130000C,(04)23274275,(04)23288582,2025,5,24,10,29,臺中市,東區,0,0,0,7,,,50,,,,,,,,,,,,,,17,,,,,B03,,,1,,2,,,47,47,1,12,4,120.690009,24.137917,3
9185,66000,387130000C,(04)23274275,(04)23288582,2025,5,24,10,34,臺中市,大甲區,0,0,0,5,,,50,,,,,,,,,,,,,,14,,,,,B03,,,1,,1,,,78,78,1,6,4,120.617395,24.351687,3
9186,66000,387130000C,(04)23274275,(04)23288582,2025,5,24,10,40,臺中市,新社區,0,0,0,6,,,50,,,,,,,,,,,,,,,,,,,C01,,,1,,9,,,84,84,1,12,4,120.797622,24.202837,3
9187,66000,387130000C,(04)23274275,(04)23288582,2025,5,24,10,46,臺中市,南屯區,0,0,0,5,,,60,,,,,,,,,,,,,,13,,,,,B03,,,1,,1,,,59,59,1,12,4,120.645527,24.133389,3
9188,66000,387130000C,(04)23274275,(04)23288582,2025,5,24,10,50,臺中市,西區,0,1,0,6,2,6,50,4,1,1,5,4,6,6,1,1,10,5,5,2,17,3,10,2,1,C03,7,9,3,19,2,11,,21,21,1,12,4,120.665208,24.150924,2
9189,66000,387130000C,(04)23274275,(04)23288582,2025,5,24,10,50,臺中市,西區,0,1,0,5,1,6,50,4,1,1,4,4,6,6,1,1,10,5,5,1,17,2,9,5,4,C03,7,9,1,10,2,11,,84,84,1,12,4,120.66774,24.13095,2
9190,66000,387130000C,(04)23274275,(04)23288582,2025,5,24,10,50,臺中市,北區,0,0,0,7,,,50,,,,,,,,,,,,,,17,,,,,B03,,,1,,1,,,8,8,1,13,4,120.698066,24.160654,3
9191,66000,387130000C,(04)23274275,(04)23288582,2025,5,24,11,1,臺中市,西區,0,0,0,5,,,50,,,,,,,,,,,,,,,,,,,B03,,,1,,1,,,84,84,1,12,4,120.651451,24.146574,3
9192,66000,387130000C,(04)23274275,(04)23288582,2025,5,24,11,2,臺中市,沙鹿區,0,0,0,7,,,60,,,,,,,,,,,,,,,,,,,B12,,,1,,2,,,7,7,1,13,4,120.580723,24.215517,3
9193,66000,387130000C,(04)23274275,(04)23288582,2025,5,24,11,5,臺中市,西屯區,0,0,0,5,,,50,,,,,,,,,,,,,,12,,,,,B03,,,1,,1,,,35,35,1,12,4,120.633662,24.173339,3
9194,66000,387130000C,(04)23274275,(04)23288582,2025,5,24,11,8,臺中市,南屯區,0,0,0,5,,,50,,,,,,,,,,,,,,17,,,,,B12,,,1,,2,,,84,84,1,6,4,120.608023,24.148401,3
9195,66000,387130000C,(04)23274275,(04)23288582,2025,5,24,11,12,臺中市,南屯區,0,0,0,5,,,50,,,,,,,,,,,,,,17,,,,,B03,,,1,,1,,,78,78,1,6,4,120.648803,24.152542,3
9196,66000,387130000C,(04)23274275,(04)23288582,2025,5,24,11,14,臺中市,大甲區,0,1,0,5,2,6,50,5,2,1,4,4,6,6,1,1,10,5,5,2,3,3,10,3,1,B03,7,6,5,19,9,8,,10,10,1,6,4,120.629511,24.345139,2
9197,66000,387130000C,(04)23274275,(04)23288582,2025,5,24,11,16,臺中市,大里區,0,1,0,7,2,6,50,4,1,1,4,4,6,6,1,1,10,5,5,2,13,2,9,1,1,C03,7,9,1,10,2,11,,7,7,1,12,4,120.68132,24.112864,2
9198,66000,387130000C,(04)23274275,(04)23288582,2025,5,24,11,17,臺中市,東區,0,1,0,5,3,6,50,4,1,1,4,4,6,6,1,1,10,5,5,2,16,3,10,5,4,B12,7,5,1,8,2,5,,11,11,1,12,4,120.700103,24.138881,2
9199,66000,387130000C,(04)23274275,(04)23288582,2025,5,24,11,20,臺中市,西屯區,0,0,0,5,,,60,,,,,,,,,,,,,,12,,,,,B03,,,1,,1,,,40,40,1,12,4,120.641018,24.167806,3
9200,66000,387130000C,(04)23274275,(04)23288582,2025,5,24,11,25,臺中市,西屯區,0,1,0,5,2,6,60,5,1,1,4,4,6,6,2,1,5,4,5,2,16,3,10,3,1,B03,7,6,1,8,2,1,,11,11,1,12,4,120.655516,24.173741,2
9201,66000,387130000C,(04)23274275,(04)23288582,2025,5,24,11,25,臺中市,東勢區,0,0,0,5,,,60,,,,,,,,,,,,,,,,,,,B03,,,1,,2,,,4,4,1,12,4,120.810062,24.282342,3
9202,66000,387130000C,(04)23274275,(04)23288582,2025,5,24,11,26,臺中市,西區,0,0,0,7,,,50,,,,,,,,,,,,,,17,,,,,B03,,,1,,1,,,24,24,1,12,4,120.663063,24.147868,3
9203,66000,387130000C,(04)23274275,(04)23288582,2025,5,24,11,29,臺中市,清水區,0,0,0,7,2,6,50,5,1,1,3,4,6,6,1,1,8,3,4,2,13,,,,,B03,,,1,,1,,,84,84,1,12,4,120.558308,24.272256,3
9204,66000,387130000C,(04)23274275,(04)23288582,2025,5,24,11,35,臺中市,北區,0,0,0,7,3,6,50,13,9,1,4,4,6,6,4,4,5,5,5,2,17,,,,,B03,,,1,,1,,,59,59,1,13,4,120.684521,24.158809,3
9205,66000,387130000C,(04)23274275,(04)23288582,2025,5,24,11,43,臺中市,烏日區,0,0,0,7,,,30,,,,,,,,,,,,,,17,,,,,B03,,,1,,2,,,84,84,1,6,4,120.614966,24.114187,3
9206,66000,387130000C,(04)23274275,(04)23288582,2025,5,24,11,44,臺中市,西區,0,0,0,5,,,50,,,,,,,,,,,,,,,,,,,C03,,,1,,2,,,84,84,1,13,4,120.660073,24.147047,3
9207,66000,387130000C,(04)23274275,(04)23288582,2025,5,24,11,44,臺中市,南區,0,0,0,5,,,30,,,,,,,,,,,,,,,,,,,B03,,,1,,2,,,84,84,1,12,4,120.67039,24.123199,3
9208,66000,387130000C,(04)23274275,(04)23288582,2025,5,24,11,44,臺中市,沙鹿區,0,1,0,5,2,6,40,13,8,1,4,4,6,6,4,4,9,5,3,2,18,2,9,1,1,C03,7,9,1,10,2,12,,82,82,1,13,4,120.575715,24.226834,2
9209,66000,387130000C,(04)23274275,(04)23288582,2025,5,24,11,47,臺中市,沙鹿區,0,0,0,5,,,50,,,,,,,,,,,,,,14,,,,,B03,,,1,,2,,,49,49,1,13,4,120.563467,24.241773,3
9210,66000,387130000C,(04)23274275,(04)23288582,2025,5,24,11,48,臺中市,豐原區,0,0,0,5,,,50,,,,,,,,,,,,,,13,,,,,B03,,,1,,2,,,84,84,1,12,4,120.744364,24.264472,3
9211,66000,387130000C,(04)23274275,(04)23288582,2025,5,24,11,49,臺中市,大里區,0,1,0,5,3,6,50,13,8,1,4,4,6,6,4,4,1,3,4,1,18,2,9,1,1,C03,7,7,1,10,2,14,,87,87,1,12,4,120.697591,24.083393,2
9212,66000,387130000C,(04)23274275,(04)23288582,2025,5,24,11,51,臺中市,南屯區,0,2,0,5,3,6,40,13,8,1,4,4,6,6,1,1,3,4,4,2,13,2,8,1,1,C03,7,9,1,10,1,11,,84,84,1,12,4,120.632356,24.145477,2
9213,66000,387130000C,(04)23274275,(04)23288582,2025,5,24,11,53,臺中市,沙鹿區,0,0,0,5,,,50,,,,,,,,,,,,,,17,,,,,B03,,,1,,9,,,76,76,1,12,4,120.562171,24.240624,3
9214,66000,387130000C,(04)23274275,(04)23288582,2025,5,24,11,56,臺中市,北區,0,0,0,5,,,50,,,,,,,,,,,,,,17,,,,,B03,,,1,,1,,,84,84,1,13,4,120.682415,24.167172,3
9215,66000,387130000C,(04)23274275,(04)23288582,2025,5,24,12,0,臺中市,南屯區,0,0,0,5,,,50,,,,,,,,,,,,,,13,,,,,B03,,,1,,2,,,7,7,1,6,4,120.639724,24.138853,3
9216,66000,387130000C,(04)23274275,(04)23288582,2025,5,24,12,2,臺中市,北屯區,0,0,0,7,,,50,,,,,,,,,,,,,,16,,,,,B03,,,1,,1,,,14,14,1,13,4,120.687573,24.171241,3
9217,66000,387130000C,(04)23274275,(04)23288582,2025,5,24,12,3,臺中市,大里區,0,1,0,5,2,6,50,3,9,1,4,4,6,6,4,4,10,5,5,1,17,2,9,2,1,C03,7,9,1,10,2,16,,7,7,1,12,4,120.699569,24.11004,2
9218,66000,387130000C,(04)23274275,(04)23288582,2025,5,24,12,5,臺中市,太平區,0,2,0,5,3,6,50,4,2,1,4,4,6,6,1,1,5,5,5,1,16,2,9,2,1,C03,7,6,3,19,2,11,,48,48,1,12,4,120.723188,24.131929,2
9219,66000,387130000C,(04)23274275,(04)23288582,2025,5,24,12,7,臺中市,南屯區,0,1,0,5,2,6,50,4,1,1,4,4,6,6,4,4,7,4,5,2,17,3,10,1,1,C03,7,6,1,10,2,16,,48,48,1,12,4,120.63849,24.150119,2
9220,66000,387130000C,(04)23274275,(04)23288582,2025,5,24,12,8,臺中市,東區,0,1,0,5,3,6,50,4,1,1,4,4,6,6,2,1,1,5,5,2,18,2,9,2,1,C03,7,9,1,10,2,16,,84,84,1,6,4,120.693167,24.126301,2
9221,66000,387130000C,(04)23274275,(04)23288582,2025,5,24,12,9,臺中市,大里區,0,0,0,7,,,50,,,,,,,,,,,,,,,,,,,B03,,,1,,1,,,84,84,1,6,4,120.698308,24.094598,3
9222,66000,387130000C,(04)23274275,(04)23288582,2025,5,24,12,11,臺中市,龍井區,0,1,0,5,2,6,60,13,9,1,4,4,6,6,4,4,2,4,5,1,20,2,9,5,4,B12,7,9,1,5,2,8,,84,84,1,12,4,120.5071,24.193357,2
9223,66000,387130000C,(04)23274275,(04)23288582,2025,5,24,12,14,臺中市,大雅區,0,1,0,5,1,6,50,4,1,1,4,4,6,6,1,1,5,5,5,2,17,3,10,3,1,B03,7,9,1,8,2,7,,21,21,1,13,4,120.645845,24.225776,2
9224,66000,387130000C,(04)23274275,(04)23288582,2025,5,24,12,16,臺中市,南區,0,0,0,7,,,50,,,,,,,,,,,,,,13,,,,,B03,,,1,,1,,,7,7,1,12,4,120.655586,24.129328,3
9225,66000,387130000C,(04)23274275,(04)23288582,2025,5,24,12,24,臺中市,大雅區,0,0,0,5,,,0,,,,,,,,,,,,,,,,,,,B12,,,1,,2,,,49,49,1,12,4,120.656827,24.224962,3
9226,66000,387130000C,(04)23274275,(04)23288582,2025,5,24,12,27,臺中市,南屯區,0,0,0,5,,,50,,,,,,,,,,,,,,12,,,,,C03,,,1,,1,,,8,8,1,6,4,120.63746,24.135366,3
9227,66000,387130000C,(04)23274275,(04)23288582,2025,5,24,12,28,臺中市,東區,0,0,0,5,,,50,,,,,,,,,,,,,,,,,,,B03,,,1,,1,,,50,50,1,12,4,120.689629,24.129429,3
9228,66000,387130000C,(04)23274275,(04)23288582,2025,5,24,12,30,臺中市,西屯區,0,1,0,5,2,6,80,10,9,1,4,4,6,6,4,4,3,4,5,1,17,3,10,3,1,B03,7,9,1,8,1,3,,6,6,1,12,4,120.662285,24.201005,2
9229,66000,387130000C,(04)23274275,(04)23288582,2025,5,24,12,30,臺中市,大肚區,0,0,0,5,,,50,,,,,,,,,,,,,,,,,,,,,,,,,,,119,119,1,,,120.543407,24.159359,3
9230,66000,387130000C,(04)23274275,(04)23288582,2025,5,24,12,31,臺中市,東區,0,2,0,5,3,6,50,4,1,1,4,4,6,6,1,1,10,5,5,2,3,2,9,5,4,C03,7,9,1,10,2,15,,84,84,1,12,4,120.688484,24.135263,2
9231,66000,387130000C,(04)23274275,(04)23288582,2025,5,24,12,33,臺中市,西屯區,0,0,0,5,,,80,,,,,,,,,,,,,,13,,,,,B01,,,1,,1,,,7,7,1,13,4,120.630798,24.167215,3
9232,66000,387130000C,(04)23274275,(04)23288582,2025,5,24,12,34,臺中市,東區,0,0,0,5,,,50,,,,,,,,,,,,,,,,,,,A04,,,1,,1,,,7,7,1,12,4,120.687858,24.13653,3
9233,66000,387130000C,(04)23274275,(04)23288582,2025,5,24,12,34,臺中市,北屯區,0,0,0,5,,,50,,,,,,,,,,,,,,,,,,,B03,,,1,,1,,,7,7,1,12,4,120.720215,24.164556,3
9234,66000,387130000C,(04)23274275,(04)23288582,2025,5,24,12,35,臺中市,東勢區,0,0,0,7,,,50,,,,,,,,,,,,,,,,,,,B03,,,1,,1,,,51,51,1,12,4,120.830724,24.251928,4
9235,66000,387130000C,(04)23274275,(04)23288582,2025,5,24,12,36,臺中市,西屯區,0,1,0,5,2,6,50,3,1,1,4,4,6,6,4,4,10,5,5,2,16,3,10,2,4,C03,7,6,1,10,1,12,,14,14,1,13,4,120.648531,24.169074,2
9236,66000,387130000C,(04)23274275,(04)23288582,2025,5,24,12,38,臺中市,西屯區,0,1,0,5,2,6,40,13,8,1,4,4,6,6,4,4,1,4,5,2,30,2,9,5,4,C03,7,9,1,10,1,14,,87,87,1,12,4,120.655779,24.159526,2
9237,66000,387130000C,(04)23274275,(04)23288582,2025,5,24,12,39,臺中市,潭子區,0,1,0,5,3,6,40,3,9,1,4,4,6,6,4,4,10,4,5,1,18,2,9,2,1,C03,7,9,1,10,2,14,,84,84,1,13,4,120.711732,24.200328,2
9238,66000,387130000C,(04)23274275,(04)23288582,2025,5,24,12,39,臺中市,沙鹿區,0,0,0,7,,,50,,,,,,,,,,,,,,,,,,,B03,,,1,,2,,,49,49,1,13,4,120.56946,24.229524,3
9239,66000,387130000C,(04)23274275,(04)23288582,2025,5,24,12,40,臺中市,潭子區,0,0,0,5,,,50,,,,,,,,,,,,,,,,,,,B12,,,1,,2,,,8,8,1,12,4,120.702994,24.200645,3
9240,66000,387130000C,(04)23274275,(04)23288582,2025,5,24,12,40,臺中市,太平區,0,1,0,5,1,6,40,4,1,1,4,4,6,6,1,1,10,5,5,2,17,2,9,2,1,C03,7,9,1,10,2,12,,84,84,1,12,4,120.724731,24.141942,2
9241,66000,387130000C,(04)23274275,(04)23288582,2025,5,24,12,44,臺中市,北區,0,0,0,7,3,6,50,18,24,1,5,4,6,6,4,4,5,5,5,2,17,,,,,B03,,,1,,2,,,49,49,1,13,4,120.678531,24.158997,3
9242,66000,387130000C,(04)23274275,(04)23288582,2025,5,24,12,45,臺中市,南屯區,0,1,0,5,2,6,50,13,9,1,4,4,6,6,4,4,5,4,5,2,17,3,10,3,1,B03,7,9,1,8,2,16,,4,4,1,12,4,120.631254,24.144309,2
9243,66000,387130000C,(04)23274275,(04)23288582,2025,5,24,12,48,臺中市,烏日區,0,2,0,5,2,6,50,13,8,1,4,4,6,6,4,4,5,4,4,2,13,2,8,1,1,C03,7,9,1,10,2,11,,7,7,1,6,4,120.607321,24.110681,2
9244,66000,387130000C,(04)23274275,(04)23288582,2025,5,24,12,52,臺中市,南屯區,0,0,0,5,3,6,50,13,9,1,4,4,6,6,4,4,5,5,5,2,14,,,,,B03,,,1,,1,,,49,49,1,12,4,120.651416,24.143566,3
9245,66000,387130000C,(04)23274275,(04)23288582,2025,5,24,12,52,臺中市,霧峰區,0,0,0,7,,,30,,,,,,,,,,,,,,14,,,,,B03,,,1,,1,,,49,49,1,12,4,120.699377,24.023894,3
9246,66000,387130000C,(04)23274275,(04)23288582,2025,5,24,13,4,臺中市,北屯區,0,0,0,7,,,50,,,,,,,,,,,,,,,,,,,B03,,,1,,9,,,40,40,1,12,4,120.721341,24.18012,3
9247,66000,387130000C,(04)23274275,(04)23288582,2025,5,24,13,6,臺中市,西屯區,0,0,0,7,,,50,,,,,,,,,,,,,,,,,,,B03,,,1,,2,,,43,43,1,12,4,120.644736,24.169288,3
9248,66000,387130000C,(04)23274275,(04)23288582,2025,5,24,13,7,臺中市,南區,0,1,0,5,3,6,50,4,1,1,4,2,6,6,2,1,5,5,5,2,30,,,,,,,,,,,,,116,116,1,,,120.659333,24.113179,2
9249,66000,387130000C,(04)23274275,(04)23288582,2025,5,24,13,8,臺中市,大里區,0,0,0,7,,,50,,,,,,,,,,,,,,12,,,,,B12,,,1,,1,,,8,8,1,12,4,120.693123,24.092808,3
9250,66000,387130000C,(04)23274275,(04)23288582,2025,5,24,13,12,臺中市,北屯區,0,1,0,6,3,6,50,4,1,1,5,4,6,6,1,1,10,5,5,2,16,3,10,3,1,B03,7,5,1,8,2,2,,20,20,1,13,4,120.681534,24.171103,2
9251,66000,387130000C,(04)23274275,(04)23288582,2025,5,24,13,13,臺中市,豐原區,0,0,0,6,,,50,,,,,,,,,,,,,,,,,,,B03,,,1,,2,,,7,7,1,13,4,120.726369,24.242595,3
9252,66000,387130000C,(04)23274275,(04)23288582,2025,5,24,13,17,臺中市,南區,0,1,0,6,3,6,50,4,1,1,4,4,6,6,4,4,10,5,5,2,18,2,9,5,4,C03,7,9,1,10,2,12,,84,84,1,12,4,120.67615,24.130093,2
9253,66000,387130000C,(04)23274275,(04)23288582,2025,5,24,13,17,臺中市,外埔區,0,0,0,7,3,6,40,4,9,1,5,4,6,6,1,1,10,5,5,1,14,3,10,3,1,B03,7,2,1,8,2,3,,49,49,1,6,4,120.66516,24.334321,3
9254,66000,387130000C,(04)23274275,(04)23288582,2025,5,24,13,20,臺中市,北區,0,0,0,7,,,50,,,,,,,,,,,,,,17,,,,,C03,,,1,,1,,,7,7,1,13,4,120.686648,24.155195,3
9255,66000,387130000C,(04)23274275,(04)23288582,2025,5,24,13,21,臺中市,北區,0,0,0,6,,,50,,,,,,,,,,,,,,17,,,,,B03,,,1,,1,,,84,84,1,13,4,120.666008,24.165842,3
9256,66000,387130000C,(04)23274275,(04)23288582,2025,5,24,13,26,臺中市,東區,0,0,0,7,,,50,,,,,,,,,,,,,,13,,,,,C03,,,1,,1,,,7,7,1,12,4,120.706214,24.129896,3
9257,66000,387130000C,(04)23274275,(04)23288582,2025,5,24,13,26,臺中市,北屯區,0,1,0,5,2,6,50,3,1,1,4,4,6,6,4,4,10,5,5,2,18,2,9,5,4,C03,7,9,1,10,2,16,,84,84,1,12,4,120.690379,24.174749,2
9258,66000,387130000C,(04)23274275,(04)23288582,2025,5,24,13,28,臺中市,西屯區,0,0,0,5,,,40,,,,,,,,,,,,,,17,,,,,C03,,,5,,1,,,58,58,1,13,4,120.638614,24.160749,3
9259,66000,387130000C,(04)23274275,(04)23288582,2025,5,24,13,37,臺中市,東區,0,0,0,7,,,50,,,,,,,,,,,,,,,,,,,B03,,,1,,1,,,7,7,1,6,4,120.700087,24.138575,3
9260,66000,387130000C,(04)23274275,(04)23288582,2025,5,24,13,40,臺中市,大甲區,0,1,0,7,3,6,60,13,12,1,5,4,6,6,4,4,1,4,4,1,17,2,9,5,4,C03,7,9,1,10,2,15,,84,84,1,6,4,120.617084,24.350442,2
9261,66000,387130000C,(04)23274275,(04)23288582,2025,5,24,13,45,臺中市,西區,0,0,0,6,,,50,,,,,,,,,,,,,,,,,,,B03,,,1,,1,,,84,84,1,12,4,120.663211,24.139743,3
9262,66000,387130000C,(04)23274275,(04)23288582,2025,5,24,13,47,臺中市,西區,0,0,0,7,,,50,,,,,,,,,,,,,,17,,,,,B02,,,1,,2,,,84,84,1,12,4,120.657577,24.147485,3
9263,66000,387130000C,(04)23274275,(04)23288582,2025,5,24,13,47,臺中市,南屯區,0,0,0,6,,,50,,,,,,,,,,,,,,13,,,,,B03,,,1,,1,,,84,84,1,6,4,120.638913,24.121859,3
9264,66000,387130000C,(04)23274275,(04)23288582,2025,5,24,13,50,臺中市,大里區,0,1,0,7,3,6,50,4,2,1,5,4,6,6,4,4,5,5,5,1,11,2,7,1,1,C03,7,5,3,19,2,11,,84,84,1,12,4,120.695504,24.090011,2
9265,66000,387130000C,(04)23274275,(04)23288582,2025,5,24,13,51,臺中市,西區,0,1,0,6,2,6,50,4,1,1,5,4,6,6,1,1,10,5,5,2,17,3,10,3,1,B03,7,6,1,8,2,6,,14,14,1,12,4,120.670857,24.137521,2
9266,66000,387130000C,(04)23274275,(04)23288582,2025,5,24,13,52,臺中市,北區,0,0,0,7,3,6,50,18,24,5,5,4,6,6,2,1,10,5,5,2,17,,,,,B03,,,1,,1,,,47,47,1,13,4,120.676066,24.171615,3
9267,66000,387130000C,(04)23274275,(04)23288582,2025,5,24,14,0,臺中市,北區,0,1,0,6,2,6,50,4,1,1,4,4,6,6,3,1,7,4,5,2,17,3,10,3,1,B02,7,9,1,8,2,16,,24,24,1,13,4,120.673972,24.145982,2
9268,66000,387130000C,(04)23274275,(04)23288582,2025,5,24,14,1,臺中市,烏日區,0,1,0,7,2,6,40,3,1,1,5,4,6,6,1,1,10,5,5,2,17,3,10,3,1,B12,7,9,1,8,2,8,,84,84,1,6,4,120.628652,24.095319,2
9269,66000,387130000C,(04)23274275,(04)23288582,2025,5,24,14,2,臺中市,東區,0,2,0,7,3,6,50,3,1,1,5,4,6,6,1,1,10,5,5,2,17,2,9,5,4,C03,7,15,1,10,2,14,,84,84,1,12,4,120.696008,24.134907,2
9270,66000,387130000C,(04)23274275,(04)23288582,2025,5,24,14,11,臺中市,大里區,0,1,0,6,2,6,50,4,1,1,5,4,6,6,1,1,10,5,5,2,17,2,9,1,1,C03,7,9,3,19,2,12,,58,58,1,12,4,120.689524,24.107887,2
9271,66000,387130000C,(04)23274275,(04)23288582,2025,5,24,14,12,臺中市,南區,0,0,0,7,,,50,,,,,,,,,,,,,,17,,,,,,,,,,,,,85,85,1,,,120.68364,24.130136,4
9272,66000,387130000C,(04)23274275,(04)23288582,2025,5,24,14,19,臺中市,龍井區,0,2,0,7,2,6,30,4,2,1,5,4,6,6,4,4,7,4,4,1,17,2,9,5,4,C03,7,5,1,10,2,14,,14,14,1,6,4,120.536188,24.176905,2
9273,66000,387130000C,(04)23274275,(04)23288582,2025,5,24,14,20,臺中市,西屯區,0,1,0,6,2,6,50,5,1,1,5,4,6,6,2,1,10,5,5,2,16,3,10,5,4,B03,7,9,1,8,2,8,,59,59,1,13,4,120.614752,24.179628,2
9274,66000,387130000C,(04)23274275,(04)23288582,2025,5,24,14,31,臺中市,太平區,0,1,0,7,2,6,50,3,1,1,5,4,6,6,4,4,9,5,5,2,17,3,10,3,1,B12,7,7,1,8,2,2,,40,40,1,12,4,120.716333,24.150548,2
9275,66000,387130000C,(04)23274275,(04)23288582,2025,5,24,14,32,臺中市,西屯區,0,2,0,7,2,6,30,3,1,1,5,4,6,6,4,4,10,5,5,2,16,2,9,1,1,C03,7,6,1,10,2,11,14,59,59,1,12,4,120.639438,24.181324,2
9276,66000,387130000C,(04)23274275,(04)23288582,2025,5,24,14,32,臺中市,西屯區,0,0,0,7,,,50,,,,,,,,,,,,,,12,,,,,B03,,,1,,1,,,35,35,1,12,4,120.643344,24.170436,3
9277,66000,387130000C,(04)23274275,(04)23288582,2025,5,24,14,36,臺中市,北區,0,0,0,6,,,50,,,,,,,,,,,,,,17,,,,,B03,,,1,,2,,,51,51,1,12,4,120.681642,24.165518,3