序號,縣市別代碼,機關代碼,市話,傳真,年,月,日,時,分,縣市,區,死亡數量,受傷數量,2-30,天候,道路照明設備,道路類別,道路速限,道路型態,事故位置,路面鋪裝,路面狀態,路面缺陷,障礙物,視距,號誌種類,號誌動作,分向設施,快車道或一般車道間,快慢車道間,路面邊線,事故類型及型態,受傷程度,主要傷處,保護裝備,行動電話或功能裝置,當事者區分(類別),車輛用途,當事者行動狀態,駕照狀態,駕照種類,飲酒情形,車輛撞擊部位最初,車輛撞擊部位其他,肇事因素個別,肇事因素主要,肇事逃逸,職業,共享經濟或外送平台,GPS座標X,GPS座標Y,事故類別
9278,66000,387130000C,(04)23274275,(04)23288582,2025,5,24,14,41,臺中市,西區,0,0,0,7,,,50,,,,,,,,,,,,,,,,,,,C03,,,1,,2,,,7,7,1,12,4,120.664757,24.150731,3
9279,66000,387130000C,(04)23274275,(04)23288582,2025,5,24,14,45,臺中市,大甲區,0,0,0,6,,,50,,,,,,,,,,,,,,,,,,,C03,,,1,,2,,,39,39,1,6,4,120.631079,24.343281,3
9280,66000,387130000C,(04)23274275,(04)23288582,2025,5,24,14,50,臺中市,西屯區,0,1,0,7,2,6,50,4,1,1,5,4,6,6,1,1,3,4,4,2,16,3,10,3,1,B12,7,6,1,8,2,5,,11,11,1,12,4,120.639083,24.164986,2
9281,66000,387130000C,(04)23274275,(04)23288582,2025,5,24,14,52,臺中市,東區,0,0,0,6,,,50,,,,,,,,,,,,,,,,,,,C03,,,1,,1,,,7,7,1,12,4,120.700103,24.138881,4
9282,66000,387130000C,(04)23274275,(04)23288582,2025,5,24,14,58,臺中市,石岡區,0,0,0,7,,,30,,,,,,,,,,,,,,,,,,,B11,,,1,,9,,,84,84,1,12,4,120.788252,24.276145,3
9283,66000,387130000C,(04)23274275,(04)23288582,2025,5,24,15,0,臺中市,南屯區,0,0,0,7,,,50,,,,,,,,,,,,,,,,,,,C03,,,1,,1,,,40,40,1,6,4,120.649863,24.131919,3
9284,66000,387130000C,(04)23274275,(04)23288582,2025,5,24,15,0,臺中市,大肚區,0,1,0,6,2,6,30,3,2,1,5,4,6,6,4,4,10,5,5,2,16,3,10,1,1,C03,7,6,1,10,2,11,,14,14,1,6,4,120.564991,24.116569,2
9285,66000,387130000C,(04)23274275,(04)23288582,2025,5,24,15,1,臺中市,北屯區,0,0,0,7,,,50,,,,,,,,,,,,,,12,,,,,C04,,,1,,2,,,8,8,1,12,4,120.695653,24.170439,3
9286,66000,387130000C,(04)23274275,(04)23288582,2025,5,24,15,11,臺中市,太平區,0,0,0,7,,,50,,,,,,,,,,,,,,13,,,,,B03,,,1,,2,,,84,84,1,12,4,120.732509,24.135277,3
9287,66000,387130000C,(04)23274275,(04)23288582,2025,5,24,15,12,臺中市,東區,0,0,0,7,,,50,,,,,,,,,,,,,,12,,,,,B03,,,1,,1,,,84,84,1,13,4,120.686524,24.135964,3
9288,66000,387130000C,(04)23274275,(04)23288582,2025,5,24,15,14,臺中市,大甲區,0,1,0,6,3,6,50,4,1,1,5,4,6,6,4,4,5,5,5,1,15,3,10,3,1,B03,7,9,1,8,2,5,,15,15,1,6,4,120.642804,24.406009,2
9289,66000,387130000C,(04)23274275,(04)23288582,2025,5,24,15,17,臺中市,太平區,0,0,0,7,,,50,,,,,,,,,,,,,,13,,,,,B12,,,1,,1,,,59,59,1,12,4,120.71279,24.143809,3
9290,66000,387130000C,(04)23274275,(04)23288582,2025,5,24,15,24,臺中市,豐原區,0,0,0,7,,,60,,,,,,,,,,,,,,17,,,,,B03,,,1,,2,,,8,8,1,12,4,120.710531,24.237244,3
9291,66000,387130000C,(04)23274275,(04)23288582,2025,5,24,15,25,臺中市,豐原區,0,0,0,7,,,50,,,,,,,,,,,,,,17,,,,,B03,,,1,,2,,,51,51,1,12,4,120.726053,24.245897,3
9292,66000,387130000C,(04)23274275,(04)23288582,2025,5,24,15,36,臺中市,北區,0,0,0,7,,,50,,,,,,,,,,,,,,17,,,,,A02,,,1,,1,,,85,85,1,12,4,120.685271,24.158578,3
9293,66000,387130000C,(04)23274275,(04)23288582,2025,5,24,15,38,臺中市,清水區,0,0,0,7,,,50,,,,,,,,,,,,,,,,,,,B03,,,1,,2,,,40,40,1,12,4,120.576014,24.269777,3
9294,66000,387130000C,(04)23274275,(04)23288582,2025,5,24,15,42,臺中市,東區,0,0,0,7,,,50,,,,,,,,,,,,,,12,,,,,B03,,,1,,1,,,40,40,1,12,4,120.689949,24.138161,3
9295,66000,387130000C,(04)23274275,(04)23288582,2025,5,24,15,47,臺中市,西區,0,0,0,6,,,50,,,,,,,,,,,,,,,,,,,B03,,,1,,1,,,84,84,1,12,4,120.664757,24.150731,3
9296,66000,387130000C,(04)23274275,(04)23288582,2025,5,24,15,48,臺中市,烏日區,0,2,0,7,2,6,30,13,9,1,5,4,6,1,4,4,10,5,5,2,11,2,8,1,1,C03,7,9,1,10,2,11,,8,8,1,6,4,120.606153,24.11923,2
9297,66000,387130000C,(04)23274275,(04)23288582,2025,5,24,15,51,臺中市,中區,0,0,0,7,,,50,,,,,,,,,,,,,,17,,,,,B12,,,1,,1,,,84,84,1,12,4,120.682947,24.142426,3
9298,66000,387130000C,(04)23274275,(04)23288582,2025,5,24,15,52,臺中市,太平區,0,0,0,7,,,40,,,,,,,,,,,,,,,,,,,B03,,,1,,2,,,7,7,1,12,4,120.714501,24.149431,3
9299,66000,387130000C,(04)23274275,(04)23288582,2025,5,24,15,58,臺中市,大里區,0,0,0,6,,,50,,,,,,,,,,,,,,13,,,,,C03,,,1,,1,,,7,7,1,13,4,120.68886,24.11003,3
9300,66000,387130000C,(04)23274275,(04)23288582,2025,5,24,16,0,臺中市,大里區,0,0,0,7,2,6,30,13,9,1,5,4,6,6,4,4,10,5,5,2,17,,,,,B03,,,1,,1,,,8,8,1,13,4,120.69015,24.105702,3
9301,66000,387130000C,(04)23274275,(04)23288582,2025,5,24,16,0,臺中市,太平區,0,0,0,7,2,6,30,,,,,,,,,,,,,,,,,,,B03,,,1,,2,1,,84,84,1,12,4,120.712637,24.143435,3
9302,66000,387130000C,(04)23274275,(04)23288582,2025,5,24,16,4,臺中市,西屯區,0,1,0,7,2,6,50,13,9,1,5,4,6,6,4,4,5,5,5,2,13,2,9,5,4,C03,7,9,1,10,2,11,,7,7,1,12,4,120.66518,24.166578,2
9303,66000,387130000C,(04)23274275,(04)23288582,2025,5,24,16,7,臺中市,西屯區,0,0,0,7,,,30,,,,,,,,,,,,,,12,,,,,C03,,,1,,2,,,8,8,1,13,2,120.608078,24.186281,3
9304,66000,387130000C,(04)23274275,(04)23288582,2025,5,24,16,11,臺中市,西屯區,0,0,0,7,,,50,,,,,,,,,,,,,,17,,,,,B03,,,1,,1,,,85,85,1,12,4,120.662358,24.171667,3
9305,66000,387130000C,(04)23274275,(04)23288582,2025,5,24,16,17,臺中市,潭子區,0,0,0,7,,,50,,,,,,,,,,,,,,13,,,,,B03,,,5,,2,,,58,58,1,12,4,120.695788,24.194536,3
9306,66000,387130000C,(04)23274275,(04)23288582,2025,5,24,16,17,臺中市,潭子區,0,1,0,6,2,6,50,13,9,1,5,4,6,6,4,4,9,5,5,1,16,3,10,1,1,C03,7,1,1,10,2,14,,85,85,1,12,4,120.715461,24.228869,2
9307,66000,387130000C,(04)23274275,(04)23288582,2025,5,24,16,20,臺中市,豐原區,0,0,0,6,,,50,,,,,,,,,,,,,,17,,,,,C03,,,1,,2,,,84,84,1,12,4,120.740999,24.255857,3
9308,66000,387130000C,(04)23274275,(04)23288582,2025,5,24,16,26,臺中市,南屯區,0,1,0,7,2,6,50,3,1,1,5,4,6,6,4,4,9,5,5,2,17,3,10,3,1,B03,7,5,1,8,2,5,,59,59,1,13,4,120.595193,24.138377,2
9309,66000,387130000C,(04)23274275,(04)23288582,2025,5,24,16,26,臺中市,北屯區,0,0,0,7,,,50,,,,,,,,,,,,,,,,,,,B03,,,1,,1,,,84,84,1,13,4,120.702034,24.182189,3
9310,66000,387130000C,(04)23274275,(04)23288582,2025,5,24,16,28,臺中市,西區,0,0,0,7,,,50,,,,,,,,,,,,,,,,,,,B03,,,1,,1,,,7,7,1,12,4,120.663128,24.14306,3
9311,66000,387130000C,(04)23274275,(04)23288582,2025,5,24,16,31,臺中市,潭子區,0,0,0,7,,,50,,,,,,,,,,,,,,14,,,,,B03,,,1,,1,,,49,49,1,12,4,120.703293,24.209684,3
9312,66000,387130000C,(04)23274275,(04)23288582,2025,5,24,16,32,臺中市,大甲區,0,0,0,6,,,50,,,,,,,,,,,,,,,,,,,B03,,,1,,2,,,50,50,1,6,4,120.627577,24.350605,3
9313,66000,387130000C,(04)23274275,(04)23288582,2025,5,24,16,40,臺中市,豐原區,0,2,0,6,2,6,50,4,1,1,5,4,6,6,2,1,5,5,4,1,11,2,9,6,1,F01,7,6,7,21,2,12,,48,48,1,12,4,120.725011,24.241013,2
9314,66000,387130000C,(04)23274275,(04)23288582,2025,5,24,16,41,臺中市,北區,0,0,0,7,,,50,,,,,,,,,,,,,,17,,,,,B03,,,1,,2,,,45,45,1,13,4,120.700023,24.159973,3
9315,66000,387130000C,(04)23274275,(04)23288582,2025,5,24,16,45,臺中市,東區,0,1,0,7,2,6,50,4,1,1,5,4,6,6,4,4,10,5,5,2,15,3,10,3,1,B03,7,9,1,8,2,4,,12,12,1,6,4,120.708849,24.143362,2
9316,66000,387130000C,(04)23274275,(04)23288582,2025,5,24,16,50,臺中市,北區,0,0,0,6,,,40,,,,,,,,,,,,,,,,,,,B03,,,1,,2,,,84,84,1,12,4,120.669807,24.159175,3
9317,66000,387130000C,(04)23274275,(04)23288582,2025,5,24,16,50,臺中市,西屯區,0,2,0,7,2,6,50,3,1,1,5,4,6,6,4,4,4,3,5,2,12,3,10,5,4,B03,7,6,1,8,2,8,,84,84,1,13,4,120.633597,24.182353,2
9318,66000,387130000C,(04)23274275,(04)23288582,2025,5,24,16,52,臺中市,南屯區,0,0,0,7,3,6,50,13,9,1,5,4,6,6,4,4,5,4,5,2,13,,,,,B03,,,1,,1,,,7,7,1,12,4,120.639103,24.147051,3
9319,66000,387130000C,(04)23274275,(04)23288582,2025,5,24,16,52,臺中市,北屯區,0,0,0,7,,,50,,,,,,,,,,,,,,13,,,,,B03,,,1,,1,,,59,59,1,6,4,120.705375,24.167916,3
9320,66000,387130000C,(04)23274275,(04)23288582,2025,5,24,17,2,臺中市,北區,0,0,0,7,,,50,,,,,,,,,,,,,,13,,,,,B03,,,1,,2,,,59,59,1,12,4,120.677203,24.151756,3
9321,66000,387130000C,(04)23274275,(04)23288582,2025,5,24,17,6,臺中市,西屯區,0,0,0,6,,,50,,,,,,,,,,,,,,13,,,,,C03,,,1,,1,,,58,58,1,12,4,120.64298,24.177026,3
9322,66000,387130000C,(04)23274275,(04)23288582,2025,5,24,17,7,臺中市,西屯區,0,0,0,7,,,40,,,,,,,,,,,,,,15,,,,,F03,,,1,,1,,,84,84,1,12,4,120.643643,24.165818,3
9323,66000,387130000C,(04)23274275,(04)23288582,2025,5,24,17,10,臺中市,南屯區,0,0,0,7,,,60,,,,,,,,,,,,,,,,,,,B03,,,1,,1,,,84,84,1,6,4,120.623141,24.145201,3
9324,66000,387130000C,(04)23274275,(04)23288582,2025,5,24,17,10,臺中市,霧峰區,0,1,0,7,2,6,60,13,8,1,5,4,6,6,4,4,1,4,4,1,17,3,10,3,1,B03,7,7,1,8,2,16,,40,40,1,6,4,120.69391,24.049181,2
9325,66000,387130000C,(04)23274275,(04)23288582,2025,5,24,17,12,臺中市,北屯區,0,1,0,6,2,6,50,13,9,1,5,4,6,6,4,4,10,5,5,2,16,3,10,3,1,B03,7,6,1,8,2,4,,84,84,1,12,4,120.70264,24.18425,2
9326,66000,387130000C,(04)23274275,(04)23288582,2025,5,24,17,14,臺中市,沙鹿區,0,1,0,7,2,6,50,13,7,1,5,4,6,6,4,4,5,5,4,2,18,2,9,2,1,C03,7,9,1,10,2,12,,59,59,1,6,4,120.573608,24.215535,2
9327,66000,387130000C,(04)23274275,(04)23288582,2025,5,24,17,15,臺中市,東區,0,0,0,6,,,50,,,,,,,,,,,,,,,,,,,B01,,,1,,2,,,7,7,1,13,4,120.687676,24.138151,3
9328,66000,387130000C,(04)23274275,(04)23288582,2025,5,24,17,23,臺中市,大肚區,0,1,0,6,2,6,30,11,9,1,5,4,6,6,4,4,10,5,5,1,17,2,9,1,1,C03,7,9,1,10,2,11,,84,84,1,6,4,120.573035,24.163652,2
9329,66000,387130000C,(04)23274275,(04)23288582,2025,5,24,17,25,臺中市,北區,0,2,0,7,2,6,50,4,1,1,5,4,6,6,2,1,1,4,5,2,17,2,7,1,1,F03,7,5,7,21,9,11,,20,20,1,12,4,120.671277,24.173664,2
9330,66000,387130000C,(04)23274275,(04)23288582,2025,5,24,17,30,臺中市,沙鹿區,0,1,0,6,2,6,30,3,1,1,5,4,6,6,4,4,5,5,5,1,17,3,10,1,1,C03,7,6,1,10,2,16,,48,48,1,12,4,120.563424,24.236668,2
9331,66000,387130000C,(04)23274275,(04)23288582,2025,5,24,17,32,臺中市,西屯區,0,1,0,7,2,6,50,13,9,1,5,4,6,6,4,4,9,5,5,2,16,3,10,5,4,B03,7,6,1,8,2,5,,42,42,1,13,4,120.661606,24.170905,2
9332,66000,387130000C,(04)23274275,(04)23288582,2025,5,24,17,36,臺中市,南屯區,0,1,0,7,2,6,50,13,9,1,5,4,6,6,4,4,1,4,5,2,13,3,10,3,1,B03,7,9,1,8,1,1,,7,7,1,6,4,120.647597,24.124399,2
9333,66000,387130000C,(04)23274275,(04)23288582,2025,5,24,17,40,臺中市,清水區,0,0,0,7,2,6,50,,8,1,5,4,6,6,4,4,8,3,4,1,12,,,,,C03,,,1,,1,,,7,7,1,12,4,120.595521,24.302188,3
9334,66000,387130000C,(04)23274275,(04)23288582,2025,5,24,17,44,臺中市,北屯區,0,2,0,6,3,6,50,3,2,1,5,4,6,6,4,4,1,4,5,2,12,3,10,2,1,C03,7,9,3,19,2,15,,84,84,1,6,4,120.697089,24.170809,2
9335,66000,387130000C,(04)23274275,(04)23288582,2025,5,24,17,48,臺中市,龍井區,0,1,0,7,2,6,30,13,9,1,5,4,6,6,4,4,10,5,5,2,16,3,10,3,1,B03,7,1,1,8,2,1,,20,20,1,6,4,120.589756,24.180258,2
9336,66000,387130000C,(04)23274275,(04)23288582,2025,5,24,17,50,臺中市,潭子區,0,0,0,7,,,50,,,,,,,,,,,,,,13,,,,,B03,,,1,,2,,,58,58,1,12,4,120.673918,24.20885,3
9337,66000,387130000C,(04)23274275,(04)23288582,2025,5,24,17,50,臺中市,西屯區,0,0,0,7,,,50,,,,,,,,,,,,,,16,,,,,B03,,,1,,1,,,47,47,1,12,4,120.6525,24.15798,3
9338,66000,387130000C,(04)23274275,(04)23288582,2025,5,24,17,52,臺中市,豐原區,0,0,0,6,2,6,30,13,9,1,5,4,6,6,1,1,10,5,5,2,13,3,10,5,1,B03,7,9,3,19,6,1,,53,53,1,13,4,120.703586,24.251745,3
9339,66000,387130000C,(04)23274275,(04)23288582,2025,5,24,17,57,臺中市,北屯區,0,0,0,7,,,50,,,,,,,,,,,,,,12,,,,,C03,,,1,,1,,,59,59,1,6,4,120.676634,24.176919,3
9340,66000,387130000C,(04)23274275,(04)23288582,2025,5,24,18,0,臺中市,外埔區,0,0,0,7,3,6,40,11,9,1,4,4,6,1,4,4,10,4,5,1,11,3,10,1,1,C03,7,5,1,10,2,11,,84,84,1,6,4,120.686356,24.351594,3
9341,66000,387130000C,(04)23274275,(04)23288582,2025,5,24,18,3,臺中市,西屯區,0,1,0,7,1,6,40,5,1,1,5,4,6,6,2,1,1,3,1,2,12,2,8,5,4,C03,7,9,1,10,2,11,,8,8,1,13,4,120.643643,24.165818,2
9342,66000,387130000C,(04)23274275,(04)23288582,2025,5,24,18,4,臺中市,東區,0,0,0,7,,,50,,,,,,,,,,,,,,16,,,,,B03,,,1,,1,,,84,84,1,13,4,120.696893,24.142811,3
9343,66000,387130000C,(04)23274275,(04)23288582,2025,5,24,18,8,臺中市,南屯區,0,0,0,7,,,50,,,,,,,,,,,,,,,,,,,B03,,,1,,1,,,7,7,1,13,4,120.646665,24.152344,3
9344,66000,387130000C,(04)23274275,(04)23288582,2025,5,24,18,13,臺中市,清水區,0,1,0,7,3,6,30,4,1,1,5,4,6,6,4,4,10,5,5,2,15,2,7,2,1,C02,7,9,1,10,2,11,,20,20,1,12,4,120.547297,24.265926,2
9345,66000,387130000C,(04)23274275,(04)23288582,2025,5,24,18,14,臺中市,大里區,0,0,0,7,2,6,50,5,2,1,5,4,6,6,1,1,1,2,5,1,17,,,,,C03,,,1,,2,,,8,8,1,13,4,120.681016,24.104912,3
9346,66000,387130000C,(04)23274275,(04)23288582,2025,5,24,18,17,臺中市,西屯區,0,0,0,7,,,40,,,,,,,,,,,,,,13,,,,,C03,,,1,,1,,,7,7,1,12,4,120.657215,24.15916,4
9347,66000,387130000C,(04)23274275,(04)23288582,2025,5,24,18,20,臺中市,南屯區,0,0,0,7,,,50,,,,,,,,,,,,,,,,,,,B03,,,1,,1,,,59,59,1,6,4,120.650122,24.13658,4
9348,66000,387130000C,(04)23274275,(04)23288582,2025,5,24,18,26,臺中市,北屯區,0,1,0,7,1,6,50,4,2,1,5,4,6,6,2,1,9,5,4,1,12,2,9,1,1,C03,7,7,1,10,2,13,,34,34,1,12,4,120.690354,24.175458,2
9349,66000,387130000C,(04)23274275,(04)23288582,2025,5,24,18,26,臺中市,豐原區,0,0,0,7,,,50,,,,,,,,,,,,,,13,,,,,B01,,,1,,1,,,7,7,1,6,4,120.719422,24.242216,3
9350,66000,387130000C,(04)23274275,(04)23288582,2025,5,24,18,35,臺中市,南屯區,0,0,0,7,,,50,,,,,,,,,,,,,,,,,,,C03,,,1,,1,,,7,7,1,12,4,120.637068,24.139901,3
9351,66000,387130000C,(04)23274275,(04)23288582,2025,5,24,18,36,臺中市,南屯區,0,1,0,7,1,6,50,13,9,1,5,4,6,6,1,1,5,5,5,2,13,2,9,1,1,C03,7,9,1,10,2,11,,84,84,1,6,4,120.651572,24.147685,2
9352,66000,387130000C,(04)23274275,(04)23288582,2025,5,24,18,37,臺中市,南屯區,0,0,0,7,,,50,,,,,,,,,,,,,,,,,,,B03,,,1,,1,,,11,11,1,13,4,120.63675,24.135747,3
9353,66000,387130000C,(04)23274275,(04)23288582,2025,5,24,18,37,臺中市,烏日區,0,1,0,7,1,6,50,4,1,1,5,4,6,6,4,4,10,5,5,2,16,3,10,3,1,B03,7,6,1,8,2,6,,48,48,1,6,4,120.624485,24.103682,2
9354,66000,387130000C,(04)23274275,(04)23288582,2025,5,24,18,40,臺中市,北區,0,2,0,7,1,6,50,18,9,1,5,4,6,6,1,1,5,5,4,2,17,2,8,1,1,C04,7,1,1,10,2,14,,51,51,1,12,4,120.666112,24.159422,2
9355,66000,387130000C,(04)23274275,(04)23288582,2025,5,24,18,45,臺中市,北區,0,0,0,7,,,50,,,,,,,,,,,,,,12,,,,,B03,,,1,,2,2,,59,59,1,12,4,120.677976,24.160311,3
9356,66000,387130000C,(04)23274275,(04)23288582,2025,5,24,18,48,臺中市,中區,0,0,0,6,,,30,,,,,,,,,,,,,,12,,,,,C03,,,1,,1,,,84,84,1,12,4,120.682389,24.145813,3
9357,66000,387130000C,(04)23274275,(04)23288582,2025,5,24,18,49,臺中市,北屯區,0,0,0,7,,,0,,,,,,,,,,,,,,17,,,,,C03,,,1,,2,,,82,82,1,13,4,120.68613,24.179188,3
9358,66000,387130000C,(04)23274275,(04)23288582,2025,5,24,18,58,臺中市,大里區,0,1,0,7,1,6,50,13,9,1,5,4,6,6,4,4,5,4,5,1,16,3,10,5,4,B03,7,11,1,8,2,4,,39,39,1,12,4,120.690549,24.090769,2
9359,66000,387130000C,(04)23274275,(04)23288582,2025,5,24,19,0,臺中市,梧棲區,0,1,0,7,1,6,50,13,9,1,5,4,6,6,4,4,5,5,5,1,16,3,10,3,1,B03,7,1,1,8,2,8,,51,51,1,6,4,120.533156,24.231158,2
9360,66000,387130000C,(04)23274275,(04)23288582,2025,5,24,19,6,臺中市,西區,0,0,0,7,,,50,,,,,,,,,,,,,,,,,,,B03,,,1,,1,,,8,8,1,13,4,120.668243,24.130654,3
9361,66000,387130000C,(04)23274275,(04)23288582,2025,5,24,19,7,臺中市,中區,0,0,0,7,,,50,,,,,,,,,,,,,,,,,,,C03,,,5,,1,,,11,11,1,13,4,120.678754,24.147273,3
9362,66000,387130000C,(04)23274275,(04)23288582,2025,5,24,19,8,臺中市,東區,0,0,0,7,,,50,,,,,,,,,,,,,,17,,,,,,,,,,,,,86,86,1,,,120.688531,24.142985,3
9363,66000,387130000C,(04)23274275,(04)23288582,2025,5,24,19,9,臺中市,新社區,0,0,0,7,,,50,,,,,,,,,,,,,,,,,,,B03,,,1,,2,,,50,50,1,12,4,120.795959,24.216835,3
9364,66000,387130000C,(04)23274275,(04)23288582,2025,5,24,19,27,臺中市,東勢區,0,0,0,7,,,50,,,,,,,,,,,,,,,,,,,B03,,,1,,1,,,84,84,1,12,4,120.828076,24.255969,3
9365,66000,387130000C,(04)23274275,(04)23288582,2025,5,24,19,43,臺中市,龍井區,0,2,0,6,1,6,30,4,1,1,5,4,6,6,4,4,10,5,5,2,15,3,10,3,1,B03,7,9,1,8,2,5,,15,15,1,6,4,120.545589,24.2179,2
9366,66000,387130000C,(04)23274275,(04)23288582,2025,5,24,19,49,臺中市,太平區,0,0,0,7,,,40,,,,,,,,,,,,,,17,,,,,B03,,,1,,9,,,50,50,1,12,4,120.714953,24.125704,3
9367,66000,387130000C,(04)23274275,(04)23288582,2025,5,24,19,50,臺中市,北屯區,0,1,0,7,1,6,50,4,1,1,5,4,6,6,2,1,10,5,5,2,13,2,9,5,4,C03,7,9,1,10,1,11,,7,7,1,13,4,120.697719,24.170511,2
9368,66000,387130000C,(04)23274275,(04)23288582,2025,5,24,19,51,臺中市,豐原區,0,1,0,6,1,6,50,13,7,1,5,4,6,6,4,4,9,5,4,2,11,,,,,,,21,,,,,,86,86,2,,,120.702677,24.24351,2
9369,66000,387130000C,(04)23274275,(04)23288582,2025,5,24,19,52,臺中市,烏日區,0,1,0,7,1,6,40,13,17,1,5,4,6,6,4,4,10,5,5,2,13,2,1,3,1,B03,7,9,1,8,2,1,,7,7,1,6,4,120.618841,24.113378,2
9370,66000,387130000C,(04)23274275,(04)23288582,2025,5,24,20,0,臺中市,大雅區,0,0,0,7,,,50,,,,,,,,,,,,,,16,,,,,A05,,,1,,2,,,84,84,1,13,4,120.655934,24.249855,3
9371,66000,387130000C,(04)23274275,(04)23288582,2025,5,24,20,1,臺中市,南區,0,0,0,7,,,50,,,,,,,,,,,,,,18,,,,,C03,,,1,,1,,,82,82,1,13,4,120.64715,24.110805,4
9372,66000,387130000C,(04)23274275,(04)23288582,2025,5,24,20,1,臺中市,太平區,0,0,0,7,1,6,50,,,,,,,,,,,,,,,,,,,B02,,,1,,2,2,,50,50,1,12,4,120.715282,24.126827,3
9373,66000,387130000C,(04)23274275,(04)23288582,2025,5,24,20,4,臺中市,西屯區,0,0,0,7,,,30,,,,,,,,,,,,,,17,,,,,B03,,,1,,2,,,8,8,1,12,4,120.645834,24.17401,3
9374,66000,387130000C,(04)23274275,(04)23288582,2025,5,24,20,5,臺中市,豐原區,0,0,0,6,,,50,,,,,,,,,,,,,,,,,,,C03,,,3,,2,,,84,84,1,13,4,120.724062,24.260506,3
9375,66000,387130000C,(04)23274275,(04)23288582,2025,5,24,20,8,臺中市,沙鹿區,0,1,0,7,1,6,50,4,1,1,5,4,6,6,4,4,10,5,5,2,16,2,9,2,1,C03,7,6,1,10,2,12,,14,14,1,6,4,120.561051,24.242175,2
9376,66000,387130000C,(04)23274275,(04)23288582,2025,5,24,20,14,臺中市,潭子區,0,0,0,7,,,50,,,,,,,,,,,,,,,,,,,B03,,,1,,2,,,84,84,1,13,4,120.706453,24.200803,3
9377,66000,387130000C,(04)23274275,(04)23288582,2025,5,24,20,19,臺中市,北屯區,0,1,0,6,1,6,40,13,8,1,5,4,6,6,4,4,1,4,4,2,18,2,9,4,1,F01,7,9,7,21,2,14,,85,85,1,3,4,120.686033,24.184213,2
9378,66000,387130000C,(04)23274275,(04)23288582,2025,5,24,20,19,臺中市,西屯區,0,0,0,7,,,50,,,,,,,,,,,,,,14,,,,,B03,,,1,,1,,,49,49,1,13,4,120.636924,24.171244,3
9379,66000,387130000C,(04)23274275,(04)23288582,2025,5,24,20,20,臺中市,南屯區,0,0,0,7,,,50,,,,,,,,,,,,,,,,,,,C03,,,1,,1,,,7,7,1,6,4,120.64485,24.137967,4
9380,66000,387130000C,(04)23274275,(04)23288582,2025,5,24,20,20,臺中市,北屯區,0,0,0,7,,,50,,,,,,,,,,,,,,13,,,,,B03,,,1,,1,,,82,82,1,6,4,120.718203,24.163268,3
9381,66000,387130000C,(04)23274275,(04)23288582,2025,5,24,20,28,臺中市,潭子區,0,0,0,7,,,40,,,,,,,,,,,,,,15,,,,,B03,,,1,,2,,,24,24,1,12,4,120.701795,24.192054,3
9382,66000,387130000C,(04)23274275,(04)23288582,2025,5,24,20,33,臺中市,南屯區,0,0,0,7,,,50,,,,,,,,,,,,,,17,,,,,B03,,,1,,2,,,8,8,1,12,4,120.645313,24.13875,3
9383,66000,387130000C,(04)23274275,(04)23288582,2025,5,24,20,35,臺中市,北區,0,0,0,7,,,30,,,,,,,,,,,,,,14,,,,,B03,,,1,,2,,,49,49,1,13,4,120.671171,24.167924,3
9384,66000,387130000C,(04)23274275,(04)23288582,2025,5,24,20,52,臺中市,南屯區,0,0,0,7,,,50,,,,,,,,,,,,,,,,,,,B03,,,1,,1,,,84,84,1,13,4,120.606865,24.132818,3
9385,66000,387130000C,(04)23274275,(04)23288582,2025,5,24,20,53,臺中市,中區,0,0,0,7,,,50,,,,,,,,,,,,,,,,,,,B03,,,1,,2,,,51,51,1,12,4,120.684341,24.139225,3
9386,66000,387130000C,(04)23274275,(04)23288582,2025,5,24,21,15,臺中市,南屯區,0,0,0,7,,,50,,,,,,,,,,,,,,,,,,,C03,,,1,,1,,,50,50,1,12,4,120.643846,24.1488,3
9387,66000,387130000C,(04)23274275,(04)23288582,2025,5,24,21,25,臺中市,北區,0,2,0,7,1,6,50,4,1,1,5,4,6,6,1,1,1,4,5,2,17,2,9,1,1,F01,7,15,7,21,2,11,,84,84,1,12,4,120.668112,24.17338,2
9388,66000,387130000C,(04)23274275,(04)23288582,2025,5,24,21,34,臺中市,西屯區,0,1,0,7,1,6,40,3,1,1,5,4,6,6,1,1,10,5,5,2,13,2,9,1,1,C03,7,9,1,10,2,11,,7,7,1,12,4,120.657214,24.162633,2
9389,66000,387130000C,(04)23274275,(04)23288582,2025,5,24,21,37,臺中市,太平區,0,0,0,7,,,50,,,,,,,,,,,,,,17,,,,,B12,,,1,,9,,,49,49,1,12,4,120.718685,24.122055,3
9390,66000,387130000C,(04)23274275,(04)23288582,2025,5,24,21,38,臺中市,豐原區,0,1,0,6,1,6,50,13,9,1,5,4,6,6,4,4,5,4,5,1,12,3,10,3,1,B02,7,9,1,8,2,5,,7,7,1,12,4,120.722521,24.236757,2
9391,66000,387130000C,(04)23274275,(04)23288582,2025,5,24,21,50,臺中市,南屯區,0,0,0,7,1,6,50,13,9,1,5,4,6,6,4,4,9,5,5,,14,,,,,B03,,,1,,1,,,49,49,1,12,4,120.652827,24.134387,3