序號,縣市別代碼,機關代碼,市話,傳真,年,月,日,時,分,縣市,區,死亡數量,受傷數量,2-30,天候,道路照明設備,道路類別,道路速限,道路型態,事故位置,路面鋪裝,路面狀態,路面缺陷,障礙物,視距,號誌種類,號誌動作,分向設施,快車道或一般車道間,快慢車道間,路面邊線,事故類型及型態,受傷程度,主要傷處,保護裝備,行動電話或功能裝置,當事者區分(類別),車輛用途,當事者行動狀態,駕照狀態,駕照種類,飲酒情形,車輛撞擊部位最初,車輛撞擊部位其他,肇事因素個別,肇事因素主要,肇事逃逸,職業,共享經濟或外送平台,GPS座標X,GPS座標Y,事故類別
9615,66000,387130000C,(04)23274275,(04)23288582,2025,5,25,20,38,臺中市,北區,0,1,0,7,1,6,50,4,1,1,5,4,6,6,4,4,10,5,5,2,15,2,8,1,1,C03,7,9,1,10,2,12,,65,65,1,12,4,120.680996,24.153491,2
9616,66000,387130000C,(04)23274275,(04)23288582,2025,5,25,20,40,臺中市,東區,0,0,0,7,,,50,,,,,,,,,,,,,,17,,,,,,,,,,,,,119,119,1,,,120.70957,24.149207,4
9617,66000,387130000C,(04)23274275,(04)23288582,2025,5,25,20,49,臺中市,沙鹿區,0,0,0,7,,,50,,,,,,,,,,,,,,,,,,,A11,,,1,,2,,,49,49,1,6,4,120.574285,24.222119,3
9618,66000,387130000C,(04)23274275,(04)23288582,2025,5,25,20,50,臺中市,南屯區,0,0,0,7,,,50,,,,,,,,,,,,,,,,,,,B03,,,1,,10,,,59,59,1,12,4,120.645456,24.149941,3
9619,66000,387130000C,(04)23274275,(04)23288582,2025,5,25,20,54,臺中市,后里區,0,0,0,7,,,50,,,,,,,,,,,,,,12,,,,,,,,,,,,,86,86,2,,,120.684147,24.309443,3
9620,66000,387130000C,(04)23274275,(04)23288582,2025,5,25,20,55,臺中市,西屯區,0,1,0,7,1,6,30,3,1,1,5,4,6,6,4,4,10,5,5,2,16,2,9,5,4,C03,7,6,1,10,2,11,,14,14,1,13,4,120.648309,24.17487,2
9621,66000,387130000C,(04)23274275,(04)23288582,2025,5,25,20,59,臺中市,南區,0,0,0,7,,,50,,,,,,,,,,,,,,12,,,,,C03,,,1,,2,,,7,7,1,12,4,120.65659,24.119276,3
9622,66000,387130000C,(04)23274275,(04)23288582,2025,5,25,21,2,臺中市,南屯區,0,0,0,7,,,50,,,,,,,,,,,,,,,,,,,B12,,,1,,2,,,47,47,1,13,4,120.637742,24.148314,3
9623,66000,387130000C,(04)23274275,(04)23288582,2025,5,25,21,14,臺中市,龍井區,0,2,0,7,1,6,50,4,1,1,5,4,6,6,1,1,10,5,5,2,16,2,9,1,1,C03,7,6,1,10,2,12,,11,11,1,6,4,120.549603,24.213486,2
9624,66000,387130000C,(04)23274275,(04)23288582,2025,5,25,21,28,臺中市,太平區,0,2,0,7,3,6,30,13,9,1,5,4,6,6,4,4,10,5,5,1,18,2,9,2,1,C03,7,9,1,10,2,12,,84,84,1,12,4,120.775498,24.095089,2
9625,66000,387130000C,(04)23274275,(04)23288582,2025,5,25,21,29,臺中市,西屯區,0,1,0,7,1,6,50,4,1,1,5,4,6,6,1,1,10,5,5,2,17,2,9,1,4,C03,7,9,1,10,2,11,,21,21,1,13,4,120.642153,24.16443,2
9626,66000,387130000C,(04)23274275,(04)23288582,2025,5,25,21,33,臺中市,沙鹿區,0,0,0,7,,,50,,,,,,,,,,,,,,,,,,,B03,,,1,,1,,,50,50,1,12,4,120.569059,24.214151,3
9627,66000,387130000C,(04)23274275,(04)23288582,2025,5,25,21,40,臺中市,大甲區,0,1,0,7,1,6,50,5,2,1,5,4,6,6,1,1,5,5,5,1,18,2,8,2,1,C03,7,9,1,8,2,12,,59,59,1,6,4,120.622446,24.356553,2
9628,66000,387130000C,(04)23274275,(04)23288582,2025,5,25,21,42,臺中市,西屯區,0,0,0,7,,,40,,,,,,,,,,,,,,17,,,,,B03,,,1,,2,,,8,8,1,13,4,120.64246,24.17811,3
9629,66000,387130000C,(04)23274275,(04)23288582,2025,5,25,22,6,臺中市,大里區,0,0,0,7,1,6,50,13,7,1,5,4,6,6,4,4,5,5,4,2,13,,,,,C03,,,1,,2,,,7,7,1,13,4,120.678751,24.095115,3
9630,66000,387130000C,(04)23274275,(04)23288582,2025,5,25,22,14,臺中市,東區,0,0,0,7,,,50,,,,,,,,,,,,,,16,,,,,B03,,,1,,1,,,47,47,1,6,4,120.710298,24.140807,3
9631,66000,387130000C,(04)23274275,(04)23288582,2025,5,25,22,20,臺中市,南屯區,0,0,0,7,,,50,,,,,,,,,,,,,,,,,,,C03,,,1,,1,,,45,45,1,12,4,120.651016,24.133445,3
9632,66000,387130000C,(04)23274275,(04)23288582,2025,5,25,22,30,臺中市,南屯區,0,0,0,7,1,6,50,13,9,1,5,4,6,6,1,1,5,2,5,2,13,,,,,C03,,,1,,1,,,7,7,1,12,4,120.649991,24.13204,3
9633,66000,387130000C,(04)23274275,(04)23288582,2025,5,25,22,36,臺中市,太平區,0,1,0,7,1,6,50,13,8,1,5,4,6,6,4,4,5,4,4,2,17,2,9,2,1,C03,7,9,1,10,2,11,,58,58,1,13,4,120.712586,24.159163,2
9634,66000,387130000C,(04)23274275,(04)23288582,2025,5,25,22,40,臺中市,西屯區,0,1,0,7,1,6,50,13,9,1,5,4,6,6,4,4,5,5,5,2,13,2,3,5,4,B03,7,9,1,7,2,1,,59,59,1,12,4,120.624503,24.17721,2
9635,66000,387130000C,(04)23274275,(04)23288582,2025,5,25,23,0,臺中市,沙鹿區,0,1,0,7,1,6,50,3,2,1,5,4,6,6,3,1,5,5,5,1,18,2,8,2,1,C03,7,5,1,10,8,12,,53,53,1,6,4,120.556823,24.239381,2
9636,66000,387130000C,(04)23274275,(04)23288582,2025,5,25,23,3,臺中市,南區,0,2,0,7,1,6,50,4,2,1,5,4,6,6,1,1,10,5,5,2,17,3,10,5,4,C03,7,9,3,19,2,14,,7,7,1,12,4,120.650576,24.120293,2
9637,66000,387130000C,(04)23274275,(04)23288582,2025,5,25,23,12,臺中市,東區,0,2,0,7,1,6,50,13,9,1,5,4,6,6,4,4,5,5,5,2,3,2,9,6,5,H01,8,16,7,21,10,17,,95,95,1,13,5,120.679823,24.132962,2
9638,66000,387130000C,(04)23274275,(04)23288582,2025,5,25,23,20,臺中市,豐原區,0,1,0,7,1,6,50,3,1,1,5,4,6,6,1,1,10,5,5,2,16,3,10,5,4,B03,7,6,1,8,2,1,,11,11,1,6,4,120.727896,24.254893,2
9639,66000,387130000C,(04)23274275,(04)23288582,2025,5,25,23,30,臺中市,北屯區,0,0,0,7,,,50,,,,,,,,,,,,,,9,,,,,C03,,,1,,1,,,84,84,1,6,4,120.672648,24.174234,3
9640,66000,387130000C,(04)23274275,(04)23288582,2025,5,25,23,31,臺中市,南屯區,0,1,0,7,2,6,50,4,2,1,5,4,6,6,2,1,5,4,5,2,16,2,9,2,1,C03,7,6,1,10,2,11,,39,39,1,13,4,120.649971,24.136737,2
9641,66000,387130000C,(04)23274275,(04)23288582,2025,5,25,23,38,臺中市,西區,0,1,0,7,1,6,50,4,1,1,5,4,6,6,1,1,10,5,5,2,17,3,10,2,1,C03,7,4,1,10,2,12,,1,1,1,12,4,120.665268,24.146718,2
9642,66000,387130000C,(04)23274275,(04)23288582,2025,5,26,0,17,臺中市,北屯區,0,1,0,6,1,6,50,4,1,1,5,4,6,6,3,1,10,5,5,2,15,2,9,2,1,C03,7,9,1,10,2,11,,24,24,1,5,4,120.708458,24.169628,2
9643,66000,387130000C,(04)23274275,(04)23288582,2025,5,26,0,26,臺中市,北區,0,0,0,7,,,50,,,,,,,,,,,,,,17,,,,,B03,,,1,,1,,,7,7,1,13,4,120.675225,24.163174,4
9644,66000,387130000C,(04)23274275,(04)23288582,2025,5,26,0,33,臺中市,南屯區,0,1,0,7,2,6,50,3,1,1,5,4,6,6,4,4,10,5,5,2,17,3,10,3,1,B03,7,5,1,8,2,5,,42,42,1,12,4,120.652992,24.143001,2
9645,66000,387130000C,(04)23274275,(04)23288582,2025,5,26,0,40,臺中市,豐原區,0,0,0,7,,,50,,,,,,,,,,,,,,14,,,,,B03,,,1,,9,,,49,49,1,12,4,120.726199,24.240978,3
9646,66000,387130000C,(04)23274275,(04)23288582,2025,5,26,1,0,臺中市,大肚區,0,0,0,6,,,50,,,,,,,,,,,,,,17,,,,,A42,,,1,,2,,,51,51,1,6,4,120.570529,24.160103,3
9647,66000,387130000C,(04)23274275,(04)23288582,2025,5,26,2,35,臺中市,北屯區,0,0,0,7,,,40,,,,,,,,,,,,,,17,,,,,B03,,,1,1,9,,,49,49,1,6,4,120.729398,24.16921,4
9648,66000,387130000C,(04)23274275,(04)23288582,2025,5,26,4,59,臺中市,北區,0,0,0,7,,,30,,,,,,,,,,,,,,17,,,,,B03,,,1,,1,,,8,8,1,13,4,120.672873,24.171099,3
9649,66000,387130000C,(04)23274275,(04)23288582,2025,5,26,5,53,臺中市,神岡區,0,2,0,6,2,6,50,13,9,1,5,4,6,6,4,4,5,5,5,2,13,2,8,1,1,C03,7,9,1,10,2,11,,59,59,1,12,4,120.698023,24.235833,2
9650,66000,387130000C,(04)23274275,(04)23288582,2025,5,26,5,54,臺中市,龍井區,0,0,0,6,,,30,,,,,,,,,,,,,,16,,,,,B12,,,1,,2,,,24,24,1,7,4,120.577744,24.186533,3
9651,66000,387130000C,(04)23274275,(04)23288582,2025,5,26,6,20,臺中市,北屯區,0,0,0,7,,,50,,,,,,,,,,,,,,9,,,,,B03,,,1,,1,,,12,12,1,6,4,120.667851,24.17931,3
9652,66000,387130000C,(04)23274275,(04)23288582,2025,5,26,6,26,臺中市,潭子區,0,1,0,5,2,6,30,3,2,1,4,4,6,6,4,4,10,5,5,1,18,2,9,2,1,C03,7,6,1,10,2,16,,85,85,1,13,4,120.700723,24.207115,2
9653,66000,387130000C,(04)23274275,(04)23288582,2025,5,26,6,29,臺中市,北屯區,0,3,0,5,3,6,50,13,9,1,4,4,6,6,4,4,5,4,5,2,11,2,9,3,1,B03,7,9,1,8,2,1,,26,26,1,6,4,120.775487,24.198594,2
9654,66000,387130000C,(04)23274275,(04)23288582,2025,5,26,6,47,臺中市,西屯區,0,1,0,7,2,6,50,4,2,1,5,4,6,6,2,1,4,3,5,2,9,3,10,5,4,A02,7,12,1,2,2,16,,84,84,1,13,4,120.637283,24.173182,2
9655,66000,387130000C,(04)23274275,(04)23288582,2025,5,26,6,56,臺中市,外埔區,0,0,0,7,3,6,50,11,9,1,5,4,6,6,4,4,5,5,5,1,11,3,10,3,1,A42,7,9,1,8,2,4,,4,4,1,6,4,120.63581,24.330758,3
9656,66000,387130000C,(04)23274275,(04)23288582,2025,5,26,7,2,臺中市,烏日區,0,1,0,6,2,6,50,13,9,1,5,4,6,6,3,1,5,5,5,2,13,2,8,1,1,C03,7,9,1,10,2,11,12,84,84,1,6,4,120.614175,24.108672,2
9657,66000,387130000C,(04)23274275,(04)23288582,2025,5,26,7,6,臺中市,北區,0,1,0,6,2,6,50,4,1,1,5,4,6,6,1,1,10,5,5,2,15,3,10,3,1,B03,7,9,1,8,2,2,,21,21,1,13,4,120.67192,24.171681,2
9658,66000,387130000C,(04)23274275,(04)23288582,2025,5,26,7,10,臺中市,太平區,0,1,0,6,2,6,50,3,2,1,5,4,6,6,4,4,5,4,5,1,17,3,10,5,4,B03,7,1,1,8,2,8,,51,51,1,6,4,120.715866,24.148066,2
9659,66000,387130000C,(04)23274275,(04)23288582,2025,5,26,7,10,臺中市,沙鹿區,0,1,0,7,2,9,30,11,9,1,5,4,6,6,4,4,10,5,5,2,18,2,9,2,1,C03,7,9,1,10,2,14,,84,84,1,12,4,120.595742,24.228205,2
9660,66000,387130000C,(04)23274275,(04)23288582,2025,5,26,7,14,臺中市,沙鹿區,0,1,0,7,3,6,50,4,2,1,5,4,6,6,4,4,5,5,5,2,16,2,8,2,1,C03,7,6,1,10,2,14,,48,48,1,12,4,120.564167,24.20661,2
9661,66000,387130000C,(04)23274275,(04)23288582,2025,5,26,7,20,臺中市,西屯區,0,0,0,7,,,30,,,,,,,,,,,,,,14,,,,,B03,,,1,,1,,,49,49,1,13,4,120.647469,24.181995,3
9662,66000,387130000C,(04)23274275,(04)23288582,2025,5,26,7,21,臺中市,龍井區,0,2,0,6,3,6,40,13,8,1,5,4,1,6,4,4,1,4,1,2,13,2,8,1,1,C03,7,9,1,10,2,11,,7,7,1,6,4,120.532985,24.220736,2
9663,66000,387130000C,(04)23274275,(04)23288582,2025,5,26,7,22,臺中市,西屯區,0,1,0,7,2,6,60,13,7,1,5,4,6,6,4,4,1,4,1,2,13,3,10,3,1,B03,7,9,1,8,1,1,,7,7,1,12,4,120.647307,24.16395,2
9664,66000,387130000C,(04)23274275,(04)23288582,2025,5,26,7,25,臺中市,大里區,0,1,0,7,2,6,50,5,1,1,5,4,6,6,1,1,10,5,5,2,13,2,9,2,1,C03,7,9,1,10,2,11,,7,7,1,12,4,120.690613,24.113139,2
9665,66000,387130000C,(04)23274275,(04)23288582,2025,5,26,7,27,臺中市,南屯區,0,0,0,7,,,50,,,,,,,,,,,,,,13,,,,,C03,,,1,,1,,,7,7,1,12,4,120.641721,24.141238,3
9666,66000,387130000C,(04)23274275,(04)23288582,2025,5,26,7,30,臺中市,大里區,0,0,0,6,,,50,,,,,,,,,,,,,,17,,,,,B03,,,1,,2,,,84,84,1,12,4,120.691635,24.100462,3
9667,66000,387130000C,(04)23274275,(04)23288582,2025,5,26,7,31,臺中市,南屯區,0,0,0,6,,,60,,,,,,,,,,,,,,12,,,,,B03,,,1,,1,,,42,42,1,12,4,120.642492,24.138431,3
9668,66000,387130000C,(04)23274275,(04)23288582,2025,5,26,7,32,臺中市,大雅區,0,1,0,6,3,6,50,3,1,1,4,4,6,6,3,1,10,5,5,2,18,2,9,2,1,C03,7,9,1,10,2,14,,84,84,1,12,4,120.673079,24.231382,2
9669,66000,387130000C,(04)23274275,(04)23288582,2025,5,26,7,32,臺中市,大雅區,0,2,0,7,3,6,50,3,1,1,5,4,6,6,1,1,9,4,4,1,11,2,9,1,1,C03,7,6,1,10,1,12,,11,11,1,13,4,120.649755,24.222583,2
9670,66000,387130000C,(04)23274275,(04)23288582,2025,5,26,7,34,臺中市,西屯區,0,1,0,7,2,6,60,4,1,1,5,4,6,6,2,1,5,4,5,2,16,3,10,3,1,B02,7,5,6,20,2,6,,11,11,1,12,4,120.636647,24.171177,2
9671,66000,387130000C,(04)23274275,(04)23288582,2025,5,26,7,36,臺中市,龍井區,0,1,0,6,2,6,50,4,1,1,5,4,6,6,4,4,10,5,5,2,17,3,10,2,1,C03,7,6,1,10,2,16,,14,14,1,6,4,120.583139,24.182222,2
9672,66000,387130000C,(04)23274275,(04)23288582,2025,5,26,7,37,臺中市,南區,0,0,0,7,,,30,,,,,,,,,,,,,,12,,,,,B03,,,1,,2,,,50,50,1,6,4,120.656569,24.116714,3
9673,66000,387130000C,(04)23274275,(04)23288582,2025,5,26,7,37,臺中市,豐原區,0,0,0,6,,,50,,,,,,,,,,,,,,13,,,,,A12,,,1,,2,,,59,59,1,13,4,120.714341,24.252082,3
9674,66000,387130000C,(04)23274275,(04)23288582,2025,5,26,7,40,臺中市,潭子區,0,1,0,6,3,6,30,3,2,1,5,4,6,6,4,4,5,5,5,1,17,3,10,2,1,C03,7,6,1,10,2,14,,4,4,1,13,4,120.673513,24.206038,2
9675,66000,387130000C,(04)23274275,(04)23288582,2025,5,26,7,42,臺中市,西屯區,0,0,0,7,,,40,,,,,,,,,,,,,,13,,,,,C03,,,1,,1,,,8,8,1,12,4,120.64754,24.155677,3
9676,66000,387130000C,(04)23274275,(04)23288582,2025,5,26,7,42,臺中市,后里區,0,0,0,6,,,50,,,,,,,,,,,,,,14,,,,,B03,,,1,,2,,,49,49,1,13,4,120.709616,24.308701,3
9677,66000,387130000C,(04)23274275,(04)23288582,2025,5,26,7,45,臺中市,北區,0,0,0,7,,,50,,,,,,,,,,,,,,13,,,,,B03,,,1,,1,,,40,40,1,12,4,120.672892,24.167214,3
9678,66000,387130000C,(04)23274275,(04)23288582,2025,5,26,7,45,臺中市,沙鹿區,0,1,0,6,2,6,50,11,9,1,5,4,6,6,4,4,5,5,5,2,17,2,9,1,1,C03,7,9,3,19,2,12,11,82,82,1,12,4,120.590607,24.244449,2
9679,66000,387130000C,(04)23274275,(04)23288582,2025,5,26,7,52,臺中市,烏日區,0,2,0,7,2,6,50,13,7,1,5,4,6,6,4,4,9,5,4,2,17,2,9,2,1,C03,7,1,1,10,2,11,,51,51,1,6,4,120.626951,24.107823,2
9680,66000,387130000C,(04)23274275,(04)23288582,2025,5,26,7,52,臺中市,神岡區,0,1,0,6,2,6,50,4,1,1,5,4,6,6,1,1,10,5,5,2,16,2,8,1,1,C03,7,6,1,10,2,13,,1,1,1,12,4,120.699541,24.25103,2
9681,66000,387130000C,(04)23274275,(04)23288582,2025,5,26,7,54,臺中市,南屯區,0,0,0,6,,,50,,,,,,,,,,,,,,13,,,,,C03,,,1,,2,,,7,7,1,6,4,120.623855,24.141063,3
9682,66000,387130000C,(04)23274275,(04)23288582,2025,5,26,7,55,臺中市,西屯區,0,2,0,6,2,6,50,5,1,1,5,4,6,6,2,1,10,5,5,2,16,2,8,2,4,C03,7,5,1,10,2,12,,11,11,1,13,4,120.6549,24.196245,2
9683,66000,387130000C,(04)23274275,(04)23288582,2025,5,26,7,57,臺中市,神岡區,0,2,0,6,1,6,50,4,1,1,5,4,6,6,1,1,1,5,5,1,15,2,9,1,4,C03,7,9,1,10,2,12,,85,85,1,12,4,120.699015,24.272128,2
9684,66000,387130000C,(04)23274275,(04)23288582,2025,5,26,7,59,臺中市,南區,0,0,0,7,,,50,,,,,,,,,,,,,,,,,,,B03,,,1,,1,,,7,7,1,6,4,120.653659,24.113755,3
9685,66000,387130000C,(04)23274275,(04)23288582,2025,5,26,8,0,臺中市,沙鹿區,0,1,0,7,2,6,50,3,9,1,5,4,6,6,4,4,4,3,4,2,16,3,10,3,1,B03,7,1,1,8,2,8,,51,51,1,12,4,120.571039,24.207632,2
9686,66000,387130000C,(04)23274275,(04)23288582,2025,5,26,8,2,臺中市,北屯區,0,0,0,6,,,50,,,,,,,,,,,,,,13,,,,,F03,,,1,,1,,,7,7,1,5,4,120.707829,24.181378,3
9687,66000,387130000C,(04)23274275,(04)23288582,2025,5,26,8,3,臺中市,潭子區,0,2,0,6,3,6,50,4,1,1,5,4,6,6,1,1,5,4,4,2,17,2,8,2,1,C03,7,11,3,19,2,12,,39,39,1,13,4,120.710792,24.213104,2
9688,66000,387130000C,(04)23274275,(04)23288582,2025,5,26,8,7,臺中市,北區,0,0,0,7,,,50,,,,,,,,,,,,,,17,,,,,B03,,,1,,1,,,42,42,1,13,4,120.674164,24.165314,3
9689,66000,387130000C,(04)23274275,(04)23288582,2025,5,26,8,10,臺中市,北屯區,0,2,0,7,3,6,50,4,1,1,5,4,6,6,1,1,10,5,5,2,15,2,9,2,1,C03,7,9,1,10,2,12,,21,21,1,12,4,120.69338,24.180048,2
9690,66000,387130000C,(04)23274275,(04)23288582,2025,5,26,8,13,臺中市,南區,0,0,0,7,,,50,,,,,,,,,,,,,,17,,,,,C03,,,1,,1,,,85,85,1,12,4,120.670047,24.126452,4
9691,66000,387130000C,(04)23274275,(04)23288582,2025,5,26,8,15,臺中市,南屯區,0,1,0,7,2,6,50,4,1,1,5,4,6,6,2,1,1,4,1,2,16,3,10,3,1,B03,7,5,1,8,2,2,,22,22,1,12,4,120.623126,24.149813,2
9692,66000,387130000C,(04)23274275,(04)23288582,2025,5,26,8,15,臺中市,清水區,0,1,0,7,3,6,70,4,1,1,5,4,6,6,4,4,1,4,4,1,16,3,10,3,1,B03,7,5,1,10,2,2,,11,11,1,12,4,120.565071,24.266605,2
9693,66000,387130000C,(04)23274275,(04)23288582,2025,5,26,8,17,臺中市,東區,0,1,0,7,3,6,50,4,1,1,5,4,6,6,1,1,1,5,5,2,11,3,10,3,1,B03,7,11,1,8,2,5,,45,45,1,6,4,120.689507,24.138868,2
9694,66000,387130000C,(04)23274275,(04)23288582,2025,5,26,8,19,臺中市,東區,0,1,0,7,3,6,50,4,9,1,5,4,6,6,2,1,5,5,5,2,15,3,10,5,4,B03,7,9,1,8,2,5,,21,21,1,6,4,120.69714,24.13319,2
9695,66000,387130000C,(04)23274275,(04)23288582,2025,5,26,8,19,臺中市,東區,0,0,0,7,,,50,,,,,,,,,,,,,,11,,,,,B12,,,1,,1,,,8,8,1,6,4,120.709939,24.147481,3
9696,66000,387130000C,(04)23274275,(04)23288582,2025,5,26,8,20,臺中市,西屯區,0,0,0,7,,,50,,,,,,,,,,,,,,13,,,,,B03,,,1,,1,,,59,59,1,13,4,120.616891,24.188607,3
9697,66000,387130000C,(04)23274275,(04)23288582,2025,5,26,8,22,臺中市,潭子區,0,0,0,7,,,30,,,,,,,,,,,,,,,,,,,C03,,,1,,2,,,13,13,1,13,4,120.703216,24.215066,3
9698,66000,387130000C,(04)23274275,(04)23288582,2025,5,26,8,22,臺中市,北區,0,0,0,7,,,50,,,,,,,,,,,,,,17,,,,,C03,,,1,,1,,,7,7,1,13,4,120.683491,24.148535,3
9699,66000,387130000C,(04)23274275,(04)23288582,2025,5,26,8,22,臺中市,西屯區,0,0,0,6,,,50,,,,,,,,,,,,,,13,,,,,C03,,,1,,1,,,7,7,1,12,4,120.613608,24.173429,3
9700,66000,387130000C,(04)23274275,(04)23288582,2025,5,26,8,23,臺中市,烏日區,0,0,0,7,,,50,,,,,,,,,,,,,,17,,,,,A12,,,1,,1,,,8,8,1,6,4,120.649725,24.107119,3
9701,66000,387130000C,(04)23274275,(04)23288582,2025,5,26,8,24,臺中市,大里區,0,1,0,7,2,6,50,13,9,1,5,4,6,6,4,4,9,4,5,1,17,2,9,1,1,C03,7,9,1,10,2,16,,84,84,1,12,4,120.700872,24.122576,2
9702,66000,387130000C,(04)23274275,(04)23288582,2025,5,26,8,25,臺中市,太平區,0,0,0,7,,,50,,,,,,,,,,,,,,,,,,,C03,,,1,,10,,,85,85,1,12,4,120.748979,24.124958,3
9703,66000,387130000C,(04)23274275,(04)23288582,2025,5,26,8,29,臺中市,烏日區,0,1,0,7,2,6,50,13,7,1,5,4,6,6,4,4,5,4,4,2,17,4,11,2,1,C03,7,1,1,10,8,11,,51,51,1,6,4,120.643043,24.077868,2
9704,66000,387130000C,(04)23274275,(04)23288582,2025,5,26,8,30,臺中市,大里區,0,0,0,7,,,50,,,,,,,,,,,,,,,,,,,B03,,,1,,2,,,59,59,1,13,4,120.716976,24.096212,3
9705,66000,387130000C,(04)23274275,(04)23288582,2025,5,26,8,30,臺中市,東勢區,0,0,0,7,,,50,,,,,,,,,,,,,,2,,,,,A11,,,1,,2,,,84,84,1,12,4,120.824458,24.258016,3
9706,66000,387130000C,(04)23274275,(04)23288582,2025,5,26,8,31,臺中市,西屯區,0,0,0,7,,,30,,,,,,,,,,,,,,,,,,,B12,,,1,,9,,,8,8,1,12,4,120.656761,24.207449,3
9707,66000,387130000C,(04)23274275,(04)23288582,2025,5,26,8,31,臺中市,西屯區,0,0,0,7,,,60,,,,,,,,,,,,,,,,,,,B03,,,1,,2,,,50,50,1,12,4,120.653265,24.16531,3
9708,66000,387130000C,(04)23274275,(04)23288582,2025,5,26,8,35,臺中市,北區,0,0,0,7,,,50,,,,,,,,,,,,,,17,,,,,B03,,,1,,1,,,59,59,1,13,4,120.677488,24.161138,3
9709,66000,387130000C,(04)23274275,(04)23288582,2025,5,26,8,35,臺中市,大里區,0,0,0,6,,,50,,,,,,,,,,,,,,17,,,,,B01,,,1,,2,,,7,7,1,12,4,120.692095,24.101792,3
9710,66000,387130000C,(04)23274275,(04)23288582,2025,5,26,8,40,臺中市,潭子區,0,0,0,7,,,50,,,,,,,,,,,,,,,,,,,B03,,,1,,2,,,26,26,1,12,4,120.709422,24.200329,3
9711,66000,387130000C,(04)23274275,(04)23288582,2025,5,26,8,43,臺中市,霧峰區,0,1,0,6,3,6,40,13,9,1,5,4,6,6,4,4,1,5,5,1,23,2,9,2,1,C03,7,9,1,10,2,14,,84,84,1,13,4,120.672484,24.042527,2
9712,66000,387130000C,(04)23274275,(04)23288582,2025,5,26,8,44,臺中市,太平區,0,1,0,6,2,6,50,13,9,1,5,4,6,6,4,4,5,5,5,1,13,3,10,5,4,B03,7,9,1,8,2,1,,7,7,1,6,4,120.722817,24.142202,2
9713,66000,387130000C,(04)23274275,(04)23288582,2025,5,26,8,45,臺中市,北屯區,0,0,0,7,,,40,,,,,,,,,,,,,,12,,,,,C03,,,1,10,1,,,8,8,1,12,4,120.696172,24.164933,3
9714,66000,387130000C,(04)23274275,(04)23288582,2025,5,26,8,49,臺中市,西區,0,1,0,6,2,6,50,4,2,1,5,4,6,6,2,1,1,4,4,1,13,2,9,2,1,C03,7,12,1,10,2,11,,7,7,1,13,4,120.671996,24.146246,2
9715,66000,387130000C,(04)23274275,(04)23288582,2025,5,26,8,50,臺中市,后里區,0,0,0,6,,,30,,,,,,,,,,,,,,14,,,,,C03,,,1,,2,,,49,49,1,6,4,120.710366,24.303728,3
9716,66000,387130000C,(04)23274275,(04)23288582,2025,5,26,8,54,臺中市,南屯區,0,0,0,6,,,50,,,,,,,,,,,,,,17,,,,,B02,,,1,,1,,,59,59,1,6,4,120.635226,24.153625,3
9717,66000,387130000C,(04)23274275,(04)23288582,2025,5,26,8,55,臺中市,西屯區,0,0,0,6,,,30,,,,,,,,,,,,,,12,,,,,B12,,,1,,1,,,43,43,1,6,4,120.618043,24.179885,3
9718,66000,387130000C,(04)23274275,(04)23288582,2025,5,26,8,56,臺中市,大里區,0,0,0,7,2,6,50,3,,1,5,4,6,6,4,4,10,5,5,2,12,3,10,2,1,C03,7,9,1,10,2,12,,51,51,1,12,4,120.681358,24.101839,3
9719,66000,387130000C,(04)23274275,(04)23288582,2025,5,26,8,57,臺中市,西區,0,1,0,7,2,6,50,3,2,1,5,4,6,6,4,4,5,4,5,2,17,3,10,2,1,C03,7,15,1,10,2,12,,84,84,1,12,4,120.679212,24.13808,2
9720,66000,387130000C,(04)23274275,(04)23288582,2025,5,26,8,58,臺中市,西屯區,0,0,0,7,,,50,,,,,,,,,,,,,,12,,,,,B03,,,1,,1,,,35,35,1,12,4,120.639197,24.174744,3
9721,66000,387130000C,(04)23274275,(04)23288582,2025,5,26,9,0,臺中市,大雅區,0,2,0,7,3,6,50,5,1,1,5,4,6,6,1,1,10,5,5,2,17,3,10,3,1,B03,7,9,1,8,2,5,,84,84,1,12,4,120.666946,24.21573,2
9722,66000,387130000C,(04)23274275,(04)23288582,2025,5,26,9,0,臺中市,太平區,0,0,0,7,,,50,,,,,,,,,,,,,,,,,,,C03,,,1,,2,,,7,7,1,12,4,120.718147,24.126046,3
9723,66000,387130000C,(04)23274275,(04)23288582,2025,5,26,9,3,臺中市,外埔區,0,0,0,5,3,6,30,13,9,1,4,4,6,6,4,4,10,5,5,2,17,3,10,1,1,C03,7,9,1,10,2,11,,82,82,1,6,4,120.640813,24.342567,3
9724,66000,387130000C,(04)23274275,(04)23288582,2025,5,26,9,4,臺中市,霧峰區,0,0,0,7,,,50,,,,,,,,,,,,,,,,,,,B03,,,1,,2,,,1,1,1,12,4,120.692172,24.072018,3
9725,66000,387130000C,(04)23274275,(04)23288582,2025,5,26,9,5,臺中市,北屯區,0,1,0,7,2,6,50,4,2,1,5,4,6,6,1,1,5,5,5,2,12,2,9,1,1,C03,7,5,1,10,2,12,,22,22,1,6,4,120.687692,24.195193,2
9726,66000,387130000C,(04)23274275,(04)23288582,2025,5,26,9,8,臺中市,豐原區,0,1,0,7,2,6,0,18,21,4,5,4,6,6,4,4,10,5,5,2,17,2,9,1,1,C03,7,3,1,10,2,12,,50,50,1,13,4,120.722356,24.245681,2