序號,縣市別代碼,機關代碼,市話,傳真,年,月,日,時,分,縣市,區,死亡數量,受傷數量,2-30,天候,道路照明設備,道路類別,道路速限,道路型態,事故位置,路面鋪裝,路面狀態,路面缺陷,障礙物,視距,號誌種類,號誌動作,分向設施,快車道或一般車道間,快慢車道間,路面邊線,事故類型及型態,受傷程度,主要傷處,保護裝備,行動電話或功能裝置,當事者區分(類別),車輛用途,當事者行動狀態,駕照狀態,駕照種類,飲酒情形,車輛撞擊部位最初,車輛撞擊部位其他,肇事因素個別,肇事因素主要,肇事逃逸,職業,共享經濟或外送平台,GPS座標X,GPS座標Y,事故類別
9727,66000,387130000C,(04)23274275,(04)23288582,2025,5,26,9,14,臺中市,北屯區,0,0,0,6,,,40,,,,,,,,,,,,,,16,,,,,B03,,,1,,1,,,84,84,1,6,4,120.668534,24.179746,3
9728,66000,387130000C,(04)23274275,(04)23288582,2025,5,26,9,14,臺中市,大里區,0,0,0,7,,,50,,,,,,,,,,,,,,9,,,,,B03,,,1,,1,,,49,49,1,12,4,120.689608,24.118382,3
9729,66000,387130000C,(04)23274275,(04)23288582,2025,5,26,9,18,臺中市,南屯區,0,0,0,7,,,50,,,,,,,,,,,,,,17,,,,,B03,,,1,,2,,,21,21,1,12,4,120.642648,24.151143,3
9730,66000,387130000C,(04)23274275,(04)23288582,2025,5,26,9,20,臺中市,沙鹿區,0,0,0,7,2,6,30,13,21,4,5,4,5,6,4,4,10,5,5,2,14,,,,,B03,,,1,,2,,,49,49,1,12,4,120.570052,24.237022,3
9731,66000,387130000C,(04)23274275,(04)23288582,2025,5,26,9,20,臺中市,豐原區,0,1,0,6,2,6,50,13,9,1,5,4,6,6,1,1,1,4,5,2,17,4,11,1,1,C03,7,9,1,9,2,12,,7,7,1,12,4,120.72872,24.276586,2
9732,66000,387130000C,(04)23274275,(04)23288582,2025,5,26,9,25,臺中市,大雅區,0,2,0,7,3,6,30,3,1,1,5,4,6,6,4,4,9,4,5,2,16,2,9,1,1,F03,7,6,7,21,2,14,,12,12,1,13,4,120.669131,24.221146,2
9733,66000,387130000C,(04)23274275,(04)23288582,2025,5,26,9,25,臺中市,北區,0,1,0,7,2,6,30,4,1,1,5,4,6,6,4,4,9,4,4,2,17,2,9,5,1,F01,7,5,7,21,2,14,,13,13,1,13,4,120.673817,24.171745,2
9734,66000,387130000C,(04)23274275,(04)23288582,2025,5,26,9,29,臺中市,龍井區,0,0,0,6,,,40,,,,,,,,,,,,,,19,,,,,B03,,,1,,1,,,43,43,1,12,4,120.530213,24.189238,3
9735,66000,387130000C,(04)23274275,(04)23288582,2025,5,26,9,30,臺中市,西區,0,0,0,7,,,30,,,,,,,,,,,,,,17,,,,,B02,,,1,,2,,,84,84,1,12,4,120.654778,24.152917,3
9736,66000,387130000C,(04)23274275,(04)23288582,2025,5,26,9,37,臺中市,北屯區,0,0,0,7,,,50,,,,,,,,,,,,,,,,,,,B03,,,1,,9,,,84,84,1,12,4,120.716187,24.1637,3
9737,66000,387130000C,(04)23274275,(04)23288582,2025,5,26,9,38,臺中市,豐原區,0,0,0,7,,,30,,,,,,,,,,,,,,17,,,,,B03,,,1,,9,,,59,59,1,12,4,120.707629,24.246148,3
9738,66000,387130000C,(04)23274275,(04)23288582,2025,5,26,9,41,臺中市,北區,0,0,0,7,,,50,,,,,,,,,,,,,,17,,,,,B13,,,1,,1,,,84,84,1,13,4,120.689531,24.157196,3
9739,66000,387130000C,(04)23274275,(04)23288582,2025,5,26,9,42,臺中市,南屯區,0,1,0,6,2,6,60,13,9,1,5,4,6,6,4,4,9,4,5,2,17,3,10,3,1,B03,7,3,1,8,2,2,,20,20,1,12,4,120.643121,24.153529,2
9740,66000,387130000C,(04)23274275,(04)23288582,2025,5,26,9,48,臺中市,大雅區,0,0,0,7,,,60,,,,,,,,,,,,,,,,,,,B03,,,1,,2,,,59,59,1,12,4,120.650422,24.211665,3
9741,66000,387130000C,(04)23274275,(04)23288582,2025,5,26,9,49,臺中市,龍井區,0,0,0,6,,,40,,,,,,,,,,,,,,14,,,,,B03,,,1,,2,,,49,49,1,12,4,120.545725,24.183716,3
9742,66000,387130000C,(04)23274275,(04)23288582,2025,5,26,9,50,臺中市,北屯區,0,0,0,6,,,50,,,,,,,,,,,,,,17,,,,,B02,,,1,,1,,,51,51,1,6,4,120.719404,24.177835,3
9743,66000,387130000C,(04)23274275,(04)23288582,2025,5,26,9,51,臺中市,大里區,0,0,0,7,,,30,,,,,,,,,,,,,,14,,,,,G03,,,7,,2,,,49,49,1,6,4,120.681964,24.085814,3
9744,66000,387130000C,(04)23274275,(04)23288582,2025,5,26,10,4,臺中市,西屯區,0,1,0,5,2,6,0,3,2,1,4,4,6,6,4,4,9,5,5,2,17,3,10,2,1,C03,7,11,1,10,2,16,,20,20,1,12,4,120.643055,24.172673,2
9745,66000,387130000C,(04)23274275,(04)23288582,2025,5,26,10,5,臺中市,大甲區,0,0,0,5,,,30,,,,,,,,,,,,,,,,,,,C03,,,1,,2,,,7,7,1,6,4,120.630145,24.34688,3
9746,66000,387130000C,(04)23274275,(04)23288582,2025,5,26,10,6,臺中市,潭子區,0,0,0,6,,,50,,,,,,,,,,,,,,,,,,,B03,,,1,,2,,,39,39,1,13,4,120.70906,24.229879,3
9747,66000,387130000C,(04)23274275,(04)23288582,2025,5,26,10,14,臺中市,北區,0,1,0,5,2,6,50,4,2,1,4,4,6,6,2,1,10,5,5,2,17,2,9,2,1,C03,7,9,1,10,2,12,,84,84,1,13,4,120.681194,24.159297,2
9748,66000,387130000C,(04)23274275,(04)23288582,2025,5,26,10,17,臺中市,西屯區,0,1,0,5,2,6,30,4,1,1,4,4,6,6,4,4,10,5,5,2,30,,,,,,,,,,,,,115,115,1,,,120.649681,24.183113,2
9749,66000,387130000C,(04)23274275,(04)23288582,2025,5,26,10,18,臺中市,西區,0,0,0,7,,,50,,,,,,,,,,,,,,,,,,,B02,,,1,,1,,,49,49,1,12,4,120.660779,24.156191,3
9750,66000,387130000C,(04)23274275,(04)23288582,2025,5,26,10,25,臺中市,東區,0,2,0,7,2,6,40,13,8,1,5,4,6,6,4,4,1,4,4,2,17,2,9,1,1,C03,7,9,1,10,2,11,,84,84,1,12,4,120.694461,24.147128,2
9751,66000,387130000C,(04)23274275,(04)23288582,2025,5,26,10,25,臺中市,東區,0,1,0,7,3,6,50,3,1,1,5,4,6,6,1,1,1,4,4,2,12,3,10,3,1,B03,7,5,1,8,2,2,,47,47,1,6,4,120.690375,24.124648,2
9752,66000,387130000C,(04)23274275,(04)23288582,2025,5,26,10,27,臺中市,大甲區,0,2,0,6,3,6,50,3,1,1,5,4,6,6,4,4,5,5,5,1,12,2,9,2,1,C03,7,1,1,10,2,14,,51,51,1,7,4,120.613848,24.348082,2
9753,66000,387130000C,(04)23274275,(04)23288582,2025,5,26,10,31,臺中市,大雅區,0,1,0,6,3,6,30,11,9,1,4,4,6,6,4,4,10,5,5,1,14,2,9,2,1,C03,7,9,1,10,2,11,,43,43,1,13,4,120.67409,24.227417,2
9754,66000,387130000C,(04)23274275,(04)23288582,2025,5,26,10,34,臺中市,大里區,0,0,0,6,2,6,50,13,14,1,5,4,6,6,4,4,5,4,5,1,14,,,,,B03,,,1,,2,,,50,50,1,13,4,120.689799,24.106868,3
9755,66000,387130000C,(04)23274275,(04)23288582,2025,5,26,10,35,臺中市,后里區,0,0,0,5,3,6,30,3,9,1,4,4,6,6,1,1,5,5,5,1,12,3,10,1,1,F03,7,14,7,21,2,16,,72,72,1,13,4,120.723677,24.296408,3
9756,66000,387130000C,(04)23274275,(04)23288582,2025,5,26,10,42,臺中市,清水區,0,0,0,7,,,50,,,,,,,,,,,,,,,,,,,B12,,,1,,1,,,84,84,1,12,4,120.559096,24.27495,3
9757,66000,387130000C,(04)23274275,(04)23288582,2025,5,26,10,42,臺中市,豐原區,0,1,0,5,2,6,50,4,1,1,4,4,6,6,2,1,1,4,5,2,17,2,9,2,4,C03,7,15,1,10,2,14,,42,42,1,12,4,120.72974,24.243678,2
9758,66000,387130000C,(04)23274275,(04)23288582,2025,5,26,10,45,臺中市,北區,0,0,0,7,2,6,50,13,9,1,5,4,6,6,4,4,5,4,5,2,17,3,10,5,1,B03,7,9,1,7,7,1,,84,84,1,13,4,120.671302,24.167048,3
9759,66000,387130000C,(04)23274275,(04)23288582,2025,5,26,10,45,臺中市,北屯區,0,0,0,6,,,50,,,,,,,,,,,,,,14,,,,,B03,,,1,8,1,,,8,8,1,12,4,120.686085,24.174774,3
9760,66000,387130000C,(04)23274275,(04)23288582,2025,5,26,10,48,臺中市,北區,0,0,0,7,,,50,,,,,,,,,,,,,,17,,,,,B03,,,1,,1,,,40,40,1,13,4,120.671514,24.172471,3
9761,66000,387130000C,(04)23274275,(04)23288582,2025,5,26,10,48,臺中市,太平區,0,2,0,5,3,6,40,4,1,1,4,4,6,6,2,1,10,5,5,2,16,2,9,2,1,C03,7,9,1,10,2,12,,21,21,1,6,4,120.713495,24.16065,2
9762,66000,387130000C,(04)23274275,(04)23288582,2025,5,26,10,53,臺中市,潭子區,0,1,0,5,3,6,50,4,2,1,4,4,6,6,1,1,5,4,5,1,17,2,9,1,1,C03,7,9,1,10,2,11,,84,84,1,12,4,120.722619,24.204066,2
9763,66000,387130000C,(04)23274275,(04)23288582,2025,5,26,10,54,臺中市,西區,0,1,0,5,2,6,50,5,2,1,4,4,6,6,2,1,1,4,5,1,16,3,10,3,1,B03,7,5,1,8,2,5,,84,84,1,13,4,120.662609,24.155678,2
9764,66000,387130000C,(04)23274275,(04)23288582,2025,5,26,10,57,臺中市,北區,0,2,0,5,2,6,50,4,1,1,4,4,6,6,1,1,1,4,5,2,13,2,9,1,1,C03,7,9,1,10,2,11,,7,7,1,12,4,120.684972,24.165117,2
9765,66000,387130000C,(04)23274275,(04)23288582,2025,5,26,10,57,臺中市,神岡區,0,0,0,7,,,50,,,,,,,,,,,,,,12,,,,,B03,,,1,,1,,,59,59,1,12,4,120.698359,24.248614,3
9766,66000,387130000C,(04)23274275,(04)23288582,2025,5,26,11,0,臺中市,北屯區,0,1,0,5,3,6,50,4,1,1,4,4,6,6,2,1,10,5,5,2,18,2,9,2,1,C03,7,15,1,10,1,16,,87,87,1,6,4,120.728622,24.171458,2
9767,66000,387130000C,(04)23274275,(04)23288582,2025,5,26,11,5,臺中市,大雅區,0,0,0,6,,,50,,,,,,,,,,,,,,,,,,,B12,,,1,,2,,,68,68,1,13,4,120.654354,24.229388,3
9768,66000,387130000C,(04)23274275,(04)23288582,2025,5,26,11,6,臺中市,西屯區,0,0,0,7,,,50,,,,,,,,,,,,,,13,,,,,B03,,,1,,1,,,59,59,1,13,4,120.643572,24.171767,3
9769,66000,387130000C,(04)23274275,(04)23288582,2025,5,26,11,12,臺中市,西區,0,1,0,6,2,6,30,3,1,1,5,4,3,3,4,4,10,5,5,2,17,3,10,3,1,B03,7,6,1,8,2,5,,14,14,1,12,4,120.656538,24.141172,2
9770,66000,387130000C,(04)23274275,(04)23288582,2025,5,26,11,12,臺中市,西屯區,0,0,0,7,,,50,,,,,,,,,,,,,,13,,,,,B03,,,1,,2,,,59,59,1,12,4,120.584477,24.173024,3
9771,66000,387130000C,(04)23274275,(04)23288582,2025,5,26,11,14,臺中市,東區,0,0,0,5,,,50,,,,,,,,,,,,,,,,,,,B03,,,1,,2,,,50,50,1,6,4,120.696417,24.132307,3
9772,66000,387130000C,(04)23274275,(04)23288582,2025,5,26,11,14,臺中市,豐原區,0,0,0,7,,,50,,,,,,,,,,,,,,14,,,,,B03,,,1,,1,,,49,49,1,12,4,120.719601,24.241358,3
9773,66000,387130000C,(04)23274275,(04)23288582,2025,5,26,11,15,臺中市,北屯區,0,1,0,7,2,6,50,3,9,1,5,4,6,6,4,4,9,4,5,2,12,3,10,3,1,B03,7,7,1,8,2,6,,40,40,1,6,4,120.744016,24.184768,2
9774,66000,387130000C,(04)23274275,(04)23288582,2025,5,26,11,16,臺中市,豐原區,0,1,0,6,2,6,50,13,8,1,5,4,6,6,4,4,1,4,4,2,17,2,9,3,1,B02,7,9,1,4,2,5,,59,59,1,13,4,120.720717,24.261683,2
9775,66000,387130000C,(04)23274275,(04)23288582,2025,5,26,11,18,臺中市,西屯區,0,2,0,6,2,6,60,13,9,1,4,4,6,6,4,4,1,4,5,2,17,3,10,3,1,B03,7,1,1,8,9,16,,20,20,1,12,4,120.660578,24.171595,2
9776,66000,387130000C,(04)23274275,(04)23288582,2025,5,26,11,20,臺中市,南區,0,0,0,7,,,50,,,,,,,,,,,,,,9,,,,,B03,,,1,,1,,,49,49,1,12,4,120.663909,24.11688,3
9777,66000,387130000C,(04)23274275,(04)23288582,2025,5,26,11,22,臺中市,東區,0,1,0,7,3,6,50,3,1,1,5,4,6,6,2,1,1,4,4,2,18,2,9,2,1,C03,7,9,1,10,2,16,,84,84,1,6,4,120.694304,24.151618,2
9778,66000,387130000C,(04)23274275,(04)23288582,2025,5,26,11,30,臺中市,北屯區,0,1,0,6,2,6,50,4,1,1,4,4,6,6,1,1,10,5,5,2,18,3,10,3,1,B03,7,5,1,8,2,16,,47,47,1,6,4,120.722608,24.166912,2
9779,66000,387130000C,(04)23274275,(04)23288582,2025,5,26,11,30,臺中市,大甲區,0,0,0,7,,,50,,,,,,,,,,,,,,,,,,,C03,,,5,,9,,,68,68,1,12,4,120.615255,24.350692,3
9780,66000,387130000C,(04)23274275,(04)23288582,2025,5,26,11,35,臺中市,龍井區,0,1,0,6,2,6,50,3,1,1,5,4,6,6,4,4,10,5,5,2,16,3,10,3,1,B03,7,6,1,8,2,8,,14,14,1,6,4,120.575642,24.178623,2
9781,66000,387130000C,(04)23274275,(04)23288582,2025,5,26,11,38,臺中市,西屯區,0,1,0,6,2,6,40,3,1,1,5,4,6,6,4,4,10,5,5,2,13,2,9,1,1,C03,7,9,1,10,2,12,,7,7,1,12,4,120.633801,24.162352,2
9782,66000,387130000C,(04)23274275,(04)23288582,2025,5,26,11,39,臺中市,西屯區,0,1,0,6,2,6,50,13,9,1,5,4,6,6,4,4,1,4,5,2,13,2,9,2,4,C03,7,9,1,10,2,12,,7,7,1,13,4,120.661328,24.171827,2
9783,66000,387130000C,(04)23274275,(04)23288582,2025,5,26,11,40,臺中市,大甲區,0,0,0,7,,,50,,,,,,,,,,,,,,,,,,,B03,,,1,,2,,,84,84,1,6,4,120.623481,24.34341,3
9784,66000,387130000C,(04)23274275,(04)23288582,2025,5,26,11,48,臺中市,西屯區,0,0,0,7,,,30,,,,,,,,,,,,,,14,,,,,C03,,,1,,1,,,49,49,1,12,4,120.659297,24.195635,3
9785,66000,387130000C,(04)23274275,(04)23288582,2025,5,26,11,49,臺中市,北屯區,0,1,0,7,3,9,50,13,9,1,5,4,6,6,2,1,1,4,5,2,13,3,10,3,1,B03,7,9,1,8,9,5,,84,84,1,12,4,120.721072,24.174065,2
9786,66000,387130000C,(04)23274275,(04)23288582,2025,5,26,11,49,臺中市,太平區,0,1,0,7,2,6,50,4,1,1,5,4,6,6,1,1,10,5,5,2,17,2,9,5,4,C03,7,6,1,10,2,14,,84,84,1,6,4,120.718129,24.116896,2
9787,66000,387130000C,(04)23274275,(04)23288582,2025,5,26,11,50,臺中市,沙鹿區,0,1,0,7,2,6,50,5,9,1,5,4,6,6,1,1,1,3,4,1,13,2,9,2,1,C03,7,6,1,10,2,14,,26,26,1,12,4,120.569855,24.237356,2
9788,66000,387130000C,(04)23274275,(04)23288582,2025,5,26,11,55,臺中市,南屯區,0,0,0,7,,,50,,,,,,,,,,,,,,12,,,,,B03,,,1,,1,,,59,59,1,12,4,120.651289,24.150753,3
9789,66000,387130000C,(04)23274275,(04)23288582,2025,5,26,11,55,臺中市,北屯區,0,2,0,7,3,6,50,4,1,1,5,4,6,6,1,1,10,5,5,2,15,2,9,2,1,C03,7,9,1,10,2,11,,21,21,1,13,4,120.722612,24.179916,2
9790,66000,387130000C,(04)23274275,(04)23288582,2025,5,26,11,57,臺中市,沙鹿區,0,1,0,6,2,6,30,18,9,1,5,4,6,6,4,4,10,5,5,2,17,3,10,3,1,B03,7,9,1,8,2,16,,41,41,1,12,4,120.564373,24.234641,2
9791,66000,387130000C,(04)23274275,(04)23288582,2025,5,26,12,3,臺中市,大里區,0,1,0,7,2,6,50,13,9,1,5,4,6,6,4,4,5,5,5,2,12,2,9,2,1,C03,7,1,1,10,1,12,,51,51,1,12,4,120.68297,24.113902,2
9792,66000,387130000C,(04)23274275,(04)23288582,2025,5,26,12,10,臺中市,西區,0,0,0,7,,,50,,,,,,,,,,,,,,,,,,,B03,,,1,,1,,,40,40,1,13,4,120.667045,24.141522,3
9793,66000,387130000C,(04)23274275,(04)23288582,2025,5,26,12,12,臺中市,西屯區,0,1,0,7,1,6,40,4,1,1,5,4,6,6,1,1,10,5,5,1,16,2,9,2,1,C03,7,6,1,10,2,14,,48,48,1,12,4,120.65263,24.166498,2
9794,66000,387130000C,(04)23274275,(04)23288582,2025,5,26,12,16,臺中市,西區,0,1,0,7,2,6,50,13,9,1,5,4,6,6,4,4,5,4,5,2,13,2,9,1,1,C03,7,9,1,10,2,11,,7,7,1,13,4,120.661568,24.149572,2
9795,66000,387130000C,(04)23274275,(04)23288582,2025,5,26,12,20,臺中市,北區,0,1,0,7,2,6,50,5,2,1,5,4,6,6,2,1,10,5,5,2,12,3,10,3,1,B03,7,9,1,8,2,2,,39,39,1,13,4,120.686252,24.15482,2
9796,66000,387130000C,(04)23274275,(04)23288582,2025,5,26,12,20,臺中市,北屯區,0,0,0,7,,,50,,,,,,,,,,,,,,9,,,,,B03,,,1,8,1,,,8,8,1,12,4,120.722304,24.176201,3
9797,66000,387130000C,(04)23274275,(04)23288582,2025,5,26,12,26,臺中市,西屯區,0,2,0,7,2,6,50,13,9,1,5,4,6,6,4,4,5,4,5,2,17,2,9,5,4,C03,7,5,1,10,1,12,,20,20,1,13,4,120.648876,24.174847,2
9798,66000,387130000C,(04)23274275,(04)23288582,2025,5,26,12,27,臺中市,大甲區,0,0,0,7,,,50,,,,,,,,,,,,,,,,,,,C03,,,3,,9,,,59,59,1,6,4,120.623909,24.340835,3
9799,66000,387130000C,(04)23274275,(04)23288582,2025,5,26,12,30,臺中市,霧峰區,0,0,0,7,,,30,,,,,,,,,,,,,,22,,,,,B03,,,1,,2,,,8,8,1,13,4,120.680253,24.062008,3
9800,66000,387130000C,(04)23274275,(04)23288582,2025,5,26,12,30,臺中市,清水區,0,0,0,7,,,30,,,,,,,,,,,,,,,,,,,C03,,,1,,2,,,20,20,1,12,4,120.614685,24.295088,3
9801,66000,387130000C,(04)23274275,(04)23288582,2025,5,26,12,33,臺中市,北屯區,0,0,0,7,,,30,,,,,,,,,,,,,,12,,,,,B03,,,1,,2,,,84,84,1,6,4,120.699979,24.184678,3
9802,66000,387130000C,(04)23274275,(04)23288582,2025,5,26,12,35,臺中市,西屯區,0,0,0,7,,,40,,,,,,,,,,,,,,13,,,,,B03,,,1,,2,,,50,50,1,12,4,120.610202,24.194047,3
9803,66000,387130000C,(04)23274275,(04)23288582,2025,5,26,12,36,臺中市,南屯區,0,1,0,7,3,6,50,13,9,1,5,4,6,6,2,1,3,4,5,2,13,2,8,5,4,C03,7,9,1,10,2,11,,7,7,1,6,4,120.649927,24.140002,2
9804,66000,387130000C,(04)23274275,(04)23288582,2025,5,26,12,38,臺中市,西區,0,1,0,5,2,6,50,3,2,1,4,4,6,6,4,4,5,4,4,1,16,3,10,3,1,B03,7,6,1,8,2,5,,14,14,1,13,4,120.668811,24.139278,2
9805,66000,387130000C,(04)23274275,(04)23288582,2025,5,26,12,48,臺中市,沙鹿區,0,2,0,7,3,6,30,11,9,1,5,4,6,1,4,4,10,5,5,2,17,2,9,2,1,C03,7,9,1,10,2,14,,5,5,1,12,4,120.571265,24.233735,2
9806,66000,387130000C,(04)23274275,(04)23288582,2025,5,26,12,49,臺中市,大里區,0,0,0,6,,,50,,,,,,,,,,,,,,17,,,,,B03,,,1,,2,,,40,40,1,12,4,120.662535,24.108608,3
9807,66000,387130000C,(04)23274275,(04)23288582,2025,5,26,12,51,臺中市,東區,0,0,0,6,,,30,,,,,,,,,,,,,,,,,,,B12,,,1,,1,,,20,20,1,6,4,120.700261,24.124911,3
9808,66000,387130000C,(04)23274275,(04)23288582,2025,5,26,12,56,臺中市,大雅區,0,1,0,6,2,6,30,4,1,1,5,4,6,6,4,4,10,5,5,2,17,2,9,1,1,C03,7,9,1,10,2,12,,12,12,1,12,4,120.67377,24.231233,2
9809,66000,387130000C,(04)23274275,(04)23288582,2025,5,26,13,9,臺中市,北屯區,0,1,0,6,2,6,50,3,2,1,5,4,6,6,3,1,5,5,5,2,17,3,10,3,1,B03,7,15,1,8,2,4,,76,76,1,6,4,120.713686,24.165954,2
9810,66000,387130000C,(04)23274275,(04)23288582,2025,5,26,13,10,臺中市,北區,0,0,0,7,,,50,,,,,,,,,,,,,,16,,,,,C03,,,1,,2,,,14,14,1,13,4,120.671711,24.170059,3
9811,66000,387130000C,(04)23274275,(04)23288582,2025,5,26,13,18,臺中市,西區,0,2,0,6,2,6,30,4,1,1,5,4,6,6,4,4,10,5,5,2,15,2,9,2,1,C03,7,9,3,19,2,11,,15,15,1,12,4,120.658763,24.138915,2
9812,66000,387130000C,(04)23274275,(04)23288582,2025,5,26,13,20,臺中市,南區,0,0,0,7,,,50,,,,,,,,,,,,,,17,,,,,B03,,,1,,2,,,84,84,1,12,4,120.669897,24.122676,3
9813,66000,387130000C,(04)23274275,(04)23288582,2025,5,26,13,21,臺中市,龍井區,0,1,0,6,3,6,50,13,9,1,5,4,6,6,4,4,5,5,5,1,27,2,1,5,1,B03,7,9,1,8,2,5,,59,59,1,6,4,120.555435,24.200551,2
9814,66000,387130000C,(04)23274275,(04)23288582,2025,5,26,13,24,臺中市,北區,0,0,0,7,,,50,,,,,,,,,,,,,,17,,,,,B03,,,1,,2,,,21,21,1,12,4,120.672007,24.171824,3
9815,66000,387130000C,(04)23274275,(04)23288582,2025,5,26,13,25,臺中市,太平區,0,1,0,7,2,6,50,4,1,1,5,4,6,6,1,1,10,5,5,2,30,2,9,1,1,F06,7,6,7,21,2,12,,84,84,1,12,4,120.723188,24.131929,2
9816,66000,387130000C,(04)23274275,(04)23288582,2025,5,26,13,38,臺中市,烏日區,0,1,0,7,3,6,30,11,9,1,5,4,6,6,4,4,10,5,5,1,10,2,9,2,1,C03,7,9,1,10,2,11,,41,41,1,6,4,120.59001,24.124101,2
9817,66000,387130000C,(04)23274275,(04)23288582,2025,5,26,13,39,臺中市,大雅區,0,0,0,6,,,30,,,,,,,,,,,,,,17,,,,,B03,,,1,,2,,,8,8,1,12,4,120.662797,24.242872,3
9818,66000,387130000C,(04)23274275,(04)23288582,2025,5,26,13,41,臺中市,北屯區,0,1,0,7,2,6,50,13,9,1,5,4,6,6,4,4,10,5,5,2,30,2,9,5,4,C03,7,9,1,10,2,11,,84,84,1,12,4,120.724355,24.181005,2
9819,66000,387130000C,(04)23274275,(04)23288582,2025,5,26,13,41,臺中市,大里區,0,0,0,7,,,50,,,,,,,,,,,,,,,,,,,B03,,,1,,2,,,7,7,1,12,4,120.693438,24.094045,3
9820,66000,387130000C,(04)23274275,(04)23288582,2025,5,26,13,41,臺中市,大甲區,0,1,0,5,3,6,50,13,9,1,4,4,6,6,4,4,4,4,5,1,12,3,10,5,4,B03,7,11,1,1,2,8,,39,39,1,6,4,120.652704,24.389256,2
9821,66000,387130000C,(04)23274275,(04)23288582,2025,5,26,13,45,臺中市,大肚區,0,0,0,7,,,30,,,,,,,,,,,,,,,,,,,B03,,,1,,2,,,8,8,1,6,4,120.547736,24.150644,3
9822,66000,387130000C,(04)23274275,(04)23288582,2025,5,26,13,49,臺中市,中區,0,1,0,6,2,6,50,4,1,1,5,4,6,6,2,1,7,4,5,2,16,3,10,3,1,B01,7,6,1,4,2,4,,48,48,1,12,4,120.676921,24.141923,2
9823,66000,387130000C,(04)23274275,(04)23288582,2025,5,26,13,55,臺中市,大雅區,0,0,0,6,,,30,,,,,,,,,,,,,,,,,,,B03,,,1,,2,,,49,49,1,13,4,120.639329,24.211438,3
9824,66000,387130000C,(04)23274275,(04)23288582,2025,5,26,13,59,臺中市,北區,0,3,0,7,2,6,40,4,1,1,5,4,6,6,1,1,1,4,4,2,17,2,9,5,1,C03,7,9,1,10,2,12,,42,42,1,13,4,120.675441,24.160436,2
9825,66000,387130000C,(04)23274275,(04)23288582,2025,5,26,13,59,臺中市,南屯區,0,0,0,7,,,50,,,,,,,,,,,,,,14,,,,,B12,,,1,,1,,,49,49,1,13,4,120.64979,24.152334,3
9826,66000,387130000C,(04)23274275,(04)23288582,2025,5,26,14,2,臺中市,西區,0,1,0,6,2,6,40,13,8,1,5,4,6,6,4,4,5,5,4,2,18,2,9,1,1,C03,7,9,1,10,2,14,,84,84,1,13,4,120.662262,24.13204,2
9827,66000,387130000C,(04)23274275,(04)23288582,2025,5,26,14,15,臺中市,南屯區,0,0,0,7,,,60,,,,,,,,,,,,,,11,,,,,B03,,,1,,1,,,25,25,1,13,4,120.623739,24.152277,3
9828,66000,387130000C,(04)23274275,(04)23288582,2025,5,26,14,15,臺中市,烏日區,0,0,0,6,,,30,,,,,,,,,,,,,,17,,,,,B03,,,1,,1,,,51,51,1,6,4,120.616684,24.113986,3
9829,66000,387130000C,(04)23274275,(04)23288582,2025,5,26,14,17,臺中市,東勢區,0,0,0,5,,,30,,,,,,,,,,,,,,15,,,,,F04,,,1,,2,,,14,14,1,13,4,120.831686,24.251434,3
9830,66000,387130000C,(04)23274275,(04)23288582,2025,5,26,14,21,臺中市,梧棲區,0,1,0,7,3,6,60,13,9,1,5,4,6,6,4,4,1,4,5,1,13,2,8,1,1,C03,7,9,1,10,2,11,,84,84,1,6,4,120.537548,24.253702,2
9831,66000,387130000C,(04)23274275,(04)23288582,2025,5,26,14,24,臺中市,西屯區,0,0,0,7,,,50,,,,,,,,,,,,,,12,,,,,B03,,,1,,2,,,8,8,1,12,4,120.636687,24.171213,3
9832,66000,387130000C,(04)23274275,(04)23288582,2025,5,26,14,25,臺中市,霧峰區,0,0,0,7,,,50,,,,,,,,,,,,,,13,,,,,B03,,,1,,2,,,7,7,1,6,4,120.691964,24.06611,3
9833,66000,387130000C,(04)23274275,(04)23288582,2025,5,26,14,33,臺中市,北屯區,0,0,0,7,,,50,,,,,,,,,,,,,,12,,,,,B03,,,1,,1,,,51,51,1,6,4,120.694856,24.181965,3
9834,66000,387130000C,(04)23274275,(04)23288582,2025,5,26,14,33,臺中市,沙鹿區,0,0,0,7,,,40,,,,,,,,,,,,,,17,,,,,B12,,,1,,2,,,8,8,1,6,4,120.567761,24.20297,3
9835,66000,387130000C,(04)23274275,(04)23288582,2025,5,26,14,35,臺中市,沙鹿區,0,0,0,7,,,40,,,,,,,,,,,,,,17,,,,,C03,,,1,,2,,,50,50,1,12,4,120.559716,24.234287,3
9836,66000,387130000C,(04)23274275,(04)23288582,2025,5,26,14,40,臺中市,北屯區,0,1,0,7,3,6,50,13,9,1,5,4,6,6,4,4,5,5,5,2,16,2,9,2,1,C03,7,9,1,10,2,12,,39,39,1,13,4,120.669441,24.176158,2
9837,66000,387130000C,(04)23274275,(04)23288582,2025,5,26,14,50,臺中市,南屯區,0,0,0,7,,,50,,,,,,,,,,,,,,,,,,,A41,,,1,,1,,,59,59,1,12,4,120.596604,24.155936,3