序號,縣市別代碼,機關代碼,市話,傳真,年,月,日,時,分,縣市,區,死亡數量,受傷數量,2-30,天候,道路照明設備,道路類別,道路速限,道路型態,事故位置,路面鋪裝,路面狀態,路面缺陷,障礙物,視距,號誌種類,號誌動作,分向設施,快車道或一般車道間,快慢車道間,路面邊線,事故類型及型態,受傷程度,主要傷處,保護裝備,行動電話或功能裝置,當事者區分(類別),車輛用途,當事者行動狀態,駕照狀態,駕照種類,飲酒情形,車輛撞擊部位最初,車輛撞擊部位其他,肇事因素個別,肇事因素主要,肇事逃逸,職業,共享經濟或外送平台,GPS座標X,GPS座標Y,事故類別
10282,66000,387130000C,(04)23274275,(04)23288582,2025,5,27,16,47,臺中市,北區,0,0,0,7,,,50,,,,,,,,,,,,,,17,,,,,B03,,,1,,2,,,84,84,1,13,4,120.681074,24.162019,3
10283,66000,387130000C,(04)23274275,(04)23288582,2025,5,27,16,49,臺中市,太平區,0,0,0,7,,,50,,,,,,,,,,,,,,,,,,,B03,,,1,,2,,,59,59,1,12,4,120.712303,24.125998,3
10284,66000,387130000C,(04)23274275,(04)23288582,2025,5,27,16,50,臺中市,北區,0,0,0,7,2,6,50,3,1,1,5,4,6,6,4,4,9,4,5,2,12,3,10,3,1,B02,7,3,1,4,1,6,,50,50,1,12,4,120.690227,24.16149,3
10285,66000,387130000C,(04)23274275,(04)23288582,2025,5,27,16,51,臺中市,龍井區,0,1,0,7,2,6,40,13,8,1,5,4,6,6,2,1,3,4,3,2,13,2,9,2,1,C03,7,4,1,10,2,11,,84,84,1,6,4,120.577096,24.177345,2
10286,66000,387130000C,(04)23274275,(04)23288582,2025,5,27,16,55,臺中市,南區,0,1,0,7,2,6,50,13,9,1,5,4,6,6,4,4,1,4,5,2,13,2,8,2,1,C03,7,9,1,10,2,11,,7,7,1,13,4,120.66999,24.119723,2
10287,66000,387130000C,(04)23274275,(04)23288582,2025,5,27,16,59,臺中市,北區,0,1,0,7,3,6,50,4,2,1,5,4,6,6,1,1,5,4,5,2,13,3,10,5,4,B03,7,9,1,8,2,1,,84,84,1,13,4,120.672798,24.166791,2
10288,66000,387130000C,(04)23274275,(04)23288582,2025,5,27,16,59,臺中市,南區,0,2,0,7,3,6,50,13,9,1,5,4,6,6,4,4,1,4,5,2,3,2,8,6,5,H01,8,16,7,21,10,17,,97,97,1,12,5,120.666361,24.119038,2
10289,66000,387130000C,(04)23274275,(04)23288582,2025,5,27,17,0,臺中市,南屯區,0,0,0,7,,,,,,,,,,,,,,,,,,,,,,,,,,,,,,119,119,1,,,120.629898,24.146258,3
10290,66000,387130000C,(04)23274275,(04)23288582,2025,5,27,17,0,臺中市,北屯區,0,0,0,7,,,50,,,,,,,,,,,,,,,,,,,A12,,,1,,1,,,49,49,1,13,4,120.683906,24.195717,3
10291,66000,387130000C,(04)23274275,(04)23288582,2025,5,27,17,2,臺中市,沙鹿區,0,0,0,7,,,50,,,,,,,,,,,,,,14,,,,,B12,,,1,,1,,,49,49,1,6,4,120.573437,24.231472,3
10292,66000,387130000C,(04)23274275,(04)23288582,2025,5,27,17,5,臺中市,北屯區,0,0,0,7,,,60,,,,,,,,,,,,,,13,,,,,B03,,,1,,1,,,84,84,1,6,4,120.718208,24.163244,3
10293,66000,387130000C,(04)23274275,(04)23288582,2025,5,27,17,5,臺中市,大里區,0,0,0,7,,,50,,,,,,,,,,,,,,,,,,,B03,,,1,,1,,,7,7,1,6,4,120.686335,24.074222,3
10294,66000,387130000C,(04)23274275,(04)23288582,2025,5,27,17,6,臺中市,北屯區,0,0,0,7,,,,,,,,,,,,,,,,,17,,,,,,,,,,,,,116,116,1,,,120.671215,24.201004,3
10295,66000,387130000C,(04)23274275,(04)23288582,2025,5,27,17,7,臺中市,大甲區,0,0,0,7,,,50,,,,,,,,,,,,,,,,,,,F01,,,7,,1,,,59,59,1,3,4,120.621827,24.351736,3
10296,66000,387130000C,(04)23274275,(04)23288582,2025,5,27,17,8,臺中市,沙鹿區,0,0,0,7,,,50,,,,,,,,,,,,,,,,,,,B12,,,1,,1,,,8,8,1,6,4,120.575488,24.226378,3
10297,66000,387130000C,(04)23274275,(04)23288582,2025,5,27,17,10,臺中市,西屯區,0,0,0,7,,,50,,,,,,,,,,,,,,13,,,,,B03,,,1,,1,,,7,7,1,13,4,120.649221,24.159259,3
10298,66000,387130000C,(04)23274275,(04)23288582,2025,5,27,17,10,臺中市,大里區,0,0,0,7,3,6,50,4,9,1,5,4,3,6,4,4,9,5,5,2,17,,,,,B03,,,1,,2,,,59,59,1,12,4,120.702227,24.11028,3
10299,66000,387130000C,(04)23274275,(04)23288582,2025,5,27,17,10,臺中市,大里區,0,0,0,7,1,6,50,4,2,1,5,4,6,6,1,1,10,5,5,2,17,,,,,B03,,,1,,2,,,84,84,1,12,4,120.675012,24.107505,3
10300,66000,387130000C,(04)23274275,(04)23288582,2025,5,27,17,10,臺中市,豐原區,0,1,0,7,2,6,30,4,1,1,5,4,6,6,4,4,10,5,5,2,15,2,9,1,1,C03,7,9,1,10,2,14,,84,84,1,6,4,120.725033,24.250298,2
10301,66000,387130000C,(04)23274275,(04)23288582,2025,5,27,17,12,臺中市,北區,0,0,0,7,2,6,50,4,1,1,5,4,,6,1,1,10,5,5,2,16,3,10,3,1,B03,7,6,1,8,1,8,,25,25,1,13,4,120.678313,24.163112,3
10302,66000,387130000C,(04)23274275,(04)23288582,2025,5,27,17,17,臺中市,北屯區,0,0,0,7,,,50,,,,,,,,,,,,,,,,,,,C03,,,3,,2,,,84,84,1,12,4,120.696653,24.183033,3
10303,66000,387130000C,(04)23274275,(04)23288582,2025,5,27,17,18,臺中市,清水區,0,1,0,7,3,6,40,3,1,1,5,4,6,6,4,4,1,4,4,1,17,2,8,4,1,F01,7,9,7,21,2,14,,4,4,1,12,4,120.574839,24.275395,2
10304,66000,387130000C,(04)23274275,(04)23288582,2025,5,27,17,19,臺中市,梧棲區,0,1,0,7,3,6,50,4,1,1,5,4,6,6,1,1,10,5,5,2,16,3,10,5,4,B03,7,5,1,8,11,5,,20,20,1,6,4,120.546892,24.254648,2
10305,66000,387130000C,(04)23274275,(04)23288582,2025,5,27,17,20,臺中市,大雅區,0,1,0,7,2,6,50,13,9,1,5,4,6,6,4,4,9,5,5,1,17,2,9,2,1,C03,7,11,1,10,2,11,,46,46,1,13,4,120.647721,24.215481,2
10306,66000,387130000C,(04)23274275,(04)23288582,2025,5,27,17,20,臺中市,龍井區,0,0,0,7,,,60,,,,,,,,,,,,,,,,,,,B12,,,1,,2,,,91,91,1,6,4,120.498567,24.188599,3
10307,66000,387130000C,(04)23274275,(04)23288582,2025,5,27,17,20,臺中市,烏日區,0,0,0,7,,,50,,,,,,,,,,,,,,13,,,,,B03,,,1,,2,,,7,7,1,6,4,120.647122,24.086068,3
10308,66000,387130000C,(04)23274275,(04)23288582,2025,5,27,17,21,臺中市,北區,0,0,0,7,,,30,,,,,,,,,,,,,,17,,,,,B03,,,1,,1,,,84,84,1,13,4,120.683157,24.165457,3
10309,66000,387130000C,(04)23274275,(04)23288582,2025,5,27,17,22,臺中市,大里區,0,0,0,7,,,50,,,,,,,,,,,,,,17,,,,,B03,,,1,,1,,,59,59,1,13,4,120.679445,24.109781,3
10310,66000,387130000C,(04)23274275,(04)23288582,2025,5,27,17,22,臺中市,大甲區,0,1,0,7,3,6,30,18,24,4,5,4,6,6,4,4,10,5,5,2,17,2,9,5,4,C03,7,9,1,10,2,12,,84,84,1,4,4,120.631894,24.354969,2
10311,66000,387130000C,(04)23274275,(04)23288582,2025,5,27,17,27,臺中市,豐原區,0,0,0,7,,,50,,,,,,,,,,,,,,,,,,,C03,,,1,,2,,,7,7,1,13,4,120.699214,24.24732,3
10312,66000,387130000C,(04)23274275,(04)23288582,2025,5,27,17,29,臺中市,北屯區,0,1,0,7,2,6,50,13,9,1,5,4,6,6,4,4,5,4,5,2,17,3,10,3,1,B03,7,1,1,8,2,4,,51,51,1,6,4,120.708475,24.170285,2
10313,66000,387130000C,(04)23274275,(04)23288582,2025,5,27,17,33,臺中市,烏日區,0,1,0,7,2,6,50,4,1,1,5,4,6,6,2,1,10,5,5,2,16,3,10,5,4,B03,7,6,1,8,2,5,,11,11,1,13,4,120.597283,24.108412,2
10314,66000,387130000C,(04)23274275,(04)23288582,2025,5,27,17,35,臺中市,南屯區,0,0,0,7,,,50,,,,,,,,,,,,,,,,,,,B02,,,1,,1,,,8,8,1,13,4,120.625452,24.151856,3
10315,66000,387130000C,(04)23274275,(04)23288582,2025,5,27,17,35,臺中市,豐原區,0,2,0,7,2,6,50,3,1,1,5,4,6,6,4,4,10,5,5,2,17,3,10,5,4,B03,7,5,1,8,2,8,,84,84,1,13,4,120.729362,24.253684,2
10316,66000,387130000C,(04)23274275,(04)23288582,2025,5,27,17,37,臺中市,西屯區,0,0,0,7,,,50,,,,,,,,,,,,,,17,,,,,B03,,,1,,9,,,59,59,1,12,4,120.662488,24.1686,3
10317,66000,387130000C,(04)23274275,(04)23288582,2025,5,27,17,38,臺中市,南屯區,0,1,0,7,2,6,30,4,1,1,5,4,5,6,4,4,10,5,5,2,15,3,10,3,1,B03,7,9,1,8,2,4,,12,12,1,12,4,120.653794,24.137868,2
10318,66000,387130000C,(04)23274275,(04)23288582,2025,5,27,17,38,臺中市,霧峰區,0,0,0,6,,,50,,,,,,,,,,,,,,17,,,,,B03,,,1,,2,,,39,39,1,13,4,120.663122,24.072027,3
10319,66000,387130000C,(04)23274275,(04)23288582,2025,5,27,17,38,臺中市,后里區,0,0,0,7,3,6,50,13,7,1,5,4,6,6,4,4,1,4,4,1,13,3,10,3,1,B03,7,9,1,8,2,1,,7,7,1,6,4,120.7227,24.310297,3
10320,66000,387130000C,(04)23274275,(04)23288582,2025,5,27,17,39,臺中市,大甲區,0,0,0,7,2,6,50,5,2,1,5,4,6,6,1,1,1,2,4,1,13,3,10,1,1,C03,7,5,1,10,1,11,,7,7,1,12,4,120.629419,24.359495,3
10321,66000,387130000C,(04)23274275,(04)23288582,2025,5,27,17,40,臺中市,南屯區,0,0,0,7,,,50,,,,,,,,,,,,,,,,,,,B03,,,1,,1,,,8,8,1,6,4,120.628648,24.147818,3
10322,66000,387130000C,(04)23274275,(04)23288582,2025,5,27,17,41,臺中市,西區,0,1,0,7,2,6,50,5,2,1,5,4,6,6,1,1,5,4,4,2,17,3,10,3,1,B03,7,11,3,19,2,8,,45,45,1,13,4,120.670492,24.153412,2
10323,66000,387130000C,(04)23274275,(04)23288582,2025,5,27,17,43,臺中市,太平區,0,0,0,7,,,50,,,,,,,,,,,,,,17,,,,,B03,,,1,,9,,,45,45,1,12,4,120.723457,24.155727,3
10324,66000,387130000C,(04)23274275,(04)23288582,2025,5,27,17,44,臺中市,南屯區,0,0,0,7,,,40,,,,,,,,,,,,,,13,,,,,B11,,,1,,1,,,7,7,1,13,4,120.623673,24.150603,3
10325,66000,387130000C,(04)23274275,(04)23288582,2025,5,27,17,46,臺中市,北區,0,1,0,7,2,6,50,4,9,1,5,4,6,6,4,4,5,4,5,2,13,2,9,1,1,C03,7,9,1,10,2,11,,7,7,1,12,4,120.68236,24.163971,2
10326,66000,387130000C,(04)23274275,(04)23288582,2025,5,27,17,48,臺中市,西屯區,0,2,0,7,2,6,50,13,9,1,5,4,6,6,4,4,3,4,5,2,13,2,7,2,1,C03,7,9,1,10,2,12,,7,7,1,12,4,120.639664,24.165884,2
10327,66000,387130000C,(04)23274275,(04)23288582,2025,5,27,17,50,臺中市,大里區,0,0,0,7,,,30,,,,,,,,,,,,,,,,,,,B03,,,1,,9,,,77,77,1,12,4,120.67747,24.103391,3
10328,66000,387130000C,(04)23274275,(04)23288582,2025,5,27,17,57,臺中市,北屯區,0,1,0,7,2,6,50,13,9,1,5,4,6,6,4,4,5,4,5,2,16,2,9,2,1,C03,7,11,1,10,2,11,,34,34,1,12,4,120.70094,24.160128,2
10329,66000,387130000C,(04)23274275,(04)23288582,2025,5,27,17,58,臺中市,南屯區,0,0,0,7,,,50,,,,,,,,,,,,,,,,,,,C03,,,1,,2,,,8,8,1,13,4,120.646409,24.141343,3
10330,66000,387130000C,(04)23274275,(04)23288582,2025,5,27,17,59,臺中市,梧棲區,0,1,0,5,1,6,70,3,2,1,4,4,6,6,4,4,1,4,5,1,30,3,10,3,1,A41,7,9,1,1,9,16,,93,93,1,6,4,120.551048,24.241245,2
10331,66000,387130000C,(04)23274275,(04)23288582,2025,5,27,18,0,臺中市,西區,0,0,0,7,,,50,,,,,,,,,,,,,,,,,,,B03,,,1,,1,,,14,14,1,12,4,120.6718,24.150289,3
10332,66000,387130000C,(04)23274275,(04)23288582,2025,5,27,18,0,臺中市,北屯區,0,2,0,7,3,6,50,4,1,1,5,4,6,6,4,4,10,5,5,2,15,2,9,2,1,C03,7,9,1,10,2,11,,12,12,1,6,4,120.714623,24.180123,2
10333,66000,387130000C,(04)23274275,(04)23288582,2025,5,27,18,5,臺中市,北區,0,1,0,7,3,6,50,13,9,1,5,4,6,6,4,4,5,2,5,2,13,3,10,5,4,B02,7,9,1,8,2,1,,7,7,1,13,4,120.681528,24.162954,2
10334,66000,387130000C,(04)23274275,(04)23288582,2025,5,27,18,5,臺中市,太平區,0,2,0,7,2,6,50,3,1,1,5,4,6,6,4,4,10,5,5,2,17,2,9,1,1,C03,7,6,1,10,2,11,,14,14,1,12,4,120.73313,24.117937,2
10335,66000,387130000C,(04)23274275,(04)23288582,2025,5,27,18,6,臺中市,南屯區,0,0,0,7,,,50,,,,,,,,,,,,,,,,,,,B03,,,1,,2,,,59,59,1,12,4,120.622349,24.149124,3
10336,66000,387130000C,(04)23274275,(04)23288582,2025,5,27,18,6,臺中市,西屯區,0,1,0,7,1,6,40,3,1,1,5,4,6,6,1,1,10,5,5,2,16,2,9,2,4,C03,7,11,1,10,2,14,,44,44,1,13,4,120.634172,24.174044,2
10337,66000,387130000C,(04)23274275,(04)23288582,2025,5,27,18,9,臺中市,北區,0,0,0,7,,,50,,,,,,,,,,,,,,,,,,,B03,,,1,,1,,,7,7,1,12,4,120.667383,24.173115,3
10338,66000,387130000C,(04)23274275,(04)23288582,2025,5,27,18,10,臺中市,北區,0,1,0,7,1,6,50,13,9,1,5,4,6,6,4,4,1,4,5,2,17,3,10,5,4,B03,7,14,1,8,2,4,,76,76,1,13,4,120.684956,24.16783,2
10339,66000,387130000C,(04)23274275,(04)23288582,2025,5,27,18,10,臺中市,太平區,0,1,0,7,1,6,30,13,9,1,4,4,6,6,4,4,5,5,5,2,18,2,9,2,1,C03,7,9,1,10,2,16,,84,84,1,12,4,120.744818,24.158231,2
10340,66000,387130000C,(04)23274275,(04)23288582,2025,5,27,18,11,臺中市,北屯區,0,0,0,7,,,50,,,,,,,,,,,,,,,,,,,B03,,,1,,1,,,11,11,1,13,4,120.686936,24.186892,4
10341,66000,387130000C,(04)23274275,(04)23288582,2025,5,27,18,16,臺中市,太平區,0,0,0,7,,,50,,,,,,,,,,,,,,17,,,,,B03,,,1,,2,,,84,84,1,12,4,120.706147,24.153437,3
10342,66000,387130000C,(04)23274275,(04)23288582,2025,5,27,18,17,臺中市,大雅區,0,0,0,7,,,60,,,,,,,,,,,,,,12,,,,,B12,,,1,,2,,,8,8,1,12,4,120.646835,24.222487,3
10343,66000,387130000C,(04)23274275,(04)23288582,2025,5,27,18,19,臺中市,北屯區,0,0,0,7,,,50,,,,,,,,,,,,,,12,,,,,C02,,,1,,1,,,8,8,1,6,4,120.695703,24.164936,3
10344,66000,387130000C,(04)23274275,(04)23288582,2025,5,27,18,19,臺中市,西屯區,0,0,0,7,,,50,,,,,,,,,,,,,,13,,,,,B03,,,1,,1,,,7,7,1,12,4,120.655271,24.175602,3
10345,66000,387130000C,(04)23274275,(04)23288582,2025,5,27,18,19,臺中市,西屯區,0,2,0,7,1,6,40,3,19,1,5,4,6,6,4,4,5,5,4,2,3,3,10,5,4,B01,7,9,1,4,2,1,,10,10,1,13,4,120.641477,24.176803,2
10346,66000,387130000C,(04)23274275,(04)23288582,2025,5,27,18,22,臺中市,南屯區,0,1,0,7,1,6,50,13,9,1,5,4,6,6,1,1,5,4,5,2,12,3,10,3,1,B03,7,5,1,8,2,5,,65,65,1,12,4,120.635522,24.136069,2
10347,66000,387130000C,(04)23274275,(04)23288582,2025,5,27,18,25,臺中市,西屯區,0,0,0,7,,,50,,,,,,,,,,,,,,13,,,,,B03,,,1,,1,,,58,58,1,12,4,120.65018,24.194055,3
10348,66000,387130000C,(04)23274275,(04)23288582,2025,5,27,18,28,臺中市,西屯區,0,0,0,7,,,50,,,,,,,,,,,,,,17,,,,,C03,,,1,,1,,,8,8,1,13,4,120.651277,24.164674,4
10349,66000,387130000C,(04)23274275,(04)23288582,2025,5,27,18,30,臺中市,北屯區,0,1,0,7,1,6,0,4,1,1,5,4,6,6,2,1,10,5,5,2,30,,,,,,,,,,,,,119,119,1,,,120.691169,24.171262,2
10350,66000,387130000C,(04)23274275,(04)23288582,2025,5,27,18,32,臺中市,北屯區,0,1,0,7,1,6,50,4,1,1,5,4,6,6,1,1,10,5,5,2,13,3,10,6,1,F01,7,9,7,21,2,11,,7,7,1,12,1,120.721003,24.175968,2
10351,66000,387130000C,(04)23274275,(04)23288582,2025,5,27,18,34,臺中市,西區,0,1,0,7,1,6,50,4,1,1,5,4,6,6,4,4,10,5,5,2,15,3,10,1,1,C04,7,9,1,10,2,11,,15,15,1,13,4,120.660177,24.153731,2
10352,66000,387130000C,(04)23274275,(04)23288582,2025,5,27,18,36,臺中市,龍井區,0,0,0,7,1,6,50,13,9,1,5,4,6,6,4,4,5,2,5,2,13,3,10,2,1,C03,7,9,1,10,1,11,,7,7,1,6,4,120.591255,24.181159,3
10353,66000,387130000C,(04)23274275,(04)23288582,2025,5,27,18,43,臺中市,龍井區,0,0,0,7,,,70,,,,,,,,,,,,,,12,,,,,B03,,,1,,1,,,8,8,1,12,4,120.536362,24.194289,3
10354,66000,387130000C,(04)23274275,(04)23288582,2025,5,27,18,43,臺中市,神岡區,0,2,0,6,1,6,50,3,1,1,5,4,6,6,4,4,10,5,5,2,11,2,7,1,1,F03,7,5,7,21,2,11,,41,41,1,12,4,120.682913,24.243947,2
10355,66000,387130000C,(04)23274275,(04)23288582,2025,5,27,18,45,臺中市,南區,0,1,0,7,1,6,40,13,8,1,5,4,3,6,4,4,5,4,4,2,17,2,9,2,1,C03,7,9,1,10,2,12,,84,84,1,13,4,120.678418,24.132503,2
10356,66000,387130000C,(04)23274275,(04)23288582,2025,5,27,18,51,臺中市,南屯區,0,1,0,7,1,6,50,13,8,1,5,4,6,6,4,4,4,3,4,2,3,2,9,6,5,H01,8,16,7,21,10,17,,95,95,1,13,5,120.611639,24.135291,2
10357,66000,387130000C,(04)23274275,(04)23288582,2025,5,27,18,51,臺中市,豐原區,0,1,0,7,1,6,50,13,7,1,5,4,6,6,4,4,5,4,4,2,17,2,9,1,1,C03,7,9,1,10,2,12,,84,84,1,9,4,120.726353,24.24214,2
10358,66000,387130000C,(04)23274275,(04)23288582,2025,5,27,18,52,臺中市,西屯區,0,0,0,7,,,50,,,,,,,,,,,,,,17,,,,,B03,,,1,,1,,,20,20,1,13,4,120.637246,24.173205,3
10359,66000,387130000C,(04)23274275,(04)23288582,2025,5,27,18,57,臺中市,東區,0,2,0,7,1,6,50,4,1,1,5,4,6,6,1,1,9,4,5,2,12,2,8,1,1,C03,7,9,1,10,2,11,12,7,7,1,12,4,120.692936,24.129648,2
10360,66000,387130000C,(04)23274275,(04)23288582,2025,5,27,18,59,臺中市,潭子區,0,2,0,7,1,6,50,4,2,1,5,4,6,6,1,1,5,4,5,1,16,2,8,6,1,F01,7,6,7,21,2,11,,48,48,1,13,4,120.706284,24.211548,2
10361,66000,387130000C,(04)23274275,(04)23288582,2025,5,27,19,0,臺中市,大雅區,0,2,0,7,1,6,30,13,9,1,5,4,6,6,4,4,10,5,5,2,18,2,9,1,1,C04,7,3,1,11,2,12,,84,84,1,13,4,120.622529,24.225492,2
10362,66000,387130000C,(04)23274275,(04)23288582,2025,5,27,19,0,臺中市,北區,0,0,0,7,,,50,,,,,,,,,,,,,,,,,,,C03,,,1,,11,,,49,49,1,13,4,120.687873,24.153896,3
10363,66000,387130000C,(04)23274275,(04)23288582,2025,5,27,19,0,臺中市,南屯區,0,0,0,7,,,50,,,,,,,,,,,,,,,,,,,C03,,,1,,1,,,84,84,1,6,4,120.6307,24.144983,3
10364,66000,387130000C,(04)23274275,(04)23288582,2025,5,27,19,1,臺中市,潭子區,0,1,0,7,1,6,50,3,1,1,5,4,6,6,4,4,5,4,5,1,17,3,10,1,1,C03,7,6,1,10,2,12,,26,26,1,12,4,120.707711,24.213259,2
10365,66000,387130000C,(04)23274275,(04)23288582,2025,5,27,19,3,臺中市,潭子區,0,1,0,7,1,6,50,13,9,1,5,4,6,6,4,4,10,5,5,1,13,2,9,1,1,C03,7,9,1,10,2,11,,85,85,1,13,4,120.716158,24.204118,2
10366,66000,387130000C,(04)23274275,(04)23288582,2025,5,27,19,12,臺中市,大雅區,0,1,0,7,1,6,30,4,1,1,5,4,6,6,4,4,10,5,5,1,16,3,10,3,1,B12,7,6,5,8,3,5,,14,14,1,13,4,120.655735,24.222723,2
10367,66000,387130000C,(04)23274275,(04)23288582,2025,5,27,19,14,臺中市,潭子區,0,1,0,6,1,6,50,4,1,1,5,4,6,6,4,4,5,5,5,2,28,2,9,2,1,C03,7,9,1,10,2,12,,6,6,1,13,4,120.706253,24.216361,2
10368,66000,387130000C,(04)23274275,(04)23288582,2025,5,27,19,15,臺中市,北屯區,0,0,0,7,,,50,,,,,,,,,,,,,,9,,,,,B03,,,1,,9,,,87,87,1,6,4,120.725279,24.165088,3
10369,66000,387130000C,(04)23274275,(04)23288582,2025,5,27,19,21,臺中市,北屯區,0,1,0,7,1,6,50,4,9,1,5,4,6,6,1,1,5,4,5,2,12,3,10,3,1,B03,7,9,1,8,2,1,,84,84,1,13,4,120.661819,24.189421,2
10370,66000,387130000C,(04)23274275,(04)23288582,2025,5,27,19,25,臺中市,北屯區,0,0,0,7,,,,,,,,,,,,,,,,,,,,,,,,,,,,,,119,119,1,,,120.695785,24.166797,3
10371,66000,387130000C,(04)23274275,(04)23288582,2025,5,27,19,26,臺中市,太平區,0,2,0,7,1,6,50,13,7,1,5,4,6,6,4,4,5,5,5,2,16,2,9,2,1,C03,7,11,1,10,2,14,,45,45,1,12,4,120.722314,24.131677,2
10372,66000,387130000C,(04)23274275,(04)23288582,2025,5,27,19,28,臺中市,大里區,0,0,0,6,3,6,50,13,9,1,5,4,6,3,4,4,5,4,5,1,17,,,,,B03,,,1,,1,,,51,51,1,12,4,120.675012,24.107505,3
10373,66000,387130000C,(04)23274275,(04)23288582,2025,5,27,19,35,臺中市,神岡區,0,0,0,7,1,6,30,13,14,1,5,4,6,6,4,4,10,5,5,2,30,,,,,B03,,,1,,2,,,8,8,1,12,4,120.658765,24.258093,3
10374,66000,387130000C,(04)23274275,(04)23288582,2025,5,27,19,40,臺中市,西屯區,0,0,0,7,,,30,,,,,,,,,,,,,,17,,,,,B03,,,1,,2,,,84,84,1,13,4,120.644227,24.18023,3
10375,66000,387130000C,(04)23274275,(04)23288582,2025,5,27,19,42,臺中市,東區,0,1,0,7,1,6,50,4,1,1,5,4,6,6,1,1,10,5,5,2,18,2,9,2,1,C03,7,9,1,10,2,16,,84,84,1,12,4,120.700719,24.127248,2
10376,66000,387130000C,(04)23274275,(04)23288582,2025,5,27,19,43,臺中市,太平區,0,1,0,7,1,6,50,4,1,1,5,4,6,6,4,4,5,5,5,1,28,2,8,2,1,C03,7,9,1,10,2,11,,87,87,1,12,4,120.724708,24.142447,2
10377,66000,387130000C,(04)23274275,(04)23288582,2025,5,27,19,44,臺中市,大里區,0,1,0,6,1,6,50,11,9,1,5,4,3,6,4,4,10,5,5,1,12,2,9,1,1,C03,7,9,2,19,2,12,,59,59,1,12,4,120.671197,24.10895,2
10378,66000,387130000C,(04)23274275,(04)23288582,2025,5,27,19,45,臺中市,北區,0,0,0,7,1,6,50,11,7,1,5,4,6,6,4,4,1,4,4,2,12,3,10,3,1,B03,7,8,1,6,1,8,,40,40,1,12,4,120.682978,24.145847,3
10379,66000,387130000C,(04)23274275,(04)23288582,2025,5,27,19,50,臺中市,西屯區,0,0,0,7,,,50,,,,,,,,,,,,,,13,,,,,C03,,,1,,1,,,7,7,1,5,4,120.658103,24.167171,3
10380,66000,387130000C,(04)23274275,(04)23288582,2025,5,27,19,53,臺中市,東勢區,0,0,0,7,,,60,,,,,,,,,,,,,,,,,,,B12,,,1,,1,,,84,84,1,12,4,120.824316,24.257595,3
10381,66000,387130000C,(04)23274275,(04)23288582,2025,5,27,20,15,臺中市,豐原區,0,0,0,7,,,40,,,,,,,,,,,,,,17,,,,,C03,,,1,,9,,,87,87,1,13,4,120.710997,24.23916,3
10382,66000,387130000C,(04)23274275,(04)23288582,2025,5,27,20,16,臺中市,太平區,0,2,0,7,1,6,50,3,1,1,5,4,6,6,2,1,10,5,5,2,16,3,10,3,1,B03,7,5,1,8,2,5,,11,11,1,12,4,120.713577,24.144433,2
10383,66000,387130000C,(04)23274275,(04)23288582,2025,5,27,20,23,臺中市,大里區,0,0,0,6,,,,,,,,,,,,,,,,,18,,,,,,,,,,,,,119,119,1,,,120.702132,24.098828,3
10384,66000,387130000C,(04)23274275,(04)23288582,2025,5,27,20,25,臺中市,南屯區,0,0,0,7,,,50,,,,,,,,,,,,,,,,,,,C03,,,1,,1,,,59,59,1,12,4,120.649927,24.140002,4
10385,66000,387130000C,(04)23274275,(04)23288582,2025,5,27,20,25,臺中市,霧峰區,0,0,0,7,,,30,,,,,,,,,,,,,,,,,,,B03,,,1,,2,,,84,84,1,13,4,120.759433,24.06636,3
10386,66000,387130000C,(04)23274275,(04)23288582,2025,5,27,20,33,臺中市,清水區,0,1,0,7,1,6,50,4,1,1,5,4,6,6,3,1,9,4,5,1,16,3,10,3,1,B03,7,5,1,8,2,5,2,20,20,1,12,4,120.56993,24.269175,2
10387,66000,387130000C,(04)23274275,(04)23288582,2025,5,27,20,45,臺中市,南屯區,0,1,0,7,1,6,50,13,9,1,5,4,6,6,4,4,5,5,5,2,17,2,9,6,1,F01,7,15,7,21,2,11,,39,39,1,13,4,120.651251,24.141602,2
10388,66000,387130000C,(04)23274275,(04)23288582,2025,5,27,20,55,臺中市,大甲區,0,0,0,7,,,30,,,,,,,,,,,,,,,,,,,B12,,,1,,9,,,8,8,1,12,4,120.632999,24.359408,3
10389,66000,387130000C,(04)23274275,(04)23288582,2025,5,27,21,12,臺中市,南屯區,0,1,0,7,2,6,50,13,9,1,5,4,6,6,4,4,9,4,5,2,17,2,9,1,1,C03,7,9,1,10,2,12,,84,84,1,12,4,120.638391,24.151464,2
10390,66000,387130000C,(04)23274275,(04)23288582,2025,5,27,21,15,臺中市,太平區,0,0,0,7,1,6,50,5,4,1,5,4,6,6,2,1,3,4,5,2,13,3,10,3,1,B03,7,9,1,8,1,1,,59,59,1,6,4,120.712877,24.143932,3
10391,66000,387130000C,(04)23274275,(04)23288582,2025,5,27,21,20,臺中市,大里區,0,1,0,7,1,6,50,4,1,1,5,4,6,6,1,1,10,5,5,1,16,3,10,3,1,B03,7,5,1,8,2,5,,47,47,1,12,4,120.674884,24.103574,2