序號,縣市別代碼,機關代碼,市話,傳真,年,月,日,時,分,縣市,區,死亡數量,受傷數量,2-30,天候,道路照明設備,道路類別,道路速限,道路型態,事故位置,路面鋪裝,路面狀態,路面缺陷,障礙物,視距,號誌種類,號誌動作,分向設施,快車道或一般車道間,快慢車道間,路面邊線,事故類型及型態,受傷程度,主要傷處,保護裝備,行動電話或功能裝置,當事者區分(類別),車輛用途,當事者行動狀態,駕照狀態,駕照種類,飲酒情形,車輛撞擊部位最初,車輛撞擊部位其他,肇事因素個別,肇事因素主要,肇事逃逸,職業,共享經濟或外送平台,GPS座標X,GPS座標Y,事故類別
10392,66000,387130000C,(04)23274275,(04)23288582,2025,5,27,21,23,臺中市,大里區,0,1,0,6,1,6,30,11,14,1,5,4,3,6,4,4,5,5,5,2,12,2,1,3,1,B03,7,9,1,8,2,5,,59,59,1,12,4,120.69234,24.1212,2
10393,66000,387130000C,(04)23274275,(04)23288582,2025,5,27,21,31,臺中市,北區,0,0,0,7,,,50,,,,,,,,,,,,,,,,,,,C03,,,1,,1,,,7,7,1,12,4,120.685319,24.152865,4
10394,66000,387130000C,(04)23274275,(04)23288582,2025,5,27,21,33,臺中市,太平區,0,0,0,7,,,50,,,,,,,,,,,,,,17,,,,,,,,,,,,,119,119,1,,,120.746392,24.128442,3
10395,66000,387130000C,(04)23274275,(04)23288582,2025,5,27,21,37,臺中市,西區,0,1,0,7,1,6,50,4,2,1,5,4,6,6,2,1,3,4,5,2,18,2,9,1,1,C03,7,9,1,10,2,14,,43,43,1,6,4,120.666728,24.141025,2
10396,66000,387130000C,(04)23274275,(04)23288582,2025,5,27,21,40,臺中市,北區,0,0,0,7,,,50,,,,,,,,,,,,,,17,,,,,B03,,,6,,1,,,85,85,1,13,4,120.682988,24.144291,4
10397,66000,387130000C,(04)23274275,(04)23288582,2025,5,27,21,44,臺中市,西屯區,0,0,0,7,,,50,,,,,,,,,,,,,,,,,,,B03,,,1,,9,,,59,59,1,13,4,120.657403,24.200634,3
10398,66000,387130000C,(04)23274275,(04)23288582,2025,5,27,21,49,臺中市,北屯區,0,1,0,7,1,6,50,13,9,1,5,4,6,6,4,4,1,4,5,2,18,2,9,6,1,F02,7,9,7,21,2,12,,58,58,1,6,4,120.733842,24.159215,2
10399,66000,387130000C,(04)23274275,(04)23288582,2025,5,27,21,56,臺中市,沙鹿區,0,1,0,7,2,6,30,3,9,1,3,4,6,6,4,4,10,5,5,2,18,2,8,1,1,C03,7,5,1,10,2,11,12,59,59,1,6,4,120.604463,24.243254,2
10400,66000,387130000C,(04)23274275,(04)23288582,2025,5,27,22,15,臺中市,大雅區,0,0,0,7,,,70,,,,,,,,,,,,,,,,,,,A11,,,1,,1,,,8,8,1,13,4,120.645381,24.225759,3
10401,66000,387130000C,(04)23274275,(04)23288582,2025,5,27,22,22,臺中市,大里區,0,1,0,7,1,6,50,4,4,1,5,4,6,6,1,1,10,5,5,1,17,2,9,1,1,C03,7,5,1,10,2,11,,59,59,1,12,4,120.687453,24.11017,2
10402,66000,387130000C,(04)23274275,(04)23288582,2025,5,27,22,25,臺中市,西屯區,0,2,0,7,1,6,50,3,1,1,5,4,6,6,4,4,10,5,5,2,16,2,9,4,1,F01,7,6,7,21,2,14,,14,14,1,5,4,120.64499,24.172972,2
10403,66000,387130000C,(04)23274275,(04)23288582,2025,5,27,22,30,臺中市,豐原區,0,2,0,7,2,6,40,11,9,1,5,4,6,6,4,4,5,5,5,1,17,3,10,5,4,C03,7,1,2,19,2,14,,51,51,1,13,4,120.754954,24.264169,2
10404,66000,387130000C,(04)23274275,(04)23288582,2025,5,27,22,35,臺中市,后里區,0,3,0,7,1,6,50,13,7,1,5,4,6,6,1,1,9,4,4,2,13,2,8,1,1,C02,7,9,1,9,2,11,,7,7,1,12,4,120.701255,24.325333,2
10405,66000,387130000C,(04)23274275,(04)23288582,2025,5,27,22,40,臺中市,南區,0,0,0,7,,,50,,,,,,,,,,,,,,17,,,,,B03,,,1,,1,,,50,50,1,13,4,120.666303,24.115395,3
10406,66000,387130000C,(04)23274275,(04)23288582,2025,5,27,22,55,臺中市,南屯區,0,3,0,7,2,6,30,4,1,1,5,4,6,6,4,4,9,5,5,2,15,2,9,1,1,C03,7,9,1,10,2,11,,15,15,1,11,4,120.637004,24.13315,2
10407,66000,387130000C,(04)23274275,(04)23288582,2025,5,27,23,38,臺中市,北屯區,0,0,0,5,,,50,,,,,,,,,,,,,,9,,,,,B03,,,1,,2,,,45,45,1,6,4,120.694457,24.173561,4
10408,66000,387130000C,(04)23274275,(04)23288582,2025,5,27,23,45,臺中市,太平區,0,1,0,7,1,6,30,3,1,1,5,4,6,6,4,4,10,5,5,2,17,2,9,1,1,C03,7,6,1,10,2,13,,84,84,1,12,4,120.734284,24.147809,2
10409,66000,387130000C,(04)23274275,(04)23288582,2025,5,28,0,32,臺中市,沙鹿區,0,1,0,6,3,6,30,13,9,1,5,4,6,6,4,4,10,5,5,2,18,2,9,5,4,C03,7,9,1,10,2,12,,82,82,1,13,4,120.595528,24.219425,2
10410,66000,387130000C,(04)23274275,(04)23288582,2025,5,28,1,12,臺中市,神岡區,0,1,0,5,1,6,50,4,1,1,4,4,6,6,3,1,10,5,5,2,23,2,1,3,1,B03,7,9,5,19,2,1,,59,59,1,12,4,120.684182,24.246562,2
10411,66000,387130000C,(04)23274275,(04)23288582,2025,5,28,1,24,臺中市,西屯區,0,0,0,7,,,30,,,,,,,,,,,,,,12,,,,,C03,,,1,,1,,,84,84,1,12,4,120.649977,24.176603,3
10412,66000,387130000C,(04)23274275,(04)23288582,2025,5,28,1,33,臺中市,西區,0,0,0,7,,,50,,,,,,,,,,,,,,,,,,,B12,,,1,,1,,,51,51,1,12,4,120.661997,24.145664,3
10413,66000,387130000C,(04)23274275,(04)23288582,2025,5,28,2,30,臺中市,北區,0,0,0,7,,,50,,,,,,,,,,,,,,17,,,,,B03,,,1,,2,,,59,59,1,12,4,120.680568,24.167269,3
10414,66000,387130000C,(04)23274275,(04)23288582,2025,5,28,2,56,臺中市,西區,0,0,0,7,1,6,50,4,7,1,5,4,6,6,2,1,5,5,4,2,13,3,10,5,1,B03,7,9,1,8,3,1,,84,84,1,6,4,120.656988,24.156933,3
10415,66000,387130000C,(04)23274275,(04)23288582,2025,5,28,3,7,臺中市,潭子區,0,0,0,6,,,50,,,,,,,,,,,,,,,,,,,B03,,,1,,2,,,8,8,1,13,4,120.699911,24.21285,3
10416,66000,387130000C,(04)23274275,(04)23288582,2025,5,28,5,2,臺中市,南屯區,0,0,0,7,,,50,,,,,,,,,,,,,,13,,,,,B03,,,3,,1,,,82,82,1,12,4,120.649433,24.146666,3
10417,66000,387130000C,(04)23274275,(04)23288582,2025,5,28,5,47,臺中市,大里區,0,0,0,7,,,50,,,,,,,,,,,,,,13,,,,,C03,,,1,,2,,,59,59,1,13,4,120.700224,24.088905,3
10418,66000,387130000C,(04)23274275,(04)23288582,2025,5,28,6,26,臺中市,南區,0,1,0,7,2,6,40,4,1,1,5,4,6,6,1,1,10,5,5,2,17,3,10,1,1,C03,7,6,1,10,9,16,,48,48,2,12,4,120.652841,24.108797,2
10419,66000,387130000C,(04)23274275,(04)23288582,2025,5,28,6,33,臺中市,新社區,0,0,0,7,,,50,,,,,,,,,,,,,,12,,,,,B03,,,1,,1,,,51,51,1,13,4,120.809156,24.241981,3
10420,66000,387130000C,(04)23274275,(04)23288582,2025,5,28,6,42,臺中市,豐原區,0,1,0,7,2,6,30,4,1,1,5,4,6,6,3,1,10,5,5,2,17,2,9,2,1,C03,7,1,1,10,2,11,,24,24,1,13,4,120.747641,24.263653,2
10421,66000,387130000C,(04)23274275,(04)23288582,2025,5,28,6,50,臺中市,梧棲區,0,1,0,7,3,6,60,13,8,1,5,4,6,6,4,4,1,4,1,1,18,2,9,1,1,C03,7,9,1,10,2,16,,87,87,1,6,4,120.53877,24.25681,2
10422,66000,387130000C,(04)23274275,(04)23288582,2025,5,28,7,15,臺中市,大里區,0,2,0,6,3,6,40,4,1,1,5,4,6,6,2,1,5,5,4,2,16,2,8,1,1,C03,7,6,1,10,2,14,,11,11,1,13,4,120.694909,24.112652,2
10423,66000,387130000C,(04)23274275,(04)23288582,2025,5,28,7,15,臺中市,烏日區,0,0,0,7,,,30,,,,,,,,,,,,,,16,,,,,B12,,,1,,1,,,14,14,1,13,4,120.635876,24.076363,3
10424,66000,387130000C,(04)23274275,(04)23288582,2025,5,28,7,16,臺中市,太平區,0,0,0,7,2,6,50,,,,,,,,,,,,,,16,,,,,B03,,,1,,2,1,5,12,12,1,12,4,120.733306,24.153743,3
10425,66000,387130000C,(04)23274275,(04)23288582,2025,5,28,7,19,臺中市,梧棲區,0,1,0,7,3,6,30,5,1,1,5,4,6,6,4,4,10,5,5,2,15,2,9,1,1,C03,7,9,1,10,2,11,,12,12,1,6,4,120.545177,24.242435,2
10426,66000,387130000C,(04)23274275,(04)23288582,2025,5,28,7,22,臺中市,神岡區,0,0,0,7,,,50,,,,,,,,,,,,,,16,,,,,B03,,,1,,9,,,84,84,2,12,4,120.695515,24.236436,3
10427,66000,387130000C,(04)23274275,(04)23288582,2025,5,28,7,27,臺中市,西屯區,0,0,0,7,,,50,,,,,,,,,,,,,,13,,,,,C03,,,1,,1,,,7,7,1,13,4,120.634832,24.181355,3
10428,66000,387130000C,(04)23274275,(04)23288582,2025,5,28,7,28,臺中市,潭子區,0,1,0,6,3,6,50,3,2,1,5,4,6,6,4,4,5,4,4,2,13,2,8,2,1,C03,7,9,1,10,2,14,,7,7,1,13,4,120.691408,24.216556,2
10429,66000,387130000C,(04)23274275,(04)23288582,2025,5,28,7,29,臺中市,北屯區,0,1,0,7,3,9,50,3,9,1,5,4,6,6,4,4,10,5,5,2,12,2,9,2,1,C03,7,9,1,8,9,14,,8,8,1,12,4,120.792152,24.204892,2
10430,66000,387130000C,(04)23274275,(04)23288582,2025,5,28,7,30,臺中市,東區,0,2,0,7,1,6,50,13,8,1,5,4,6,6,1,1,9,4,4,2,17,2,9,1,1,C03,7,15,3,19,2,12,,84,84,1,12,4,120.69907,24.144814,2
10431,66000,387130000C,(04)23274275,(04)23288582,2025,5,28,7,32,臺中市,沙鹿區,0,1,0,7,2,6,40,13,8,1,5,4,6,6,4,4,1,4,4,2,16,3,10,3,1,B03,7,5,1,8,2,3,,84,84,1,6,4,120.561036,24.208601,2
10432,66000,387130000C,(04)23274275,(04)23288582,2025,5,28,7,33,臺中市,石岡區,0,0,0,7,,,70,,,,,,,,,,,,,,13,,,,,B12,,,1,,1,,,7,7,1,13,4,120.794978,24.270721,3
10433,66000,387130000C,(04)23274275,(04)23288582,2025,5,28,7,34,臺中市,南屯區,0,0,0,7,,,50,,,,,,,,,,,,,,,,,,,B03,,,1,,1,,,35,35,1,13,4,120.646632,24.143832,3
10434,66000,387130000C,(04)23274275,(04)23288582,2025,5,28,7,35,臺中市,中區,0,4,0,7,2,6,50,4,1,1,5,4,6,6,1,1,10,5,5,2,16,2,9,1,1,C03,7,6,1,10,2,13,,48,48,1,12,4,120.685372,24.138559,2
10435,66000,387130000C,(04)23274275,(04)23288582,2025,5,28,7,35,臺中市,神岡區,0,0,0,7,,,30,,,,,,,,,,,,,,11,,,,,B03,,,1,,2,,,8,8,1,12,4,120.678933,24.251487,3
10436,66000,387130000C,(04)23274275,(04)23288582,2025,5,28,7,36,臺中市,大里區,0,2,0,7,2,6,60,5,2,1,5,4,6,6,1,1,4,3,4,2,17,2,9,1,1,C03,7,9,1,10,2,11,,59,59,1,6,4,120.687633,24.08581,2
10437,66000,387130000C,(04)23274275,(04)23288582,2025,5,28,7,39,臺中市,大雅區,0,0,0,7,,,50,,,,,,,,,,,,,,13,,,,,C03,,,1,,2,,,7,7,1,12,4,120.653445,24.225244,3
10438,66000,387130000C,(04)23274275,(04)23288582,2025,5,28,7,39,臺中市,清水區,0,0,0,7,2,6,30,11,9,1,5,4,6,6,4,4,9,4,5,2,18,,,,,B03,,,1,,1,,,7,7,1,12,4,120.567807,24.267344,3
10439,66000,387130000C,(04)23274275,(04)23288582,2025,5,28,7,40,臺中市,沙鹿區,0,0,0,7,,,50,,,,,,,,,,,,,,12,,,,,B02,,,1,,2,,,8,8,1,12,4,120.567326,24.205247,3
10440,66000,387130000C,(04)23274275,(04)23288582,2025,5,28,7,45,臺中市,南屯區,0,1,0,7,1,6,50,3,1,1,5,4,6,6,1,1,1,2,5,2,12,2,9,5,4,C03,7,8,1,10,2,14,,42,42,1,13,4,120.599564,24.150925,2
10441,66000,387130000C,(04)23274275,(04)23288582,2025,5,28,7,48,臺中市,大肚區,0,0,0,7,,,50,,,,,,,,,,,,,,,,,,,C03,,,1,,2,,,7,7,1,6,4,120.544913,24.157256,3
10442,66000,387130000C,(04)23274275,(04)23288582,2025,5,28,7,49,臺中市,豐原區,0,1,0,7,2,6,50,4,1,1,5,4,6,6,1,1,10,5,5,2,17,3,10,2,1,C03,7,5,1,10,2,13,,11,11,1,13,4,120.754602,24.274061,2
10443,66000,387130000C,(04)23274275,(04)23288582,2025,5,28,7,51,臺中市,南區,0,0,0,7,,,50,,,,,,,,,,,,,,,,,,,C03,,,1,,1,,,43,43,1,6,4,120.669946,24.119032,3
10444,66000,387130000C,(04)23274275,(04)23288582,2025,5,28,7,51,臺中市,神岡區,0,0,0,7,,,30,,,,,,,,,,,,,,17,,,,,B03,,,1,,2,,,8,8,1,13,4,120.647267,24.251085,3
10445,66000,387130000C,(04)23274275,(04)23288582,2025,5,28,7,51,臺中市,豐原區,0,1,0,7,2,6,30,13,9,1,5,4,3,6,4,4,10,5,5,1,17,2,9,1,1,C03,7,9,3,19,2,11,,56,56,1,13,4,120.713399,24.232319,2
10446,66000,387130000C,(04)23274275,(04)23288582,2025,5,28,7,52,臺中市,霧峰區,0,1,0,7,2,6,40,13,9,1,5,4,6,6,4,4,5,5,5,1,13,2,8,1,1,C03,7,9,1,10,2,11,,7,7,1,6,4,120.704005,24.071261,2
10447,66000,387130000C,(04)23274275,(04)23288582,2025,5,28,7,53,臺中市,北屯區,0,0,0,7,,,50,,,,,,,,,,,,,,16,,,,,B03,,,1,,1,,,45,45,1,12,4,120.664151,24.18572,3
10448,66000,387130000C,(04)23274275,(04)23288582,2025,5,28,7,53,臺中市,東勢區,0,2,0,7,2,6,60,5,2,1,5,4,6,6,2,1,3,4,4,1,13,2,7,5,4,C03,7,9,1,10,2,11,,7,7,1,13,4,120.822657,24.261517,2
10449,66000,387130000C,(04)23274275,(04)23288582,2025,5,28,7,55,臺中市,大雅區,0,2,0,6,3,6,40,4,2,1,5,4,6,6,1,1,5,2,5,1,17,2,9,1,1,C03,7,9,1,10,2,11,,21,21,1,12,4,120.661808,24.232628,2
10450,66000,387130000C,(04)23274275,(04)23288582,2025,5,28,7,55,臺中市,北屯區,0,1,0,6,3,6,50,4,1,1,5,4,6,6,2,1,10,5,5,2,16,3,10,3,1,B03,7,6,1,8,2,5,,23,23,1,12,4,120.724241,24.166865,2
10451,66000,387130000C,(04)23274275,(04)23288582,2025,5,28,7,56,臺中市,西屯區,0,0,0,7,,,30,,,,,,,,,,,,,,17,,,,,B12,,,1,,1,,,59,59,1,13,4,120.650592,24.166023,3
10452,66000,387130000C,(04)23274275,(04)23288582,2025,5,28,7,58,臺中市,西屯區,0,0,0,7,,,50,,,,,,,,,,,,,,,,,,,B03,,,1,,1,,,49,49,1,12,4,120.656421,24.160367,3
10453,66000,387130000C,(04)23274275,(04)23288582,2025,5,28,8,0,臺中市,大雅區,0,1,0,7,3,6,50,11,9,1,5,4,6,6,4,4,9,4,5,1,18,2,9,2,1,C03,7,9,1,10,2,16,,84,84,1,13,4,120.644164,24.224514,2
10454,66000,387130000C,(04)23274275,(04)23288582,2025,5,28,8,0,臺中市,北屯區,0,1,0,7,2,6,50,3,3,1,4,4,6,6,4,4,1,4,5,2,13,2,9,1,1,C03,7,9,1,10,2,11,,7,7,1,6,4,120.70037,24.179813,2
10455,66000,387130000C,(04)23274275,(04)23288582,2025,5,28,8,0,臺中市,豐原區,0,1,0,7,2,6,50,3,2,1,5,4,6,6,1,1,1,4,4,2,12,3,10,3,1,B03,7,7,1,8,9,16,,40,40,1,13,4,120.712877,24.241794,2
10456,66000,387130000C,(04)23274275,(04)23288582,2025,5,28,8,1,臺中市,梧棲區,0,0,0,7,,,50,,,,,,,,,,,,,,,,,,,A11,,,1,,2,,,93,93,1,6,4,120.539388,24.261773,3
10457,66000,387130000C,(04)23274275,(04)23288582,2025,5,28,8,2,臺中市,西屯區,0,7,0,7,2,6,50,13,9,1,5,4,6,6,3,1,5,4,5,2,13,2,8,1,4,C03,7,12,1,10,2,11,13,7,7,1,12,4,120.593857,24.185087,2
10458,66000,387130000C,(04)23274275,(04)23288582,2025,5,28,8,3,臺中市,北屯區,0,2,0,7,3,6,50,13,9,1,5,4,6,6,4,4,9,4,5,2,16,2,9,1,1,C03,7,1,1,10,2,14,,51,51,1,12,4,120.682203,24.193149,2
10459,66000,387130000C,(04)23274275,(04)23288582,2025,5,28,8,5,臺中市,清水區,0,1,0,7,2,6,50,13,9,1,5,4,6,6,4,4,8,3,5,2,16,3,10,4,1,G03,7,9,7,21,2,17,,20,20,1,12,4,120.549167,24.285685,2
10460,66000,387130000C,(04)23274275,(04)23288582,2025,5,28,8,7,臺中市,北屯區,0,1,0,7,1,6,50,11,9,1,5,4,6,6,4,4,5,4,5,2,12,3,10,5,4,B03,7,4,5,8,2,6,,8,8,1,13,4,120.746198,24.191124,2
10461,66000,387130000C,(04)23274275,(04)23288582,2025,5,28,8,8,臺中市,梧棲區,0,0,0,7,,,70,,,,,,,,,,,,,,14,,,,,B03,,,1,,2,,,49,49,1,6,4,120.545433,24.227258,3
10462,66000,387130000C,(04)23274275,(04)23288582,2025,5,28,8,10,臺中市,烏日區,0,0,0,7,,,70,,,,,,,,,,,,,,2,,,,,B03,,,1,,1,,,11,11,1,6,4,120.599642,24.110249,4
10463,66000,387130000C,(04)23274275,(04)23288582,2025,5,28,8,12,臺中市,西區,0,0,0,7,,,50,,,,,,,,,,,,,,,,,,,B03,,,1,,1,,,84,84,1,12,4,120.665757,24.140083,3
10464,66000,387130000C,(04)23274275,(04)23288582,2025,5,28,8,13,臺中市,南屯區,0,0,0,7,,,50,,,,,,,,,,,,,,13,,,,,B03,,,1,,1,,,7,7,1,12,4,120.621075,24.140223,3
10465,66000,387130000C,(04)23274275,(04)23288582,2025,5,28,8,14,臺中市,南屯區,0,1,0,7,2,6,50,3,2,1,5,4,6,6,2,1,5,5,5,2,17,2,9,2,1,C03,7,9,1,10,2,12,,43,43,1,12,4,120.609819,24.140182,2
10466,66000,387130000C,(04)23274275,(04)23288582,2025,5,28,8,15,臺中市,北屯區,0,1,0,7,2,6,50,3,2,1,5,4,6,6,4,4,4,5,4,2,17,3,10,3,1,B02,7,6,1,4,2,8,,48,48,1,6,4,120.69498,24.184231,2
10467,66000,387130000C,(04)23274275,(04)23288582,2025,5,28,8,16,臺中市,霧峰區,0,0,0,7,,,50,,,,,,,,,,,,,,,,,,,C03,,,1,,2,,,7,7,1,12,4,120.709216,24.080907,3
10468,66000,387130000C,(04)23274275,(04)23288582,2025,5,28,8,17,臺中市,南屯區,0,0,0,7,,,50,,,,,,,,,,,,,,13,,,,,B03,,,1,,1,,,84,84,1,6,4,120.637911,24.147332,3
10469,66000,387130000C,(04)23274275,(04)23288582,2025,5,28,8,20,臺中市,北屯區,0,0,0,7,,,50,,,,,,,,,,,,,,13,,,,,C03,,,1,,1,,,7,7,1,12,4,120.686931,24.20134,3
10470,66000,387130000C,(04)23274275,(04)23288582,2025,5,28,8,22,臺中市,北屯區,0,0,0,7,,,50,,,,,,,,,,,,,,17,,,,,B03,,,1,,9,,,34,34,2,12,4,120.727532,24.171658,3
10471,66000,387130000C,(04)23274275,(04)23288582,2025,5,28,8,22,臺中市,后里區,0,1,0,7,2,6,40,13,8,1,5,4,6,6,4,4,1,4,4,1,13,2,9,1,1,C03,7,9,1,10,2,12,,7,7,1,12,4,120.723216,24.292949,2
10472,66000,387130000C,(04)23274275,(04)23288582,2025,5,28,8,24,臺中市,東區,0,0,0,7,,,50,,,,,,,,,,,,,,,,,,,C03,,,1,,1,,,7,7,1,13,4,120.697284,24.139094,4
10473,66000,387130000C,(04)23274275,(04)23288582,2025,5,28,8,24,臺中市,北屯區,0,1,0,7,2,6,50,13,9,1,4,4,6,6,4,4,1,4,5,2,17,3,10,3,1,B12,7,1,1,8,2,8,,51,51,1,6,4,120.693837,24.163623,2
10474,66000,387130000C,(04)23274275,(04)23288582,2025,5,28,8,25,臺中市,南區,0,0,0,7,,,50,,,,,,,,,,,,,,16,,,,,C03,,,1,,2,,,11,11,1,6,4,120.648907,24.119279,3
10475,66000,387130000C,(04)23274275,(04)23288582,2025,5,28,8,29,臺中市,北屯區,0,0,0,7,,,50,,,,,,,,,,,,,,,,,,,B03,,,1,,2,,,84,84,1,12,4,120.683472,24.201092,3
10476,66000,387130000C,(04)23274275,(04)23288582,2025,5,28,8,30,臺中市,東區,0,1,0,7,1,6,50,13,7,1,5,4,6,6,4,4,5,4,5,2,17,2,9,1,1,C03,7,12,1,10,2,14,,84,84,1,12,4,120.692441,24.140098,2
10477,66000,387130000C,(04)23274275,(04)23288582,2025,5,28,8,33,臺中市,大肚區,0,1,0,7,2,6,70,4,1,1,5,4,6,6,2,1,10,5,5,2,16,3,10,3,1,A11,7,6,1,1,2,3,,11,11,1,6,4,120.550609,24.138392,2
10478,66000,387130000C,(04)23274275,(04)23288582,2025,5,28,8,36,臺中市,大里區,0,2,0,7,2,6,50,3,1,1,5,4,6,6,4,4,10,5,5,2,17,2,9,1,1,C03,7,15,1,10,2,15,,42,42,1,12,4,120.687065,24.123015,2
10479,66000,387130000C,(04)23274275,(04)23288582,2025,5,28,8,37,臺中市,梧棲區,0,0,0,7,,,70,,,,,,,,,,,,,,13,,,,,C03,,,1,,2,,,7,7,1,6,4,120.54247,24.21928,3
10480,66000,387130000C,(04)23274275,(04)23288582,2025,5,28,8,40,臺中市,大雅區,0,2,0,7,1,6,50,13,14,1,5,4,6,6,4,4,5,4,5,1,17,2,9,2,1,C03,7,9,1,10,2,12,,4,4,1,12,4,120.647596,24.226317,2
10481,66000,387130000C,(04)23274275,(04)23288582,2025,5,28,8,42,臺中市,西屯區,0,1,0,7,2,6,40,4,1,1,5,4,6,6,2,1,10,5,5,2,13,2,9,1,1,C03,7,9,1,10,2,11,,7,7,1,13,4,120.641611,24.167682,2
10482,66000,387130000C,(04)23274275,(04)23288582,2025,5,28,8,50,臺中市,霧峰區,0,0,0,7,,,50,,,,,,,,,,,,,,17,,,,,B03,,,1,,1,,,15,15,1,6,4,120.690583,24.048444,3
10483,66000,387130000C,(04)23274275,(04)23288582,2025,5,28,8,53,臺中市,北屯區,0,0,0,7,,,40,,,,,,,,,,,,,,,,,,,B03,,,1,,1,,,26,26,1,13,4,120.723091,24.162035,3
10484,66000,387130000C,(04)23274275,(04)23288582,2025,5,28,8,54,臺中市,西屯區,0,1,0,7,2,6,50,3,1,1,5,4,6,6,1,1,10,5,5,2,13,3,10,5,4,B03,7,14,1,10,2,4,,59,59,1,13,4,120.635349,24.169426,2
10485,66000,387130000C,(04)23274275,(04)23288582,2025,5,28,8,55,臺中市,沙鹿區,0,1,0,7,3,6,50,3,1,1,5,4,6,6,4,4,9,4,4,2,16,2,8,2,1,C03,7,6,1,10,2,14,,48,48,1,12,4,120.560006,24.238967,2
10486,66000,387130000C,(04)23274275,(04)23288582,2025,5,28,8,59,臺中市,南屯區,0,0,0,7,3,6,50,13,9,1,5,4,6,6,1,1,5,5,5,2,13,,,,,B03,,,1,,1,,,7,7,1,12,4,120.611412,24.138358,3
10487,66000,387130000C,(04)23274275,(04)23288582,2025,5,28,9,0,臺中市,南屯區,0,1,0,7,2,6,50,13,9,1,5,4,6,6,4,4,9,5,5,2,17,2,9,2,1,C03,7,9,1,10,2,11,,59,59,1,13,4,120.612123,24.149603,2
10488,66000,387130000C,(04)23274275,(04)23288582,2025,5,28,9,3,臺中市,南區,0,2,0,7,3,6,50,4,1,1,5,4,6,6,1,1,10,5,5,2,15,2,9,1,1,C03,7,9,1,10,2,14,,85,85,1,6,4,120.667553,24.128048,2
10489,66000,387130000C,(04)23274275,(04)23288582,2025,5,28,9,8,臺中市,北屯區,0,2,0,7,2,6,50,13,9,1,5,4,6,6,4,4,1,4,5,2,12,2,9,1,1,C03,7,15,1,10,2,14,,8,8,1,6,4,120.683794,24.201178,2
10490,66000,387130000C,(04)23274275,(04)23288582,2025,5,28,9,8,臺中市,霧峰區,0,1,0,7,2,6,50,4,1,1,5,4,6,6,1,1,10,5,5,2,16,2,9,1,1,C03,7,6,1,10,2,11,,11,11,1,12,4,120.698519,24.062896,2
10491,66000,387130000C,(04)23274275,(04)23288582,2025,5,28,9,14,臺中市,東區,0,1,0,7,3,6,50,4,1,1,5,4,6,6,2,1,10,5,5,2,17,2,9,2,1,C03,7,15,1,10,2,13,,84,84,1,13,4,120.686107,24.140115,2
10492,66000,387130000C,(04)23274275,(04)23288582,2025,5,28,9,20,臺中市,南區,0,1,0,7,1,6,50,13,7,1,5,4,6,6,4,4,1,4,5,2,13,3,10,1,1,C03,7,9,1,10,2,11,,84,84,1,12,4,120.654167,24.116536,2
10493,66000,387130000C,(04)23274275,(04)23288582,2025,5,28,9,24,臺中市,太平區,0,1,0,7,2,6,30,13,9,1,5,4,6,6,4,4,10,5,5,2,17,3,10,5,4,G03,7,1,1,7,2,17,,51,51,1,6,4,120.725104,24.111089,2
10494,66000,387130000C,(04)23274275,(04)23288582,2025,5,28,9,27,臺中市,東區,0,0,0,7,,,50,,,,,,,,,,,,,,,,,,,B12,,,1,,2,,,84,84,1,6,4,120.702869,24.144541,3
10495,66000,387130000C,(04)23274275,(04)23288582,2025,5,28,9,30,臺中市,北區,0,1,0,7,3,6,50,3,1,1,5,4,6,6,1,1,10,5,5,2,16,3,10,3,1,B03,7,6,1,8,2,6,,11,11,1,12,4,120.681109,24.157479,2
10496,66000,387130000C,(04)23274275,(04)23288582,2025,5,28,9,30,臺中市,烏日區,0,1,0,7,2,6,50,3,1,1,5,4,6,6,4,4,5,4,4,2,16,3,10,3,1,B03,7,6,1,8,2,5,,39,39,1,6,4,120.607288,24.11029,2
10497,66000,387130000C,(04)23274275,(04)23288582,2025,5,28,9,35,臺中市,西屯區,0,0,0,7,,,50,,,,,,,,,,,,,,13,,,,,B01,,,1,,1,,,59,59,1,13,4,120.64711,24.155638,3
10498,66000,387130000C,(04)23274275,(04)23288582,2025,5,28,9,35,臺中市,太平區,0,0,0,7,,,40,,,,,,,,,,,,,,14,,,,,B12,,,1,,2,,,49,49,1,6,4,120.730984,24.150048,3
10499,66000,387130000C,(04)23274275,(04)23288582,2025,5,28,9,36,臺中市,霧峰區,0,0,0,7,,,40,,,,,,,,,,,,,,,,,,,B12,,,1,,1,,,8,8,1,6,4,120.661896,24.069615,3
10500,66000,387130000C,(04)23274275,(04)23288582,2025,5,28,9,36,臺中市,沙鹿區,0,0,0,7,,,50,,,,,,,,,,,,,,13,,,,,A11,,,1,,2,,,59,59,1,6,4,120.567523,24.203842,3
10501,66000,387130000C,(04)23274275,(04)23288582,2025,5,28,9,40,臺中市,大里區,0,2,0,7,2,6,50,3,1,1,5,4,6,6,4,4,5,5,5,2,16,2,9,1,1,C03,7,9,1,9,2,11,14,15,15,1,6,4,120.693384,24.109729,2
10502,66000,387130000C,(04)23274275,(04)23288582,2025,5,28,9,43,臺中市,清水區,0,0,0,6,,,50,,,,,,,,,,,,,,,,,,,C03,,,1,,2,,,8,8,1,12,4,120.575835,24.26942,3