序號,縣市別代碼,機關代碼,市話,傳真,年,月,日,時,分,縣市,區,死亡數量,受傷數量,2-30,天候,道路照明設備,道路類別,道路速限,道路型態,事故位置,路面鋪裝,路面狀態,路面缺陷,障礙物,視距,號誌種類,號誌動作,分向設施,快車道或一般車道間,快慢車道間,路面邊線,事故類型及型態,受傷程度,主要傷處,保護裝備,行動電話或功能裝置,當事者區分(類別),車輛用途,當事者行動狀態,駕照狀態,駕照種類,飲酒情形,車輛撞擊部位最初,車輛撞擊部位其他,肇事因素個別,肇事因素主要,肇事逃逸,職業,共享經濟或外送平台,GPS座標X,GPS座標Y,事故類別
10614,66000,387130000C,(04)23274275,(04)23288582,2025,5,28,14,46,臺中市,太平區,0,0,0,7,2,6,50,,,,,,,,,,,,,,,,,,,B03,,,1,,2,8,1,58,58,1,12,4,120.719906,24.149157,3
10615,66000,387130000C,(04)23274275,(04)23288582,2025,5,28,14,47,臺中市,北區,0,1,0,7,2,6,50,13,14,1,5,4,6,6,4,4,1,4,5,1,17,3,10,3,1,B02,7,2,1,8,2,3,,49,49,1,13,4,120.684078,24.162876,2
10616,66000,387130000C,(04)23274275,(04)23288582,2025,5,28,14,50,臺中市,北區,0,0,0,6,,,50,,,,,,,,,,,,,,,,,,,B03,,,1,,1,,,84,84,1,13,4,120.671639,24.173359,3
10617,66000,387130000C,(04)23274275,(04)23288582,2025,5,28,14,50,臺中市,北區,0,2,0,7,2,6,50,4,1,1,5,4,6,6,1,1,2,4,5,2,17,3,10,5,1,B03,7,6,1,8,2,2,,11,11,1,13,4,120.685574,24.153539,2
10618,66000,387130000C,(04)23274275,(04)23288582,2025,5,28,14,51,臺中市,北區,0,0,0,7,2,6,50,13,9,1,5,4,6,6,4,4,1,4,5,2,12,3,10,3,1,B03,7,8,1,8,1,4,,40,40,1,12,4,120.671596,24.172356,4
10619,66000,387130000C,(04)23274275,(04)23288582,2025,5,28,14,51,臺中市,西屯區,0,0,0,6,,,50,,,,,,,,,,,,,,13,,,,,C03,,,1,,1,,,7,7,1,12,4,120.624641,24.156648,4
10620,66000,387130000C,(04)23274275,(04)23288582,2025,5,28,14,55,臺中市,南屯區,0,0,0,7,,,50,,,,,,,,,,,,,,,,,,,C03,,,1,,1,,,87,87,1,13,4,120.607567,24.136562,3
10621,66000,387130000C,(04)23274275,(04)23288582,2025,5,28,14,56,臺中市,西屯區,0,1,0,6,2,6,50,13,9,1,5,4,6,6,4,4,5,4,5,2,12,2,8,5,4,B03,7,9,1,10,2,15,,59,59,1,13,4,120.64528,24.178426,2
10622,66000,387130000C,(04)23274275,(04)23288582,2025,5,28,14,59,臺中市,西屯區,0,1,0,6,2,6,50,4,4,1,5,4,6,6,2,1,10,5,5,2,13,2,9,5,4,C03,7,9,1,10,2,11,,59,59,1,12,4,120.651816,24.165933,2
10623,66000,387130000C,(04)23274275,(04)23288582,2025,5,28,15,3,臺中市,大里區,0,0,0,7,,,50,,,,,,,,,,,,,,13,,,,,B03,,,1,,2,,,84,84,1,12,4,120.690909,24.100987,3
10624,66000,387130000C,(04)23274275,(04)23288582,2025,5,28,15,8,臺中市,豐原區,0,1,0,7,2,6,50,13,14,1,5,4,6,6,4,4,1,4,5,1,17,2,9,2,1,C03,7,9,1,10,2,14,,84,84,1,13,4,120.728225,24.250803,2
10625,66000,387130000C,(04)23274275,(04)23288582,2025,5,28,15,12,臺中市,西區,0,0,0,6,,,50,,,,,,,,,,,,,,17,,,,,B03,,,1,,9,,,25,25,1,12,4,120.665287,24.150867,3
10626,66000,387130000C,(04)23274275,(04)23288582,2025,5,28,15,20,臺中市,南屯區,0,1,0,6,3,6,30,4,1,1,5,4,6,6,4,4,10,5,5,2,16,3,10,3,1,B12,7,5,1,8,2,5,,47,47,1,12,4,120.613341,24.127754,2
10627,66000,387130000C,(04)23274275,(04)23288582,2025,5,28,15,26,臺中市,大里區,0,0,0,5,,,50,,,,,,,,,,,,,,14,,,,,B03,,,1,,2,,,49,49,1,13,4,120.703293,24.097337,3
10628,66000,387130000C,(04)23274275,(04)23288582,2025,5,28,15,27,臺中市,北區,0,1,0,7,2,6,50,4,2,1,5,4,6,6,1,1,5,4,5,2,17,2,9,5,1,C03,7,2,5,19,2,13,,84,84,1,13,4,120.679186,24.171855,2
10629,66000,387130000C,(04)23274275,(04)23288582,2025,5,28,15,32,臺中市,大雅區,0,0,0,6,,,30,,,,,,,,,,,,,,,,,,,B03,,,1,,2,,,12,12,1,13,4,120.638307,24.219271,3
10630,66000,387130000C,(04)23274275,(04)23288582,2025,5,28,15,39,臺中市,南區,0,0,0,7,,,50,,,,,,,,,,,,,,17,,,,,B03,,,1,,1,,,39,39,1,13,4,120.653123,24.12186,3
10631,66000,387130000C,(04)23274275,(04)23288582,2025,5,28,15,43,臺中市,豐原區,0,0,0,7,,,50,,,,,,,,,,,,,,17,,,,,B03,,,1,,2,,,84,84,1,12,4,120.733912,24.253289,3
10632,66000,387130000C,(04)23274275,(04)23288582,2025,5,28,15,45,臺中市,北區,0,1,0,6,3,6,50,4,2,1,5,4,6,6,4,4,5,4,5,2,17,2,9,5,4,C03,7,9,1,10,2,12,,84,84,1,13,4,120.685533,24.150515,2
10633,66000,387130000C,(04)23274275,(04)23288582,2025,5,28,15,45,臺中市,西屯區,0,0,0,7,,,50,,,,,,,,,,,,,,17,,,,,F01,,,7,,2,,,8,8,1,12,4,120.641976,24.16333,3
10634,66000,387130000C,(04)23274275,(04)23288582,2025,5,28,15,48,臺中市,清水區,0,2,0,7,1,6,50,4,1,1,5,4,6,6,2,1,1,4,4,1,15,2,1,3,1,B03,7,9,1,8,2,1,,21,21,1,12,4,120.540888,24.265327,2
10635,66000,387130000C,(04)23274275,(04)23288582,2025,5,28,15,51,臺中市,東區,0,1,0,7,3,6,50,3,1,1,5,4,6,6,1,1,10,5,5,2,16,2,7,2,1,C03,7,9,1,10,2,11,,84,84,1,12,4,120.710765,24.142725,2
10636,66000,387130000C,(04)23274275,(04)23288582,2025,5,28,15,55,臺中市,西屯區,0,0,0,7,,,50,,,,,,,,,,,,,,17,,,,,,,,,,,,,86,86,1,,,120.658913,24.173781,3
10637,66000,387130000C,(04)23274275,(04)23288582,2025,5,28,15,57,臺中市,西屯區,0,0,0,5,,,50,,,,,,,,,,,,,,11,,,,,A32,,,1,,1,,,47,47,1,13,4,120.609024,24.157797,3
10638,66000,387130000C,(04)23274275,(04)23288582,2025,5,28,15,58,臺中市,北區,0,0,0,7,2,6,50,4,2,1,5,4,6,6,4,4,5,4,5,2,16,3,10,3,1,B03,7,5,1,8,2,8,,14,14,1,12,4,120.684054,24.154622,3
10639,66000,387130000C,(04)23274275,(04)23288582,2025,5,28,15,59,臺中市,后里區,0,0,0,6,2,6,50,13,9,1,5,4,6,6,4,4,5,5,5,1,12,3,10,3,1,B03,7,7,1,8,2,2,,8,8,1,12,4,120.713554,24.307703,3
10640,66000,387130000C,(04)23274275,(04)23288582,2025,5,28,16,0,臺中市,西區,0,2,0,6,2,6,50,13,9,1,5,4,6,6,4,4,5,4,5,2,13,2,9,2,1,C03,7,9,1,10,2,11,,7,7,1,13,4,120.661526,24.153171,2
10641,66000,387130000C,(04)23274275,(04)23288582,2025,5,28,16,0,臺中市,南區,0,1,0,7,3,6,50,13,9,1,5,4,6,6,4,4,5,5,5,2,17,3,10,3,1,B03,7,13,1,8,2,4,,76,76,1,6,4,120.655111,24.129856,2
10642,66000,387130000C,(04)23274275,(04)23288582,2025,5,28,16,2,臺中市,西屯區,0,1,0,6,3,6,40,13,8,1,5,4,6,6,4,4,1,4,1,2,12,2,9,1,1,C03,7,9,1,10,2,14,,42,42,1,13,4,120.636612,24.159723,2
10643,66000,387130000C,(04)23274275,(04)23288582,2025,5,28,16,5,臺中市,大肚區,0,0,0,6,,,50,,,,,,,,,,,,,,,,,,,A41,,,1,,1,,,40,40,1,6,4,120.558078,24.127151,3
10644,66000,387130000C,(04)23274275,(04)23288582,2025,5,28,16,5,臺中市,后里區,0,1,0,6,2,6,50,13,9,1,5,4,6,6,4,4,9,4,5,1,12,3,10,3,1,A12,7,9,1,7,2,5,,8,8,1,13,4,120.675163,24.316929,2
10645,66000,387130000C,(04)23274275,(04)23288582,2025,5,28,16,8,臺中市,潭子區,0,1,0,6,3,6,50,3,2,1,5,4,6,6,4,4,5,4,5,1,17,3,10,1,1,C03,7,5,1,10,2,11,,59,59,1,12,4,120.715145,24.226729,2
10646,66000,387130000C,(04)23274275,(04)23288582,2025,5,28,16,8,臺中市,西屯區,0,0,0,7,,,50,,,,,,,,,,,,,,11,,,,,C03,,,1,,1,,,11,11,1,12,2,120.647937,24.172404,4
10647,66000,387130000C,(04)23274275,(04)23288582,2025,5,28,16,11,臺中市,北屯區,0,0,0,7,,,50,,,,,,,,,,,,,,17,,,,,B03,,,5,,2,,,39,39,1,12,4,120.694259,24.16491,3
10648,66000,387130000C,(04)23274275,(04)23288582,2025,5,28,16,12,臺中市,外埔區,0,1,0,6,2,6,50,5,2,1,5,4,6,6,1,1,4,2,5,1,13,2,8,1,1,C03,7,9,1,10,2,11,,7,7,1,12,4,120.639672,24.341093,2
10649,66000,387130000C,(04)23274275,(04)23288582,2025,5,28,16,12,臺中市,豐原區,0,0,0,7,,,30,,,,,,,,,,,,,,17,,,,,B12,,,1,,2,,,8,8,1,13,4,120.748253,24.252643,3
10650,66000,387130000C,(04)23274275,(04)23288582,2025,5,28,16,13,臺中市,大雅區,0,2,0,6,2,6,30,3,1,1,4,4,6,6,3,1,5,5,4,1,16,2,9,2,1,C03,7,6,1,10,2,14,,24,24,1,13,4,120.629962,24.209698,2
10651,66000,387130000C,(04)23274275,(04)23288582,2025,5,28,16,15,臺中市,豐原區,0,2,0,6,2,6,50,3,1,1,5,4,6,6,4,4,10,5,5,2,17,2,8,4,1,F01,7,6,7,21,2,11,,14,14,1,3,4,120.720598,24.253151,2
10652,66000,387130000C,(04)23274275,(04)23288582,2025,5,28,16,17,臺中市,烏日區,0,1,0,7,3,6,50,4,9,1,5,4,3,3,4,4,5,5,4,2,16,2,7,4,1,F01,7,5,7,21,2,11,,47,47,1,3,1,120.625747,24.103038,2
10653,66000,387130000C,(04)23274275,(04)23288582,2025,5,28,16,18,臺中市,西區,0,0,0,7,,,40,,,,,,,,,,,,,,,,,,,B03,,,1,,9,,,85,85,1,12,4,120.657579,24.145784,3
10654,66000,387130000C,(04)23274275,(04)23288582,2025,5,28,16,19,臺中市,潭子區,0,0,0,7,,,50,,,,,,,,,,,,,,,,,,,B03,,,1,,2,,,50,50,1,13,4,120.704602,24.210615,3
10655,66000,387130000C,(04)23274275,(04)23288582,2025,5,28,16,20,臺中市,南屯區,0,0,0,7,,,50,,,,,,,,,,,,,,,,,,,C03,,,5,,2,,,59,59,1,13,4,120.612014,24.138264,3
10656,66000,387130000C,(04)23274275,(04)23288582,2025,5,28,16,21,臺中市,北區,0,0,0,7,3,6,50,18,24,1,5,4,6,6,4,4,10,5,5,2,17,,,,,B03,,,1,,2,,,8,8,1,13,4,120.679235,24.15223,3
10657,66000,387130000C,(04)23274275,(04)23288582,2025,5,28,16,22,臺中市,南區,0,0,0,7,,,50,,,,,,,,,,,,,,17,,,,,B03,,,1,,1,,,51,51,1,13,4,120.668429,24.113105,3
10658,66000,387130000C,(04)23274275,(04)23288582,2025,5,28,16,24,臺中市,大里區,0,0,0,7,,,80,,,,,,,,,,,,,,12,,,,,B03,,,1,,2,,,40,40,1,13,4,120.683144,24.086962,3
10659,66000,387130000C,(04)23274275,(04)23288582,2025,5,28,16,25,臺中市,西區,0,0,0,6,,,30,,,,,,,,,,,,,,17,,,,,C03,,,1,,9,,,50,50,1,12,4,120.661587,24.155869,3
10660,66000,387130000C,(04)23274275,(04)23288582,2025,5,28,16,26,臺中市,西屯區,0,1,0,7,2,6,50,4,1,1,5,4,6,6,2,1,10,5,5,2,16,3,10,3,1,B03,7,6,1,8,2,3,,11,11,1,12,4,120.629346,24.183733,2
10661,66000,387130000C,(04)23274275,(04)23288582,2025,5,28,16,31,臺中市,龍井區,0,1,0,7,3,6,50,4,1,1,5,4,6,6,1,1,10,5,5,2,15,3,10,3,1,B03,7,9,1,8,2,1,,21,21,1,6,4,120.51685,24.205065,2
10662,66000,387130000C,(04)23274275,(04)23288582,2025,5,28,16,32,臺中市,北屯區,0,1,0,7,2,6,50,3,1,1,5,4,6,6,2,1,10,5,5,2,16,3,10,3,1,B01,7,6,1,8,2,1,,11,11,1,6,4,120.699355,24.170226,2
10663,66000,387130000C,(04)23274275,(04)23288582,2025,5,28,16,32,臺中市,北屯區,0,0,0,5,,,50,,,,,,,,,,,,,,17,,,,,B03,,,1,,9,,,85,85,1,6,4,120.670995,24.175032,3
10664,66000,387130000C,(04)23274275,(04)23288582,2025,5,28,16,36,臺中市,霧峰區,0,1,0,7,2,6,25,11,7,1,5,4,6,6,4,4,5,5,4,2,18,2,9,2,1,C03,7,9,1,10,2,12,,84,84,1,13,4,120.71631,24.072984,2
10665,66000,387130000C,(04)23274275,(04)23288582,2025,5,28,16,39,臺中市,西屯區,0,1,0,7,2,6,50,3,1,1,4,4,6,6,4,4,5,4,5,2,16,3,10,5,1,G03,7,9,7,21,2,17,,84,84,1,12,4,120.625698,24.197818,2
10666,66000,387130000C,(04)23274275,(04)23288582,2025,5,28,16,39,臺中市,西屯區,0,0,0,7,,,40,,,,,,,,,,,,,,13,,,,,C03,,,1,,1,,,7,7,1,13,4,120.623774,24.17871,3
10667,66000,387130000C,(04)23274275,(04)23288582,2025,5,28,16,43,臺中市,北區,0,1,0,6,2,6,50,4,2,1,5,4,6,6,2,1,5,2,5,2,13,3,10,3,1,B03,7,9,1,8,2,1,,7,7,1,12,4,120.686714,24.147912,2
10668,66000,387130000C,(04)23274275,(04)23288582,2025,5,28,16,45,臺中市,清水區,0,0,0,6,,,60,,,,,,,,,,,,,,,,,,,B03,,,1,,2,,,7,7,1,12,4,120.54785,24.277469,3
10669,66000,387130000C,(04)23274275,(04)23288582,2025,5,28,16,45,臺中市,神岡區,0,1,0,5,2,6,50,3,2,1,4,4,6,6,3,1,5,5,5,1,17,2,9,1,1,C03,7,9,1,10,2,16,,59,59,1,12,4,120.676992,24.235526,2
10670,66000,387130000C,(04)23274275,(04)23288582,2025,5,28,16,47,臺中市,南區,0,0,0,7,,,50,,,,,,,,,,,,,,14,,,,,B03,,,1,,1,,,49,49,1,13,4,120.661766,24.120197,3
10671,66000,387130000C,(04)23274275,(04)23288582,2025,5,28,16,55,臺中市,龍井區,0,0,0,6,,,60,,,,,,,,,,,,,,13,,,,,B03,,,1,,1,,,7,7,1,6,4,120.539937,24.218699,3
10672,66000,387130000C,(04)23274275,(04)23288582,2025,5,28,17,3,臺中市,南區,0,2,0,6,3,6,50,4,1,1,5,4,6,6,4,4,5,5,5,2,16,2,9,1,1,F01,7,9,7,21,2,14,,4,4,1,2,4,120.673152,24.130906,2
10673,66000,387130000C,(04)23274275,(04)23288582,2025,5,28,17,5,臺中市,太平區,0,1,0,7,3,6,50,3,1,1,5,4,6,6,4,4,10,5,5,2,16,3,10,3,1,B01,7,5,1,3,2,5,,11,11,1,6,4,120.730257,24.150506,2
10674,66000,387130000C,(04)23274275,(04)23288582,2025,5,28,17,5,臺中市,豐原區,0,2,0,7,2,6,50,13,9,1,5,4,6,6,4,4,1,4,5,1,18,2,9,2,1,C03,7,9,1,10,2,15,,84,84,1,13,4,120.729155,24.256341,2
10675,66000,387130000C,(04)23274275,(04)23288582,2025,5,28,17,7,臺中市,西屯區,0,1,0,7,2,6,50,4,1,1,5,4,6,6,2,1,10,5,5,2,13,3,10,5,4,C03,7,6,1,10,1,11,,59,59,1,12,4,120.614123,24.183851,2
10676,66000,387130000C,(04)23274275,(04)23288582,2025,5,28,17,8,臺中市,大雅區,0,0,0,6,,,50,,,,,,,,,,,,,,,,,,,C02,,,1,,2,,,7,7,1,13,4,120.668021,24.217381,3
10677,66000,387130000C,(04)23274275,(04)23288582,2025,5,28,17,8,臺中市,太平區,0,1,0,6,2,6,50,11,9,1,5,4,6,6,4,4,9,4,5,1,12,3,10,3,1,B12,7,9,1,8,2,6,,85,85,1,12,4,120.70421,24.115665,2
10678,66000,387130000C,(04)23274275,(04)23288582,2025,5,28,17,10,臺中市,南區,0,2,0,7,2,6,50,3,1,1,5,4,6,6,1,1,9,4,4,2,17,2,9,6,1,F01,7,9,7,21,2,12,,21,21,1,12,4,120.681693,24.133477,2
10679,66000,387130000C,(04)23274275,(04)23288582,2025,5,28,17,10,臺中市,沙鹿區,0,0,0,7,,,50,,,,,,,,,,,,,,,,,,,C03,,,1,,1,,,59,59,1,13,4,120.562313,24.240241,3
10680,66000,387130000C,(04)23274275,(04)23288582,2025,5,28,17,10,臺中市,后里區,0,0,0,5,,,50,,,,,,,,,,,,,,14,,,,,B12,,,1,,2,,,84,84,1,12,4,120.72256,24.30907,3
10681,66000,387130000C,(04)23274275,(04)23288582,2025,5,28,17,11,臺中市,西屯區,0,1,0,7,1,6,0,3,1,1,5,4,6,6,4,4,10,5,5,2,9,3,10,3,1,B03,7,9,1,8,2,5,,59,59,1,12,4,120.642147,24.16711,2
10682,66000,387130000C,(04)23274275,(04)23288582,2025,5,28,17,12,臺中市,北屯區,0,2,0,6,2,6,50,3,1,1,5,4,6,6,4,4,10,5,5,2,16,2,8,2,1,C03,7,6,1,10,2,14,,85,85,1,12,4,120.692965,24.17652,2
10683,66000,387130000C,(04)23274275,(04)23288582,2025,5,28,17,13,臺中市,南屯區,0,1,0,7,2,6,50,4,1,1,5,4,6,6,2,1,10,5,5,2,15,3,10,5,4,B03,7,9,1,8,2,5,,21,21,1,13,4,120.631473,24.125245,2
10684,66000,387130000C,(04)23274275,(04)23288582,2025,5,28,17,16,臺中市,北屯區,0,0,0,7,,,50,,,,,,,,,,,,,,30,,,,,B03,,,5,,11,,,59,59,1,12,4,120.682318,24.192125,3
10685,66000,387130000C,(04)23274275,(04)23288582,2025,5,28,17,17,臺中市,大里區,0,1,0,7,1,6,50,4,1,1,5,4,6,6,2,1,5,5,5,1,16,2,9,1,1,C03,7,6,1,10,2,14,12,11,11,1,6,4,120.680347,24.095601,2
10686,66000,387130000C,(04)23274275,(04)23288582,2025,5,28,17,18,臺中市,大里區,0,1,0,6,3,6,40,4,1,1,5,4,6,6,1,1,10,5,5,2,16,2,1,1,1,C03,7,9,1,10,2,12,,84,84,1,13,4,120.698908,24.110049,2
10687,66000,387130000C,(04)23274275,(04)23288582,2025,5,28,17,18,臺中市,后里區,0,1,0,7,2,6,50,13,9,1,5,4,6,6,4,4,5,4,5,1,17,2,7,1,1,F03,7,9,7,21,5,11,,4,4,1,12,4,120.731312,24.33876,2
10688,66000,387130000C,(04)23274275,(04)23288582,2025,5,28,17,19,臺中市,大里區,0,0,0,7,,,30,,,,,,,,,,,,,,,,,,,B12,,,1,,9,,,49,49,1,12,4,120.683371,24.095165,3
10689,66000,387130000C,(04)23274275,(04)23288582,2025,5,28,17,20,臺中市,北區,0,0,0,7,2,6,50,13,9,1,5,4,6,6,4,4,5,4,5,2,13,3,10,3,1,B03,7,9,1,8,1,1,,7,7,1,11,4,120.69238,24.161377,3
10690,66000,387130000C,(04)23274275,(04)23288582,2025,5,28,17,20,臺中市,大里區,0,0,0,7,,,50,,,,,,,,,,,,,,,,,,,B03,,,1,,2,,,84,84,1,6,4,120.693372,24.090306,3
10691,66000,387130000C,(04)23274275,(04)23288582,2025,5,28,17,24,臺中市,南區,0,1,0,7,3,6,50,4,1,1,5,4,6,6,4,4,10,5,5,2,12,2,8,2,1,C03,7,15,1,10,2,14,,40,40,1,12,4,120.653763,24.118622,2
10692,66000,387130000C,(04)23274275,(04)23288582,2025,5,28,17,25,臺中市,豐原區,0,0,0,7,,,30,,,,,,,,,,,,,,14,,,,,B12,,,1,,2,,,49,49,1,12,4,120.747648,24.267306,3
10693,66000,387130000C,(04)23274275,(04)23288582,2025,5,28,17,27,臺中市,豐原區,0,0,0,7,,,30,,,,,,,,,,,,,,17,,,,,B03,,,1,,2,,,8,8,1,13,4,120.723348,24.255686,3
10694,66000,387130000C,(04)23274275,(04)23288582,2025,5,28,17,29,臺中市,北屯區,0,1,0,7,2,6,50,4,1,1,5,4,6,6,2,1,10,5,5,2,20,2,9,3,1,B03,7,9,5,19,2,1,,58,58,1,6,4,120.690552,24.197811,2
10695,66000,387130000C,(04)23274275,(04)23288582,2025,5,28,17,30,臺中市,潭子區,0,0,0,7,,,,,,,,,,,,,,,,,,,,,,,,,,,,,,86,86,1,,,120.711455,24.216393,3
10696,66000,387130000C,(04)23274275,(04)23288582,2025,5,28,17,30,臺中市,豐原區,0,0,0,7,,,30,,,,,,,,,,,,,,11,,,,,B03,,,1,,2,,,8,8,1,13,4,120.730135,24.235951,3
10697,66000,387130000C,(04)23274275,(04)23288582,2025,5,28,17,34,臺中市,南屯區,0,0,0,7,,,50,,,,,,,,,,,,,,12,,,,,B02,,,1,,1,,,40,40,1,12,4,120.623736,24.149752,3
10698,66000,387130000C,(04)23274275,(04)23288582,2025,5,28,17,37,臺中市,南區,0,0,0,7,,,50,,,,,,,,,,,,,,,,,,,B03,,,1,,1,,,7,7,1,6,4,120.66985,24.116037,3
10699,66000,387130000C,(04)23274275,(04)23288582,2025,5,28,17,40,臺中市,西屯區,0,1,0,5,2,6,50,13,8,1,4,4,6,6,4,4,4,3,4,1,13,3,10,2,4,C03,7,5,1,10,2,13,,8,8,1,12,4,120.660984,24.16401,2
10700,66000,387130000C,(04)23274275,(04)23288582,2025,5,28,17,42,臺中市,北屯區,0,1,0,7,2,6,50,4,1,1,5,4,6,6,1,1,10,5,5,2,13,3,10,3,1,B03,7,9,1,8,2,5,,84,84,1,12,4,120.685525,24.175978,2
10701,66000,387130000C,(04)23274275,(04)23288582,2025,5,28,17,42,臺中市,大里區,0,1,0,7,2,6,50,3,1,1,5,4,6,6,4,4,5,5,4,2,17,2,9,1,1,C03,7,9,3,19,2,14,,7,7,1,6,4,120.68832,24.104654,2
10702,66000,387130000C,(04)23274275,(04)23288582,2025,5,28,17,44,臺中市,南屯區,0,1,0,7,2,6,50,4,2,1,5,4,6,6,2,1,10,5,5,2,13,3,10,3,1,A02,7,9,1,8,1,5,,84,84,1,13,4,120.652971,24.140127,2
10703,66000,387130000C,(04)23274275,(04)23288582,2025,5,28,17,45,臺中市,烏日區,0,1,0,7,2,6,50,13,9,1,5,4,6,6,4,4,5,4,5,1,17,3,10,1,1,C03,7,3,2,19,2,13,,50,50,1,6,4,120.642068,24.067649,2
10704,66000,387130000C,(04)23274275,(04)23288582,2025,5,28,17,47,臺中市,南區,0,0,0,7,,,50,,,,,,,,,,,,,,12,,,,,B12,,,1,,1,,,84,84,1,12,4,120.670894,24.11925,3
10705,66000,387130000C,(04)23274275,(04)23288582,2025,5,28,17,49,臺中市,北屯區,0,1,0,6,2,6,50,4,1,1,5,4,6,6,2,1,10,5,5,2,16,2,9,1,1,C03,7,11,1,10,1,12,,45,45,1,9,4,120.707758,24.18387,2
10706,66000,387130000C,(04)23274275,(04)23288582,2025,5,28,17,49,臺中市,太平區,0,0,0,7,,,50,,,,,,,,,,,,,,16,,,,,C03,,,1,,2,,,14,14,1,12,4,120.726451,24.15,3
10707,66000,387130000C,(04)23274275,(04)23288582,2025,5,28,17,50,臺中市,西屯區,0,0,0,7,,,40,,,,,,,,,,,,,,14,,,,,B03,,,1,,2,,,49,49,1,12,4,120.617802,24.18137,3
10708,66000,387130000C,(04)23274275,(04)23288582,2025,5,28,17,56,臺中市,烏日區,0,1,0,7,2,6,60,8,8,1,5,4,6,6,4,4,1,4,4,2,13,2,9,1,1,C03,7,9,1,10,2,11,,87,87,1,6,4,120.614654,24.106484,2
10709,66000,387130000C,(04)23274275,(04)23288582,2025,5,28,17,57,臺中市,中區,0,0,0,7,,,50,,,,,,,,,,,,,,,,,,,C03,,,1,,1,,,84,84,1,6,4,120.683678,24.141513,3
10710,66000,387130000C,(04)23274275,(04)23288582,2025,5,28,18,0,臺中市,北區,0,0,0,6,,,50,,,,,,,,,,,,,,,,,,,C03,,,1,,1,,,8,8,1,13,4,120.669247,24.166837,3
10711,66000,387130000C,(04)23274275,(04)23288582,2025,5,28,18,3,臺中市,大肚區,0,1,0,7,2,6,40,13,14,1,5,4,6,6,4,4,1,4,5,1,9,3,10,1,1,C03,7,9,1,10,2,11,,59,59,1,6,4,120.556624,24.128044,2
10712,66000,387130000C,(04)23274275,(04)23288582,2025,5,28,18,5,臺中市,北區,0,1,0,7,3,6,50,4,1,1,5,4,6,6,2,1,10,5,5,2,17,2,9,5,4,C03,7,6,1,10,2,14,,48,48,1,13,4,120.670438,24.165287,2
10713,66000,387130000C,(04)23274275,(04)23288582,2025,5,28,18,5,臺中市,南區,0,2,0,7,2,6,50,4,1,1,5,4,6,6,1,1,9,4,4,2,17,2,8,1,1,C03,7,9,1,10,2,11,,7,7,1,12,4,120.665791,24.123484,2
10714,66000,387130000C,(04)23274275,(04)23288582,2025,5,28,18,6,臺中市,西區,0,0,0,7,,,50,,,,,,,,,,,,,,,,,,,B03,,,5,,1,,,50,50,1,12,4,120.660948,24.158688,3
10715,66000,387130000C,(04)23274275,(04)23288582,2025,5,28,18,8,臺中市,石岡區,0,2,0,6,2,6,70,3,1,1,5,4,6,6,4,4,10,4,4,1,3,2,9,6,5,H01,8,16,7,21,1,17,,95,95,1,12,5,120.785179,24.274422,2
10716,66000,387130000C,(04)23274275,(04)23288582,2025,5,28,18,12,臺中市,烏日區,0,0,0,7,,,50,,,,,,,,,,,,,,13,,,,,B03,,,1,,1,,,59,59,1,13,4,120.61056,24.10752,3
10717,66000,387130000C,(04)23274275,(04)23288582,2025,5,28,18,18,臺中市,北屯區,0,0,0,7,,,50,,,,,,,,,,,,,,,,,,,C02,,,1,,1,,,84,84,1,6,4,120.663134,24.200746,3
10718,66000,387130000C,(04)23274275,(04)23288582,2025,5,28,18,20,臺中市,南區,0,0,0,5,,,50,,,,,,,,,,,,,,17,,,,,B03,,,1,,1,,,87,87,1,13,4,120.660124,24.124492,3
10719,66000,387130000C,(04)23274275,(04)23288582,2025,5,28,18,24,臺中市,南屯區,0,1,0,7,1,6,50,13,9,1,5,4,6,6,4,4,8,5,5,2,17,3,10,2,4,C03,7,6,1,10,2,11,,20,20,1,13,4,120.648697,24.15123,2
10720,66000,387130000C,(04)23274275,(04)23288582,2025,5,28,18,25,臺中市,西屯區,0,0,0,7,,,50,,,,,,,,,,,,,,12,,,,,B03,,,1,,2,,,8,8,1,12,4,120.665225,24.175563,3
10721,66000,387130000C,(04)23274275,(04)23288582,2025,5,28,18,30,臺中市,南屯區,0,0,0,7,,,50,,,,,,,,,,,,,,30,,,,,,,,,,,,,119,119,1,,,120.585213,24.167023,3
10722,66000,387130000C,(04)23274275,(04)23288582,2025,5,28,18,30,臺中市,外埔區,0,0,0,7,,,40,,,,,,,,,,,,,,2,,,,,B12,,,1,,2,,,42,42,1,12,4,120.635879,24.342077,3
10723,66000,387130000C,(04)23274275,(04)23288582,2025,5,28,18,35,臺中市,北屯區,0,0,0,7,,,50,,,,,,,,,,,,,,17,,,,,B03,,,1,,1,,,51,51,1,12,4,120.692095,24.181996,3
10724,66000,387130000C,(04)23274275,(04)23288582,2025,5,28,18,35,臺中市,西屯區,0,0,0,7,,,80,,,,,,,,,,,,,,13,,,,,B03,,,1,,1,,,7,7,1,12,4,120.634948,24.179291,3