序號,縣市別代碼,機關代碼,市話,傳真,年,月,日,時,分,縣市,區,死亡數量,受傷數量,2-30,天候,道路照明設備,道路類別,道路速限,道路型態,事故位置,路面鋪裝,路面狀態,路面缺陷,障礙物,視距,號誌種類,號誌動作,分向設施,快車道或一般車道間,快慢車道間,路面邊線,事故類型及型態,受傷程度,主要傷處,保護裝備,行動電話或功能裝置,當事者區分(類別),車輛用途,當事者行動狀態,駕照狀態,駕照種類,飲酒情形,車輛撞擊部位最初,車輛撞擊部位其他,肇事因素個別,肇事因素主要,肇事逃逸,職業,共享經濟或外送平台,GPS座標X,GPS座標Y,事故類別
10834,66000,387130000C,(04)23274275,(04)23288582,2025,5,29,7,6,臺中市,沙鹿區,0,1,0,5,2,6,50,3,1,1,4,4,6,6,4,4,10,5,5,2,17,3,10,3,1,B03,7,1,1,8,2,1,,51,51,1,6,4,120.568667,24.241955,2
10835,66000,387130000C,(04)23274275,(04)23288582,2025,5,29,7,10,臺中市,北屯區,0,1,0,5,2,6,50,13,9,1,4,4,6,6,4,4,10,5,5,2,13,2,9,5,4,C03,7,9,1,10,2,11,,7,7,1,12,4,120.665618,24.201311,2
10836,66000,387130000C,(04)23274275,(04)23288582,2025,5,29,7,10,臺中市,西屯區,0,1,0,5,2,6,40,13,8,1,4,4,6,6,4,4,10,5,5,2,12,3,10,1,1,C03,7,6,1,10,2,16,,42,42,1,13,4,120.615268,24.182938,2
10837,66000,387130000C,(04)23274275,(04)23288582,2025,5,29,7,12,臺中市,南屯區,0,1,0,6,2,6,50,3,1,1,4,4,6,6,1,1,9,5,5,2,17,3,10,2,1,C03,7,11,1,10,2,14,,42,42,1,13,4,120.616478,24.154799,2
10838,66000,387130000C,(04)23274275,(04)23288582,2025,5,29,7,18,臺中市,東區,0,0,0,5,,,50,,,,,,,,,,,,,,,,,,,B03,,,1,,1,,,84,84,1,13,4,120.697162,24.139603,3
10839,66000,387130000C,(04)23274275,(04)23288582,2025,5,29,7,21,臺中市,潭子區,0,0,0,5,,,30,,,,,,,,,,,,,,,,,,,B01,,,1,,2,,,7,7,1,13,4,120.694216,24.22123,3
10840,66000,387130000C,(04)23274275,(04)23288582,2025,5,29,7,25,臺中市,北屯區,0,1,0,5,3,6,30,4,1,1,4,4,6,6,4,4,10,5,5,2,18,2,8,1,1,C03,7,9,1,10,2,14,,15,15,1,12,4,120.679944,24.19053,2
10841,66000,387130000C,(04)23274275,(04)23288582,2025,5,29,7,25,臺中市,西屯區,0,1,0,5,2,6,50,13,9,1,4,4,6,6,4,4,3,4,5,2,17,2,9,1,1,C03,7,9,1,10,2,12,,84,84,1,12,4,120.660049,24.171543,2
10842,66000,387130000C,(04)23274275,(04)23288582,2025,5,29,7,30,臺中市,北區,0,0,0,5,,,50,,,,,,,,,,,,,,12,,,,,B03,,,1,,1,,,8,8,1,12,4,120.673603,24.143463,4
10843,66000,387130000C,(04)23274275,(04)23288582,2025,5,29,7,31,臺中市,北區,0,1,0,5,2,6,40,13,24,1,4,4,6,6,4,4,9,5,4,2,18,2,9,5,4,C03,7,12,1,10,2,12,,84,84,1,13,4,120.690994,24.152421,2
10844,66000,387130000C,(04)23274275,(04)23288582,2025,5,29,7,31,臺中市,沙鹿區,0,1,0,5,2,6,30,5,1,1,4,4,6,6,2,1,1,4,1,1,13,2,9,1,1,C03,7,6,1,9,2,11,,84,84,1,12,4,120.579645,24.221625,2
10845,66000,387130000C,(04)23274275,(04)23288582,2025,5,29,7,32,臺中市,南屯區,0,2,0,5,2,6,50,3,1,1,4,4,6,6,4,4,10,5,5,2,16,2,9,2,1,C03,7,11,1,10,2,13,,45,45,1,6,4,120.611248,24.133496,2
10846,66000,387130000C,(04)23274275,(04)23288582,2025,5,29,7,33,臺中市,清水區,0,0,0,7,2,6,50,3,2,1,5,4,6,,4,4,8,3,5,2,12,,,,,B03,,,1,,1,,,47,47,1,12,4,120.559164,24.266921,3
10847,66000,387130000C,(04)23274275,(04)23288582,2025,5,29,7,35,臺中市,北屯區,0,1,0,5,3,6,40,4,1,1,4,4,6,6,4,4,10,5,5,2,15,3,10,3,1,B03,7,9,1,8,1,7,,12,12,1,6,4,120.715879,24.172923,2
10848,66000,387130000C,(04)23274275,(04)23288582,2025,5,29,7,35,臺中市,烏日區,0,0,0,6,,,50,,,,,,,,,,,,,,12,,,,,B03,,,1,,1,,,76,76,1,13,4,120.64558,24.109916,3
10849,66000,387130000C,(04)23274275,(04)23288582,2025,5,29,7,35,臺中市,烏日區,0,0,0,5,,,50,,,,,,,,,,,,,,12,,,,,B03,,,1,,1,,,59,59,1,13,4,120.658164,24.095802,3
10850,66000,387130000C,(04)23274275,(04)23288582,2025,5,29,7,35,臺中市,龍井區,0,1,0,5,2,6,30,3,1,1,4,4,6,6,4,4,10,5,5,2,16,3,10,3,1,B03,7,6,1,8,2,8,,13,13,1,6,4,120.5853,24.185144,2
10851,66000,387130000C,(04)23274275,(04)23288582,2025,5,29,7,36,臺中市,太平區,0,1,0,5,3,6,50,4,1,1,4,4,6,6,4,4,10,5,5,2,15,3,10,3,1,B03,7,9,1,8,2,5,,15,15,1,12,4,120.715542,24.116296,2
10852,66000,387130000C,(04)23274275,(04)23288582,2025,5,29,7,37,臺中市,西屯區,0,1,0,5,2,6,50,13,9,1,4,4,6,6,4,4,1,4,5,2,12,3,10,5,4,B03,7,7,1,8,2,6,,40,40,1,13,4,120.650754,24.164161,2
10853,66000,387130000C,(04)23274275,(04)23288582,2025,5,29,7,40,臺中市,大安區,0,0,0,5,,,30,,,,,,,,,,,,,,,,,,,B03,,,1,,2,,,51,51,1,6,4,120.604991,24.361459,3
10854,66000,387130000C,(04)23274275,(04)23288582,2025,5,29,7,41,臺中市,南屯區,0,0,0,5,,,50,,,,,,,,,,,,,,,,,,,B03,,,1,,1,,,84,84,1,13,4,120.636798,24.153605,3
10855,66000,387130000C,(04)23274275,(04)23288582,2025,5,29,7,41,臺中市,豐原區,0,0,0,5,,,50,,,,,,,,,,,,,,,,,,,B03,,,1,,2,,,84,84,1,13,4,120.728616,24.25803,3
10856,66000,387130000C,(04)23274275,(04)23288582,2025,5,29,7,43,臺中市,太平區,0,1,0,5,3,6,50,3,1,1,4,4,6,6,4,4,10,5,5,2,15,3,10,1,1,C03,7,1,1,10,2,12,,51,51,1,6,4,120.719351,24.105289,2
10857,66000,387130000C,(04)23274275,(04)23288582,2025,5,29,7,44,臺中市,西屯區,0,0,0,5,,,50,,,,,,,,,,,,,,17,,,,,C03,,,1,,2,,,8,8,1,13,4,120.638193,24.185546,3
10858,66000,387130000C,(04)23274275,(04)23288582,2025,5,29,7,44,臺中市,太平區,0,0,0,5,,,50,,,,,,,,,,,,,,,,,,,C03,,,1,,2,,,14,14,1,12,4,120.728499,24.149959,3
10859,66000,387130000C,(04)23274275,(04)23288582,2025,5,29,7,45,臺中市,沙鹿區,0,0,0,5,,,50,,,,,,,,,,,,,,,,,,,B03,,,1,,1,,,84,84,1,13,4,120.608485,24.243516,3
10860,66000,387130000C,(04)23274275,(04)23288582,2025,5,29,7,45,臺中市,神岡區,0,2,0,5,2,6,50,3,1,1,4,4,6,6,3,1,10,5,5,2,17,2,3,2,2,C03,7,9,1,10,2,11,,39,39,1,6,4,120.710073,24.258887,2
10861,66000,387130000C,(04)23274275,(04)23288582,2025,5,29,7,46,臺中市,龍井區,0,0,0,5,,,50,,,,,,,,,,,,,,12,,,,,B03,,,1,,2,,,8,8,1,6,4,120.529934,24.185064,3
10862,66000,387130000C,(04)23274275,(04)23288582,2025,5,29,7,46,臺中市,神岡區,0,0,0,5,,,50,,,,,,,,,,,,,,2,,,,,B12,,,1,,2,,,7,7,1,12,4,120.695578,24.236941,3
10863,66000,387130000C,(04)23274275,(04)23288582,2025,5,29,7,47,臺中市,南屯區,0,0,0,5,3,6,50,13,7,1,4,4,6,6,4,4,3,4,4,2,12,,,,,B03,,,1,,1,,,40,40,1,12,4,120.638391,24.151464,3
10864,66000,387130000C,(04)23274275,(04)23288582,2025,5,29,7,47,臺中市,北屯區,0,1,0,5,1,6,50,13,9,1,4,4,6,6,4,4,9,4,5,2,18,2,9,5,4,C04,7,9,1,10,2,14,,84,84,1,13,4,120.667162,24.186966,2
10865,66000,387130000C,(04)23274275,(04)23288582,2025,5,29,7,48,臺中市,潭子區,0,0,0,5,,,50,,,,,,,,,,,,,,15,,,,,B03,,,1,,2,,,24,24,1,12,4,120.706241,24.215504,3
10866,66000,387130000C,(04)23274275,(04)23288582,2025,5,29,7,48,臺中市,南屯區,0,0,0,5,,,50,,,,,,,,,,,,,,13,,,,,B12,,,1,,2,,,7,7,1,12,4,120.62339,24.1497,3
10867,66000,387130000C,(04)23274275,(04)23288582,2025,5,29,7,49,臺中市,大里區,0,0,0,5,2,6,50,4,1,1,5,4,6,6,1,1,10,5,5,2,16,,,,,B03,,,1,,2,,,87,87,1,12,4,120.702763,24.088109,3
10868,66000,387130000C,(04)23274275,(04)23288582,2025,5,29,7,50,臺中市,大雅區,0,2,0,5,2,6,70,3,1,1,4,4,6,6,2,1,1,4,4,1,15,2,1,2,1,C03,7,9,1,10,2,12,,84,84,1,13,4,120.627736,24.242404,2
10869,66000,387130000C,(04)23274275,(04)23288582,2025,5,29,7,50,臺中市,烏日區,0,0,0,5,,,50,,,,,,,,,,,,,,13,,,,,B03,,,1,,1,,,84,84,1,6,4,120.603176,24.108806,3
10870,66000,387130000C,(04)23274275,(04)23288582,2025,5,29,7,52,臺中市,大雅區,0,2,0,5,3,6,40,3,2,1,4,4,6,6,1,1,5,2,4,1,17,2,9,1,1,F03,7,11,7,21,2,12,,45,45,1,12,4,120.64783,24.22055,2
10871,66000,387130000C,(04)23274275,(04)23288582,2025,5,29,7,53,臺中市,南屯區,0,0,0,5,,,50,,,,,,,,,,,,,,17,,,,,B12,,,1,,2,,,84,84,1,12,4,120.62339,24.1497,3
10872,66000,387130000C,(04)23274275,(04)23288582,2025,5,29,7,54,臺中市,南屯區,0,1,0,7,2,6,50,12,9,1,4,4,6,6,4,4,10,5,5,2,17,2,9,2,1,C03,7,9,1,10,2,14,,84,84,1,12,4,120.609582,24.13115,2
10873,66000,387130000C,(04)23274275,(04)23288582,2025,5,29,7,54,臺中市,梧棲區,0,0,0,5,,,60,,,,,,,,,,,,,,17,,,,,B03,,,1,,9,,,40,40,1,6,4,120.524722,24.223374,3
10874,66000,387130000C,(04)23274275,(04)23288582,2025,5,29,7,54,臺中市,大甲區,0,2,0,5,3,6,40,4,1,1,4,4,6,6,4,4,4,5,5,1,16,2,9,3,1,B03,7,6,1,8,2,4,,12,12,1,6,4,120.620854,24.416786,2
10875,66000,387130000C,(04)23274275,(04)23288582,2025,5,29,7,55,臺中市,南屯區,0,0,0,5,3,6,40,13,8,1,4,4,6,6,4,4,5,5,4,2,12,,,,,B03,,,1,,1,,,50,50,1,12,4,120.649592,24.145042,3
10876,66000,387130000C,(04)23274275,(04)23288582,2025,5,29,7,56,臺中市,北區,0,1,0,5,2,6,50,4,1,1,4,4,6,6,4,4,10,5,5,2,15,3,10,5,4,B03,7,9,1,8,2,7,,12,12,1,12,4,120.680489,24.150101,2
10877,66000,387130000C,(04)23274275,(04)23288582,2025,5,29,7,56,臺中市,梧棲區,0,1,0,5,3,6,50,3,1,1,4,4,6,6,4,4,10,5,5,2,17,2,9,1,1,C03,7,9,1,10,9,16,,87,87,1,6,4,120.528353,24.246458,2
10878,66000,387130000C,(04)23274275,(04)23288582,2025,5,29,7,57,臺中市,中區,0,1,0,5,2,6,50,4,1,1,4,4,6,6,4,4,10,5,5,2,13,2,7,1,1,C03,7,9,1,10,2,11,,85,85,1,12,4,120.677144,24.144576,2
10879,66000,387130000C,(04)23274275,(04)23288582,2025,5,29,7,57,臺中市,北屯區,0,0,0,5,,,50,,,,,,,,,,,,,,17,,,,,C03,,,1,,1,,,48,48,1,6,4,120.694253,24.182485,3
10880,66000,387130000C,(04)23274275,(04)23288582,2025,5,29,7,57,臺中市,西屯區,0,0,0,5,,,50,,,,,,,,,,,,,,13,,,,,B03,,,1,,1,,,7,7,1,13,4,120.612753,24.171707,3
10881,66000,387130000C,(04)23274275,(04)23288582,2025,5,29,7,59,臺中市,大肚區,0,0,0,5,,,30,,,,,,,,,,,,,,16,,,,,B03,,,1,,1,,,14,14,1,6,4,120.539872,24.149409,3
10882,66000,387130000C,(04)23274275,(04)23288582,2025,5,29,7,59,臺中市,梧棲區,0,0,0,5,,,50,,,,,,,,,,,,,,13,,,,,B03,,,1,,1,,,7,7,1,6,4,120.537408,24.245376,3
10883,66000,387130000C,(04)23274275,(04)23288582,2025,5,29,8,0,臺中市,大雅區,0,1,0,5,2,6,30,3,1,1,4,4,6,6,4,4,10,5,5,2,14,3,10,3,1,B12,7,2,1,8,2,3,,49,49,1,13,4,120.64201,24.210612,2
10884,66000,387130000C,(04)23274275,(04)23288582,2025,5,29,8,1,臺中市,沙鹿區,0,1,0,5,2,6,40,13,8,1,4,4,6,6,4,4,1,4,4,2,18,2,9,2,1,C03,7,9,1,10,2,12,,59,59,1,6,4,120.559113,24.235799,2
10885,66000,387130000C,(04)23274275,(04)23288582,2025,5,29,8,2,臺中市,神岡區,0,0,0,5,,,50,,,,,,,,,,,,,,13,,,,,B03,,,1,,2,,,7,7,1,6,4,120.688082,24.240298,3
10886,66000,387130000C,(04)23274275,(04)23288582,2025,5,29,8,4,臺中市,北屯區,0,1,0,7,2,6,50,13,8,1,4,4,6,6,4,4,10,4,4,2,16,3,10,5,4,B03,7,5,1,8,2,2,,85,85,1,12,4,120.697631,24.185216,2
10887,66000,387130000C,(04)23274275,(04)23288582,2025,5,29,8,5,臺中市,西區,0,0,0,5,,,50,,,,,,,,,,,,,,,,,,,C03,,,1,,1,,,84,84,1,12,4,120.666736,24.141067,3
10888,66000,387130000C,(04)23274275,(04)23288582,2025,5,29,8,5,臺中市,北屯區,0,2,0,5,3,6,50,4,1,1,4,4,6,6,1,1,10,5,5,2,16,2,8,1,1,C03,7,9,1,10,2,11,,21,21,1,12,4,120.744828,24.187624,2
10889,66000,387130000C,(04)23274275,(04)23288582,2025,5,29,8,5,臺中市,北屯區,0,1,0,5,3,6,50,4,1,1,4,4,1,6,1,1,10,5,5,2,16,3,10,3,1,B03,7,5,1,8,2,5,,11,11,1,12,4,120.714623,24.180123,2
10890,66000,387130000C,(04)23274275,(04)23288582,2025,5,29,8,6,臺中市,西屯區,0,0,0,5,2,6,50,13,9,1,4,4,6,6,4,4,5,4,5,2,12,3,10,1,4,C03,7,9,1,10,1,14,,8,8,1,12,4,120.635,24.181846,3
10891,66000,387130000C,(04)23274275,(04)23288582,2025,5,29,8,6,臺中市,西屯區,0,0,0,5,,,50,,,,,,,,,,,,,,,,,,,C03,,,1,,1,,,59,59,1,12,4,120.657995,24.200981,3
10892,66000,387130000C,(04)23274275,(04)23288582,2025,5,29,8,10,臺中市,北區,0,1,0,5,2,6,50,13,9,1,4,4,6,6,4,4,1,4,5,2,18,2,9,1,1,C03,7,9,1,10,2,16,,84,84,1,13,4,120.671934,24.163333,2
10893,66000,387130000C,(04)23274275,(04)23288582,2025,5,29,8,10,臺中市,北屯區,0,2,0,5,2,6,50,3,1,1,4,4,6,6,4,4,10,5,5,2,16,2,9,1,1,C03,7,6,1,10,2,12,,14,14,1,13,4,120.694963,24.161271,2
10894,66000,387130000C,(04)23274275,(04)23288582,2025,5,29,8,10,臺中市,大肚區,0,1,0,5,2,6,50,13,9,1,4,4,6,6,4,4,9,5,5,2,12,2,9,1,1,C03,7,9,1,10,2,14,,8,8,1,6,4,120.571004,24.155859,2
10895,66000,387130000C,(04)23274275,(04)23288582,2025,5,29,8,10,臺中市,豐原區,0,1,0,5,2,6,50,3,1,1,4,4,6,6,1,1,10,5,5,2,18,2,9,2,1,C03,7,1,1,10,2,12,,84,84,1,13,4,120.703171,24.244458,2
10896,66000,387130000C,(04)23274275,(04)23288582,2025,5,29,8,12,臺中市,西屯區,0,1,0,5,2,6,50,4,1,1,4,4,6,6,2,1,10,5,5,2,12,3,10,3,1,B02,7,5,1,8,2,2,,84,84,1,13,4,120.637546,24.185697,2
10897,66000,387130000C,(04)23274275,(04)23288582,2025,5,29,8,12,臺中市,后里區,0,1,0,5,2,6,50,13,9,1,4,4,6,6,4,4,9,5,5,2,30,2,7,1,1,C03,7,9,1,10,2,14,,59,59,1,12,4,120.712034,24.307815,2
10898,66000,387130000C,(04)23274275,(04)23288582,2025,5,29,8,15,臺中市,西屯區,0,1,0,5,2,6,50,13,9,1,4,4,6,6,1,1,5,4,5,2,13,3,10,1,1,F03,7,9,7,21,1,11,,7,7,1,12,4,120.607156,24.160166,2
10899,66000,387130000C,(04)23274275,(04)23288582,2025,5,29,8,15,臺中市,西屯區,0,1,0,5,2,6,50,4,1,1,4,4,6,6,4,4,8,4,5,1,17,2,9,5,4,C03,7,9,1,10,2,14,,6,6,1,13,4,120.659752,24.161255,2
10900,66000,387130000C,(04)23274275,(04)23288582,2025,5,29,8,15,臺中市,太平區,0,0,0,5,,,50,,,,,,,,,,,,,,16,,,,,B12,,,1,,2,,,14,14,1,6,4,120.733499,24.154605,3
10901,66000,387130000C,(04)23274275,(04)23288582,2025,5,29,8,17,臺中市,西區,0,1,0,7,2,6,50,13,9,1,4,4,6,6,4,4,5,4,5,2,13,2,2,1,1,C03,7,9,1,10,2,11,,7,7,1,13,4,120.661857,24.147609,2
10902,66000,387130000C,(04)23274275,(04)23288582,2025,5,29,8,17,臺中市,南屯區,0,1,0,5,2,6,50,5,1,1,4,4,6,6,2,1,10,5,5,2,16,3,10,3,1,B03,7,5,1,8,2,2,,11,11,1,6,4,120.612257,24.150699,2
10903,66000,387130000C,(04)23274275,(04)23288582,2025,5,29,8,18,臺中市,大雅區,0,0,0,5,,,70,,,,,,,,,,,,,,,,,,,B02,,,1,,1,,,7,7,1,12,4,120.638378,24.233306,3
10904,66000,387130000C,(04)23274275,(04)23288582,2025,5,29,8,18,臺中市,太平區,0,1,0,5,3,6,50,4,2,1,4,4,6,6,4,4,5,5,5,1,18,2,9,1,1,C03,7,9,1,10,2,14,,6,6,1,12,4,120.724433,24.140397,2
10905,66000,387130000C,(04)23274275,(04)23288582,2025,5,29,8,19,臺中市,北屯區,0,1,0,5,1,6,50,4,1,1,4,4,6,6,1,1,10,5,5,2,13,3,10,5,4,C03,7,9,1,10,1,11,,7,7,1,13,4,120.722543,24.176029,2
10906,66000,387130000C,(04)23274275,(04)23288582,2025,5,29,8,19,臺中市,霧峰區,0,2,0,5,2,6,50,4,2,1,4,4,6,6,4,4,5,2,5,2,17,3,10,1,1,C03,7,6,1,10,2,13,,84,84,1,6,4,120.695412,24.044221,2
10907,66000,387130000C,(04)23274275,(04)23288582,2025,5,29,8,20,臺中市,霧峰區,0,1,0,5,3,6,50,3,2,1,4,4,6,6,4,4,10,5,5,2,18,2,9,1,1,C03,7,9,1,10,2,16,,84,84,1,12,4,120.700556,24.063814,2
10908,66000,387130000C,(04)23274275,(04)23288582,2025,5,29,8,20,臺中市,烏日區,0,1,0,5,2,6,40,13,8,1,4,4,6,6,4,4,5,4,4,1,13,3,10,1,1,C03,7,9,1,10,2,11,,7,7,1,6,4,120.623995,24.106204,2
10909,66000,387130000C,(04)23274275,(04)23288582,2025,5,29,8,22,臺中市,南屯區,0,0,0,5,,,50,,,,,,,,,,,,,,13,,,,,B03,,,1,,9,,,59,59,1,12,4,120.633205,24.145997,3
10910,66000,387130000C,(04)23274275,(04)23288582,2025,5,29,8,25,臺中市,烏日區,0,0,0,7,,,30,,,,,,,,,,,,,,14,,,,,B03,,,1,,9,,,49,49,1,6,4,120.637139,24.111443,3
10911,66000,387130000C,(04)23274275,(04)23288582,2025,5,29,8,27,臺中市,南屯區,0,0,0,6,,,50,,,,,,,,,,,,,,,,,,,B12,,,1,,1,,,8,8,1,13,4,120.615292,24.147624,3
10912,66000,387130000C,(04)23274275,(04)23288582,2025,5,29,8,29,臺中市,南屯區,0,1,0,5,1,6,50,4,1,1,4,4,6,6,2,1,5,4,5,2,17,2,9,5,4,C03,7,9,1,10,2,14,,84,84,1,13,4,120.651321,24.136237,2
10913,66000,387130000C,(04)23274275,(04)23288582,2025,5,29,8,30,臺中市,南區,0,2,0,7,3,6,50,3,1,1,4,4,6,5,1,1,5,4,4,2,11,2,9,2,1,C03,7,6,1,10,2,12,,11,11,1,6,4,120.650482,24.110662,2
10914,66000,387130000C,(04)23274275,(04)23288582,2025,5,29,8,30,臺中市,清水區,0,1,0,5,3,6,50,13,9,1,4,4,6,6,4,4,5,5,5,1,17,3,10,3,1,B03,7,9,1,8,9,16,,85,85,1,12,4,120.573177,24.265789,2
10915,66000,387130000C,(04)23274275,(04)23288582,2025,5,29,8,32,臺中市,西區,0,1,0,7,3,6,50,3,1,1,5,4,6,6,4,4,10,5,5,2,17,2,9,1,1,C03,7,9,1,10,2,15,,6,6,1,13,4,120.665634,24.139314,2
10916,66000,387130000C,(04)23274275,(04)23288582,2025,5,29,8,36,臺中市,西屯區,0,0,0,5,,,80,,,,,,,,,,,,,,,,,,,B12,,,1,,2,,,59,59,1,12,4,120.644031,24.194286,3
10917,66000,387130000C,(04)23274275,(04)23288582,2025,5,29,8,38,臺中市,南屯區,0,0,0,5,3,6,50,13,7,1,4,4,6,6,1,1,3,2,4,2,23,,,,,E02,,,1,,2,,,59,59,1,12,4,120.637184,24.15155,3
10918,66000,387130000C,(04)23274275,(04)23288582,2025,5,29,8,38,臺中市,北屯區,0,1,0,5,2,6,40,3,1,1,4,4,6,6,4,4,1,4,4,2,18,2,9,1,1,C03,7,12,1,10,2,14,,82,82,1,6,4,120.667897,24.179322,2
10919,66000,387130000C,(04)23274275,(04)23288582,2025,5,29,8,39,臺中市,大里區,0,0,0,5,,,50,,,,,,,,,,,,,,17,,,,,B03,,,1,,2,,,84,84,1,5,4,120.679751,24.095368,3
10920,66000,387130000C,(04)23274275,(04)23288582,2025,5,29,8,40,臺中市,潭子區,0,1,0,5,2,6,60,13,8,1,4,4,6,6,4,4,1,4,4,1,13,2,8,1,1,C03,7,7,3,19,2,14,,7,7,1,13,4,120.706512,24.221713,2
10921,66000,387130000C,(04)23274275,(04)23288582,2025,5,29,8,40,臺中市,西區,0,1,0,5,2,6,30,4,1,1,4,4,6,6,4,4,10,5,5,2,15,2,9,1,1,C03,7,9,1,10,2,14,,12,12,1,12,4,120.658883,24.138945,2
10922,66000,387130000C,(04)23274275,(04)23288582,2025,5,29,8,41,臺中市,西屯區,0,1,0,5,2,6,50,3,1,1,4,4,6,6,4,4,10,5,5,2,16,3,10,5,4,B03,7,5,1,6,2,2,,14,14,1,12,4,120.626224,24.156282,2
10923,66000,387130000C,(04)23274275,(04)23288582,2025,5,29,8,42,臺中市,西屯區,0,0,0,5,,,40,,,,,,,,,,,,,,14,,,,,B12,,,1,,2,,,49,49,1,13,4,120.645963,24.164402,3
10924,66000,387130000C,(04)23274275,(04)23288582,2025,5,29,8,42,臺中市,西屯區,0,1,0,5,2,6,50,13,9,1,4,4,6,6,4,4,5,4,5,2,13,2,9,1,1,C03,7,9,1,10,2,11,,7,7,1,13,4,120.65263,24.166498,2
10925,66000,387130000C,(04)23274275,(04)23288582,2025,5,29,8,43,臺中市,東區,0,0,0,5,,,50,,,,,,,,,,,,,,17,,,,,B03,,,1,,1,,,50,50,1,6,4,120.694508,24.134829,3
10926,66000,387130000C,(04)23274275,(04)23288582,2025,5,29,8,45,臺中市,南屯區,0,0,0,5,,,50,,,,,,,,,,,,,,12,,,,,A41,,,1,,1,,,40,40,1,12,4,120.62081,24.139964,3
10927,66000,387130000C,(04)23274275,(04)23288582,2025,5,29,8,46,臺中市,西區,0,1,0,5,1,6,50,13,8,1,4,4,6,6,1,1,1,4,3,1,30,2,9,5,4,C03,7,9,1,10,2,15,,84,84,1,12,4,120.665551,24.153562,2
10928,66000,387130000C,(04)23274275,(04)23288582,2025,5,29,8,46,臺中市,西區,0,0,0,5,,,50,,,,,,,,,,,,,,,,,,,B03,,,1,,1,,,40,40,1,12,4,120.654876,24.140078,3
10929,66000,387130000C,(04)23274275,(04)23288582,2025,5,29,8,47,臺中市,西區,0,1,0,5,2,6,50,4,1,1,4,4,6,6,1,1,10,5,5,2,12,3,10,1,1,C03,7,7,1,10,1,12,,35,35,1,13,4,120.652997,24.146726,2
10930,66000,387130000C,(04)23274275,(04)23288582,2025,5,29,8,47,臺中市,南區,0,2,0,5,3,6,30,4,1,1,4,4,6,6,3,1,10,5,5,2,15,2,9,2,1,C03,7,9,1,10,2,12,,12,12,1,13,4,120.669023,24.123721,2
10931,66000,387130000C,(04)23274275,(04)23288582,2025,5,29,8,48,臺中市,南屯區,0,1,0,7,2,6,50,3,1,1,4,4,6,6,4,4,9,5,5,2,17,3,10,3,1,B03,7,5,1,8,2,4,,12,12,1,13,4,120.610189,24.138415,2
10932,66000,387130000C,(04)23274275,(04)23288582,2025,5,29,8,48,臺中市,南屯區,0,0,0,5,3,6,40,13,8,1,4,4,6,6,4,4,3,4,4,2,17,,,,,C03,,,3,,2,,,85,85,1,12,4,120.636627,24.154458,3
10933,66000,387130000C,(04)23274275,(04)23288582,2025,5,29,8,50,臺中市,南屯區,0,1,0,5,1,6,50,4,4,1,4,4,6,6,2,1,1,2,5,2,18,2,9,5,4,C03,7,9,1,10,2,12,,84,84,1,13,4,120.646629,24.140096,2
10934,66000,387130000C,(04)23274275,(04)23288582,2025,5,29,8,50,臺中市,北屯區,0,0,0,7,,,80,,,,,,,,,,,,,,13,,,,,B03,,,1,8,2,,,84,84,1,12,4,120.68847,24.201012,3
10935,66000,387130000C,(04)23274275,(04)23288582,2025,5,29,8,52,臺中市,西屯區,0,0,0,7,2,6,50,4,1,1,4,4,6,6,1,1,5,5,4,2,12,,,,,A11,,,1,,2,,,47,47,1,12,4,120.638387,24.155743,3
10936,66000,387130000C,(04)23274275,(04)23288582,2025,5,29,8,52,臺中市,神岡區,0,0,0,5,,,50,,,,,,,,,,,,,,2,,,,,B03,,,1,,1,,,84,84,1,12,4,120.698052,24.258762,3
10937,66000,387130000C,(04)23274275,(04)23288582,2025,5,29,8,53,臺中市,北區,0,0,0,7,,,50,,,,,,,,,,,,,,17,,,,,B03,,,1,,1,,,23,23,1,13,4,120.694122,24.155837,3
10938,66000,387130000C,(04)23274275,(04)23288582,2025,5,29,8,53,臺中市,西屯區,0,0,0,5,,,50,,,,,,,,,,,,,,12,,,,,C03,,,1,,1,,,58,58,1,13,4,120.654043,24.167936,3
10939,66000,387130000C,(04)23274275,(04)23288582,2025,5,29,8,54,臺中市,太平區,0,2,0,5,3,6,50,13,9,1,4,4,6,6,4,4,9,4,5,2,17,3,10,3,1,B03,7,13,1,8,2,4,,76,76,1,6,4,120.709346,24.154504,2
10940,66000,387130000C,(04)23274275,(04)23288582,2025,5,29,8,54,臺中市,烏日區,0,0,0,5,,,30,,,,,,,,,,,,,,17,,,,,A11,,,1,,2,,,78,78,1,13,4,120.627476,24.102545,3
10941,66000,387130000C,(04)23274275,(04)23288582,2025,5,29,8,55,臺中市,東區,0,1,0,5,1,6,50,4,1,1,4,4,6,6,1,1,10,5,5,2,17,2,9,1,1,C03,7,9,1,10,2,11,,84,84,1,12,4,120.699234,24.129659,2
10942,66000,387130000C,(04)23274275,(04)23288582,2025,5,29,8,55,臺中市,沙鹿區,0,1,0,5,2,6,50,3,1,1,4,4,6,6,4,4,5,5,5,2,17,3,10,3,1,B03,7,6,1,1,2,2,,14,14,1,11,4,120.564976,24.250192,2