序號,縣市別代碼,機關代碼,市話,傳真,年,月,日,時,分,縣市,區,死亡數量,受傷數量,2-30,天候,道路照明設備,道路類別,道路速限,道路型態,事故位置,路面鋪裝,路面狀態,路面缺陷,障礙物,視距,號誌種類,號誌動作,分向設施,快車道或一般車道間,快慢車道間,路面邊線,事故類型及型態,受傷程度,主要傷處,保護裝備,行動電話或功能裝置,當事者區分(類別),車輛用途,當事者行動狀態,駕照狀態,駕照種類,飲酒情形,車輛撞擊部位最初,車輛撞擊部位其他,肇事因素個別,肇事因素主要,肇事逃逸,職業,共享經濟或外送平台,GPS座標X,GPS座標Y,事故類別
11165,66000,387130000C,(04)23274275,(04)23288582,2025,5,29,17,6,臺中市,北屯區,0,1,0,5,2,6,50,13,9,1,4,4,6,6,4,4,1,4,5,2,12,3,10,3,1,B12,7,7,1,8,2,6,,84,84,1,12,4,120.666876,24.200709,2
11166,66000,387130000C,(04)23274275,(04)23288582,2025,5,29,17,7,臺中市,清水區,0,0,0,5,,,50,,,,,,,,,,,,,,,,,,,B03,,,1,,1,,,8,8,1,12,4,120.574499,24.267501,3
11167,66000,387130000C,(04)23274275,(04)23288582,2025,5,29,17,10,臺中市,西屯區,0,1,0,5,2,6,40,5,2,1,4,4,6,6,2,1,10,5,5,2,18,2,9,5,4,C03,7,9,1,10,2,14,,84,84,1,12,4,120.615369,24.183119,2
11168,66000,387130000C,(04)23274275,(04)23288582,2025,5,29,17,11,臺中市,沙鹿區,0,0,0,5,,,50,,,,,,,,,,,,,,13,,,,,B12,,,1,,2,,,7,7,1,13,4,120.567951,24.206853,3
11169,66000,387130000C,(04)23274275,(04)23288582,2025,5,29,17,13,臺中市,潭子區,0,1,0,5,3,6,50,4,1,1,4,4,6,6,4,4,5,5,5,2,15,3,10,3,1,B03,7,9,1,8,2,1,,15,15,1,13,4,120.701762,24.189546,2
11170,66000,387130000C,(04)23274275,(04)23288582,2025,5,29,17,13,臺中市,南區,0,0,0,5,,,50,,,,,,,,,,,,,,14,,,,,B12,,,1,,1,,,49,49,1,13,4,120.666346,24.121981,3
11171,66000,387130000C,(04)23274275,(04)23288582,2025,5,29,17,13,臺中市,西屯區,0,1,0,7,2,6,50,5,1,1,4,4,6,6,2,1,10,5,5,2,16,3,10,3,1,B11,7,5,1,8,2,2,,47,47,1,13,4,120.622108,24.17259,2
11172,66000,387130000C,(04)23274275,(04)23288582,2025,5,29,17,13,臺中市,神岡區,0,1,0,5,2,6,30,3,1,1,4,4,6,6,4,4,10,5,5,1,17,2,9,5,4,C03,7,9,1,10,2,14,,84,84,1,13,4,120.699173,24.274459,2
11173,66000,387130000C,(04)23274275,(04)23288582,2025,5,29,17,14,臺中市,西屯區,0,0,0,5,,,30,,,,,,,,,,,,,,13,,,,,C03,,,1,,1,,,7,7,1,12,4,120.632337,24.170773,3
11174,66000,387130000C,(04)23274275,(04)23288582,2025,5,29,17,16,臺中市,西區,0,0,0,5,,,60,,,,,,,,,,,,,,,,,,,B03,,,1,,2,,,40,40,1,12,4,120.671879,24.149002,3
11175,66000,387130000C,(04)23274275,(04)23288582,2025,5,29,17,16,臺中市,西屯區,0,2,0,5,2,6,50,4,1,1,4,4,6,6,4,4,10,5,5,2,16,2,7,1,1,C03,7,6,3,19,2,12,,12,12,1,12,4,120.65574,24.171765,2
11176,66000,387130000C,(04)23274275,(04)23288582,2025,5,29,17,17,臺中市,西區,0,0,0,5,,,50,,,,,,,,,,,,,,13,,,,,B03,,,1,,2,,,59,59,1,12,4,120.680119,24.13497,3
11177,66000,387130000C,(04)23274275,(04)23288582,2025,5,29,17,17,臺中市,南屯區,0,1,0,5,3,6,50,13,8,1,4,4,6,6,4,4,5,5,4,2,18,2,9,2,1,C03,7,9,1,10,2,12,,84,84,1,12,4,120.608628,24.128384,2
11178,66000,387130000C,(04)23274275,(04)23288582,2025,5,29,17,17,臺中市,南屯區,0,1,0,7,2,6,50,4,1,1,5,4,6,6,2,1,9,4,1,2,12,3,10,3,1,B03,7,5,1,8,2,2,,11,11,1,12,4,120.623497,24.149515,2
11179,66000,387130000C,(04)23274275,(04)23288582,2025,5,29,17,20,臺中市,大雅區,0,1,0,5,1,6,30,3,2,1,4,4,6,6,4,4,1,5,4,1,17,3,10,3,1,B12,7,5,1,8,2,7,,14,14,1,13,4,120.634254,24.237314,2
11180,66000,387130000C,(04)23274275,(04)23288582,2025,5,29,17,20,臺中市,南區,0,2,0,5,2,6,50,13,9,1,4,4,6,6,4,4,9,4,4,1,17,3,10,3,1,B03,7,15,1,8,2,4,,76,76,1,13,4,120.670102,24.116443,2
11181,66000,387130000C,(04)23274275,(04)23288582,2025,5,29,17,20,臺中市,西屯區,0,1,0,5,1,6,50,13,8,1,4,4,6,6,4,4,9,5,4,2,17,2,9,1,4,C03,7,9,1,10,2,16,,59,59,1,13,4,120.648526,24.168353,2
11182,66000,387130000C,(04)23274275,(04)23288582,2025,5,29,17,21,臺中市,西區,0,0,0,5,,,50,,,,,,,,,,,,,,,,,,,B03,,,1,,1,,,40,40,1,6,4,120.657376,24.147777,3
11183,66000,387130000C,(04)23274275,(04)23288582,2025,5,29,17,23,臺中市,西屯區,0,0,0,5,,,60,,,,,,,,,,,,,,12,,,,,B03,,,1,,1,,,40,40,1,12,4,120.636439,24.160617,3
11184,66000,387130000C,(04)23274275,(04)23288582,2025,5,29,17,23,臺中市,龍井區,0,0,0,5,,,50,,,,,,,,,,,,,,12,,,,,B03,,,1,,2,,,8,8,1,6,4,120.545876,24.194856,3
11185,66000,387130000C,(04)23274275,(04)23288582,2025,5,29,17,24,臺中市,龍井區,0,1,0,5,1,6,50,3,1,1,4,4,6,6,4,4,10,5,5,1,17,2,9,1,1,C03,7,9,1,10,2,11,,6,6,1,6,4,120.588467,24.180929,2
11186,66000,387130000C,(04)23274275,(04)23288582,2025,5,29,17,25,臺中市,烏日區,0,2,0,5,2,6,40,4,1,1,4,4,6,6,1,1,5,4,4,1,16,2,9,1,1,C03,7,6,1,10,2,14,,11,11,1,6,4,120.659062,24.096108,2
11187,66000,387130000C,(04)23274275,(04)23288582,2025,5,29,17,27,臺中市,南區,0,1,0,5,2,6,50,13,9,1,4,4,6,6,4,4,3,2,5,2,13,2,9,1,1,C03,7,9,1,10,2,11,,7,7,1,12,4,120.66984,24.124899,2
11188,66000,387130000C,(04)23274275,(04)23288582,2025,5,29,17,27,臺中市,烏日區,0,0,0,5,,,30,,,,,,,,,,,,,,17,,,,,B02,,,1,,2,,,59,59,1,13,4,120.638728,24.106865,3
11189,66000,387130000C,(04)23274275,(04)23288582,2025,5,29,17,27,臺中市,大甲區,0,0,0,5,,,50,,,,,,,,,,,,,,16,,,,,B03,,,1,,1,,,47,47,1,6,4,120.642457,24.406104,3
11190,66000,387130000C,(04)23274275,(04)23288582,2025,5,29,17,30,臺中市,大里區,0,0,0,5,,,50,,,,,,,,,,,,,,17,,,,,B03,,,1,,9,,,76,76,1,6,4,120.692346,24.092833,3
11191,66000,387130000C,(04)23274275,(04)23288582,2025,5,29,17,30,臺中市,太平區,0,0,0,5,,,40,,,,,,,,,,,,,,17,,,,,B12,,,1,,2,,,82,82,1,6,4,120.724742,24.157502,3
11192,66000,387130000C,(04)23274275,(04)23288582,2025,5,29,17,31,臺中市,豐原區,0,1,0,5,2,6,50,13,7,1,4,4,6,6,4,4,5,4,4,2,17,2,9,1,1,C03,7,11,1,10,2,12,,34,34,1,12,4,120.709019,24.245459,2
11193,66000,387130000C,(04)23274275,(04)23288582,2025,5,29,17,34,臺中市,北區,0,1,0,5,2,6,50,13,7,1,4,4,1,6,2,1,3,4,4,2,13,2,9,1,1,C03,7,8,1,10,2,14,,84,84,1,12,4,120.67168,24.171423,2
11194,66000,387130000C,(04)23274275,(04)23288582,2025,5,29,17,35,臺中市,太平區,0,0,0,7,,,30,,,,,,,,,,,,,,17,,,,,B03,,,1,,1,,,48,48,1,12,4,120.732123,24.154242,3
11195,66000,387130000C,(04)23274275,(04)23288582,2025,5,29,17,35,臺中市,太平區,0,0,0,5,,,50,,,,,,,,,,,,,,13,,,,,B03,,,1,,2,,,59,59,1,12,4,120.71596,24.134414,3
11196,66000,387130000C,(04)23274275,(04)23288582,2025,5,29,17,40,臺中市,太平區,0,1,0,5,2,6,50,5,1,1,4,4,6,6,1,1,10,5,5,2,17,3,10,5,4,B03,7,6,1,8,2,8,,11,11,1,6,4,120.714694,24.110268,2
11197,66000,387130000C,(04)23274275,(04)23288582,2025,5,29,17,40,臺中市,太平區,0,0,0,5,,,40,,,,,,,,,,,,,,17,,,,,E01,,,1,,2,,,84,84,1,6,4,120.727019,24.15011,3
11198,66000,387130000C,(04)23274275,(04)23288582,2025,5,29,17,43,臺中市,豐原區,0,1,0,5,1,6,30,13,9,1,4,4,6,6,4,4,10,5,5,2,17,3,10,3,1,B03,7,9,1,8,5,8,,41,41,1,6,4,120.701229,24.230837,2
11199,66000,387130000C,(04)23274275,(04)23288582,2025,5,29,17,44,臺中市,南屯區,0,0,0,5,,,50,,,,,,,,,,,,,,12,,,,,B03,,,1,,1,,,8,8,1,13,4,120.646651,24.140353,3
11200,66000,387130000C,(04)23274275,(04)23288582,2025,5,29,17,44,臺中市,大里區,0,0,0,5,,,80,,,,,,,,,,,,,,13,,,,,B03,,,1,,1,,,84,84,1,13,4,120.682851,24.084154,3
11201,66000,387130000C,(04)23274275,(04)23288582,2025,5,29,17,45,臺中市,大里區,0,1,0,5,2,6,50,4,1,1,4,4,6,6,1,1,5,5,4,1,17,3,10,3,1,B03,7,6,1,8,1,16,,11,11,1,13,4,120.679014,24.109352,2
11202,66000,387130000C,(04)23274275,(04)23288582,2025,5,29,17,48,臺中市,太平區,0,0,0,5,,,50,,,,,,,,,,,,,,13,,,,,B03,,,1,,2,,,7,7,1,12,4,120.73097,24.150178,3
11203,66000,387130000C,(04)23274275,(04)23288582,2025,5,29,17,49,臺中市,清水區,0,1,0,5,3,6,30,13,7,1,4,4,6,6,4,4,10,5,5,2,17,3,10,3,1,B03,7,1,1,8,2,7,,51,51,1,12,4,120.57825,24.277447,2
11204,66000,387130000C,(04)23274275,(04)23288582,2025,5,29,17,49,臺中市,神岡區,0,0,0,5,,,30,,,,,,,,,,,,,,16,,,,,B03,,,1,,1,,,20,20,1,12,4,120.68119,24.248061,4
11205,66000,387130000C,(04)23274275,(04)23288582,2025,5,29,17,50,臺中市,潭子區,0,0,0,5,,,60,,,,,,,,,,,,,,,,,,,B03,,,1,,2,,,49,49,1,12,4,120.702307,24.194828,3
11206,66000,387130000C,(04)23274275,(04)23288582,2025,5,29,17,50,臺中市,南屯區,0,0,0,5,,,30,,,,,,,,,,,,,,17,,,,,B01,,,1,,1,,,39,39,1,12,4,120.606882,24.127022,3
11207,66000,387130000C,(04)23274275,(04)23288582,2025,5,29,17,50,臺中市,北屯區,0,0,0,5,,,50,,,,,,,,,,,,,,13,,,,,B03,,,1,,1,,,84,84,1,6,4,120.68686,24.187254,3
11208,66000,387130000C,(04)23274275,(04)23288582,2025,5,29,17,51,臺中市,東區,0,0,0,5,,,50,,,,,,,,,,,,,,17,,,,,,,,,,,,,86,86,1,,,120.705769,24.129784,3
11209,66000,387130000C,(04)23274275,(04)23288582,2025,5,29,17,51,臺中市,霧峰區,0,1,0,5,2,6,40,13,9,1,4,4,6,6,4,4,5,5,5,1,18,2,9,1,1,C03,7,9,1,10,2,14,,59,59,1,6,4,120.690802,24.06616,2
11210,66000,387130000C,(04)23274275,(04)23288582,2025,5,29,17,54,臺中市,南屯區,0,0,0,7,,,50,,,,,,,,,,,,,,14,,,,,B03,,,1,,2,,,49,49,1,13,4,120.644876,24.135403,3
11211,66000,387130000C,(04)23274275,(04)23288582,2025,5,29,17,55,臺中市,北區,0,1,0,5,1,6,50,4,2,1,4,4,6,6,1,1,1,4,5,2,13,2,4,1,1,C03,7,9,1,10,2,11,,7,7,1,12,4,120.692383,24.161377,2
11212,66000,387130000C,(04)23274275,(04)23288582,2025,5,29,17,55,臺中市,大里區,0,2,0,5,2,6,30,3,1,1,4,4,6,6,4,4,10,5,5,2,17,2,9,1,1,F01,7,6,7,21,1,11,,14,14,1,13,4,120.703035,24.094102,2
11213,66000,387130000C,(04)23274275,(04)23288582,2025,5,29,17,59,臺中市,南區,0,0,0,5,,,50,,,,,,,,,,,,,,14,,,,,B03,,,1,,2,,,49,49,1,13,4,120.653295,24.109902,3
11214,66000,387130000C,(04)23274275,(04)23288582,2025,5,29,18,0,臺中市,豐原區,0,1,0,5,2,6,30,11,9,1,4,4,6,6,4,4,10,5,5,1,11,2,9,1,1,C03,7,9,1,10,2,14,,84,84,1,12,4,120.722338,24.263109,2
11215,66000,387130000C,(04)23274275,(04)23288582,2025,5,29,18,3,臺中市,南區,0,0,0,7,,,50,,,,,,,,,,,,,,14,,,,,B03,,,1,,1,,,84,84,1,13,4,120.670181,24.118517,3
11216,66000,387130000C,(04)23274275,(04)23288582,2025,5,29,18,4,臺中市,西屯區,0,0,0,5,,,50,,,,,,,,,,,,,,13,,,,,C03,,,1,,1,,,7,7,1,13,4,120.645829,24.169977,3
11217,66000,387130000C,(04)23274275,(04)23288582,2025,5,29,18,4,臺中市,大里區,0,1,0,5,1,6,50,3,1,1,4,4,6,6,1,1,3,4,4,1,17,3,10,3,1,B03,7,6,1,8,2,1,,11,11,1,6,4,120.694593,24.089306,2
11218,66000,387130000C,(04)23274275,(04)23288582,2025,5,29,18,6,臺中市,東區,0,1,0,5,1,6,50,4,2,1,4,4,6,6,2,1,5,5,5,2,18,2,9,1,1,C03,7,9,1,10,2,12,,84,84,1,12,4,120.700722,24.127289,2
11219,66000,387130000C,(04)23274275,(04)23288582,2025,5,29,18,8,臺中市,西區,0,1,0,5,1,6,50,18,24,1,4,4,3,6,4,4,10,5,5,2,17,3,10,5,4,B03,7,1,1,8,2,1,,51,51,1,12,4,120.661587,24.155869,2
11220,66000,387130000C,(04)23274275,(04)23288582,2025,5,29,18,9,臺中市,北區,0,0,0,5,,,30,,,,,,,,,,,,,,9,,,,,C03,,,7,,10,,,87,87,1,13,4,120.690726,24.161388,3
11221,66000,387130000C,(04)23274275,(04)23288582,2025,5,29,18,9,臺中市,南區,0,0,0,7,,,50,,,,,,,,,,,,,,13,,,,,C03,,,1,,2,,,84,84,1,12,4,120.679062,24.12485,3
11222,66000,387130000C,(04)23274275,(04)23288582,2025,5,29,18,9,臺中市,大里區,0,0,0,5,,,30,,,,,,,,,,,,,,17,,,,,B03,,,1,,9,,,45,45,1,13,4,120.689495,24.091887,3
11223,66000,387130000C,(04)23274275,(04)23288582,2025,5,29,18,9,臺中市,大甲區,0,1,0,5,2,6,50,3,1,1,4,4,6,6,4,4,5,5,5,1,16,3,10,3,1,B03,7,6,1,8,2,8,,14,14,1,6,4,120.669113,24.392344,2
11224,66000,387130000C,(04)23274275,(04)23288582,2025,5,29,18,10,臺中市,東區,0,2,0,5,1,6,50,4,1,1,4,4,6,6,2,1,5,2,5,2,12,2,9,2,1,C03,7,9,1,10,2,14,,84,84,1,13,4,120.702876,24.125403,2
11225,66000,387130000C,(04)23274275,(04)23288582,2025,5,29,18,13,臺中市,后里區,0,0,0,5,1,6,60,13,2,1,4,4,6,6,1,1,8,3,5,,13,3,10,3,1,B03,7,3,1,8,2,8,,84,84,1,13,4,120.723692,24.294721,3
11226,66000,387130000C,(04)23274275,(04)23288582,2025,5,29,18,15,臺中市,西區,0,0,0,5,,,50,,,,,,,,,,,,,,12,,,,,B03,,,1,,1,,,84,84,1,12,4,120.657262,24.140026,3
11227,66000,387130000C,(04)23274275,(04)23288582,2025,5,29,18,15,臺中市,西屯區,0,0,0,5,1,6,50,4,9,1,4,4,6,6,4,4,9,5,5,2,14,3,10,5,4,B03,7,2,1,8,6,6,,49,49,1,13,4,120.641546,24.161084,3
11228,66000,387130000C,(04)23274275,(04)23288582,2025,5,29,18,15,臺中市,大安區,0,1,0,5,1,6,50,11,9,1,4,4,6,6,4,4,10,5,5,1,19,2,1,3,1,B03,7,9,1,8,2,2,,54,54,1,6,4,120.592295,24.340184,2
11229,66000,387130000C,(04)23274275,(04)23288582,2025,5,29,18,16,臺中市,西屯區,0,0,0,5,,,50,,,,,,,,,,,,,,13,,,,,B03,,,1,,1,,,7,7,1,12,4,120.632545,24.170095,3
11230,66000,387130000C,(04)23274275,(04)23288582,2025,5,29,18,17,臺中市,梧棲區,0,1,0,5,1,6,50,13,7,1,4,4,6,6,4,4,9,5,4,2,16,3,10,3,1,B03,7,11,1,8,2,7,,20,20,1,6,4,120.534368,24.262153,2
11231,66000,387130000C,(04)23274275,(04)23288582,2025,5,29,18,18,臺中市,南屯區,0,1,0,7,2,6,50,3,1,1,4,4,6,6,4,4,9,4,4,2,11,3,10,3,1,B03,7,6,3,19,2,6,,14,14,1,12,4,120.648865,24.133541,2
11232,66000,387130000C,(04)23274275,(04)23288582,2025,5,29,18,20,臺中市,南屯區,0,0,0,7,,,40,,,,,,,,,,,,,,13,,,,,C03,,,1,,1,,,7,7,1,12,4,120.6351,24.152827,4
11233,66000,387130000C,(04)23274275,(04)23288582,2025,5,29,18,21,臺中市,東區,0,0,0,5,,,50,,,,,,,,,,,,,,13,,,,,B03,,,1,,1,,,7,7,1,13,4,120.698055,24.147958,3
11234,66000,387130000C,(04)23274275,(04)23288582,2025,5,29,18,22,臺中市,北區,0,1,0,5,1,6,50,13,9,1,4,4,6,6,4,4,1,3,5,2,17,3,10,3,1,B03,7,1,1,8,2,4,,51,51,1,13,4,120.691695,24.15572,2
11235,66000,387130000C,(04)23274275,(04)23288582,2025,5,29,18,22,臺中市,西屯區,0,1,0,5,2,6,50,4,1,1,4,4,6,6,2,1,1,4,5,2,16,3,10,5,4,B03,7,6,1,8,2,16,,11,11,1,12,4,120.611466,24.186771,2
11236,66000,387130000C,(04)23274275,(04)23288582,2025,5,29,18,22,臺中市,太平區,0,1,0,7,1,6,50,5,1,1,4,4,6,6,2,1,10,5,5,2,16,3,10,3,1,B03,7,5,3,19,2,5,,47,47,1,12,4,120.717699,24.158471,2
11237,66000,387130000C,(04)23274275,(04)23288582,2025,5,29,18,22,臺中市,沙鹿區,0,0,0,5,,,50,,,,,,,,,,,,,,,,,,,C03,,,1,,1,,,20,20,1,13,4,120.561297,24.242756,3
11238,66000,387130000C,(04)23274275,(04)23288582,2025,5,29,18,24,臺中市,南屯區,0,0,0,5,,,50,,,,,,,,,,,,,,,,,,,B03,,,1,,1,,,51,51,1,13,4,120.649827,24.148829,3
11239,66000,387130000C,(04)23274275,(04)23288582,2025,5,29,18,24,臺中市,西屯區,0,0,0,5,,,50,,,,,,,,,,,,,,12,,,,,C03,,,1,,1,,,8,8,1,12,4,120.619051,24.179297,3
11240,66000,387130000C,(04)23274275,(04)23288582,2025,5,29,18,26,臺中市,大里區,0,0,0,5,,,50,,,,,,,,,,,,,,,,,,,C03,,,1,,2,,,7,7,1,12,4,120.683773,24.114589,3
11241,66000,387130000C,(04)23274275,(04)23288582,2025,5,29,18,26,臺中市,后里區,0,1,0,5,1,6,50,4,1,1,4,4,6,6,1,1,1,4,4,1,16,3,10,3,1,B03,7,6,1,8,2,1,,11,11,1,12,4,120.722079,24.304188,2
11242,66000,387130000C,(04)23274275,(04)23288582,2025,5,29,18,27,臺中市,沙鹿區,0,0,0,5,,,60,,,,,,,,,,,,,,13,,,,,B03,,,1,,2,,,7,7,1,6,4,120.577694,24.223717,3
11243,66000,387130000C,(04)23274275,(04)23288582,2025,5,29,18,29,臺中市,北屯區,0,0,0,5,,,50,,,,,,,,,,,,,,17,,,,,B03,,,1,,2,,,82,82,1,12,4,120.726511,24.169319,3
11244,66000,387130000C,(04)23274275,(04)23288582,2025,5,29,18,29,臺中市,西屯區,0,0,0,5,,,60,,,,,,,,,,,,,,13,,,,,B03,,,1,,1,,,59,59,1,13,4,120.641018,24.167806,3
11245,66000,387130000C,(04)23274275,(04)23288582,2025,5,29,18,30,臺中市,豐原區,0,0,0,5,1,6,50,13,7,1,4,4,6,6,4,4,5,5,4,2,14,3,10,3,1,B03,7,2,1,8,2,1,,49,49,1,12,4,120.72394,24.247515,3
11246,66000,387130000C,(04)23274275,(04)23288582,2025,5,29,18,32,臺中市,太平區,0,0,0,5,,,50,,,,,,,,,,,,,,16,,,,,B02,,,1,,2,,,40,40,1,12,4,120.705059,24.159478,3
11247,66000,387130000C,(04)23274275,(04)23288582,2025,5,29,18,33,臺中市,龍井區,0,1,0,5,1,6,30,3,1,1,4,4,6,6,4,4,10,5,5,2,16,3,10,1,1,C03,7,9,1,10,2,11,,4,4,1,6,4,120.592921,24.187935,2
11248,66000,387130000C,(04)23274275,(04)23288582,2025,5,29,18,37,臺中市,西屯區,0,1,0,5,1,6,50,13,9,1,4,4,6,6,4,4,3,4,5,2,12,3,10,5,1,B03,7,8,1,8,2,7,,40,40,1,12,4,120.657373,24.170514,2
11249,66000,387130000C,(04)23274275,(04)23288582,2025,5,29,18,40,臺中市,南屯區,0,0,0,7,,,50,,,,,,,,,,,,,,12,,,,,B03,,,1,,1,,,51,51,1,12,4,120.648201,24.136041,3
11250,66000,387130000C,(04)23274275,(04)23288582,2025,5,29,18,40,臺中市,北屯區,0,1,0,5,1,6,50,4,1,1,4,4,6,6,1,1,10,5,5,2,17,3,10,1,1,C03,7,6,1,10,2,12,,11,11,1,12,4,120.70566,24.172837,2
11251,66000,387130000C,(04)23274275,(04)23288582,2025,5,29,18,40,臺中市,豐原區,0,1,0,5,1,6,50,13,9,1,4,4,6,6,4,4,1,4,5,1,17,2,9,1,4,C03,7,9,1,10,2,14,,84,84,1,12,4,120.727591,24.276959,2
11252,66000,387130000C,(04)23274275,(04)23288582,2025,5,29,18,42,臺中市,西屯區,0,0,0,5,,,50,,,,,,,,,,,,,,13,,,,,B01,,,1,,2,,,59,59,1,12,4,120.657373,24.170514,3
11253,66000,387130000C,(04)23274275,(04)23288582,2025,5,29,18,47,臺中市,北屯區,0,0,0,5,,,50,,,,,,,,,,,,,,,,,,,B03,,,1,,1,,,61,61,1,6,4,120.686074,24.190674,3
11254,66000,387130000C,(04)23274275,(04)23288582,2025,5,29,18,48,臺中市,大雅區,0,1,0,6,1,6,30,13,9,1,4,4,6,6,4,4,10,5,5,2,18,2,9,6,1,F01,7,9,7,21,2,14,,84,84,1,12,4,120.635713,24.220061,2
11255,66000,387130000C,(04)23274275,(04)23288582,2025,5,29,18,48,臺中市,烏日區,0,0,0,6,1,6,60,13,7,1,4,4,6,6,4,4,1,4,4,2,14,3,10,3,4,B12,7,2,1,8,1,3,,84,84,1,6,4,120.614607,24.106493,3
11256,66000,387130000C,(04)23274275,(04)23288582,2025,5,29,18,49,臺中市,西屯區,0,0,0,5,,,50,,,,,,,,,,,,,,13,,,,,B03,,,1,,1,,,59,59,1,12,4,120.646861,24.174894,3
11257,66000,387130000C,(04)23274275,(04)23288582,2025,5,29,18,49,臺中市,神岡區,0,0,0,7,,,50,,,,,,,,,,,,,,17,,,,,B03,,,1,,1,,,84,84,1,13,4,120.695515,24.236436,3
11258,66000,387130000C,(04)23274275,(04)23288582,2025,5,29,18,50,臺中市,南屯區,0,1,0,5,3,6,50,4,1,1,4,4,6,6,1,1,10,5,5,2,17,3,10,3,1,B03,7,6,1,8,1,5,,84,84,1,12,4,120.623065,24.145087,2
11259,66000,387130000C,(04)23274275,(04)23288582,2025,5,29,18,50,臺中市,豐原區,0,0,0,5,,,50,,,,,,,,,,,,,,13,,,,,B03,,,1,,2,,,84,84,1,12,4,120.726296,24.24781,3
11260,66000,387130000C,(04)23274275,(04)23288582,2025,5,29,18,52,臺中市,大里區,0,0,0,5,,,60,,,,,,,,,,,,,,13,,,,,B03,,,1,,2,,,7,7,1,13,4,120.670279,24.103318,3
11261,66000,387130000C,(04)23274275,(04)23288582,2025,5,29,18,54,臺中市,北區,0,1,0,5,1,6,50,13,7,1,4,4,6,6,4,4,5,4,4,2,18,2,9,1,1,C03,7,9,1,10,2,14,,84,84,1,12,4,120.669757,24.154439,2
11262,66000,387130000C,(04)23274275,(04)23288582,2025,5,29,18,55,臺中市,豐原區,0,1,0,5,1,6,50,3,24,1,4,4,6,6,4,4,5,5,4,1,17,3,10,5,4,B03,7,6,1,8,2,1,,14,14,1,12,4,120.729862,24.250587,2
11263,66000,387130000C,(04)23274275,(04)23288582,2025,5,29,18,56,臺中市,北屯區,0,0,0,5,,,80,,,,,,,,,,,,,,13,,,,,B12,,,1,,1,,,7,7,1,12,4,120.722375,24.188752,3
11264,66000,387130000C,(04)23274275,(04)23288582,2025,5,29,18,56,臺中市,太平區,0,0,0,5,,,50,,,,,,,,,,,,,,14,,,,,B03,,,1,,2,,,49,49,1,12,4,120.72403,24.137124,3
11265,66000,387130000C,(04)23274275,(04)23288582,2025,5,29,18,58,臺中市,南屯區,0,0,0,7,,,50,,,,,,,,,,,,,,12,,,,,C03,,,1,,1,,,8,8,1,12,4,120.646789,24.146405,3
11266,66000,387130000C,(04)23274275,(04)23288582,2025,5,29,19,0,臺中市,南屯區,0,1,0,5,1,6,50,3,1,1,4,4,6,6,1,1,10,5,5,2,18,2,8,1,1,C03,7,9,1,10,2,16,,59,59,1,13,4,120.615958,24.151874,2
11267,66000,387130000C,(04)23274275,(04)23288582,2025,5,29,19,0,臺中市,西屯區,0,0,0,5,,,50,,,,,,,,,,,,,,12,,,,,B03,,,1,,1,,,2,2,1,13,4,120.639382,24.171676,3
11268,66000,387130000C,(04)23274275,(04)23288582,2025,5,29,19,1,臺中市,西屯區,0,1,0,5,1,6,50,4,1,1,4,4,6,6,2,1,10,5,5,2,3,3,10,3,4,B03,7,6,1,8,2,1,,10,10,1,12,4,120.63753,24.177556,2
11269,66000,387130000C,(04)23274275,(04)23288582,2025,5,29,19,3,臺中市,西屯區,0,0,0,5,,,50,,,,,,,,,,,,,,12,,,,,B03,,,1,,1,,,8,8,1,13,4,120.647384,24.159428,3
11270,66000,387130000C,(04)23274275,(04)23288582,2025,5,29,19,4,臺中市,南屯區,0,0,0,7,,,50,,,,,,,,,,,,,,13,,,,,B03,,,1,,2,,,7,7,1,13,4,120.634747,24.122482,3
11271,66000,387130000C,(04)23274275,(04)23288582,2025,5,29,19,4,臺中市,西屯區,0,0,0,5,,,70,,,,,,,,,,,,,,17,,,,,B03,,,1,,1,,,84,84,1,12,4,120.615369,24.183119,3
11272,66000,387130000C,(04)23274275,(04)23288582,2025,5,29,19,5,臺中市,大肚區,0,1,0,5,1,6,50,11,9,1,4,4,6,6,4,4,9,5,5,1,17,3,10,3,1,B03,7,14,1,8,2,16,,87,87,1,6,4,120.530495,24.174583,2
11273,66000,387130000C,(04)23274275,(04)23288582,2025,5,29,19,6,臺中市,西區,0,1,0,5,1,6,40,4,1,1,4,4,6,6,1,1,5,5,4,2,17,2,7,2,1,C03,7,5,1,10,2,14,,22,22,1,13,4,120.667114,24.136564,2
11274,66000,387130000C,(04)23274275,(04)23288582,2025,5,29,19,6,臺中市,大肚區,0,1,0,5,1,6,50,13,9,1,4,4,6,6,4,4,9,5,5,1,17,2,8,1,1,F03,7,9,7,21,2,11,,84,84,1,6,4,120.573281,24.15793,2
11275,66000,387130000C,(04)23274275,(04)23288582,2025,5,29,19,9,臺中市,烏日區,0,1,0,5,1,6,50,4,1,1,4,4,6,6,4,4,5,4,4,2,15,3,10,3,1,B03,7,1,1,8,2,4,,51,51,1,6,4,120.641587,24.111194,2