序號,縣市別代碼,機關代碼,市話,傳真,年,月,日,時,分,縣市,區,死亡數量,受傷數量,2-30,天候,道路照明設備,道路類別,道路速限,道路型態,事故位置,路面鋪裝,路面狀態,路面缺陷,障礙物,視距,號誌種類,號誌動作,分向設施,快車道或一般車道間,快慢車道間,路面邊線,事故類型及型態,受傷程度,主要傷處,保護裝備,行動電話或功能裝置,當事者區分(類別),車輛用途,當事者行動狀態,駕照狀態,駕照種類,飲酒情形,車輛撞擊部位最初,車輛撞擊部位其他,肇事因素個別,肇事因素主要,肇事逃逸,職業,共享經濟或外送平台,GPS座標X,GPS座標Y,事故類別
11276,66000,387130000C,(04)23274275,(04)23288582,2025,5,29,19,12,臺中市,北區,0,1,0,6,1,6,50,13,9,1,4,4,6,6,4,4,5,4,4,2,17,3,10,5,1,B03,7,5,1,8,2,6,,47,47,1,13,4,120.682828,24.158971,2
11277,66000,387130000C,(04)23274275,(04)23288582,2025,5,29,19,12,臺中市,西屯區,0,0,0,5,,,50,,,,,,,,,,,,,,12,,,,,C03,,,3,,1,,,84,84,1,12,4,120.646543,24.171315,3
11278,66000,387130000C,(04)23274275,(04)23288582,2025,5,29,19,15,臺中市,南區,0,1,0,5,1,6,50,3,2,1,4,4,6,6,4,4,9,5,5,2,13,3,10,3,1,B03,7,9,1,2,2,8,,7,7,1,12,4,120.673586,24.131476,2
11279,66000,387130000C,(04)23274275,(04)23288582,2025,5,29,19,16,臺中市,西區,0,1,0,5,1,6,50,3,1,1,4,4,6,6,1,1,1,4,4,2,16,3,10,3,1,B03,7,5,1,8,2,2,,11,11,1,12,4,120.657376,24.149022,2
11280,66000,387130000C,(04)23274275,(04)23288582,2025,5,29,19,19,臺中市,大里區,0,0,0,5,,,50,,,,,,,,,,,,,,,,,,,B03,,,1,,2,,,40,40,1,12,4,120.689795,24.115145,3
11281,66000,387130000C,(04)23274275,(04)23288582,2025,5,29,19,20,臺中市,南屯區,0,1,0,5,2,6,50,4,1,1,4,4,6,6,2,1,9,4,4,2,18,2,9,1,1,C03,7,9,1,10,2,12,,59,59,1,12,4,120.642806,24.148794,2
11282,66000,387130000C,(04)23274275,(04)23288582,2025,5,29,19,20,臺中市,西屯區,0,2,0,5,2,6,50,13,9,1,4,4,6,6,4,4,5,4,4,2,1,2,9,6,5,H01,8,16,7,21,10,17,,95,95,1,13,5,120.611333,24.170727,2
11283,66000,387130000C,(04)23274275,(04)23288582,2025,5,29,19,21,臺中市,北屯區,0,2,0,5,1,6,50,4,1,1,4,4,6,6,1,1,9,4,5,2,13,2,9,1,1,C03,7,9,1,10,2,11,,7,7,1,12,4,120.694335,24.164674,2
11284,66000,387130000C,(04)23274275,(04)23288582,2025,5,29,19,21,臺中市,烏日區,0,1,0,5,1,6,60,13,8,1,4,4,6,6,4,4,1,4,4,2,17,3,10,3,1,B03,7,5,1,8,1,16,,85,85,1,6,4,120.615212,24.106029,2
11285,66000,387130000C,(04)23274275,(04)23288582,2025,5,29,19,22,臺中市,北屯區,0,1,0,5,1,6,50,3,1,1,4,4,6,6,4,4,10,5,5,2,16,2,8,2,1,C03,7,9,1,10,2,12,,84,84,1,12,4,120.6885,24.179298,2
11286,66000,387130000C,(04)23274275,(04)23288582,2025,5,29,19,22,臺中市,后里區,0,1,0,5,1,6,50,3,1,1,4,4,6,6,1,1,1,4,4,1,17,3,10,3,1,B03,7,1,1,8,2,4,,51,51,1,12,4,120.72348,24.298328,2
11287,66000,387130000C,(04)23274275,(04)23288582,2025,5,29,19,24,臺中市,大雅區,0,2,0,5,1,6,30,4,1,1,4,4,6,6,1,1,10,5,5,2,17,2,9,1,1,C03,7,9,1,10,2,11,,25,25,1,12,4,120.662708,24.220267,2
11288,66000,387130000C,(04)23274275,(04)23288582,2025,5,29,19,25,臺中市,大雅區,0,0,0,5,,,0,,,,,,,,,,,,,,,,,,,B03,,,1,,2,,,51,51,1,13,4,120.632955,24.237994,3
11289,66000,387130000C,(04)23274275,(04)23288582,2025,5,29,19,26,臺中市,北屯區,0,0,0,5,,,50,,,,,,,,,,,,,,13,,,,,C03,,,1,,11,,,7,7,1,12,4,120.667513,24.179744,3
11290,66000,387130000C,(04)23274275,(04)23288582,2025,5,29,19,28,臺中市,西屯區,0,0,0,5,,,50,,,,,,,,,,,,,,13,,,,,B03,,,1,,1,,,59,59,1,12,4,120.638766,24.181803,3
11291,66000,387130000C,(04)23274275,(04)23288582,2025,5,29,19,28,臺中市,西屯區,0,1,0,5,1,6,50,4,1,1,4,4,6,6,2,1,9,5,4,2,18,2,9,1,4,C03,7,9,1,10,2,16,,7,7,1,13,4,120.645472,24.175895,2
11292,66000,387130000C,(04)23274275,(04)23288582,2025,5,29,19,31,臺中市,西屯區,0,1,0,5,1,6,50,3,2,1,4,4,6,6,2,1,1,2,4,2,13,3,10,5,4,B03,7,9,1,8,2,1,,59,59,1,12,4,120.64332,24.15993,2
11293,66000,387130000C,(04)23274275,(04)23288582,2025,5,29,19,34,臺中市,西區,0,0,0,5,,,50,,,,,,,,,,,,,,15,,,,,B03,,,1,,1,,,21,21,1,12,4,120.657261,24.139286,3
11294,66000,387130000C,(04)23274275,(04)23288582,2025,5,29,19,35,臺中市,西區,0,1,0,5,1,6,50,4,1,1,4,3,5,6,1,1,10,5,5,2,17,2,9,5,4,C03,7,9,1,10,2,11,,84,84,1,12,4,120.669373,24.138795,2
11295,66000,387130000C,(04)23274275,(04)23288582,2025,5,29,19,36,臺中市,南屯區,0,0,0,7,,,80,,,,,,,,,,,,,,13,,,,,B01,,,1,,1,,,7,7,1,12,4,120.623033,24.140267,3
11296,66000,387130000C,(04)23274275,(04)23288582,2025,5,29,19,37,臺中市,南屯區,0,0,0,5,,,50,,,,,,,,,,,,,,17,,,,,B01,,,1,,2,,,51,51,1,12,4,120.632564,24.150771,3
11297,66000,387130000C,(04)23274275,(04)23288582,2025,5,29,19,37,臺中市,龍井區,0,1,0,5,1,6,40,13,8,1,4,4,6,6,4,4,3,4,3,1,30,2,9,4,1,C03,7,9,1,10,2,11,,83,83,1,6,4,120.582508,24.187376,2
11298,66000,387130000C,(04)23274275,(04)23288582,2025,5,29,19,38,臺中市,西屯區,0,1,0,5,2,6,50,3,1,1,4,4,6,6,2,1,10,5,5,2,16,3,10,3,1,B03,7,5,1,8,2,2,,47,47,1,13,4,120.642153,24.16443,2
11299,66000,387130000C,(04)23274275,(04)23288582,2025,5,29,19,40,臺中市,沙鹿區,0,0,0,5,,,60,,,,,,,,,,,,,,13,,,,,B03,,,1,,2,,,7,7,1,6,4,120.597051,24.250335,3
11300,66000,387130000C,(04)23274275,(04)23288582,2025,5,29,19,41,臺中市,沙鹿區,0,0,0,5,,,50,,,,,,,,,,,,,,,,,,,C03,,,1,,2,,,20,20,1,13,2,120.57042,24.21348,3
11301,66000,387130000C,(04)23274275,(04)23288582,2025,5,29,19,42,臺中市,南區,0,0,0,5,,,50,,,,,,,,,,,,,,14,,,,,B03,,,1,,9,,,49,49,1,12,4,120.65748,24.114024,3
11302,66000,387130000C,(04)23274275,(04)23288582,2025,5,29,19,42,臺中市,烏日區,0,2,0,5,1,6,60,13,14,1,4,4,6,5,4,4,1,4,4,1,2,2,9,1,1,C03,7,9,1,10,2,11,,84,84,1,5,4,120.62397,24.104446,2
11303,66000,387130000C,(04)23274275,(04)23288582,2025,5,29,19,44,臺中市,西區,0,0,0,5,,,50,,,,,,,,,,,,,,,,,,,B03,,,1,,1,,,84,84,1,6,4,120.658964,24.135755,3
11304,66000,387130000C,(04)23274275,(04)23288582,2025,5,29,19,49,臺中市,潭子區,0,1,0,5,1,6,80,13,9,1,4,4,6,6,4,4,1,3,5,1,16,3,10,3,1,B03,7,8,1,8,2,4,,40,40,1,12,4,120.70917,24.200614,2
11305,66000,387130000C,(04)23274275,(04)23288582,2025,5,29,19,50,臺中市,東區,0,0,0,5,,,50,,,,,,,,,,,,,,12,,,,,,,,,,,,,86,86,1,,,120.692161,24.147606,3
11306,66000,387130000C,(04)23274275,(04)23288582,2025,5,29,19,50,臺中市,西屯區,0,0,0,5,,,40,,,,,,,,,,,,,,13,,,,,B03,,,1,,1,,,7,7,1,12,4,120.62945,24.163334,3
11307,66000,387130000C,(04)23274275,(04)23288582,2025,5,29,19,51,臺中市,豐原區,0,1,0,5,1,6,30,3,1,1,4,4,6,6,4,4,10,5,5,1,13,2,9,1,1,C03,7,9,1,10,2,11,,7,7,1,12,4,120.731994,24.262998,2
11308,66000,387130000C,(04)23274275,(04)23288582,2025,5,29,19,52,臺中市,西區,0,1,0,5,1,6,50,18,24,1,4,4,3,5,1,1,10,5,5,2,18,2,9,5,4,C03,7,9,1,10,2,16,,84,84,1,12,4,120.655335,24.139915,2
11309,66000,387130000C,(04)23274275,(04)23288582,2025,5,29,19,52,臺中市,后里區,0,0,0,7,1,2,60,13,9,1,5,4,6,6,4,4,1,4,5,1,14,3,10,3,1,B12,7,3,5,8,2,13,,49,49,1,13,4,120.722395,24.309835,3
11310,66000,387130000C,(04)23274275,(04)23288582,2025,5,29,19,53,臺中市,中區,0,0,0,5,,,50,,,,,,,,,,,,,,13,,,,,B03,,,1,,2,,,59,59,1,12,4,120.681955,24.140651,3
11311,66000,387130000C,(04)23274275,(04)23288582,2025,5,29,19,57,臺中市,太平區,0,0,0,5,,,30,,,,,,,,,,,,,,17,,,,,B03,,,1,,2,,,50,50,1,12,4,120.719734,24.11872,3
11312,66000,387130000C,(04)23274275,(04)23288582,2025,5,29,20,4,臺中市,西屯區,0,0,0,5,,,30,,,,,,,,,,,,,,14,,,,,C03,,,1,,1,,,59,59,1,13,2,120.664488,24.173679,3
11313,66000,387130000C,(04)23274275,(04)23288582,2025,5,29,20,6,臺中市,西屯區,0,0,0,5,,,50,,,,,,,,,,,,,,12,,,,,B03,,,1,,1,,,8,8,1,12,4,120.645191,24.162759,3
11314,66000,387130000C,(04)23274275,(04)23288582,2025,5,29,20,9,臺中市,太平區,0,0,0,5,,,30,,,,,,,,,,,,,,14,,,,,B03,,,1,,2,,,49,49,1,6,4,120.721324,24.153133,3
11315,66000,387130000C,(04)23274275,(04)23288582,2025,5,29,20,10,臺中市,南屯區,0,0,0,7,,,40,,,,,,,,,,,,,,13,,,,,B03,,,1,,1,,,7,7,1,12,4,120.623033,24.140267,3
11316,66000,387130000C,(04)23274275,(04)23288582,2025,5,29,20,13,臺中市,潭子區,0,0,0,6,,,60,,,,,,,,,,,,,,,,,,,B03,,,1,,2,,,40,40,1,13,4,120.702315,24.191936,3
11317,66000,387130000C,(04)23274275,(04)23288582,2025,5,29,20,15,臺中市,北屯區,0,0,0,5,,,80,,,,,,,,,,,,,,13,,,,,B03,,,1,,1,,,7,7,1,6,4,120.720701,24.169378,3
11318,66000,387130000C,(04)23274275,(04)23288582,2025,5,29,20,15,臺中市,西屯區,0,1,0,5,1,6,50,4,1,1,4,4,6,6,1,1,10,5,5,2,13,3,10,3,1,B03,7,9,1,8,2,1,,7,7,1,12,4,120.633935,24.159498,2
11319,66000,387130000C,(04)23274275,(04)23288582,2025,5,29,20,15,臺中市,大里區,0,0,0,5,1,6,60,3,2,1,4,4,6,6,1,1,1,4,4,2,13,,,,,B03,,,1,,2,,,7,7,1,13,4,120.670444,24.10286,3
11320,66000,387130000C,(04)23274275,(04)23288582,2025,5,29,20,16,臺中市,北屯區,0,0,0,5,,,50,,,,,,,,,,,,,,13,,,,,B03,,,1,,1,,,84,84,1,12,4,120.708049,24.190799,3
11321,66000,387130000C,(04)23274275,(04)23288582,2025,5,29,20,19,臺中市,南區,0,0,0,5,,,50,,,,,,,,,,,,,,,,,,,B03,,,1,,2,,,49,49,1,12,4,120.653623,24.122874,3
11322,66000,387130000C,(04)23274275,(04)23288582,2025,5,29,20,21,臺中市,大里區,0,1,0,5,1,6,50,4,1,1,4,4,6,6,1,1,10,5,5,2,17,3,10,3,1,B03,7,6,1,8,2,16,,11,11,1,12,4,120.687721,24.099709,2
11323,66000,387130000C,(04)23274275,(04)23288582,2025,5,29,20,24,臺中市,北區,0,0,0,5,1,6,50,13,7,1,4,4,6,6,4,4,5,4,4,2,13,3,10,3,1,B03,7,9,5,8,2,1,,84,84,1,12,4,120.682413,24.165865,4
11324,66000,387130000C,(04)23274275,(04)23288582,2025,5,29,20,25,臺中市,北屯區,0,1,0,5,1,6,50,3,1,1,4,4,6,6,4,4,9,4,5,2,30,2,9,1,1,C03,7,9,1,10,2,12,,84,84,1,12,4,120.712364,24.172523,2
11325,66000,387130000C,(04)23274275,(04)23288582,2025,5,29,20,26,臺中市,新社區,0,0,0,5,,,50,,,,,,,,,,,,,,,,,,,B03,,,1,,1,,,84,84,1,12,4,120.803526,24.22828,3
11326,66000,387130000C,(04)23274275,(04)23288582,2025,5,29,20,30,臺中市,南屯區,0,0,0,5,,,50,,,,,,,,,,,,,,,,,,,B01,,,1,,1,,,35,35,1,13,4,120.623141,24.145201,3
11327,66000,387130000C,(04)23274275,(04)23288582,2025,5,29,20,31,臺中市,潭子區,0,0,0,5,,,0,,,,,,,,,,,,,,14,,,,,D03,,,6,,1,,,50,50,1,13,4,120.707678,24.210259,3
11328,66000,387130000C,(04)23274275,(04)23288582,2025,5,29,20,31,臺中市,北區,0,0,0,5,,,50,,,,,,,,,,,,,,17,,,,,B03,,,6,,10,,,4,4,2,13,4,120.687399,24.14904,3
11329,66000,387130000C,(04)23274275,(04)23288582,2025,5,29,20,33,臺中市,霧峰區,0,0,0,5,,,50,,,,,,,,,,,,,,,,,,,B03,,,1,,2,,,8,8,1,6,4,120.702412,24.079498,3
11330,66000,387130000C,(04)23274275,(04)23288582,2025,5,29,20,47,臺中市,南區,0,0,0,5,,,50,,,,,,,,,,,,,,13,,,,,B03,,,1,,1,,,84,84,1,13,4,120.670095,24.119043,3
11331,66000,387130000C,(04)23274275,(04)23288582,2025,5,29,20,48,臺中市,潭子區,0,1,0,6,1,6,50,4,1,1,4,4,6,6,1,1,10,5,5,2,17,3,10,4,1,F07,7,9,7,21,2,16,,68,68,1,12,4,120.710944,24.214001,2
11332,66000,387130000C,(04)23274275,(04)23288582,2025,5,29,20,48,臺中市,西屯區,0,0,0,5,,,40,,,,,,,,,,,,,,13,,,,,B03,,,1,,1,,,7,7,1,13,4,120.638878,24.18718,3
11333,66000,387130000C,(04)23274275,(04)23288582,2025,5,29,20,56,臺中市,北區,0,2,0,5,1,6,50,13,7,1,4,4,6,6,1,1,5,5,4,2,17,2,3,1,1,C03,7,11,1,10,2,12,,39,39,1,12,4,120.6743,24.169987,2
11334,66000,387130000C,(04)23274275,(04)23288582,2025,5,29,20,57,臺中市,神岡區,0,0,0,5,,,50,,,,,,,,,,,,,,13,,,,,B03,,,1,,1,,,56,56,1,12,4,120.683552,24.246496,3
11335,66000,387130000C,(04)23274275,(04)23288582,2025,5,29,20,58,臺中市,西區,0,1,0,5,1,6,50,4,1,1,4,4,6,6,1,1,10,5,5,2,17,2,9,2,1,C03,7,9,1,10,2,16,,84,84,1,13,4,120.65291,24.144994,2
11336,66000,387130000C,(04)23274275,(04)23288582,2025,5,29,20,59,臺中市,北區,0,0,0,7,,,50,,,,,,,,,,,,,,17,,,,,B03,,,1,,2,,,8,8,1,13,4,120.676598,24.158465,3
11337,66000,387130000C,(04)23274275,(04)23288582,2025,5,29,21,2,臺中市,西屯區,0,2,0,5,1,6,40,3,1,1,4,4,6,6,4,4,10,5,5,2,13,2,8,2,1,C03,7,9,1,10,2,11,,59,59,1,5,4,120.64702,24.170783,2
11338,66000,387130000C,(04)23274275,(04)23288582,2025,5,29,21,3,臺中市,北屯區,0,0,0,5,,,80,,,,,,,,,,,,,,,,,,,B03,,,1,,1,,,84,84,1,12,4,120.68847,24.201012,3
11339,66000,387130000C,(04)23274275,(04)23288582,2025,5,29,21,4,臺中市,東區,0,1,0,5,1,6,50,4,1,1,4,4,6,6,1,1,10,5,5,2,12,3,10,2,1,C03,7,6,1,10,2,14,,36,36,1,13,4,120.705368,24.137614,2
11340,66000,387130000C,(04)23274275,(04)23288582,2025,5,29,21,4,臺中市,南區,0,0,0,5,,,50,,,,,,,,,,,,,,,,,,,B03,,,1,,2,,,84,84,1,12,4,120.679539,24.133692,3
11341,66000,387130000C,(04)23274275,(04)23288582,2025,5,29,21,5,臺中市,南屯區,0,2,0,5,2,6,50,13,9,1,4,4,6,6,2,1,5,4,5,2,17,2,9,2,1,C03,7,9,1,10,2,14,,59,59,1,12,4,120.642634,24.146931,2
11342,66000,387130000C,(04)23274275,(04)23288582,2025,5,29,21,7,臺中市,南屯區,0,0,0,7,,,50,,,,,,,,,,,,,,17,,,,,B03,,,1,,2,,,8,8,1,6,4,120.622391,24.150066,3
11343,66000,387130000C,(04)23274275,(04)23288582,2025,5,29,21,9,臺中市,西屯區,0,1,0,5,1,6,50,13,7,1,4,4,6,6,4,4,9,4,4,2,12,3,10,5,4,B03,7,5,1,8,2,5,,47,47,1,13,4,120.621215,24.189663,2
11344,66000,387130000C,(04)23274275,(04)23288582,2025,5,29,21,11,臺中市,北區,0,0,0,5,1,6,50,13,9,1,4,4,,6,4,4,5,4,5,2,17,3,10,3,1,B03,7,5,1,8,2,5,,59,59,1,12,4,120.66645,24.154693,3
11345,66000,387130000C,(04)23274275,(04)23288582,2025,5,29,21,30,臺中市,南屯區,0,1,0,7,2,6,50,13,9,1,4,4,6,6,4,4,9,4,5,2,18,2,9,1,1,C03,7,9,1,10,2,14,,82,82,1,12,4,120.646445,24.151224,2
11346,66000,387130000C,(04)23274275,(04)23288582,2025,5,29,21,33,臺中市,大里區,0,1,0,5,1,6,50,13,9,1,4,4,6,6,4,4,9,4,5,1,30,2,9,2,1,C03,7,9,1,10,2,16,,84,84,1,12,4,120.678872,24.111804,2
11347,66000,387130000C,(04)23274275,(04)23288582,2025,5,29,21,37,臺中市,霧峰區,0,1,0,5,1,6,50,3,1,1,4,4,6,6,4,4,10,5,5,2,17,3,10,3,1,B03,7,6,1,8,2,8,,84,84,1,13,4,120.696982,24.065137,2
11348,66000,387130000C,(04)23274275,(04)23288582,2025,5,29,21,40,臺中市,北屯區,0,1,0,5,1,6,50,3,1,1,4,4,6,6,4,4,10,5,5,2,18,2,9,1,1,C03,7,9,1,10,2,14,,82,82,1,12,4,120.683467,24.181696,2
11349,66000,387130000C,(04)23274275,(04)23288582,2025,5,29,21,43,臺中市,南區,0,2,0,7,1,6,50,4,1,1,4,4,6,6,1,1,10,5,5,2,13,2,9,2,1,C03,7,9,1,10,2,11,,84,84,1,12,4,120.676056,24.132547,2
11350,66000,387130000C,(04)23274275,(04)23288582,2025,5,29,21,44,臺中市,北區,0,0,0,5,,,30,,,,,,,,,,,,,,17,,,,,B03,,,6,,9,,,85,85,1,13,4,120.680995,24.166677,4
11351,66000,387130000C,(04)23274275,(04)23288582,2025,5,29,21,47,臺中市,太平區,0,0,0,5,,,50,,,,,,,,,,,,,,17,,,,,B11,,,1,,2,,,78,78,1,6,4,120.733711,24.143262,3
11352,66000,387130000C,(04)23274275,(04)23288582,2025,5,29,21,49,臺中市,太平區,0,1,0,5,3,6,30,13,9,1,4,4,6,6,4,4,10,5,5,2,27,2,9,2,1,C03,7,9,1,10,2,11,,84,84,1,12,4,120.727122,24.131513,2
11353,66000,387130000C,(04)23274275,(04)23288582,2025,5,29,21,50,臺中市,西屯區,0,0,0,5,,,0,,,,,,,,,,,,,,17,,,,,C03,,,1,,1,,,28,28,1,13,4,120.638474,24.168953,3
11354,66000,387130000C,(04)23274275,(04)23288582,2025,5,29,21,55,臺中市,太平區,0,1,0,5,1,6,30,3,2,1,4,4,6,6,4,4,10,5,5,2,17,2,7,3,1,B03,7,5,1,8,2,6,,84,84,1,6,4,120.735101,24.145322,2
11355,66000,387130000C,(04)23274275,(04)23288582,2025,5,29,21,56,臺中市,太平區,0,0,0,5,,,50,,,,,,,,,,,,,,17,,,,,B03,,,1,,9,,,49,49,1,12,4,120.716788,24.151082,3
11356,66000,387130000C,(04)23274275,(04)23288582,2025,5,29,22,3,臺中市,東區,0,1,0,5,1,6,50,3,1,1,4,4,6,6,4,4,4,4,5,2,17,3,10,3,1,B03,7,11,1,8,2,6,,45,45,1,13,4,120.707272,24.132201,2
11357,66000,387130000C,(04)23274275,(04)23288582,2025,5,29,22,10,臺中市,潭子區,0,1,0,6,1,6,30,4,1,1,5,4,6,6,3,1,10,5,5,2,16,3,10,3,1,B03,7,6,1,8,2,8,,24,24,1,12,4,120.688513,24.22537,2
11358,66000,387130000C,(04)23274275,(04)23288582,2025,5,29,22,13,臺中市,沙鹿區,0,1,0,6,1,6,50,4,1,1,4,4,6,6,4,4,10,5,5,2,16,3,10,3,1,B03,7,6,1,8,2,1,,14,14,1,12,4,120.554725,24.226162,2
11359,66000,387130000C,(04)23274275,(04)23288582,2025,5,29,22,21,臺中市,霧峰區,0,0,0,7,,,30,,,,,,,,,,,,,,,,,,,B03,,,1,,2,,,49,49,1,5,4,120.715971,24.073481,3
11360,66000,387130000C,(04)23274275,(04)23288582,2025,5,29,22,23,臺中市,西屯區,0,1,0,5,1,6,50,3,1,1,4,4,6,6,4,4,1,4,5,2,12,3,10,5,4,B03,7,5,1,8,2,6,,47,47,1,13,4,120.635193,24.172264,2
11361,66000,387130000C,(04)23274275,(04)23288582,2025,5,29,22,24,臺中市,大里區,0,1,0,6,1,6,40,3,2,1,4,4,6,6,4,4,5,5,4,2,18,2,9,1,1,C03,7,9,1,10,2,14,,84,84,1,13,4,120.68421,24.106159,2
11362,66000,387130000C,(04)23274275,(04)23288582,2025,5,29,22,32,臺中市,西屯區,0,1,0,5,1,6,50,4,1,1,4,4,6,6,4,4,5,5,5,2,15,2,9,5,4,C03,7,9,1,10,2,11,12,15,15,1,12,4,120.646236,24.184424,2
11363,66000,387130000C,(04)23274275,(04)23288582,2025,5,29,22,37,臺中市,南區,0,1,0,5,1,6,50,4,1,1,4,4,6,6,1,1,10,5,5,2,3,3,10,3,1,B03,7,6,1,8,2,8,,20,20,1,13,4,120.672025,24.126493,2
11364,66000,387130000C,(04)23274275,(04)23288582,2025,5,29,22,50,臺中市,龍井區,0,1,0,5,1,6,50,3,1,1,4,4,6,6,4,4,5,2,5,1,13,3,10,2,1,C03,7,9,1,10,2,11,,7,7,1,6,4,120.59168,24.18127,2
11365,66000,387130000C,(04)23274275,(04)23288582,2025,5,29,22,55,臺中市,西屯區,0,1,0,6,2,6,30,13,9,1,4,4,6,6,4,4,10,5,5,2,17,3,10,3,1,B02,7,14,1,8,2,16,,76,76,1,12,4,120.65426,24.164035,2
11366,66000,387130000C,(04)23274275,(04)23288582,2025,5,29,23,0,臺中市,南區,0,1,0,6,1,6,50,4,1,1,5,4,6,6,4,4,10,5,5,2,15,3,10,3,1,B03,7,9,1,8,2,5,,15,15,1,6,4,120.676388,24.124937,2
11367,66000,387130000C,(04)23274275,(04)23288582,2025,5,29,23,32,臺中市,烏日區,0,3,0,5,1,6,70,13,8,1,4,4,6,6,4,4,1,4,4,1,13,2,9,1,1,C03,7,9,1,10,2,11,12,7,7,1,5,4,120.609528,24.108094,2
11368,66000,387130000C,(04)23274275,(04)23288582,2025,5,29,23,35,臺中市,龍井區,0,0,0,7,,,90,,,,,,,,,,,,,,,,,,,A41,,,1,,2,,,6,6,1,12,4,120.518333,24.208572,3
11369,66000,387130000C,(04)23274275,(04)23288582,2025,5,29,23,42,臺中市,烏日區,0,0,0,7,,,50,,,,,,,,,,,,,,15,,,,,B03,,,1,,1,,,84,84,1,6,4,120.616655,24.113803,3
11370,66000,387130000C,(04)23274275,(04)23288582,2025,5,29,23,45,臺中市,豐原區,0,1,0,6,1,6,0,13,9,1,5,4,6,6,4,4,5,5,5,2,3,2,9,6,5,H01,8,16,7,21,10,17,,95,95,1,12,5,120.72051,24.249633,2
11371,66000,387130000C,(04)23274275,(04)23288582,2025,5,30,0,0,臺中市,中區,0,0,0,7,,,50,,,,,,,,,,,,,,9,,,,,B03,,,1,,2,,,7,7,1,12,4,120.678443,24.146151,3
11372,66000,387130000C,(04)23274275,(04)23288582,2025,5,30,0,24,臺中市,北屯區,0,0,0,7,,,50,,,,,,,,,,,,,,12,,,,,B03,,,1,,2,,,43,43,1,6,4,120.667774,24.174062,3
11373,66000,387130000C,(04)23274275,(04)23288582,2025,5,30,0,31,臺中市,神岡區,0,1,0,7,2,6,50,5,1,1,5,4,6,6,3,1,10,5,5,1,18,2,9,5,4,C03,7,9,1,10,8,14,,59,59,1,13,4,120.689322,24.257744,2
11374,66000,387130000C,(04)23274275,(04)23288582,2025,5,30,0,49,臺中市,太平區,0,0,0,5,,,80,,,,,,,,,,,,,,,,,,,B03,,,1,,2,,,7,7,1,12,4,120.715613,24.152299,3
11375,66000,387130000C,(04)23274275,(04)23288582,2025,5,30,1,8,臺中市,西屯區,0,0,0,6,,,50,,,,,,,,,,,,,,16,,,,,B03,,,1,,2,,,39,39,1,12,4,120.644715,24.169263,3
11376,66000,387130000C,(04)23274275,(04)23288582,2025,5,30,1,47,臺中市,西區,0,0,0,7,,,50,,,,,,,,,,,,,,17,,,,,C03,,,1,,9,,,50,50,1,12,4,120.673108,24.148393,3
11377,66000,387130000C,(04)23274275,(04)23288582,2025,5,30,2,29,臺中市,東區,0,0,0,7,,,50,,,,,,,,,,,,,,,,,,,B03,,,1,,2,,,8,8,1,6,5,120.690437,24.133072,3
11378,66000,387130000C,(04)23274275,(04)23288582,2025,5,30,2,43,臺中市,霧峰區,0,0,0,7,,,50,,,,,,,,,,,,,,17,,,,,B03,,,1,,2,,,8,8,1,12,4,120.666465,24.060412,3
11379,66000,387130000C,(04)23274275,(04)23288582,2025,5,30,3,4,臺中市,沙鹿區,0,0,0,7,,,50,,,,,,,,,,,,,,,,,,,B03,,,1,,2,,,59,59,1,12,4,120.571295,24.242506,3
11380,66000,387130000C,(04)23274275,(04)23288582,2025,5,30,4,12,臺中市,北屯區,0,1,0,7,1,6,50,4,2,1,5,4,6,6,4,4,5,4,5,2,16,3,10,3,1,B03,7,9,1,8,2,1,,12,12,1,13,4,120.717407,24.172775,2
11381,66000,387130000C,(04)23274275,(04)23288582,2025,5,30,4,16,臺中市,北區,0,2,0,7,1,6,50,18,24,1,5,4,6,6,4,4,10,5,5,2,17,2,9,5,4,C03,7,9,2,19,2,11,,59,59,1,13,4,120.663698,24.162147,2
11382,66000,387130000C,(04)23274275,(04)23288582,2025,5,30,4,24,臺中市,東區,0,0,0,7,,,50,,,,,,,,,,,,,,,,,,,A11,,,1,,2,,,51,51,1,12,4,120.686868,24.135936,3
11383,66000,387130000C,(04)23274275,(04)23288582,2025,5,30,6,15,臺中市,太平區,0,2,0,6,3,6,50,4,1,1,5,4,6,6,4,4,10,5,5,2,15,2,9,2,1,C03,7,9,1,10,2,11,,15,15,1,6,4,120.716615,24.137148,2
11384,66000,387130000C,(04)23274275,(04)23288582,2025,5,30,6,15,臺中市,石岡區,0,1,0,7,3,6,70,5,1,1,5,4,6,6,1,1,3,4,3,1,30,2,9,5,4,B03,7,9,1,8,2,5,,55,55,1,12,4,120.789277,24.273664,2
11385,66000,387130000C,(04)23274275,(04)23288582,2025,5,30,6,22,臺中市,大甲區,0,4,0,7,3,6,50,11,9,1,5,4,6,6,4,4,9,5,4,2,17,2,9,3,1,B03,7,9,1,8,2,1,,4,4,1,6,4,120.613542,24.350186,2
11386,66000,387130000C,(04)23274275,(04)23288582,2025,5,30,6,42,臺中市,潭子區,0,1,0,6,2,6,40,11,9,1,4,4,6,6,4,4,10,5,5,1,19,2,9,2,1,C03,7,9,1,10,2,14,,58,58,1,12,4,120.712261,24.191225,2