序號,縣市別代碼,機關代碼,市話,傳真,年,月,日,時,分,縣市,區,死亡數量,受傷數量,2-30,天候,道路照明設備,道路類別,道路速限,道路型態,事故位置,路面鋪裝,路面狀態,路面缺陷,障礙物,視距,號誌種類,號誌動作,分向設施,快車道或一般車道間,快慢車道間,路面邊線,事故類型及型態,受傷程度,主要傷處,保護裝備,行動電話或功能裝置,當事者區分(類別),車輛用途,當事者行動狀態,駕照狀態,駕照種類,飲酒情形,車輛撞擊部位最初,車輛撞擊部位其他,肇事因素個別,肇事因素主要,肇事逃逸,職業,共享經濟或外送平台,GPS座標X,GPS座標Y,事故類別
11609,66000,387130000C,(04)23274275,(04)23288582,2025,5,30,17,10,臺中市,東區,0,1,0,7,2,6,50,13,9,1,5,4,6,6,4,4,5,2,5,2,17,2,7,2,1,C03,7,9,1,10,2,12,,39,39,1,13,4,120.705773,24.134413,2
11610,66000,387130000C,(04)23274275,(04)23288582,2025,5,30,17,10,臺中市,北屯區,0,1,0,7,3,6,50,3,1,1,5,4,6,6,4,4,10,5,5,2,16,3,10,3,1,B03,7,5,1,8,2,8,,14,14,1,13,4,120.695482,24.165253,2
11611,66000,387130000C,(04)23274275,(04)23288582,2025,5,30,17,13,臺中市,潭子區,0,3,0,7,2,6,30,13,9,1,5,4,6,6,4,4,10,5,5,2,17,2,9,1,1,C03,7,1,3,19,2,11,,51,51,1,12,4,120.71251,24.217281,2
11612,66000,387130000C,(04)23274275,(04)23288582,2025,5,30,17,15,臺中市,北屯區,0,0,0,7,,,50,,,,,,,,,,,,,,17,,,,,,,,,,,,,85,85,1,,,120.673157,24.177726,3
11613,66000,387130000C,(04)23274275,(04)23288582,2025,5,30,17,17,臺中市,南屯區,0,0,0,7,,,50,,,,,,,,,,,,,,,,,,,B13,,,1,,2,,,49,49,1,12,4,120.647987,24.142477,3
11614,66000,387130000C,(04)23274275,(04)23288582,2025,5,30,17,17,臺中市,沙鹿區,0,1,0,7,1,6,50,3,1,1,5,4,6,6,1,1,10,5,5,2,13,2,7,1,1,C03,7,9,1,10,2,11,,59,59,1,12,4,120.573306,24.22617,2
11615,66000,387130000C,(04)23274275,(04)23288582,2025,5,30,17,17,臺中市,大甲區,0,1,0,7,2,6,50,4,1,1,5,4,6,6,4,4,10,5,5,2,15,2,9,1,1,F03,7,9,7,21,2,14,,13,13,1,6,4,120.619952,24.353009,2
11616,66000,387130000C,(04)23274275,(04)23288582,2025,5,30,17,18,臺中市,西屯區,0,1,0,7,1,6,50,4,1,1,5,4,6,6,1,1,1,4,4,1,17,2,9,5,4,B03,7,6,1,8,2,2,,11,11,1,13,4,120.639046,24.165026,2
11617,66000,387130000C,(04)23274275,(04)23288582,2025,5,30,17,22,臺中市,北屯區,0,0,0,7,,,0,,,,,,,,,,,,,,17,,,,,B03,,,1,8,2,,,51,51,1,6,4,120.726685,24.177413,3
11618,66000,387130000C,(04)23274275,(04)23288582,2025,5,30,17,22,臺中市,西屯區,0,1,0,7,2,6,30,3,9,1,5,4,6,6,4,4,5,5,5,2,16,2,9,5,4,C03,7,5,1,10,2,14,,14,14,1,12,4,120.649182,24.168332,2
11619,66000,387130000C,(04)23274275,(04)23288582,2025,5,30,17,22,臺中市,清水區,0,0,0,7,,,50,,,,,,,,,,,,,,,,,,,B03,,,1,,1,,,49,49,1,12,4,120.541283,24.265672,3
11620,66000,387130000C,(04)23274275,(04)23288582,2025,5,30,17,27,臺中市,西區,0,1,0,7,3,6,40,3,2,1,5,4,6,6,1,1,1,4,1,2,17,2,9,1,1,C03,7,9,5,19,2,11,,7,7,1,12,4,120.671601,24.148886,2
11621,66000,387130000C,(04)23274275,(04)23288582,2025,5,30,17,28,臺中市,大里區,0,2,0,7,2,6,50,3,2,1,5,4,6,6,4,4,5,5,5,1,17,2,9,1,1,F03,7,9,7,21,2,11,,7,7,1,6,4,120.7078,24.091264,2
11622,66000,387130000C,(04)23274275,(04)23288582,2025,5,30,17,28,臺中市,后里區,0,1,0,7,2,6,50,4,9,1,5,4,6,6,1,1,5,4,5,1,16,3,10,3,1,B03,7,6,1,8,2,6,,11,11,1,12,4,120.717595,24.302621,2
11623,66000,387130000C,(04)23274275,(04)23288582,2025,5,30,17,30,臺中市,南屯區,0,1,0,7,2,6,40,4,1,1,5,4,6,6,1,1,9,4,4,2,18,2,9,1,1,C03,7,9,1,10,2,12,,59,59,1,12,4,120.633248,24.124221,2
11624,66000,387130000C,(04)23274275,(04)23288582,2025,5,30,17,30,臺中市,北屯區,0,1,0,7,3,6,50,4,1,1,5,4,6,6,1,1,10,5,5,2,12,3,10,2,1,C03,7,15,1,10,2,13,,84,84,1,5,4,120.704783,24.16949,2
11625,66000,387130000C,(04)23274275,(04)23288582,2025,5,30,17,30,臺中市,龍井區,0,1,0,7,3,6,70,4,1,1,5,4,6,6,1,1,10,5,5,2,16,3,10,3,1,B03,7,5,1,8,2,6,,11,11,1,6,4,120.541621,24.216182,2
11626,66000,387130000C,(04)23274275,(04)23288582,2025,5,30,17,41,臺中市,北屯區,0,1,0,7,2,6,50,13,9,1,5,4,6,6,4,4,9,4,5,2,17,3,10,3,1,B03,7,9,1,8,2,5,,84,84,1,12,4,120.73498,24.177173,2
11627,66000,387130000C,(04)23274275,(04)23288582,2025,5,30,17,42,臺中市,南區,0,0,0,7,,,50,,,,,,,,,,,,,,17,,,,,B03,,,1,,1,,,40,40,1,12,4,120.660395,24.123758,3
11628,66000,387130000C,(04)23274275,(04)23288582,2025,5,30,17,44,臺中市,北區,0,0,0,7,2,6,30,13,9,1,5,4,6,6,4,4,10,5,5,2,17,,,,,B03,,,1,,1,,,43,43,1,12,4,120.667888,24.172122,3
11629,66000,387130000C,(04)23274275,(04)23288582,2025,5,30,17,45,臺中市,梧棲區,0,0,0,7,,,60,,,,,,,,,,,,,,13,,,,,B12,,,1,,2,,,7,7,1,12,4,120.527847,24.229641,3
11630,66000,387130000C,(04)23274275,(04)23288582,2025,5,30,17,46,臺中市,西屯區,0,2,0,7,2,6,50,13,8,1,5,4,6,6,4,4,1,5,1,2,13,2,9,5,4,C03,7,9,1,10,2,11,,85,85,1,13,4,120.63391,24.160977,2
11631,66000,387130000C,(04)23274275,(04)23288582,2025,5,30,17,48,臺中市,大雅區,0,0,0,7,,,60,,,,,,,,,,,,,,,,,,,B03,,,1,,2,,,7,7,1,13,4,120.647529,24.220992,3
11632,66000,387130000C,(04)23274275,(04)23288582,2025,5,30,17,50,臺中市,沙鹿區,0,0,0,7,2,6,50,4,9,1,5,4,6,6,1,1,4,3,4,2,13,,,,,B03,,,1,,2,,,23,23,1,12,4,120.56193,24.23765,3
11633,66000,387130000C,(04)23274275,(04)23288582,2025,5,30,17,51,臺中市,大里區,0,0,0,7,,,50,,,,,,,,,,,,,,,,,,,B03,,,1,,2,,,59,59,1,12,4,120.681563,24.106015,3
11634,66000,387130000C,(04)23274275,(04)23288582,2025,5,30,17,56,臺中市,北屯區,0,0,0,7,,,50,,,,,,,,,,,,,,,,,,,C03,,,1,,1,,,84,84,1,12,4,120.691649,24.16988,3
11635,66000,387130000C,(04)23274275,(04)23288582,2025,5,30,18,5,臺中市,南屯區,0,0,0,7,,,50,,,,,,,,,,,,,,13,,,,,C03,,,1,,2,,,7,7,1,12,4,120.640325,24.146918,3
11636,66000,387130000C,(04)23274275,(04)23288582,2025,5,30,18,10,臺中市,北區,0,2,0,7,2,6,50,4,1,1,5,4,6,6,1,1,5,4,5,2,17,2,9,5,1,C03,7,9,1,9,2,11,,7,7,1,13,4,120.682335,24.153988,2
11637,66000,387130000C,(04)23274275,(04)23288582,2025,5,30,18,12,臺中市,北屯區,0,0,0,7,,,50,,,,,,,,,,,,,,17,,,,,B03,,,1,,1,,,51,51,1,12,4,120.740394,24.178798,3
11638,66000,387130000C,(04)23274275,(04)23288582,2025,5,30,18,21,臺中市,大里區,0,0,0,7,,,50,,,,,,,,,,,,,,13,,,,,C03,,,1,,2,,,7,7,1,6,4,120.686527,24.095206,3
11639,66000,387130000C,(04)23274275,(04)23288582,2025,5,30,18,28,臺中市,南區,0,2,0,7,2,6,30,4,2,1,5,4,6,6,4,4,10,5,5,2,17,2,9,2,1,C03,7,1,1,10,2,11,,51,51,1,13,4,120.672019,24.125668,2
11640,66000,387130000C,(04)23274275,(04)23288582,2025,5,30,18,34,臺中市,北屯區,0,1,0,7,3,6,50,13,9,1,5,4,6,6,1,1,1,4,5,2,13,3,10,3,1,B03,7,9,1,8,2,5,,59,59,1,13,4,120.694508,24.185455,2
11641,66000,387130000C,(04)23274275,(04)23288582,2025,5,30,18,35,臺中市,中區,0,0,0,7,,,,,,,,,,,,,,,,,12,,,,,,,,,,,,,86,86,1,,,120.682853,24.142207,3
11642,66000,387130000C,(04)23274275,(04)23288582,2025,5,30,18,36,臺中市,沙鹿區,0,1,0,7,1,6,50,4,1,1,5,4,6,6,4,4,10,5,5,2,16,3,10,3,1,B03,7,5,1,4,2,2,,47,47,1,12,4,120.57993,24.214487,2
11643,66000,387130000C,(04)23274275,(04)23288582,2025,5,30,18,39,臺中市,豐原區,0,1,0,7,1,6,50,4,1,1,5,4,6,6,4,4,5,4,4,1,15,3,10,3,1,B03,7,9,1,8,2,8,,12,12,1,12,4,120.715821,24.249404,2
11644,66000,387130000C,(04)23274275,(04)23288582,2025,5,30,18,40,臺中市,北區,0,0,0,7,,,50,,,,,,,,,,,,,,13,,,,,C03,,,1,,1,,,59,59,1,13,4,120.66629,24.155848,3
11645,66000,387130000C,(04)23274275,(04)23288582,2025,5,30,18,41,臺中市,南屯區,0,0,0,7,,,50,,,,,,,,,,,,,,14,,,,,B03,,,1,,2,,,49,49,1,13,4,120.64633,24.122019,3
11646,66000,387130000C,(04)23274275,(04)23288582,2025,5,30,18,41,臺中市,豐原區,0,2,0,7,1,6,50,5,1,1,5,4,6,6,1,1,1,4,4,2,17,3,10,3,1,B03,7,5,1,8,2,2,,47,47,1,12,4,120.724606,24.254609,2
11647,66000,387130000C,(04)23274275,(04)23288582,2025,5,30,18,42,臺中市,北屯區,0,0,0,7,,,50,,,,,,,,,,,,,,13,,,,,B12,,,1,,1,,,59,59,1,12,4,120.728941,24.161123,3
11648,66000,387130000C,(04)23274275,(04)23288582,2025,5,30,18,51,臺中市,大雅區,0,2,0,7,1,6,40,13,8,1,5,4,6,6,4,4,1,4,4,1,17,2,9,1,1,C03,7,9,1,10,2,11,,84,84,1,13,4,120.634889,24.23626,2
11649,66000,387130000C,(04)23274275,(04)23288582,2025,5,30,18,55,臺中市,西屯區,0,1,0,7,1,6,50,5,1,1,5,4,6,6,2,1,2,2,4,2,16,3,10,5,4,B03,7,6,1,8,2,1,,11,11,1,12,4,120.616364,24.190958,2
11650,66000,387130000C,(04)23274275,(04)23288582,2025,5,30,19,3,臺中市,西屯區,0,1,0,7,1,6,50,3,1,1,5,4,6,6,4,4,10,5,5,2,13,2,9,2,1,C03,7,9,1,10,2,11,,59,59,1,12,4,120.648454,24.173663,2
11651,66000,387130000C,(04)23274275,(04)23288582,2025,5,30,19,8,臺中市,太平區,0,1,0,7,1,6,40,13,9,1,5,4,6,6,4,4,5,5,5,1,16,3,10,3,1,B03,7,6,1,8,2,5,,39,39,1,12,4,120.71989,24.148649,2
11652,66000,387130000C,(04)23274275,(04)23288582,2025,5,30,19,9,臺中市,南屯區,0,0,0,7,,,50,,,,,,,,,,,,,,16,,,,,B03,,,1,,1,,,85,85,1,13,4,120.649919,24.14176,3
11653,66000,387130000C,(04)23274275,(04)23288582,2025,5,30,19,9,臺中市,梧棲區,0,1,0,7,1,6,50,4,1,1,5,4,6,6,1,1,10,5,5,2,16,3,10,6,1,F01,7,6,7,21,2,11,,11,11,1,12,4,120.532207,24.258662,2
11654,66000,387130000C,(04)23274275,(04)23288582,2025,5,30,19,13,臺中市,南屯區,0,5,0,7,2,6,50,4,1,1,5,4,6,6,1,1,9,4,4,2,15,3,10,3,1,B03,7,9,1,8,2,2,,21,21,1,12,4,120.637744,24.132241,2
11655,66000,387130000C,(04)23274275,(04)23288582,2025,5,30,19,18,臺中市,西屯區,0,0,0,7,,,50,,,,,,,,,,,,,,16,,,,,B03,,,1,,2,,,51,51,1,12,4,120.6171,24.188669,3
11656,66000,387130000C,(04)23274275,(04)23288582,2025,5,30,19,24,臺中市,龍井區,0,0,0,6,,,60,,,,,,,,,,,,,,13,,,,,B03,,,1,,1,,,7,7,1,6,4,120.581143,24.176078,3
11657,66000,387130000C,(04)23274275,(04)23288582,2025,5,30,19,25,臺中市,北屯區,0,0,0,7,,,50,,,,,,,,,,,,,,14,,,,,B03,,,1,8,1,,,49,49,1,6,4,120.696723,24.185976,4
11658,66000,387130000C,(04)23274275,(04)23288582,2025,5,30,19,29,臺中市,大甲區,0,0,0,7,,,50,,,,,,,,,,,,,,,,,,,B03,,,1,,9,,,8,8,1,12,4,120.622283,24.344314,3
11659,66000,387130000C,(04)23274275,(04)23288582,2025,5,30,19,31,臺中市,梧棲區,0,1,0,7,1,6,50,4,1,1,5,4,6,6,1,1,10,5,5,2,13,3,10,1,1,C03,7,9,1,10,2,11,,7,7,1,12,2,120.532202,24.258626,2
11660,66000,387130000C,(04)23274275,(04)23288582,2025,5,30,19,35,臺中市,西屯區,0,1,0,7,1,6,40,4,8,1,5,4,6,6,2,1,3,4,4,2,17,2,1,5,4,C03,7,9,1,10,2,11,,59,59,1,12,4,120.625268,24.181783,2
11661,66000,387130000C,(04)23274275,(04)23288582,2025,5,30,19,41,臺中市,西區,0,0,0,7,,,50,,,,,,,,,,,,,,,,,,,B03,,,1,,1,,,85,85,1,6,4,120.660177,24.153731,3
11662,66000,387130000C,(04)23274275,(04)23288582,2025,5,30,19,42,臺中市,西屯區,0,0,0,7,1,6,50,4,2,1,5,4,6,6,2,1,9,4,5,2,12,,,,,B03,,,1,,1,,,40,40,1,13,4,120.645545,24.172416,3
11663,66000,387130000C,(04)23274275,(04)23288582,2025,5,30,19,53,臺中市,大雅區,0,0,0,7,1,6,30,13,9,1,5,4,6,6,4,4,10,5,5,1,17,,,,,B03,,,1,,1,,,8,8,1,13,4,120.65541,24.248699,3
11664,66000,387130000C,(04)23274275,(04)23288582,2025,5,30,19,54,臺中市,大里區,0,1,0,7,1,6,50,5,2,1,5,4,6,6,3,1,4,2,5,1,17,2,9,1,1,C03,7,6,1,10,2,16,,20,20,1,13,4,120.680083,24.115057,2
11665,66000,387130000C,(04)23274275,(04)23288582,2025,5,30,19,57,臺中市,清水區,0,0,0,7,,,40,,,,,,,,,,,,,,,,,,,B03,,,1,,1,,,49,49,1,12,4,120.56916,24.272669,3
11666,66000,387130000C,(04)23274275,(04)23288582,2025,5,30,20,0,臺中市,北屯區,0,1,0,7,3,6,50,4,2,1,5,4,6,6,1,1,3,4,5,2,13,3,10,3,1,B03,7,9,1,8,2,5,,7,7,1,6,4,120.686102,24.180218,2
11667,66000,387130000C,(04)23274275,(04)23288582,2025,5,30,20,8,臺中市,西屯區,0,1,0,7,1,6,50,4,1,1,5,4,6,6,2,1,5,4,4,2,2,3,10,5,4,B03,7,6,1,1,2,8,,10,10,1,12,4,120.665021,24.169883,2
11668,66000,387130000C,(04)23274275,(04)23288582,2025,5,30,20,10,臺中市,西屯區,0,2,0,7,1,6,50,4,1,1,5,4,6,6,2,1,10,5,5,2,13,2,9,2,1,C03,7,9,1,10,2,11,,59,59,1,12,4,120.639143,24.164879,2
11669,66000,387130000C,(04)23274275,(04)23288582,2025,5,30,20,23,臺中市,西屯區,0,0,0,7,,,,,,,,,,,,,,,,,17,,,,,,,,,,,,,109,109,1,,,120.642067,24.169331,3
11670,66000,387130000C,(04)23274275,(04)23288582,2025,5,30,20,23,臺中市,大里區,0,1,0,7,1,6,50,5,1,1,5,4,6,6,1,1,10,5,5,2,17,2,9,5,4,F01,7,9,7,21,1,16,,84,84,1,12,4,120.699421,24.085367,2
11671,66000,387130000C,(04)23274275,(04)23288582,2025,5,30,20,25,臺中市,大肚區,0,0,0,7,,,30,,,,,,,,,,,,,,15,,,,,F03,,,7,,2,,,24,24,1,6,4,120.545189,24.14895,3
11672,66000,387130000C,(04)23274275,(04)23288582,2025,5,30,20,30,臺中市,南區,0,2,0,7,1,6,50,13,9,1,5,4,6,6,4,4,1,4,5,2,17,3,10,3,1,B01,7,1,1,4,2,8,,51,51,1,12,4,120.6549,24.115786,2
11673,66000,387130000C,(04)23274275,(04)23288582,2025,5,30,20,30,臺中市,南屯區,0,2,0,7,1,6,50,4,1,1,5,4,6,6,1,1,10,5,5,2,17,3,10,3,1,B03,7,6,1,8,2,5,,11,11,1,12,4,120.620854,24.13999,2
11674,66000,387130000C,(04)23274275,(04)23288582,2025,5,30,20,31,臺中市,清水區,0,0,0,7,,,70,,,,,,,,,,,,,,,,,,,B03,,,1,,2,,,59,59,1,12,4,120.559124,24.258244,3
11675,66000,387130000C,(04)23274275,(04)23288582,2025,5,30,20,33,臺中市,烏日區,0,0,0,7,1,6,30,13,7,1,5,4,6,6,1,1,1,4,5,2,12,3,10,3,1,B02,7,7,1,8,2,5,,40,40,1,6,4,120.618921,24.110695,3
11676,66000,387130000C,(04)23274275,(04)23288582,2025,5,30,20,48,臺中市,北區,0,0,0,7,,,50,,,,,,,,,,,,,,17,,,,,C03,,,1,,9,,,42,42,1,13,4,120.671432,24.17261,3
11677,66000,387130000C,(04)23274275,(04)23288582,2025,5,30,20,48,臺中市,大甲區,0,0,0,7,,,50,,,,,,,,,,,,,,,,,,,B03,,,1,,1,,,7,7,1,12,4,120.647357,24.383769,3
11678,66000,387130000C,(04)23274275,(04)23288582,2025,5,30,20,51,臺中市,南區,0,0,0,7,,,50,,,,,,,,,,,,,,,,,,,B03,,,1,,1,,,84,84,1,12,4,120.659707,24.123979,3
11679,66000,387130000C,(04)23274275,(04)23288582,2025,5,30,20,53,臺中市,北區,0,0,0,7,,,50,,,,,,,,,,,,,,17,,,,,B03,,,6,,1,,,85,85,1,13,4,120.684897,24.161631,4
11680,66000,387130000C,(04)23274275,(04)23288582,2025,5,30,20,58,臺中市,北屯區,0,1,0,7,2,6,50,3,1,1,5,4,6,6,4,4,10,5,5,2,13,3,10,3,1,B03,7,9,1,10,2,1,,84,84,1,6,4,120.683013,24.196825,2
11681,66000,387130000C,(04)23274275,(04)23288582,2025,5,30,20,59,臺中市,西屯區,0,0,0,7,,,60,,,,,,,,,,,,,,13,,,,,B03,,,1,,1,,,7,7,1,12,4,120.642535,24.166666,3
11682,66000,387130000C,(04)23274275,(04)23288582,2025,5,30,21,12,臺中市,北區,0,1,0,7,1,6,50,13,9,1,5,4,6,6,4,4,5,4,5,2,17,2,9,5,1,C03,7,9,1,10,2,11,,7,7,1,13,4,120.685401,24.162857,2
11683,66000,387130000C,(04)23274275,(04)23288582,2025,5,30,21,13,臺中市,北屯區,0,0,0,7,,,80,,,,,,,,,,,,,,,,,,,B03,,,1,,1,,,7,7,1,12,4,120.675626,24.201085,3
11684,66000,387130000C,(04)23274275,(04)23288582,2025,5,30,21,22,臺中市,清水區,0,2,0,7,1,6,50,4,2,1,5,4,6,6,1,1,8,3,4,1,27,2,9,3,1,B03,7,9,1,8,7,8,,58,58,1,12,4,120.577798,24.300576,2
11685,66000,387130000C,(04)23274275,(04)23288582,2025,5,30,21,23,臺中市,大雅區,0,0,0,7,1,6,30,13,9,1,5,4,6,6,4,4,10,5,5,2,17,,,,,B03,,,1,,2,,,84,84,1,13,4,120.652948,24.223673,3
11686,66000,387130000C,(04)23274275,(04)23288582,2025,5,30,21,26,臺中市,豐原區,0,1,0,7,1,6,50,3,2,1,5,4,6,6,3,1,5,4,4,2,3,3,10,3,1,B03,7,5,1,8,2,1,,84,84,1,12,4,120.719497,24.260101,2
11687,66000,387130000C,(04)23274275,(04)23288582,2025,5,30,21,31,臺中市,北屯區,0,0,0,7,,,50,,,,,,,,,,,,,,13,,,,,C03,,,1,,2,,,59,59,1,12,4,120.686615,24.173232,3
11688,66000,387130000C,(04)23274275,(04)23288582,2025,5,30,21,36,臺中市,北屯區,0,0,0,7,,,50,,,,,,,,,,,,,,12,,,,,B03,,,1,8,1,,,51,51,1,6,4,120.729614,24.171167,3
11689,66000,387130000C,(04)23274275,(04)23288582,2025,5,30,21,46,臺中市,大里區,0,0,0,7,,,50,,,,,,,,,,,,,,17,,,,,B03,,,1,,2,,,8,8,1,6,4,120.705042,24.100225,3
11690,66000,387130000C,(04)23274275,(04)23288582,2025,5,30,22,0,臺中市,北屯區,0,0,0,7,,,50,,,,,,,,,,,,,,13,,,,,C03,,,1,,1,,,7,7,1,6,4,120.721796,24.181808,4
11691,66000,387130000C,(04)23274275,(04)23288582,2025,5,30,22,0,臺中市,霧峰區,0,1,0,7,1,6,50,13,7,1,5,4,6,6,4,4,5,5,4,1,16,3,10,1,1,C03,7,1,1,10,2,13,,51,51,1,6,4,120.698518,24.063887,2
11692,66000,387130000C,(04)23274275,(04)23288582,2025,5,30,22,7,臺中市,西屯區,0,0,0,7,1,6,50,13,9,1,5,4,,6,4,4,10,,5,2,12,,,,,B03,,,1,,2,,,8,8,1,13,4,120.641733,24.193508,3
11693,66000,387130000C,(04)23274275,(04)23288582,2025,5,30,22,24,臺中市,西屯區,0,0,0,7,,,50,,,,,,,,,,,,,,12,,,,,B03,,,1,,1,,,51,51,1,12,4,120.650141,24.162912,3
11694,66000,387130000C,(04)23274275,(04)23288582,2025,5,30,22,31,臺中市,大里區,0,0,0,7,,,30,,,,,,,,,,,,,,,,,,,B03,,,1,,2,,,8,8,1,6,4,120.697371,24.088236,3
11695,66000,387130000C,(04)23274275,(04)23288582,2025,5,30,22,31,臺中市,沙鹿區,0,0,0,7,,,70,,,,,,,,,,,,,,,,,,,B03,,,1,,1,,,84,84,1,12,4,120.580919,24.20135,3
11696,66000,387130000C,(04)23274275,(04)23288582,2025,5,30,22,37,臺中市,西屯區,0,0,0,7,,,50,,,,,,,,,,,,,,13,,,,,B03,,,1,,1,,,7,7,1,12,4,120.664574,24.180968,3
11697,66000,387130000C,(04)23274275,(04)23288582,2025,5,30,22,50,臺中市,沙鹿區,0,0,0,7,1,6,60,3,,1,5,4,6,6,1,,1,3,4,2,13,,,,,B12,,,1,,2,,,7,7,1,12,4,120.556358,24.212643,3
11698,66000,387130000C,(04)23274275,(04)23288582,2025,5,30,22,53,臺中市,霧峰區,0,1,0,7,1,6,50,13,8,1,5,4,6,6,4,4,8,3,4,1,17,2,9,2,1,C03,7,9,1,10,2,12,,84,84,1,6,4,120.684042,24.05059,2
11699,66000,387130000C,(04)23274275,(04)23288582,2025,5,30,22,55,臺中市,梧棲區,0,1,0,7,1,6,50,13,9,1,5,4,6,6,4,4,5,4,5,1,16,3,10,3,1,B03,7,11,1,8,2,2,,45,45,1,12,4,120.541158,24.250289,2
11700,66000,387130000C,(04)23274275,(04)23288582,2025,5,30,23,10,臺中市,西屯區,0,1,0,7,1,6,50,13,9,1,5,4,6,6,1,1,10,4,5,2,13,2,9,1,1,C03,7,9,3,19,1,11,,59,59,1,12,4,120.654914,24.199104,2
11701,66000,387130000C,(04)23274275,(04)23288582,2025,5,30,23,14,臺中市,大肚區,0,3,0,7,1,6,50,3,1,1,5,4,6,6,4,4,10,5,5,2,16,2,7,1,1,C03,7,5,1,10,2,12,,7,7,1,6,4,120.567216,24.122991,2
11702,66000,387130000C,(04)23274275,(04)23288582,2025,5,30,23,18,臺中市,沙鹿區,0,1,0,7,1,6,50,3,1,1,5,4,6,6,3,1,10,5,5,2,16,3,10,3,1,B03,7,6,1,8,2,2,,11,11,1,12,4,120.563521,24.234963,2
11703,66000,387130000C,(04)23274275,(04)23288582,2025,5,31,0,10,臺中市,沙鹿區,0,0,0,7,1,6,70,13,14,1,5,4,6,6,4,4,1,3,1,1,12,,,,,B03,,,1,,1,,,50,50,1,12,4,120.608221,24.24629,3
11704,66000,387130000C,(04)23274275,(04)23288582,2025,5,31,0,11,臺中市,北屯區,0,1,0,7,1,6,50,4,1,1,5,4,6,6,1,1,10,5,5,2,23,2,8,3,1,B03,7,9,1,2,2,1,,59,59,1,12,4,120.670969,24.197932,2
11705,66000,387130000C,(04)23274275,(04)23288582,2025,5,31,0,12,臺中市,南屯區,0,1,0,7,1,6,50,4,9,1,5,4,6,6,2,1,1,2,4,2,17,3,10,5,4,B03,7,5,1,8,2,8,,47,47,1,6,4,120.622937,24.150047,2
11706,66000,387130000C,(04)23274275,(04)23288582,2025,5,31,0,41,臺中市,大里區,0,0,0,7,1,6,50,4,1,1,5,4,6,6,1,1,10,5,5,2,16,,,,,C03,,,1,,2,,,11,11,1,12,4,120.690064,24.092694,3
11707,66000,387130000C,(04)23274275,(04)23288582,2025,5,31,1,43,臺中市,西屯區,0,0,0,7,,,50,,,,,,,,,,,,,,16,,,,,B03,,,1,,1,,,21,21,1,12,4,120.637023,24.172144,3
11708,66000,387130000C,(04)23274275,(04)23288582,2025,5,31,3,15,臺中市,大雅區,0,0,0,7,,,,,,,,,,,,,,,,,,,,,,,,,,,,,,86,86,1,,,120.664427,24.225923,3
11709,66000,387130000C,(04)23274275,(04)23288582,2025,5,31,3,20,臺中市,霧峰區,0,0,0,7,1,6,50,13,9,1,5,4,6,6,4,4,9,5,5,1,28,,,,,B03,,,1,,2,,,87,87,1,12,4,120.69276,24.044724,3
11710,66000,387130000C,(04)23274275,(04)23288582,2025,5,31,3,25,臺中市,中區,0,1,0,6,2,6,50,13,9,1,5,4,6,6,1,1,9,5,5,2,17,2,9,1,1,C03,7,9,1,10,2,11,,84,84,1,12,4,120.678294,24.141013,2
11711,66000,387130000C,(04)23274275,(04)23288582,2025,5,31,3,37,臺中市,潭子區,0,0,0,7,,,30,,,,,,,,,,,,,,,,,,,B01,,,1,,2,,,84,84,1,13,4,120.709155,24.199144,3
11712,66000,387130000C,(04)23274275,(04)23288582,2025,5,31,3,57,臺中市,北區,0,0,0,7,,,30,,,,,,,,,,,,,,14,,,,,A12,,,1,,9,,,49,49,1,13,4,120.686769,24.152173,3
11713,66000,387130000C,(04)23274275,(04)23288582,2025,5,31,5,59,臺中市,北屯區,0,0,0,7,,,50,,,,,,,,,,,,,,,,,,,B03,,,1,,1,,,84,84,1,13,4,120.719475,24.163003,3
11714,66000,387130000C,(04)23274275,(04)23288582,2025,5,31,6,0,臺中市,北屯區,0,2,0,7,2,6,50,4,4,1,5,4,6,6,2,1,5,5,4,2,13,2,8,1,4,C03,7,9,1,10,9,11,,84,84,2,6,4,120.696669,24.164922,2
11715,66000,387130000C,(04)23274275,(04)23288582,2025,5,31,6,7,臺中市,南區,0,1,0,7,3,6,50,3,2,1,5,4,6,6,2,1,1,4,4,2,12,3,10,3,1,B03,7,9,1,8,9,5,,8,8,1,6,4,120.652433,24.112724,2
11716,66000,387130000C,(04)23274275,(04)23288582,2025,5,31,6,17,臺中市,南區,0,1,0,7,2,6,50,4,1,1,5,4,6,6,2,1,10,5,5,2,17,3,10,3,1,B03,7,6,1,8,2,2,,25,25,1,12,4,120.671811,24.119156,2
11717,66000,387130000C,(04)23274275,(04)23288582,2025,5,31,6,39,臺中市,東區,0,2,0,7,3,6,50,4,1,1,5,4,6,6,4,4,5,5,5,2,15,2,9,2,1,C03,7,9,1,10,2,11,,15,15,1,6,4,120.695509,24.146319,2
11718,66000,387130000C,(04)23274275,(04)23288582,2025,5,31,6,52,臺中市,太平區,0,1,0,7,2,6,40,13,8,1,5,4,6,6,4,4,5,5,4,2,17,2,8,1,1,F03,7,9,7,21,2,11,,84,84,1,12,4,120.712969,24.15952,2