序號,縣市別代碼,機關代碼,市話,傳真,年,月,日,時,分,縣市,區,死亡數量,受傷數量,2-30,天候,道路照明設備,道路類別,道路速限,道路型態,事故位置,路面鋪裝,路面狀態,路面缺陷,障礙物,視距,號誌種類,號誌動作,分向設施,快車道或一般車道間,快慢車道間,路面邊線,事故類型及型態,受傷程度,主要傷處,保護裝備,行動電話或功能裝置,當事者區分(類別),車輛用途,當事者行動狀態,駕照狀態,駕照種類,飲酒情形,車輛撞擊部位最初,車輛撞擊部位其他,肇事因素個別,肇事因素主要,肇事逃逸,職業,共享經濟或外送平台,GPS座標X,GPS座標Y,事故類別
11719,66000,387130000C,(04)23274275,(04)23288582,2025,5,31,7,19,臺中市,梧棲區,0,1,0,7,3,6,50,13,9,1,5,4,6,6,4,4,5,4,5,1,13,2,7,1,1,C03,7,9,1,10,2,11,,7,7,1,6,4,120.538349,24.248465,2
11720,66000,387130000C,(04)23274275,(04)23288582,2025,5,31,7,29,臺中市,大肚區,0,0,0,7,,,50,,,,,,,,,,,,,,,,,,,B03,,,1,,2,,,49,49,1,6,4,120.573635,24.119804,3
11721,66000,387130000C,(04)23274275,(04)23288582,2025,5,31,7,36,臺中市,西屯區,0,1,0,7,2,6,50,4,1,1,5,4,6,6,4,4,10,5,5,2,17,2,9,5,1,C03,7,9,1,10,2,12,,85,85,1,12,4,120.593833,24.177404,2
11722,66000,387130000C,(04)23274275,(04)23288582,2025,5,31,7,43,臺中市,潭子區,0,1,0,7,3,6,50,13,7,1,5,4,6,6,4,4,5,4,4,2,17,2,7,2,1,C03,7,1,1,10,2,11,,84,84,1,13,4,120.711677,24.212843,2
11723,66000,387130000C,(04)23274275,(04)23288582,2025,5,31,7,44,臺中市,北屯區,0,2,0,7,1,6,50,3,1,1,5,4,6,6,2,1,10,5,5,2,17,2,9,1,1,C03,7,8,3,19,2,14,,35,35,1,13,4,120.721333,24.178204,2
11724,66000,387130000C,(04)23274275,(04)23288582,2025,5,31,7,51,臺中市,北屯區,0,1,0,7,2,6,50,13,9,1,5,4,6,6,4,4,4,3,5,2,18,2,9,2,1,C03,7,9,1,10,2,12,,59,59,1,13,4,120.706037,24.171638,2
11725,66000,387130000C,(04)23274275,(04)23288582,2025,5,31,7,53,臺中市,南區,0,2,0,7,2,6,50,5,1,1,5,4,6,6,1,1,10,5,5,2,16,2,1,2,1,C03,7,9,1,10,2,11,,7,7,1,13,4,120.68406,24.126373,2
11726,66000,387130000C,(04)23274275,(04)23288582,2025,5,31,7,58,臺中市,新社區,0,0,0,7,,,50,,,,,,,,,,,,,,,,,,,A12,,,1,,1,,,43,43,1,12,4,120.821315,24.182134,3
11727,66000,387130000C,(04)23274275,(04)23288582,2025,5,31,8,12,臺中市,沙鹿區,0,1,0,7,2,6,50,13,9,1,5,4,6,6,4,4,5,5,5,1,17,3,10,2,1,C03,7,11,1,10,2,12,,45,45,1,6,4,120.560154,24.236997,2
11728,66000,387130000C,(04)23274275,(04)23288582,2025,5,31,8,16,臺中市,東區,0,0,0,7,,,30,,,,,,,,,,,,,,17,,,,,B03,,,1,,2,,,59,59,1,12,4,120.694996,24.147119,3
11729,66000,387130000C,(04)23274275,(04)23288582,2025,5,31,8,16,臺中市,大里區,0,0,0,7,,,80,,,,,,,,,,,,,,,,,,,B03,,,1,,2,,,40,40,1,12,4,120.700582,24.119788,3
11730,66000,387130000C,(04)23274275,(04)23288582,2025,5,31,8,26,臺中市,北屯區,0,0,0,7,,,50,,,,,,,,,,,,,,15,,,,,B03,,,1,8,2,,,21,21,1,12,4,120.687678,24.171873,3
11731,66000,387130000C,(04)23274275,(04)23288582,2025,5,31,8,49,臺中市,北屯區,0,2,0,7,3,6,50,5,1,1,5,4,6,6,1,1,10,5,5,2,16,2,9,1,1,C03,7,11,5,11,2,14,,45,45,1,12,4,120.709601,24.171309,2
11732,66000,387130000C,(04)23274275,(04)23288582,2025,5,31,8,58,臺中市,大里區,0,2,0,7,3,9,30,4,1,1,5,4,6,6,4,4,5,5,4,2,15,2,8,1,1,C03,7,9,1,10,2,14,,12,12,1,13,4,120.692076,24.112162,2
11733,66000,387130000C,(04)23274275,(04)23288582,2025,5,31,9,0,臺中市,新社區,0,0,0,7,,,50,,,,,,,,,,,,,,,,,,,B03,,,1,,2,,,8,8,1,12,4,120.807193,24.241019,3
11734,66000,387130000C,(04)23274275,(04)23288582,2025,5,31,9,6,臺中市,西屯區,0,0,0,7,,,30,,,,,,,,,,,,,,14,,,,,B12,,,1,,2,,,49,49,1,12,4,120.641358,24.177805,3
11735,66000,387130000C,(04)23274275,(04)23288582,2025,5,31,9,15,臺中市,太平區,0,1,0,7,3,6,50,3,9,1,5,4,6,6,1,1,5,4,5,2,13,2,9,2,2,F01,7,9,7,21,2,11,,58,58,1,12,4,120.710969,24.134436,2
11736,66000,387130000C,(04)23274275,(04)23288582,2025,5,31,9,20,臺中市,南屯區,0,0,0,7,2,6,50,13,8,1,5,4,6,6,4,4,1,5,1,2,13,,,,,B03,,,1,,1,,,7,7,1,13,4,120.622806,24.145055,3
11737,66000,387130000C,(04)23274275,(04)23288582,2025,5,31,9,28,臺中市,烏日區,0,2,0,7,2,6,40,13,8,1,5,4,6,6,4,4,1,4,4,2,2,2,9,2,1,C03,7,9,3,19,2,11,,7,7,1,6,4,120.614515,24.106578,2
11738,66000,387130000C,(04)23274275,(04)23288582,2025,5,31,9,31,臺中市,神岡區,0,0,0,7,,,30,,,,,,,,,,,,,,12,,,,,C03,,,1,,2,,,84,84,1,13,4,120.684039,24.24289,3
11739,66000,387130000C,(04)23274275,(04)23288582,2025,5,31,9,39,臺中市,神岡區,0,0,0,7,1,6,50,3,2,1,5,4,6,6,4,4,1,4,5,2,17,,,,,B03,,,1,,2,,,77,77,1,12,4,120.69838,24.248953,3
11740,66000,387130000C,(04)23274275,(04)23288582,2025,5,31,9,40,臺中市,南屯區,0,1,0,7,1,6,50,4,1,1,5,4,6,6,2,1,10,5,5,2,17,3,10,3,1,B03,7,5,1,8,2,2,,84,84,1,6,4,120.640258,24.146749,2
11741,66000,387130000C,(04)23274275,(04)23288582,2025,5,31,9,40,臺中市,太平區,0,0,0,7,2,6,50,,,,,,,,,,,,,,,,,,,G03,,,7,,2,17,,49,49,1,12,4,120.725059,24.12274,3
11742,66000,387130000C,(04)23274275,(04)23288582,2025,5,31,9,46,臺中市,后里區,0,0,0,6,2,6,30,3,9,1,5,4,6,6,4,4,10,5,5,1,14,3,10,3,1,B03,7,2,1,8,1,6,,49,49,1,12,4,120.726258,24.31238,3
11743,66000,387130000C,(04)23274275,(04)23288582,2025,5,31,9,52,臺中市,西屯區,0,0,0,7,,,50,,,,,,,,,,,,,,13,,,,,B03,,,1,,1,,,59,59,1,11,4,120.635165,24.171602,3
11744,66000,387130000C,(04)23274275,(04)23288582,2025,5,31,9,53,臺中市,南屯區,0,0,0,7,,,40,,,,,,,,,,,,,,14,,,,,B03,,,1,,2,,,49,49,1,6,4,120.652539,24.153676,3
11745,66000,387130000C,(04)23274275,(04)23288582,2025,5,31,10,0,臺中市,東區,0,0,0,7,,,50,,,,,,,,,,,,,,17,,,,,C03,,,1,,1,,,51,51,1,6,4,120.703777,24.131393,3
11746,66000,387130000C,(04)23274275,(04)23288582,2025,5,31,10,11,臺中市,南區,0,1,0,7,3,6,30,13,9,1,5,4,6,6,4,4,10,5,5,2,1,3,10,3,1,B03,7,9,1,8,2,2,,8,8,1,13,4,120.673614,24.126786,2
11747,66000,387130000C,(04)23274275,(04)23288582,2025,5,31,10,14,臺中市,南屯區,0,0,0,7,,,50,,,,,,,,,,,,,,,,,,,B03,,,1,,2,,,84,84,1,12,4,120.643584,24.148489,3
11748,66000,387130000C,(04)23274275,(04)23288582,2025,5,31,10,20,臺中市,沙鹿區,0,1,0,7,2,6,30,13,9,1,5,4,6,6,4,4,10,5,5,2,17,2,9,1,1,C03,7,9,1,10,2,14,,41,41,1,13,4,120.56694,24.229438,2
11749,66000,387130000C,(04)23274275,(04)23288582,2025,5,31,10,21,臺中市,大甲區,0,0,0,7,,,50,,,,,,,,,,,,,,14,,,,,B03,,,1,,1,,,49,49,1,6,4,120.620109,24.349175,3
11750,66000,387130000C,(04)23274275,(04)23288582,2025,5,31,10,28,臺中市,北屯區,0,0,0,7,,,50,,,,,,,,,,,,,,13,,,,,B03,,,1,8,2,,,84,84,1,12,4,120.716187,24.1637,3
11751,66000,387130000C,(04)23274275,(04)23288582,2025,5,31,10,29,臺中市,中區,0,1,0,7,3,6,50,11,9,1,5,4,6,6,2,1,1,4,5,2,17,3,10,1,1,C03,7,15,2,19,2,11,,84,84,1,13,4,120.684961,24.137946,2
11752,66000,387130000C,(04)23274275,(04)23288582,2025,5,31,10,32,臺中市,清水區,0,1,0,7,3,6,30,3,1,1,5,4,6,6,4,4,10,5,5,2,16,2,9,2,1,F03,7,6,7,21,2,14,,11,11,1,12,4,120.61639,24.311745,2
11753,66000,387130000C,(04)23274275,(04)23288582,2025,5,31,10,32,臺中市,東勢區,0,0,0,7,,,30,,,,,,,,,,,,,,12,,,,,B03,,,1,,2,,,8,8,1,13,4,120.840823,24.202613,3
11754,66000,387130000C,(04)23274275,(04)23288582,2025,5,31,10,32,臺中市,神岡區,0,0,0,7,1,6,50,3,2,1,5,4,6,6,1,1,1,5,5,2,12,,,,,B03,,,1,,1,,,77,77,1,12,4,120.698953,24.249064,3
11755,66000,387130000C,(04)23274275,(04)23288582,2025,5,31,10,40,臺中市,北屯區,0,2,0,7,3,6,50,4,1,1,5,4,6,6,1,1,10,5,5,2,12,3,10,1,1,C03,7,7,1,10,2,12,,84,84,1,12,4,120.676115,24.200757,2
11756,66000,387130000C,(04)23274275,(04)23288582,2025,5,31,10,45,臺中市,北屯區,0,0,0,7,,,50,,,,,,,,,,,,,,,,,,,B03,,,1,,2,,,84,84,1,13,4,120.685498,24.172177,3
11757,66000,387130000C,(04)23274275,(04)23288582,2025,5,31,10,47,臺中市,西區,0,0,0,7,,,30,,,,,,,,,,,,,,,,,,,B03,,,1,,2,,,84,84,1,6,4,120.671527,24.153735,3
11758,66000,387130000C,(04)23274275,(04)23288582,2025,5,31,11,0,臺中市,沙鹿區,0,1,0,7,3,6,40,13,8,1,5,4,6,6,2,1,1,4,1,1,13,2,9,2,1,C03,7,9,1,10,2,11,,7,7,1,6,4,120.578891,24.221792,2
11759,66000,387130000C,(04)23274275,(04)23288582,2025,5,31,11,5,臺中市,西屯區,0,0,0,7,,,50,,,,,,,,,,,,,,,,,,,B03,,,1,,1,,,7,7,1,12,4,120.647253,24.158406,3
11760,66000,387130000C,(04)23274275,(04)23288582,2025,5,31,11,9,臺中市,大安區,0,1,0,7,1,6,50,13,9,1,5,4,6,6,1,1,5,5,5,1,13,2,9,1,1,C03,7,9,1,10,2,11,,7,7,1,12,4,120.631571,24.37093,2
11761,66000,387130000C,(04)23274275,(04)23288582,2025,5,31,11,10,臺中市,新社區,0,1,0,7,2,6,50,13,9,1,5,4,6,6,1,1,8,5,5,1,12,3,10,1,1,C03,7,1,3,19,2,11,,51,51,1,12,4,120.808523,24.241103,2
11762,66000,387130000C,(04)23274275,(04)23288582,2025,5,31,11,13,臺中市,西屯區,0,1,0,7,3,6,50,13,9,1,5,4,6,6,4,4,5,4,5,2,18,2,9,5,4,C03,7,9,1,10,2,15,,84,84,1,13,4,120.629835,24.183392,2
11763,66000,387130000C,(04)23274275,(04)23288582,2025,5,31,11,13,臺中市,太平區,0,0,0,7,,,50,,,,,,,,,,,,,,13,,,,,C03,,,1,,2,,,7,7,1,12,4,120.716178,24.124878,3
11764,66000,387130000C,(04)23274275,(04)23288582,2025,5,31,11,16,臺中市,北屯區,0,0,0,7,,,30,,,,,,,,,,,,,,14,,,,,B03,,,1,,1,,,49,49,1,13,4,120.662524,24.189505,3
11765,66000,387130000C,(04)23274275,(04)23288582,2025,5,31,11,17,臺中市,烏日區,0,3,0,7,3,6,50,4,1,1,5,4,6,6,2,1,1,2,5,1,16,2,6,3,1,B01,7,6,1,4,2,2,,11,11,1,6,4,120.619292,24.110336,2
11766,66000,387130000C,(04)23274275,(04)23288582,2025,5,31,11,20,臺中市,南區,0,0,0,7,,,50,,,,,,,,,,,,,,,,,,,B12,,,1,,9,,,49,49,1,6,4,120.683137,24.122466,3
11767,66000,387130000C,(04)23274275,(04)23288582,2025,5,31,11,30,臺中市,東區,0,0,0,7,,,50,,,,,,,,,,,,,,13,,,,,C03,,,1,,1,,,7,7,1,12,4,120.686113,24.139757,3
11768,66000,387130000C,(04)23274275,(04)23288582,2025,5,31,11,30,臺中市,梧棲區,0,0,0,7,,,50,,,,,,,,,,,,,,13,,,,,B03,,,1,,2,,,7,7,1,12,4,120.550573,24.241437,3
11769,66000,387130000C,(04)23274275,(04)23288582,2025,5,31,11,32,臺中市,東區,0,0,0,7,,,50,,,,,,,,,,,,,,13,,,,,C03,,,1,,1,,,7,7,1,13,4,120.693228,24.128789,3
11770,66000,387130000C,(04)23274275,(04)23288582,2025,5,31,11,33,臺中市,南屯區,0,0,0,7,,,50,,,,,,,,,,,,,,,,,,,B03,,,1,,1,,,7,7,1,13,4,120.629286,24.150923,3
11771,66000,387130000C,(04)23274275,(04)23288582,2025,5,31,11,33,臺中市,西屯區,0,0,0,7,,,50,,,,,,,,,,,,,,12,,,,,B03,,,1,,1,,,59,59,1,12,4,120.656103,24.170437,3
11772,66000,387130000C,(04)23274275,(04)23288582,2025,5,31,11,33,臺中市,大里區,0,1,0,7,3,6,50,3,1,1,5,4,6,6,4,4,10,5,5,2,18,2,9,1,1,C03,7,9,1,10,2,14,,7,7,1,12,4,120.699098,24.104336,2
11773,66000,387130000C,(04)23274275,(04)23288582,2025,5,31,11,39,臺中市,大里區,0,0,0,7,,,30,,,,,,,,,,,,,,14,,,,,B03,,,1,,2,,,49,49,1,12,4,120.672886,24.10204,3
11774,66000,387130000C,(04)23274275,(04)23288582,2025,5,31,11,43,臺中市,南屯區,0,2,0,7,2,6,40,13,8,1,5,4,6,6,4,4,1,5,1,2,18,2,9,2,4,C03,7,9,1,10,2,14,,84,84,1,13,4,120.601733,24.15323,2
11775,66000,387130000C,(04)23274275,(04)23288582,2025,5,31,11,45,臺中市,北屯區,0,2,0,7,1,6,50,13,9,1,5,4,6,6,4,4,1,4,5,2,17,2,9,5,4,C03,7,9,1,10,2,11,,7,7,1,13,4,120.701481,24.182333,2
11776,66000,387130000C,(04)23274275,(04)23288582,2025,5,31,11,46,臺中市,北屯區,0,0,0,7,,,50,,,,,,,,,,,,,,13,,,,,B12,,,1,,1,,,7,7,1,13,4,120.685677,24.171428,3
11777,66000,387130000C,(04)23274275,(04)23288582,2025,5,31,11,46,臺中市,烏日區,0,0,0,7,,,50,,,,,,,,,,,,,,20,,,,,B03,,,1,,1,,,90,90,1,6,4,120.64858,24.09332,3
11778,66000,387130000C,(04)23274275,(04)23288582,2025,5,31,11,59,臺中市,沙鹿區,0,0,0,7,,,50,,,,,,,,,,,,,,,,,,,B03,,,1,,1,,,59,59,1,6,4,120.56003,24.238349,3
11779,66000,387130000C,(04)23274275,(04)23288582,2025,5,31,12,0,臺中市,大雅區,0,0,0,7,,,50,,,,,,,,,,,,,,,,,,,C03,,,1,,2,,,84,84,1,13,4,120.629595,24.208695,3
11780,66000,387130000C,(04)23274275,(04)23288582,2025,5,31,12,2,臺中市,中區,0,1,0,7,3,6,50,3,1,1,5,4,6,6,4,4,10,5,5,2,17,2,9,1,1,C03,7,1,1,10,2,14,,51,51,1,13,4,120.682455,24.142548,2
11781,66000,387130000C,(04)23274275,(04)23288582,2025,5,31,12,3,臺中市,西屯區,0,1,0,7,2,6,70,3,1,1,5,4,6,6,4,4,1,4,5,2,16,3,10,3,1,B03,7,5,1,8,2,5,,47,47,1,12,4,120.626986,24.17739,2
11782,66000,387130000C,(04)23274275,(04)23288582,2025,5,31,12,14,臺中市,西區,0,0,0,7,,,50,,,,,,,,,,,,,,13,,,,,B03,,,1,,1,,,84,84,1,12,4,120.678653,24.136411,3
11783,66000,387130000C,(04)23274275,(04)23288582,2025,5,31,12,15,臺中市,豐原區,0,0,0,7,,,30,,,,,,,,,,,,,,14,,,,,B03,,,1,,2,,,50,50,1,12,4,120.745973,24.253177,3
11784,66000,387130000C,(04)23274275,(04)23288582,2025,5,31,12,20,臺中市,北區,0,2,0,7,3,6,50,4,1,1,5,4,6,6,1,1,1,4,5,2,17,3,10,3,1,B03,7,6,1,8,2,2,,11,11,1,12,4,120.672015,24.16298,2
11785,66000,387130000C,(04)23274275,(04)23288582,2025,5,31,12,20,臺中市,北屯區,0,0,0,7,,,50,,,,,,,,,,,,,,13,,,,,B03,,,1,,1,,,84,84,1,12,4,120.694596,24.16573,3
11786,66000,387130000C,(04)23274275,(04)23288582,2025,5,31,12,26,臺中市,太平區,0,1,0,7,3,6,50,4,1,1,5,4,6,6,1,1,10,5,5,2,12,3,10,3,1,B03,7,9,1,8,2,5,,8,8,1,12,4,120.729238,24.106652,2
11787,66000,387130000C,(04)23274275,(04)23288582,2025,5,31,12,29,臺中市,豐原區,0,0,0,7,,,60,,,,,,,,,,,,,,11,,,,,B03,,,1,,2,,,8,8,1,12,4,120.720227,24.236722,3
11788,66000,387130000C,(04)23274275,(04)23288582,2025,5,31,12,30,臺中市,大甲區,0,0,0,7,,,50,,,,,,,,,,,,,,13,,,,,B03,,,1,,2,,,84,84,1,6,4,120.622021,24.342243,3
11789,66000,387130000C,(04)23274275,(04)23288582,2025,5,31,12,33,臺中市,北屯區,0,0,0,7,,,50,,,,,,,,,,,,,,,,,,,B03,,,1,,1,,,20,20,1,12,4,120.691456,24.16847,3
11790,66000,387130000C,(04)23274275,(04)23288582,2025,5,31,12,33,臺中市,太平區,0,1,0,7,2,6,50,3,2,1,5,4,6,6,4,4,5,2,5,1,12,2,9,1,1,C03,7,9,1,8,2,14,,85,85,1,12,4,120.727838,24.134616,2
11791,66000,387130000C,(04)23274275,(04)23288582,2025,5,31,12,35,臺中市,北區,0,0,0,7,,,50,,,,,,,,,,,,,,14,,,,,B03,,,1,,2,4,,84,84,1,12,4,120.686649,24.155888,3
11792,66000,387130000C,(04)23274275,(04)23288582,2025,5,31,12,44,臺中市,新社區,0,2,0,7,2,6,50,11,9,1,5,4,6,6,4,4,5,5,5,1,21,2,9,2,1,C03,7,9,1,10,2,12,,84,84,1,12,4,120.774792,24.216775,2
11793,66000,387130000C,(04)23274275,(04)23288582,2025,5,31,12,46,臺中市,東區,0,2,0,7,3,6,50,4,1,1,5,4,6,6,4,4,10,5,5,2,15,3,10,3,1,B03,7,9,1,8,2,5,,12,12,1,13,4,120.707645,24.145088,2
11794,66000,387130000C,(04)23274275,(04)23288582,2025,5,31,12,46,臺中市,北屯區,0,0,0,7,,,50,,,,,,,,,,,,,,,,,,,B03,,,1,,2,,,15,15,1,13,4,120.725089,24.15786,3
11795,66000,387130000C,(04)23274275,(04)23288582,2025,5,31,12,47,臺中市,北區,0,0,0,7,,,30,,,,,,,,,,,,,,17,,,,,B03,,,1,,1,,,84,84,1,13,4,120.66987,24.156794,4
11796,66000,387130000C,(04)23274275,(04)23288582,2025,5,31,12,49,臺中市,西屯區,0,2,0,7,2,6,40,4,2,1,5,4,6,6,2,1,10,5,5,2,13,2,9,1,1,C03,7,9,1,11,2,12,,84,84,1,12,4,120.621506,24.180178,2
11797,66000,387130000C,(04)23274275,(04)23288582,2025,5,31,12,53,臺中市,烏日區,0,1,0,7,3,6,30,13,24,1,5,4,6,6,4,4,10,4,4,2,12,3,10,3,1,B03,7,7,1,8,1,2,,40,40,1,9,4,120.616398,24.112146,2
11798,66000,387130000C,(04)23274275,(04)23288582,2025,5,31,12,58,臺中市,太平區,0,0,0,7,,,50,,,,,,,,,,,,,,17,,,,,B03,,,1,,2,,,84,84,1,12,4,120.726245,24.141547,3
11799,66000,387130000C,(04)23274275,(04)23288582,2025,5,31,13,4,臺中市,霧峰區,0,1,0,7,3,6,50,13,9,4,5,4,6,6,4,4,5,5,5,2,14,3,10,3,1,B03,7,2,1,8,1,3,,49,49,1,12,4,120.69989,24.066558,2
11800,66000,387130000C,(04)23274275,(04)23288582,2025,5,31,13,5,臺中市,西屯區,0,1,0,7,2,6,50,4,1,1,5,4,6,6,1,1,5,5,5,2,18,2,9,1,1,C03,7,9,1,10,2,16,,84,84,1,12,4,120.666755,24.175127,2
11801,66000,387130000C,(04)23274275,(04)23288582,2025,5,31,13,10,臺中市,西屯區,0,0,0,7,,,50,,,,,,,,,,,,,,,,,,,B03,,,1,,1,,,12,12,1,12,4,120.640396,24.156754,3
11802,66000,387130000C,(04)23274275,(04)23288582,2025,5,31,13,13,臺中市,龍井區,0,0,0,7,,,60,,,,,,,,,,,,,,13,,,,,B03,,,1,,1,,,84,84,1,12,4,120.573853,24.184902,3
11803,66000,387130000C,(04)23274275,(04)23288582,2025,5,31,13,23,臺中市,太平區,0,0,0,7,,,40,,,,,,,,,,,,,,,,,,,,,,,,,,,119,119,1,,,120.713555,24.125869,3
11804,66000,387130000C,(04)23274275,(04)23288582,2025,5,31,13,30,臺中市,西屯區,0,0,0,7,,,40,,,,,,,,,,,,,,13,,,,,B03,,,1,,1,,,59,59,1,13,4,120.645832,24.164385,3
11805,66000,387130000C,(04)23274275,(04)23288582,2025,5,31,13,35,臺中市,大甲區,0,1,0,7,1,6,50,13,8,1,5,4,6,6,4,4,1,4,4,1,16,3,10,3,1,B03,7,5,1,8,2,2,,20,20,1,12,4,120.617057,24.345742,2
11806,66000,387130000C,(04)23274275,(04)23288582,2025,5,31,13,40,臺中市,南屯區,0,0,0,7,,,80,,,,,,,,,,,,,,,,,,,B03,,,1,,1,,,87,87,1,6,4,120.623033,24.140267,3
11807,66000,387130000C,(04)23274275,(04)23288582,2025,5,31,13,43,臺中市,北區,0,0,0,7,,,30,,,,,,,,,,,,,,14,,,,,B03,,,1,,1,,,49,49,1,13,4,120.677777,24.155165,3
11808,66000,387130000C,(04)23274275,(04)23288582,2025,5,31,13,45,臺中市,西區,0,1,0,7,3,6,50,4,1,1,5,4,6,6,1,1,10,5,5,2,16,3,10,3,1,B03,7,5,1,8,1,4,,84,84,1,12,4,120.665222,24.146677,2
11809,66000,387130000C,(04)23274275,(04)23288582,2025,5,31,13,46,臺中市,清水區,0,0,0,7,,,50,,,,,,,,,,,,,,,,,,,B03,,,1,,2,,,59,59,1,12,4,120.57389,24.265912,3
11810,66000,387130000C,(04)23274275,(04)23288582,2025,5,31,13,50,臺中市,烏日區,0,0,0,7,,,50,,,,,,,,,,,,,,14,,,,,B03,,,1,,1,,,49,49,1,6,4,120.590277,24.110849,3
11811,66000,387130000C,(04)23274275,(04)23288582,2025,5,31,13,53,臺中市,大雅區,0,0,0,7,,,50,,,,,,,,,,,,,,,,,,,B01,,,1,,2,,,45,45,1,12,4,120.647015,24.218483,3
11812,66000,387130000C,(04)23274275,(04)23288582,2025,5,31,13,55,臺中市,梧棲區,0,1,0,7,2,6,50,4,1,1,5,4,6,6,4,4,10,5,5,2,15,2,9,5,1,C03,7,9,1,10,2,12,,13,13,1,12,2,120.545616,24.259464,2
11813,66000,387130000C,(04)23274275,(04)23288582,2025,5,31,13,57,臺中市,西屯區,0,0,0,7,,,50,,,,,,,,,,,,,,13,,,,,B03,,,1,,1,,,7,7,1,12,4,120.648174,24.163558,3
11814,66000,387130000C,(04)23274275,(04)23288582,2025,5,31,13,57,臺中市,石岡區,0,0,0,7,,,70,,,,,,,,,,,,,,13,,,,,B03,,,1,,2,,,7,7,1,13,4,120.772041,24.274915,3
11815,66000,387130000C,(04)23274275,(04)23288582,2025,5,31,13,58,臺中市,太平區,0,1,0,7,2,6,50,4,1,1,5,4,6,6,1,1,10,5,5,2,16,3,10,3,1,B03,7,5,1,8,2,2,,47,47,1,12,4,120.721088,24.142866,2
11816,66000,387130000C,(04)23274275,(04)23288582,2025,5,31,14,0,臺中市,北屯區,0,0,0,7,,,50,,,,,,,,,,,,,,9,,,,,B03,,,1,8,1,,,84,84,1,12,4,120.687491,24.188243,3
11817,66000,387130000C,(04)23274275,(04)23288582,2025,5,31,14,1,臺中市,龍井區,0,0,0,7,,,30,,,,,,,,,,,,,,14,,,,,C03,,,1,,2,,,49,49,1,6,4,120.592216,24.180834,3
11818,66000,387130000C,(04)23274275,(04)23288582,2025,5,31,14,2,臺中市,西區,0,0,0,7,,,50,,,,,,,,,,,,,,,,,,,B03,,,1,,1,,,50,50,1,13,4,120.657881,24.135343,3
11819,66000,387130000C,(04)23274275,(04)23288582,2025,5,31,14,2,臺中市,西屯區,0,0,0,7,,,80,,,,,,,,,,,,,,17,,,,,B03,,,1,,2,,,87,87,1,12,4,120.631307,24.16772,3
11820,66000,387130000C,(04)23274275,(04)23288582,2025,5,31,14,8,臺中市,西區,0,1,0,7,3,6,50,3,1,1,5,4,6,6,2,1,10,5,5,2,17,3,10,3,1,B03,7,5,1,8,2,2,,84,84,1,13,4,120.661678,24.141244,2
11821,66000,387130000C,(04)23274275,(04)23288582,2025,5,31,14,11,臺中市,大里區,0,2,0,7,3,6,50,4,1,1,5,4,6,6,1,1,10,5,5,2,16,2,7,1,1,C03,7,6,1,10,2,14,,84,84,1,6,4,120.701158,24.096159,2
11822,66000,387130000C,(04)23274275,(04)23288582,2025,5,31,14,16,臺中市,沙鹿區,0,1,0,7,2,6,50,3,2,1,5,4,6,6,1,1,1,4,5,2,13,2,9,3,1,B03,7,9,1,8,2,1,,7,7,1,12,4,120.566968,24.204011,2
11823,66000,387130000C,(04)23274275,(04)23288582,2025,5,31,14,22,臺中市,霧峰區,0,2,0,7,3,6,30,4,1,1,5,4,6,6,4,4,10,5,5,2,15,2,9,1,1,C03,7,9,1,10,2,14,,12,12,1,5,4,120.69755,24.062664,2
11824,66000,387130000C,(04)23274275,(04)23288582,2025,5,31,14,27,臺中市,潭子區,0,5,0,7,2,6,80,13,7,1,5,4,6,6,4,4,1,3,5,1,13,3,10,3,1,B03,7,9,1,8,2,1,,84,84,1,12,4,120.715124,24.199737,2
11825,66000,387130000C,(04)23274275,(04)23288582,2025,5,31,14,27,臺中市,西屯區,0,1,0,7,2,6,50,4,1,1,5,4,6,6,2,1,10,5,5,2,16,3,10,3,1,B03,7,5,1,8,2,6,,11,11,1,12,4,120.649935,24.172377,2
11826,66000,387130000C,(04)23274275,(04)23288582,2025,5,31,14,28,臺中市,石岡區,0,0,0,7,,,70,,,,,,,,,,,,,,13,,,,,B03,,,1,,2,,,59,59,1,13,4,120.77685,24.274184,3
11827,66000,387130000C,(04)23274275,(04)23288582,2025,5,31,14,31,臺中市,東勢區,0,0,0,7,,,50,,,,,,,,,,,,,,,,,,,B03,,,1,,2,,,84,84,1,12,4,120.823191,24.260134,3
11828,66000,387130000C,(04)23274275,(04)23288582,2025,5,31,14,31,臺中市,神岡區,0,1,0,7,2,6,50,13,9,1,5,4,6,6,4,4,9,5,5,1,12,2,8,5,4,C03,7,1,1,10,2,12,,39,39,1,12,4,120.680514,24.26641,2
11829,66000,387130000C,(04)23274275,(04)23288582,2025,5,31,14,40,臺中市,北屯區,0,1,0,7,1,6,50,13,7,1,5,4,6,6,4,4,9,4,4,2,12,3,10,3,1,B03,7,11,1,8,1,4,,45,45,1,13,4,120.720359,24.174226,2
11830,66000,387130000C,(04)23274275,(04)23288582,2025,5,31,14,50,臺中市,新社區,0,0,0,7,,,50,,,,,,,,,,,,,,,,,,,B03,,,1,,2,,,84,84,1,12,4,120.800013,24.199788,3